unique_id,ds,actual,fitted
AK/For-Profit/CNA,2022-10-01,0.05925925925925926,0.04795993269961091
AK/For-Profit/CNA,2022-11-01,0.03088803088803089,0.04296319712040949
AK/For-Profit/CNA,2022-12-01,0.052434456928838954,0.06411754452539843
AK/For-Profit/CNA,2023-01-01,0.045112781954887216,0.0448565908133855
AK/For-Profit/CNA,2023-02-01,0.03861003861003861,0.04449870424183402
AK/For-Profit/CNA,2023-03-01,0.05673758865248227,0.068685588499519
AK/For-Profit/CNA,2023-04-01,0.053003533568904596,0.04469423614430593
AK/For-Profit/CNA,2023-05-01,0.04152249134948097,0.04880575520664996
AK/For-Profit/CNA,2023-06-01,0.04513888888888889,0.06215115139052197
AK/For-Profit/CNA,2023-07-01,0.06228373702422145,0.0517624044331551
AK/For-Profit/CNA,2023-08-01,0.08275862068965517,0.05375279807814722
AK/For-Profit/CNA,2023-09-01,0.029197080291970802,0.06030595484121563
AK/For-Profit/CNA,2023-10-01,0.03202846975088968,0.04911158296714569
AK/For-Profit/CNA,2023-11-01,0.03508771929824561,0.044868885127354416
AK/For-Profit/CNA,2023-12-01,0.04659498207885305,0.06682130948994955
AK/For-Profit/CNA,2024-01-01,0.03859649122807018,0.04854249399078105
AK/For-Profit/CNA,2024-02-01,0.04895104895104895,0.04926530674657582
AK/For-Profit/CNA,2024-03-01,0.061224489795918366,0.07455224525133676
AK/For-Profit/CNA,2024-04-01,0.034482758620689655,0.051558270951600774
AK/For-Profit/CNA,2024-05-01,0.054982817869415807,0.05699879312481977
AK/For-Profit/CNA,2024-06-01,0.06506849315068493,0.07149329071356537
AK/For-Profit/CNA,2024-07-01,0.08741258741258741,0.06226148976443337
AK/For-Profit/CNA,2024-08-01,0.05673758865248227,0.0652223208731258
AK/For-Profit/CNA,2024-09-01,0.04779411764705882,0.07315582751296307
AK/For-Profit/CNA,2024-10-01,0.06181818181818182,0.06328818490862666
AK/For-Profit/CNA,2024-11-01,0.06792452830188679,0.06027820707244693
AK/For-Profit/CNA,2024-12-01,0.022641509433962263,0.0831682365777421
AK/For-Profit/CNA,2025-01-01,0.048327137546468404,0.06638591796809853
AK/For-Profit/CNA,2025-02-01,0.09126984126984126,0.06870685328503692
AK/For-Profit/CNA,2025-03-01,0.2711864406779661,0.0952435411747653
AK/For-Profit/LPN,2022-10-01,0.0196078431372549,0.03924125783815661
AK/For-Profit/LPN,2022-11-01,0.0196078431372549,0.03368120093523559
AK/For-Profit/LPN,2022-12-01,0.07547169811320754,0.0590718514046587
AK/For-Profit/LPN,2023-01-01,0.019230769230769232,0.03901494060646186
AK/For-Profit/LPN,2023-02-01,0.05660377358490566,0.03986511671464805
AK/For-Profit/LPN,2023-03-01,0.05454545454545454,0.06094868379868523
AK/For-Profit/LPN,2023-04-01,0.05555555555555555,0.03830124771711967
AK/For-Profit/LPN,2023-05-01,0.038461538461538464,0.040495611694620105
AK/For-Profit/LPN,2023-06-01,0.057692307692307696,0.054610789124257444
AK/For-Profit/LPN,2023-07-01,0.038461538461538464,0.04685402037045289
AK/For-Profit/LPN,2023-08-01,0.0,0.04358571216809297
AK/For-Profit/LPN,2023-09-01,0.0,0.05113812938191572
AK/For-Profit/LPN,2023-10-01,0.02,0.04030209634869339
AK/For-Profit/LPN,2023-11-01,0.0,0.03625910356011065
AK/For-Profit/LPN,2023-12-01,0.08928571428571429,0.06347199784514504
AK/For-Profit/LPN,2024-01-01,0.01694915254237288,0.04500033298665086
AK/For-Profit/LPN,2024-02-01,0.11290322580645161,0.04764231963553977
AK/For-Profit/LPN,2024-03-01,0.01694915254237288,0.06981538871497649
AK/For-Profit/LPN,2024-04-01,0.031746031746031744,0.048924431971456905
AK/For-Profit/LPN,2024-05-01,0.015873015873015872,0.05333067778878819
AK/For-Profit/LPN,2024-06-01,0.047619047619047616,0.07006997250621426
AK/For-Profit/LPN,2024-07-01,0.22388059701492538,0.0653470523275245
AK/For-Profit/LPN,2024-08-01,0.0847457627118644,0.0628324569889623
AK/For-Profit/LPN,2024-09-01,0.03508771929824561,0.07022249374108445
AK/For-Profit/LPN,2024-10-01,0.034482758620689655,0.05904337110107632
AK/For-Profit/LPN,2024-11-01,0.01639344262295082,0.05467550852965764
AK/For-Profit/LPN,2024-12-01,0.0,0.08160504099155444
AK/For-Profit/LPN,2025-01-01,0.1076923076923077,0.0643938321163738
AK/For-Profit/LPN,2025-02-01,0.0625,0.0673276725514969
AK/For-Profit/LPN,2025-03-01,0.2602739726027397,0.09070754623030958
AK/For-Profit/RN,2022-10-01,0.05442176870748299,0.046084026203093265
AK/For-Profit/RN,2022-11-01,0.05517241379310345,0.0415960469692033
AK/For-Profit/RN,2022-12-01,0.053691275167785234,0.06436050482098186
AK/For-Profit/RN,2023-01-01,0.014084507042253521,0.04213935927937188
AK/For-Profit/RN,2023-02-01,0.02857142857142857,0.043561762464322445
AK/For-Profit/RN,2023-03-01,0.05405405405405406,0.06868681647386657
AK/For-Profit/RN,2023-04-01,0.04794520547945205,0.043865005170748844
AK/For-Profit/RN,2023-05-01,0.03571428571428571,0.046459316210682215
AK/For-Profit/RN,2023-06-01,0.03571428571428571,0.060071806145579366
AK/For-Profit/RN,2023-07-01,0.05714285714285714,0.04967716705875611
AK/For-Profit/RN,2023-08-01,0.07042253521126761,0.05424713547714603
AK/For-Profit/RN,2023-09-01,0.0425531914893617,0.06108012072423053
AK/For-Profit/RN,2023-10-01,0.05755395683453238,0.049369308491290176
AK/For-Profit/RN,2023-11-01,0.027972027972027972,0.045855017071459114
AK/For-Profit/RN,2023-12-01,0.0958904109589041,0.07000578038476306
AK/For-Profit/RN,2024-01-01,0.0273972602739726,0.04871321806195747
AK/For-Profit/RN,2024-02-01,0.04666666666666667,0.050984673875503456
AK/For-Profit/RN,2024-03-01,0.07236842105263158,0.07667869063520172
AK/For-Profit/RN,2024-04-01,0.053691275167785234,0.05244885179264029
AK/For-Profit/RN,2024-05-01,0.020134228187919462,0.05557599744156724
AK/For-Profit/RN,2024-06-01,0.03289473684210526,0.07002587736488751
AK/For-Profit/RN,2024-07-01,0.044585987261146494,0.06066185080381896
AK/For-Profit/RN,2024-08-01,0.08917197452229299,0.0666050666534788
AK/For-Profit/RN,2024-09-01,0.0410958904109589,0.07466154669959572
AK/For-Profit/RN,2024-10-01,0.013513513513513514,0.06439699052122212
AK/For-Profit/RN,2024-11-01,0.05263157894736842,0.06312853573384035
AK/For-Profit/RN,2024-12-01,0.04,0.08954939885388792
AK/For-Profit/RN,2025-01-01,0.058823529411764705,0.07155457471697506
AK/For-Profit/RN,2025-02-01,0.14473684210526316,0.07695509019572859
AK/For-Profit/RN,2025-03-01,0.33,0.10486997428539077
AK/Government/CNA,2022-10-01,0.044444444444444446,0.041569156687189024
AK/Government/CNA,2022-11-01,0.047619047619047616,0.03624228086403719
AK/Government/CNA,2022-12-01,0.024390243902439025,0.05914783545924388
AK/Government/CNA,2023-01-01,0.06666666666666667,0.04359731165396265
AK/Government/CNA,2023-02-01,0.024390243902439025,0.03413455627739233
AK/Government/CNA,2023-03-01,0.0,0.05297433628186713
AK/Government/CNA,2023-04-01,0.023255813953488372,0.03693031463302606
AK/Government/CNA,2023-05-01,0.06382978723404255,0.042206054418482374
AK/Government/CNA,2023-06-01,0.13333333333333333,0.057965742672126834
AK/Government/CNA,2023-07-01,0.0,0.04199427802752529
AK/Government/CNA,2023-08-01,0.11764705882352941,0.04575228917742664
AK/Government/CNA,2023-09-01,0.0,0.050730772884869546
AK/Government/CNA,2023-10-01,0.02631578947368421,0.039526002630567866
AK/Government/CNA,2023-11-01,0.0,0.03448019144867459
AK/Government/CNA,2023-12-01,0.02564102564102564,0.05821118081152601
AK/Government/CNA,2024-01-01,0.046511627906976744,0.04351012242317744
AK/Government/CNA,2024-02-01,0.022727272727272728,0.03518280765969413
AK/Government/CNA,2024-03-01,0.0,0.05500618993651679
AK/Government/CNA,2024-04-01,0.038461538461538464,0.04014855126146549
AK/Government/CNA,2024-05-01,0.03773584905660377,0.04640368128948237
AK/Government/CNA,2024-06-01,0.06,0.06343988324092459
AK/Government/CNA,2024-07-01,0.07017543859649122,0.04981392654390836
AK/Government/CNA,2024-08-01,0.01818181818181818,0.05514679415047999
AK/Government/CNA,2024-09-01,0.05172413793103448,0.06314422569776418
AK/Government/CNA,2024-10-01,0.06451612903225806,0.054495021790846296
AK/Government/CNA,2024-11-01,0.06349206349206349,0.051580069434677786
AK/Government/CNA,2024-12-01,0.12698412698412698,0.0769008035820109
AK/Government/CNA,2025-01-01,0.208955223880597,0.06271518005349436
AK/Government/CNA,2025-02-01,0.0,0.05297143695674143
AK/Government/CNA,2025-03-01,0.07017543859649122,0.07202846354657452
AK/Non-Profit/CNA,2022-10-01,0.037037037037037035,0.04440531955186359
AK/Non-Profit/CNA,2022-11-01,0.016666666666666666,0.039230911072586826
AK/Non-Profit/CNA,2022-12-01,0.05,0.06340925616268023
AK/Non-Profit/CNA,2023-01-01,0.017857142857142856,0.041811914431430224
AK/Non-Profit/CNA,2023-02-01,0.05454545454545454,0.043577691666901036
AK/Non-Profit/CNA,2023-03-01,0.05454545454545454,0.060799549013047065
AK/Non-Profit/CNA,2023-04-01,0.1111111111111111,0.04689749557916632
AK/Non-Profit/CNA,2023-05-01,0.038461538461538464,0.046522310967399685
AK/Non-Profit/CNA,2023-06-01,0.058823529411764705,0.060754840487445845
AK/Non-Profit/CNA,2023-07-01,0.058823529411764705,0.047594418818196205
AK/Non-Profit/CNA,2023-08-01,0.07017543859649122,0.05129944686906217
AK/Non-Profit/CNA,2023-09-01,0.03508771929824561,0.058508998339099866
AK/Non-Profit/CNA,2023-10-01,0.03636363636363636,0.044852816875251805
AK/Non-Profit/CNA,2023-11-01,0.0392156862745098,0.03970120033768912
AK/Non-Profit/CNA,2023-12-01,0.06,0.06368934502267189
AK/Non-Profit/CNA,2024-01-01,0.058823529411764705,0.04164101085383706
AK/Non-Profit/CNA,2024-02-01,0.061224489795918366,0.042462482883118165
AK/Non-Profit/CNA,2024-03-01,0.0,0.05870144612140321
AK/Non-Profit/CNA,2024-04-01,0.08,0.04438555616554293
AK/Non-Profit/CNA,2024-05-01,0.020833333333333332,0.04418945385312558
AK/Non-Profit/CNA,2024-06-01,0.06,0.05866949340252545
AK/Non-Profit/CNA,2024-07-01,0.018867924528301886,0.04566597848081125
AK/Non-Profit/CNA,2024-08-01,0.07692307692307693,0.050066097517533756
AK/Non-Profit/CNA,2024-09-01,0.08695652173913043,0.057904499739518576
AK/Non-Profit/CNA,2025-01-01,0.0,0.04042122822072667
AK/Non-Profit/CNA,2025-02-01,0.058823529411764705,0.04179231941606721
AK/Non-Profit/CNA,2025-03-01,0.058823529411764705,0.058496112205193795
AL/For-Profit/CNA,2022-10-01,0.09744510135135136,0.08904375962015251
AL/For-Profit/CNA,2022-11-01,0.08374122153649713,0.08439729271559163
AL/For-Profit/CNA,2022-12-01,0.09834324553950723,0.10771335115940281
AL/For-Profit/CNA,2023-01-01,0.08932259396943412,0.08825529860503295
AL/For-Profit/CNA,2023-02-01,0.10090596688534832,0.08751795152030173
AL/For-Profit/CNA,2023-03-01,0.10093247258940465,0.10678360491683958
AL/For-Profit/CNA,2023-04-01,0.09172774869109948,0.08851987352611063
AL/For-Profit/CNA,2023-05-01,0.0925756186984418,0.09244294463584585
AL/For-Profit/CNA,2023-06-01,0.09641167192429022,0.10640166537930047
AL/For-Profit/CNA,2023-07-01,0.09122907153729072,0.09422779598906052
AL/For-Profit/CNA,2023-08-01,0.11137746634704038,0.09741653667586181
AL/For-Profit/CNA,2023-09-01,0.12494048185887058,0.10639086823645477
AL/For-Profit/CNA,2023-10-01,0.09592855771077395,0.09360284855566675
AL/For-Profit/CNA,2023-11-01,0.08641256910096014,0.08849412460892273
AL/For-Profit/CNA,2023-12-01,0.1058602999210734,0.11148932314954321
AL/For-Profit/CNA,2024-01-01,0.09261027305709375,0.09155484732832676
AL/For-Profit/CNA,2024-02-01,0.09935471626494591,0.09053575553703935
AL/For-Profit/CNA,2024-03-01,0.10362841945288753,0.10961133958421437
AL/For-Profit/CNA,2024-04-01,0.09794449180638438,0.09104426335323063
AL/For-Profit/CNA,2024-05-01,0.0945692883895131,0.09467356607931462
AL/For-Profit/CNA,2024-06-01,0.11983279145378542,0.10831911490832388
AL/For-Profit/CNA,2024-07-01,0.0985674385079737,0.09545995173353461
AL/For-Profit/CNA,2024-08-01,0.10441983976955621,0.0978418760268722
AL/For-Profit/CNA,2024-09-01,0.09967697277341947,0.1061836794480906
AL/For-Profit/CNA,2024-10-01,0.09168207024029575,0.0930919115233299
AL/For-Profit/CNA,2024-11-01,0.0895053166897827,0.08775874923421982
AL/For-Profit/CNA,2024-12-01,0.09320443026093486,0.11036865202237976
AL/For-Profit/CNA,2025-01-01,0.09116993706034802,0.09025455146395633
AL/For-Profit/CNA,2025-02-01,0.08794484814607788,0.0889762477116677
AL/For-Profit/CNA,2025-03-01,0.10738563292302039,0.10803598040403214
AL/For-Profit/LPN,2022-10-01,0.06737120211360634,0.06189823272054559
AL/For-Profit/LPN,2022-11-01,0.047172967547674804,0.056737848431994156
AL/For-Profit/LPN,2022-12-01,0.06190632165083525,0.08004000666676435
AL/For-Profit/LPN,2023-01-01,0.06295941195270055,0.0605851615177591
AL/For-Profit/LPN,2023-02-01,0.06545690213869086,0.05928049272668871
AL/For-Profit/LPN,2023-03-01,0.06656050955414013,0.07843174305991284
AL/For-Profit/LPN,2023-04-01,0.0681375730045425,0.060704518334105756
AL/For-Profit/LPN,2023-05-01,0.06739061002874482,0.06419061691696014
AL/For-Profit/LPN,2023-06-01,0.08086596625278573,0.07884488922471289
AL/For-Profit/LPN,2023-07-01,0.06793650793650793,0.06615608561684895
AL/For-Profit/LPN,2023-08-01,0.07484662576687116,0.0684617196255439
AL/For-Profit/LPN,2023-09-01,0.09571473256177666,0.07785594000847756
AL/For-Profit/LPN,2023-10-01,0.064914502849905,0.06440712869802946
AL/For-Profit/LPN,2023-11-01,0.055396370582617004,0.059074101956028725
AL/For-Profit/LPN,2023-12-01,0.080737444373808,0.0821497790108542
AL/For-Profit/LPN,2024-01-01,0.06102117061021171,0.06222227388299301
AL/For-Profit/LPN,2024-02-01,0.06222775357809583,0.060480206134032176
AL/For-Profit/LPN,2024-03-01,0.0670846394984326,0.07927348766036435
AL/For-Profit/LPN,2024-04-01,0.0653968253968254,0.06126866737772865
AL/For-Profit/LPN,2024-05-01,0.0534471853257432,0.06448929685931612
AL/For-Profit/LPN,2024-06-01,0.10245128849780012,0.07902467553476589
AL/For-Profit/LPN,2024-07-01,0.07065385807251318,0.06590590884904801
AL/For-Profit/LPN,2024-08-01,0.06710158434296365,0.06775065132772624
AL/For-Profit/LPN,2024-09-01,0.0810977489978415,0.0768143171176621
AL/For-Profit/LPN,2024-10-01,0.06050263729444617,0.06326279898951125
AL/For-Profit/LPN,2024-11-01,0.054273237679351216,0.05786098353842246
AL/For-Profit/LPN,2024-12-01,0.061991233562930494,0.08082128134174577
AL/For-Profit/LPN,2025-01-01,0.06715284108173808,0.06110626170181008
AL/For-Profit/LPN,2025-02-01,0.06229007633587786,0.05943584639294434
AL/For-Profit/LPN,2025-03-01,0.07549467275494673,0.0783720353055327
AL/For-Profit/RN,2022-10-01,0.07182576459684893,0.06681139478524888
AL/For-Profit/RN,2022-11-01,0.06244041944709247,0.062003114496534784
AL/For-Profit/RN,2022-12-01,0.06506024096385542,0.08420546112983893
AL/For-Profit/RN,2023-01-01,0.05156537753222836,0.06439934854237721
AL/For-Profit/RN,2023-02-01,0.08203483043079743,0.0640112210729291
AL/For-Profit/RN,2023-03-01,0.0775089605734767,0.08351447754840527
AL/For-Profit/RN,2023-04-01,0.06295620437956205,0.06485151010464679
AL/For-Profit/RN,2023-05-01,0.06447249774571687,0.06867669362290546
AL/For-Profit/RN,2023-06-01,0.08418708240534521,0.08262097457353129
AL/For-Profit/RN,2023-07-01,0.06611927398444252,0.07062664998638707
AL/For-Profit/RN,2023-08-01,0.08576118178087813,0.07336401896741715
AL/For-Profit/RN,2023-09-01,0.10453400503778337,0.08309706803694385
AL/For-Profit/RN,2023-10-01,0.07308829742289819,0.06963013379824852
AL/For-Profit/RN,2023-11-01,0.07145877378435518,0.06483145855915763
AL/For-Profit/RN,2023-12-01,0.07787762088147197,0.0869297625367218
AL/For-Profit/RN,2024-01-01,0.06332236842105263,0.06675616486394478
AL/For-Profit/RN,2024-02-01,0.0703476482617587,0.06587078717609925
AL/For-Profit/RN,2024-03-01,0.08340080971659919,0.08515244257673403
AL/For-Profit/RN,2024-04-01,0.07186606778276848,0.06626348958889931
AL/For-Profit/RN,2024-05-01,0.071112896745681,0.06959184446570275
AL/For-Profit/RN,2024-06-01,0.0805817610062893,0.0830295305787011
AL/For-Profit/RN,2024-07-01,0.07297297297297298,0.07055323393210598
AL/For-Profit/RN,2024-08-01,0.06810311658330127,0.0726916397034095
AL/For-Profit/RN,2024-09-01,0.08967082860385925,0.08209518625162296
AL/For-Profit/RN,2024-10-01,0.06991685563114135,0.06849325128438943
AL/For-Profit/RN,2024-11-01,0.06264323911382735,0.06357924556429019
AL/For-Profit/RN,2024-12-01,0.07033639143730887,0.08564181990631883
AL/For-Profit/RN,2025-01-01,0.07428571428571429,0.06557066700751037
AL/For-Profit/RN,2025-02-01,0.05644546147978642,0.06457374634207919
AL/For-Profit/RN,2025-03-01,0.08538404175988068,0.0839488694480198
AL/Government/CNA,2022-10-01,0.04864864864864865,0.06254887007064554
AL/Government/CNA,2022-11-01,0.04087193460490463,0.05821741092928679
AL/Government/CNA,2022-12-01,0.08743169398907104,0.08225950893307976
AL/Government/CNA,2023-01-01,0.11688311688311688,0.06469988810373813
AL/Government/CNA,2023-02-01,0.052486187845303865,0.05892698596848586
AL/Government/CNA,2023-03-01,0.0748663101604278,0.08015276938748378
AL/Government/CNA,2023-04-01,0.06769230769230769,0.060594179116885576
AL/Government/CNA,2023-05-01,0.04747774480712166,0.06303426570086268
AL/Government/CNA,2023-06-01,0.07352941176470588,0.07734840057842166
AL/Government/CNA,2023-07-01,0.061696658097686374,0.06425647434056328
AL/Government/CNA,2023-08-01,0.0678391959798995,0.06666452387787129
AL/Government/CNA,2023-09-01,0.08478802992518704,0.07680183130139934
AL/Government/CNA,2023-10-01,0.05822784810126582,0.06230046548611892
AL/Government/CNA,2023-11-01,0.041343669250646,0.05770112429437729
AL/Government/CNA,2023-12-01,0.08051948051948052,0.08146169171516869
AL/Government/CNA,2024-01-01,0.08244680851063829,0.0637343621600494
AL/Government/CNA,2024-02-01,0.032432432432432434,0.05833915082448411
AL/Government/CNA,2024-03-01,0.07446808510638298,0.08016698375487874
AL/Government/CNA,2024-04-01,0.06735751295336788,0.061139343247929405
AL/Government/CNA,2024-05-01,0.05370843989769821,0.06411105999867742
AL/Government/CNA,2024-06-01,0.0825,0.07894999695402753
AL/Government/CNA,2024-07-01,0.05,0.06623940151866398
AL/Government/CNA,2024-08-01,0.06,0.0692983349875291
AL/Government/CNA,2024-09-01,0.10224438902743142,0.08021038343385146
AL/Government/CNA,2024-10-01,0.06720430107526881,0.0663357617874287
AL/Government/CNA,2024-11-01,0.08108108108108109,0.06225841837550504
AL/Government/CNA,2024-12-01,0.06460674157303371,0.08605452123177808
AL/Government/CNA,2025-01-01,0.0855614973262032,0.06867717053748487
AL/Government/CNA,2025-02-01,0.056338028169014086,0.0634115527297807
AL/Government/CNA,2025-03-01,0.1132596685082873,0.08530488460307256
AL/Government/LPN,2022-10-01,0.031007751937984496,0.03667297912272957
AL/Government/LPN,2022-11-01,0.023255813953488372,0.03227720279703684
AL/Government/LPN,2022-12-01,0.07874015748031496,0.05652936740883281
AL/Government/LPN,2023-01-01,0.08088235294117647,0.03653537511841301
AL/Government/LPN,2023-02-01,0.016260162601626018,0.030608059569573385
AL/Government/LPN,2023-03-01,0.08196721311475409,0.05293327776276692
AL/Government/LPN,2023-04-01,0.009009009009009009,0.03149940854297412
AL/Government/LPN,2023-05-01,0.017857142857142856,0.03348294730886352
AL/Government/LPN,2023-06-01,0.02727272727272727,0.045298021184971615
AL/Government/LPN,2023-07-01,0.0,0.03243368184727741
AL/Government/LPN,2023-08-01,0.022900763358778626,0.03453949207159496
AL/Government/LPN,2023-09-01,0.030303030303030304,0.04388377209309367
AL/Government/LPN,2023-10-01,0.007692307692307693,0.03090608609349529
AL/Government/LPN,2023-11-01,0.03816793893129771,0.02744371600605125
AL/Government/LPN,2023-12-01,0.05343511450381679,0.052426891972089135
AL/Government/LPN,2024-01-01,0.0546875,0.03346384967936114
AL/Government/LPN,2024-02-01,0.008064516129032258,0.028644303608134268
AL/Government/LPN,2024-03-01,0.03937007874015748,0.05221292428486175
AL/Government/LPN,2024-04-01,0.07751937984496124,0.03252502178303545
AL/Government/LPN,2024-05-01,0.04918032786885246,0.035446528975743206
AL/Government/LPN,2024-06-01,0.03418803418803419,0.047927396866365574
AL/Government/LPN,2024-07-01,0.04201680672268908,0.035545185533023646
AL/Government/LPN,2024-08-01,0.02586206896551724,0.03769255117619422
AL/Government/LPN,2024-09-01,0.047619047619047616,0.047022944460266475
AL/Government/LPN,2024-10-01,0.03333333333333333,0.03374478115541044
AL/Government/LPN,2024-11-01,0.017094017094017096,0.029738034739511705
AL/Government/LPN,2024-12-01,0.043478260869565216,0.0544466285072966
AL/Government/LPN,2025-01-01,0.03305785123966942,0.035287472074881594
AL/Government/LPN,2025-02-01,0.01680672268907563,0.030759239071794616
AL/Government/LPN,2025-03-01,0.09917355371900827,0.054477483493630297
AL/Government/RN,2022-10-01,0.043478260869565216,0.03399223119421284
AL/Government/RN,2022-11-01,0.010752688172043012,0.02906557212303534
AL/Government/RN,2022-12-01,0.06593406593406594,0.053158753220562516
AL/Government/RN,2023-01-01,0.043010752688172046,0.0331771831638673
AL/Government/RN,2023-02-01,0.023809523809523808,0.027694426553280395
AL/Government/RN,2023-03-01,0.03529411764705882,0.04901517420128595
AL/Government/RN,2023-04-01,0.025974025974025976,0.028757508967212103
AL/Government/RN,2023-05-01,0.02666666666666667,0.031348213526786864
AL/Government/RN,2023-06-01,0.04,0.04425658041751063
AL/Government/RN,2023-07-01,0.023255813953488372,0.032171609678826804
AL/Government/RN,2023-08-01,0.02247191011235955,0.034167395166209924
AL/Government/RN,2023-09-01,0.05813953488372093,0.044187467054108726
AL/Government/RN,2023-10-01,0.021052631578947368,0.030112495605846865
AL/Government/RN,2023-11-01,0.010638297872340425,0.02576226963410867
AL/Government/RN,2023-12-01,0.07291666666666667,0.05033129748951429
AL/Government/RN,2024-01-01,0.07920792079207921,0.030738140507975818
AL/Government/RN,2024-02-01,0.010638297872340425,0.02502532967810727
AL/Government/RN,2024-03-01,0.02197802197802198,0.046434213920235126
AL/Government/RN,2024-04-01,0.031914893617021274,0.026330599413784097
AL/Government/RN,2024-05-01,0.010526315789473684,0.029096668454417315
AL/Government/RN,2024-06-01,0.010752688172043012,0.04216989324325012
AL/Government/RN,2024-07-01,0.021052631578947368,0.030616122687648642
AL/Government/RN,2024-08-01,0.03125,0.033273292617849747
AL/Government/RN,2024-09-01,0.050505050505050504,0.043757647948098374
AL/Government/RN,2024-10-01,0.010416666666666666,0.030293062490871603
AL/Government/RN,2024-11-01,0.050505050505050504,0.026714998096141113
AL/Government/RN,2024-12-01,0.031578947368421054,0.05149822327105823
AL/Government/RN,2025-01-01,0.041237113402061855,0.03247862415431689
AL/Government/RN,2025-02-01,0.01020408163265306,0.02813425960959995
AL/Government/RN,2025-03-01,0.10891089108910891,0.05085016303030663
AL/Non-Profit/CNA,2022-10-01,0.06511254019292605,0.07440486881358627
AL/Non-Profit/CNA,2022-11-01,0.07704918032786885,0.07086104882673969
AL/Non-Profit/CNA,2022-12-01,0.08333333333333333,0.09313680406968511
AL/Non-Profit/CNA,2023-01-01,0.06961506961506962,0.07403520989192794
AL/Non-Profit/CNA,2023-02-01,0.07996768982229402,0.07290079701975642
AL/Non-Profit/CNA,2023-03-01,0.10651828298887123,0.09316638514524438
AL/Non-Profit/CNA,2023-04-01,0.06682966585167074,0.07388488384955035
AL/Non-Profit/CNA,2023-05-01,0.07987470634299139,0.07849448285441907
AL/Non-Profit/CNA,2023-06-01,0.08149779735682819,0.09104299409696939
AL/Non-Profit/CNA,2023-07-01,0.09046961325966851,0.0798921977895984
AL/Non-Profit/CNA,2023-08-01,0.10093582887700535,0.08268566099655872
AL/Non-Profit/CNA,2023-09-01,0.13537414965986394,0.09251264977285426
AL/Non-Profit/CNA,2023-10-01,0.07106598984771574,0.07724062003585315
AL/Non-Profit/CNA,2023-11-01,0.07776261937244201,0.0728225210752814
AL/Non-Profit/CNA,2023-12-01,0.07464788732394366,0.09413437319851188
AL/Non-Profit/CNA,2024-01-01,0.07952973720608575,0.07433654282620279
AL/Non-Profit/CNA,2024-02-01,0.07172701949860724,0.0723646578426661
AL/Non-Profit/CNA,2024-03-01,0.08701657458563536,0.09183348454783813
AL/Non-Profit/CNA,2024-04-01,0.0742296918767507,0.07209947091169308
AL/Non-Profit/CNA,2024-05-01,0.08698630136986302,0.07610431529848773
AL/Non-Profit/CNA,2024-06-01,0.06753069577080491,0.08789098860223442
AL/Non-Profit/CNA,2024-07-01,0.07055630936227951,0.07621413316803251
AL/Non-Profit/CNA,2024-08-01,0.08216432865731463,0.0785799548773645
AL/Non-Profit/CNA,2024-09-01,0.09331568497683654,0.0882297002621775
AL/Non-Profit/CNA,2024-10-01,0.07905138339920949,0.07328238072545329
AL/Non-Profit/CNA,2024-11-01,0.07176079734219269,0.0690414243214292
AL/Non-Profit/CNA,2024-12-01,0.07548430193720775,0.09057915161647409
AL/Non-Profit/CNA,2025-01-01,0.0674682698730795,0.070881624938452
AL/Non-Profit/CNA,2025-02-01,0.06901217861975643,0.06922408889167936
AL/Non-Profit/CNA,2025-03-01,0.07920792079207921,0.08893069297317308
AL/Non-Profit/LPN,2022-10-01,0.06569343065693431,0.05051819782301208
AL/Non-Profit/LPN,2022-11-01,0.042606516290726815,0.04520331518032904
AL/Non-Profit/LPN,2022-12-01,0.0535279805352798,0.06734953907930791
AL/Non-Profit/LPN,2023-01-01,0.04926108374384237,0.04803440686381074
AL/Non-Profit/LPN,2023-02-01,0.04466501240694789,0.04664774547984299
AL/Non-Profit/LPN,2023-03-01,0.057279236276849645,0.06561041563457734
AL/Non-Profit/LPN,2023-04-01,0.04047619047619048,0.046298884119845854
AL/Non-Profit/LPN,2023-05-01,0.04390243902439024,0.05007551613797691
AL/Non-Profit/LPN,2023-06-01,0.04157043879907621,0.06309694968321504
AL/Non-Profit/LPN,2023-07-01,0.049886621315192746,0.052034646086101796
AL/Non-Profit/LPN,2023-08-01,0.082039911308204,0.05516226737295186
AL/Non-Profit/LPN,2023-09-01,0.07777777777777778,0.06434274199551479
AL/Non-Profit/LPN,2023-10-01,0.04794520547945205,0.050647298226985035
AL/Non-Profit/LPN,2023-11-01,0.04555808656036447,0.04573609304855493
AL/Non-Profit/LPN,2023-12-01,0.04524886877828054,0.06823213089520176
AL/Non-Profit/LPN,2024-01-01,0.045454545454545456,0.04931595543720849
AL/Non-Profit/LPN,2024-02-01,0.07349665924276169,0.04849400251019716
AL/Non-Profit/LPN,2024-03-01,0.05813953488372093,0.06760936356020657
AL/Non-Profit/LPN,2024-04-01,0.04976303317535545,0.04830743209225892
AL/Non-Profit/LPN,2024-05-01,0.052752293577981654,0.05210180957782593
AL/Non-Profit/LPN,2024-06-01,0.059770114942528735,0.0650458341892774
AL/Non-Profit/LPN,2024-07-01,0.05868544600938967,0.05361469308911006
AL/Non-Profit/LPN,2024-08-01,0.05314009661835749,0.05636377263895409
AL/Non-Profit/LPN,2024-09-01,0.0746987951807229,0.06557293171358478
AL/Non-Profit/LPN,2024-10-01,0.03764705882352941,0.05193510740577603
AL/Non-Profit/LPN,2024-11-01,0.04337899543378995,0.04725797267996018
AL/Non-Profit/LPN,2024-12-01,0.05827505827505827,0.07014755149987052
AL/Non-Profit/LPN,2025-01-01,0.06572769953051644,0.05129572921022001
AL/Non-Profit/LPN,2025-02-01,0.057007125890736345,0.050399877430219286
AL/Non-Profit/LPN,2025-03-01,0.08235294117647059,0.06965341378029197
AL/Non-Profit/RN,2022-10-01,0.04590163934426229,0.049996871884376876
AL/Non-Profit/RN,2022-11-01,0.04285714285714286,0.04626010793308815
AL/Non-Profit/RN,2022-12-01,0.07191780821917808,0.06925114822522828
AL/Non-Profit/RN,2023-01-01,0.03678929765886288,0.0484412174532181
AL/Non-Profit/RN,2023-02-01,0.0313588850174216,0.04735096328219459
AL/Non-Profit/RN,2023-03-01,0.07166123778501629,0.06646205913816032
AL/Non-Profit/RN,2023-04-01,0.08156028368794327,0.0488999863280408
AL/Non-Profit/RN,2023-05-01,0.05755395683453238,0.051581660082927513
AL/Non-Profit/RN,2023-06-01,0.05,0.06438965516967732
AL/Non-Profit/RN,2023-07-01,0.06402439024390244,0.05216766713055991
AL/Non-Profit/RN,2023-08-01,0.057057057057057055,0.05432416405073307
AL/Non-Profit/RN,2023-09-01,0.08059701492537313,0.0625889682673832
AL/Non-Profit/RN,2023-10-01,0.02830188679245283,0.04853838027461625
AL/Non-Profit/RN,2023-11-01,0.04790419161676647,0.04453588255316109
AL/Non-Profit/RN,2023-12-01,0.04776119402985075,0.06713111471116341
AL/Non-Profit/RN,2024-01-01,0.05555555555555555,0.04630419513994527
AL/Non-Profit/RN,2024-02-01,0.07386363636363637,0.04486087846498147
AL/Non-Profit/RN,2024-03-01,0.03812316715542522,0.0629895369073183
AL/Non-Profit/RN,2024-04-01,0.038461538461538464,0.044914664911474264
AL/Non-Profit/RN,2024-05-01,0.03768115942028986,0.04777483135776712
AL/Non-Profit/RN,2024-06-01,0.06128133704735376,0.06076945189818876
AL/Non-Profit/RN,2024-07-01,0.04046242774566474,0.048667191576139246
AL/Non-Profit/RN,2024-08-01,0.060941828254847646,0.051082898625717556
AL/Non-Profit/RN,2024-09-01,0.04289544235924933,0.05948362945473331
AL/Non-Profit/RN,2024-10-01,0.05128205128205128,0.04612084585141882
AL/Non-Profit/RN,2024-11-01,0.05154639175257732,0.042539035649157717
AL/Non-Profit/RN,2024-12-01,0.06596306068601583,0.06540206227386272
AL/Non-Profit/RN,2025-01-01,0.04289544235924933,0.04450139893234829
AL/Non-Profit/RN,2025-02-01,0.04736842105263158,0.043189160213828764
AL/Non-Profit/RN,2025-03-01,0.05343511450381679,0.06184250708423616
AR/For-Profit/CNA,2022-10-01,0.08704352176088044,0.08477750931254396
AR/For-Profit/CNA,2022-11-01,0.08011119535001264,0.08022048647663155
AR/For-Profit/CNA,2022-12-01,0.08294407271809115,0.10287861049019165
AR/For-Profit/CNA,2023-01-01,0.09161337924249877,0.0842339888244529
AR/For-Profit/CNA,2023-02-01,0.08647721705046546,0.08317694826969071
AR/For-Profit/CNA,2023-03-01,0.09914101646385111,0.10304404891508409
AR/For-Profit/CNA,2023-04-01,0.09208015267175572,0.08459351522821917
AR/For-Profit/CNA,2023-05-01,0.0966455547736336,0.08913125033640601
AR/For-Profit/CNA,2023-06-01,0.09375,0.10193585468767027
AR/For-Profit/CNA,2023-07-01,0.10652805723228258,0.09102086771205223
AR/For-Profit/CNA,2023-08-01,0.10837168529476222,0.09341534967845525
AR/For-Profit/CNA,2023-09-01,0.09661996886813431,0.10147566087329724
AR/For-Profit/CNA,2023-10-01,0.09533311162842258,0.08947859201098252
AR/For-Profit/CNA,2023-11-01,0.0898738416880652,0.08464158781219949
AR/For-Profit/CNA,2023-12-01,0.09137343927355278,0.10694522218196406
AR/For-Profit/CNA,2024-01-01,0.09273433166943983,0.08782359467568553
AR/For-Profit/CNA,2024-02-01,0.09223734106625028,0.08628021262694086
AR/For-Profit/CNA,2024-03-01,0.10145246478873239,0.10556313603918344
AR/For-Profit/CNA,2024-04-01,0.0862910381543922,0.08654815438804456
AR/For-Profit/CNA,2024-05-01,0.09848648648648649,0.0906867887906408
AR/For-Profit/CNA,2024-06-01,0.09155844155844156,0.10313169901728787
AR/For-Profit/CNA,2024-07-01,0.09468508056078677,0.09186969227414085
AR/For-Profit/CNA,2024-08-01,0.09745629645137653,0.09404768041461403
AR/For-Profit/CNA,2024-09-01,0.10027414592998735,0.10204682465269761
AR/For-Profit/CNA,2024-10-01,0.09514422079269558,0.09000171444202884
AR/For-Profit/CNA,2024-11-01,0.08048268625393494,0.0850913295482088
AR/For-Profit/CNA,2024-12-01,0.09765297569153394,0.10736629204097545
AR/For-Profit/CNA,2025-01-01,0.09293873312564901,0.08823597444962036
AR/For-Profit/CNA,2025-02-01,0.09215561224489796,0.0867134540850237
AR/For-Profit/CNA,2025-03-01,0.10834738617200675,0.10603988061501556
AR/For-Profit/LPN,2022-10-01,0.05555555555555555,0.06163955587474216
AR/For-Profit/LPN,2022-11-01,0.05483758295494237,0.057307653977042426
AR/For-Profit/LPN,2022-12-01,0.07221838286109192,0.0807783119074048
AR/For-Profit/LPN,2023-01-01,0.07260273972602739,0.06149468435389153
AR/For-Profit/LPN,2023-02-01,0.0584144645340751,0.05903162889018043
AR/For-Profit/LPN,2023-03-01,0.0657487091222031,0.07843471172107315
AR/For-Profit/LPN,2023-04-01,0.060992419021364576,0.059895888132166106
AR/For-Profit/LPN,2023-05-01,0.07273342354533154,0.06467856094692066
AR/For-Profit/LPN,2023-06-01,0.06979096426163182,0.07702484229116444
AR/For-Profit/LPN,2023-07-01,0.07039892725444184,0.06563446862938088
AR/For-Profit/LPN,2023-08-01,0.07539682539682539,0.06798280403818573
AR/For-Profit/LPN,2023-09-01,0.0724881995954147,0.07644318535963669
AR/For-Profit/LPN,2023-10-01,0.06399461098012799,0.0639703560919095
AR/For-Profit/LPN,2023-11-01,0.06330837304288632,0.05970800310842007
AR/For-Profit/LPN,2023-12-01,0.08496953283683141,0.08307579225027964
AR/For-Profit/LPN,2024-01-01,0.0758988015978695,0.06358161477350768
AR/For-Profit/LPN,2024-02-01,0.06740073406740073,0.06094952331129171
AR/For-Profit/LPN,2024-03-01,0.08824508824508824,0.08009885557412953
AR/For-Profit/LPN,2024-04-01,0.058285327007793965,0.06092599880809152
AR/For-Profit/LPN,2024-05-01,0.07725464190981432,0.0651265530407001
AR/For-Profit/LPN,2024-06-01,0.06167400881057269,0.07693074480297535
AR/For-Profit/LPN,2024-07-01,0.06493506493506493,0.06497874653678995
AR/For-Profit/LPN,2024-08-01,0.06696861857004206,0.06694681775977189
AR/For-Profit/LPN,2024-09-01,0.06747860434496379,0.0749751131057198
AR/For-Profit/LPN,2024-10-01,0.05922551252847381,0.062323570391834344
AR/For-Profit/LPN,2024-11-01,0.05807504078303426,0.057821533030674915
AR/For-Profit/LPN,2024-12-01,0.07460732984293193,0.08104988277305157
AR/For-Profit/LPN,2025-01-01,0.07335280753002273,0.06155417169001529
AR/For-Profit/LPN,2025-02-01,0.062146892655367235,0.05880865239595446
AR/For-Profit/LPN,2025-03-01,0.0648791790797749,0.07791108716771979
AR/For-Profit/RN,2022-10-01,0.07593778591033852,0.07317893568400496
AR/For-Profit/RN,2022-11-01,0.0659536541889483,0.06865883555415711
AR/For-Profit/RN,2022-12-01,0.06333630686886708,0.09098824311956999
AR/For-Profit/RN,2023-01-01,0.08061749571183534,0.07237522655962328
AR/For-Profit/RN,2023-02-01,0.08538732394366197,0.0708906661369239
AR/For-Profit/RN,2023-03-01,0.10521739130434783,0.09137777398821927
AR/For-Profit/RN,2023-04-01,0.06133333333333333,0.0715504367129317
AR/For-Profit/RN,2023-05-01,0.08947368421052632,0.07630588884338077
AR/For-Profit/RN,2023-06-01,0.08276450511945392,0.0891829935524577
AR/For-Profit/RN,2023-07-01,0.09523809523809523,0.07749097243739006
AR/For-Profit/RN,2023-08-01,0.08240343347639485,0.07915524804546595
AR/For-Profit/RN,2023-09-01,0.08149405772495756,0.08735254286187351
AR/For-Profit/RN,2023-10-01,0.07908163265306123,0.0752386590932409
AR/For-Profit/RN,2023-11-01,0.07527801539777587,0.07035011444489017
AR/For-Profit/RN,2023-12-01,0.07912457912457913,0.09232611458705095
AR/For-Profit/RN,2024-01-01,0.0811232449297972,0.07312366949204074
AR/For-Profit/RN,2024-02-01,0.06697459584295612,0.07098296495855905
AR/For-Profit/RN,2024-03-01,0.10208483105679367,0.09115507093285705
AR/For-Profit/RN,2024-04-01,0.0712661106899166,0.0710681372036297
AR/For-Profit/RN,2024-05-01,0.08143547273982056,0.07543364277466502
AR/For-Profit/RN,2024-06-01,0.08726249120337791,0.08802686875620094
AR/For-Profit/RN,2024-07-01,0.07290233837689133,0.07589030958138268
AR/For-Profit/RN,2024-08-01,0.08157524613220815,0.07746918095193041
AR/For-Profit/RN,2024-09-01,0.07446808510638298,0.08553201579890138
AR/For-Profit/RN,2024-10-01,0.07639836289222374,0.0733880042129757
AR/For-Profit/RN,2024-11-01,0.07638402242466713,0.06847639458118533
AR/For-Profit/RN,2024-12-01,0.08577263444520082,0.09038802976085897
AR/For-Profit/RN,2025-01-01,0.07167470709855273,0.07106766649377318
AR/For-Profit/RN,2025-02-01,0.06824512534818941,0.06893968857036453
AR/For-Profit/RN,2025-03-01,0.07702702702702703,0.08898059608551798
AR/Government/CNA,2022-10-01,0.02494802494802495,0.042711863358798986
AR/Government/CNA,2022-11-01,0.04225352112676056,0.03888560686106812
AR/Government/CNA,2022-12-01,0.03413654618473896,0.06079233679172249
AR/Government/CNA,2023-01-01,0.04873294346978557,0.04132485067057841
AR/Government/CNA,2023-02-01,0.03614457831325301,0.0403485361319558
AR/Government/CNA,2023-03-01,0.05742574257425743,0.05919787361443395
AR/Government/CNA,2023-04-01,0.048582995951417005,0.041445826672388546
AR/Government/CNA,2023-05-01,0.04056795131845842,0.044845984992744455
AR/Government/CNA,2023-06-01,0.04024144869215292,0.05805622440358199
AR/Government/CNA,2023-07-01,0.048484848484848485,0.0468226586524855
AR/Government/CNA,2023-08-01,0.06153846153846154,0.050172791128491406
AR/Government/CNA,2023-09-01,0.08670520231213873,0.060706032066685414
AR/Government/CNA,2023-10-01,0.04468085106382979,0.0452365426068639
AR/Government/CNA,2023-11-01,0.03470715835140998,0.04135598095531241
AR/Government/CNA,2023-12-01,0.05714285714285714,0.06344462682792276
AR/Government/CNA,2024-01-01,0.0486815415821501,0.04386424723376235
AR/Government/CNA,2024-02-01,0.049586776859504134,0.04267007727687209
AR/Government/CNA,2024-03-01,0.04276985743380855,0.0612293311709118
AR/Government/CNA,2024-04-01,0.04536082474226804,0.043501580665728685
AR/Government/CNA,2024-05-01,0.04048582995951417,0.04692978663854323
AR/Government/CNA,2024-06-01,0.048484848484848485,0.06013143727507016
AR/Government/CNA,2024-07-01,0.04225352112676056,0.04885688260205784
AR/Government/CNA,2024-08-01,0.06613226452905811,0.052297821874158434
AR/Government/CNA,2024-09-01,0.10441767068273092,0.06292058018248613
AR/Government/CNA,2024-10-01,0.049281314168377825,0.047396922706456096
AR/Government/CNA,2024-11-01,0.058577405857740586,0.04335347825819086
AR/Government/CNA,2024-12-01,0.04700854700854701,0.06489437791282802
AR/Government/CNA,2025-01-01,0.03184713375796178,0.045003267635478336
AR/Government/CNA,2025-02-01,0.05416666666666667,0.04380795024748134
AR/Government/CNA,2025-03-01,0.053497942386831275,0.06228069869176935
AR/Government/LPN,2022-10-01,0.04132231404958678,0.04517537850947741
AR/Government/LPN,2022-11-01,0.05982905982905983,0.0410095995420681
AR/Government/LPN,2022-12-01,0.0603448275862069,0.06449562601390725
AR/Government/LPN,2023-01-01,0.042735042735042736,0.04317859077422451
AR/Government/LPN,2023-02-01,0.034782608695652174,0.04133634909900949
AR/Government/LPN,2023-03-01,0.06722689075630252,0.05990426936066101
AR/Government/LPN,2023-04-01,0.03508771929824561,0.039847480958059706
AR/Government/LPN,2023-05-01,0.05042016806722689,0.04464713790313432
AR/Government/LPN,2023-06-01,0.02608695652173913,0.057284695430069046
AR/Government/LPN,2023-07-01,0.03389830508474576,0.044271710292550365
AR/Government/LPN,2023-08-01,0.056451612903225805,0.04758679694128766
AR/Government/LPN,2023-09-01,0.0975609756097561,0.05827793417733044
AR/Government/LPN,2023-10-01,0.019801980198019802,0.041941177853668604
AR/Government/LPN,2023-11-01,0.030303030303030304,0.03775856602135683
AR/Government/LPN,2023-12-01,0.041237113402061855,0.06160591573590883
AR/Government/LPN,2024-01-01,0.06779661016949153,0.04077910512842946
AR/Government/LPN,2024-02-01,0.07079646017699115,0.039074386318658116
AR/Government/LPN,2024-03-01,0.043478260869565216,0.05733103567283021
AR/Government/LPN,2024-04-01,0.008771929824561403,0.0372174305226901
AR/Government/LPN,2024-05-01,0.042735042735042736,0.04229823473681114
AR/Government/LPN,2024-06-01,0.08064516129032258,0.05537515457224113
AR/Government/LPN,2024-07-01,0.023622047244094488,0.041902983684655344
AR/Government/LPN,2024-08-01,0.045112781954887216,0.044953165405609896
AR/Government/LPN,2024-09-01,0.08888888888888889,0.055513706927347195
AR/Government/LPN,2024-10-01,0.03787878787878788,0.03913659799617886
AR/Government/LPN,2024-11-01,0.016,0.03462580985896706
AR/Government/LPN,2024-12-01,0.0859375,0.05826811658862552
AR/Government/LPN,2025-01-01,0.01639344262295082,0.03668626637329822
AR/Government/LPN,2025-02-01,0.02586206896551724,0.0348172043341394
AR/Government/LPN,2025-03-01,0.03361344537815126,0.05344846472625636
AR/Government/RN,2022-10-01,0.038461538461538464,0.027591339674063638
AR/Government/RN,2022-11-01,0.02564102564102564,0.022387303545131215
AR/Government/RN,2022-12-01,0.02531645569620253,0.04248162092759222
AR/Government/RN,2023-01-01,0.0,0.024030500122628154
AR/Government/RN,2023-02-01,0.0,0.021127790978639406
AR/Government/RN,2023-03-01,0.047058823529411764,0.042132054331779356
AR/Government/RN,2023-04-01,0.011494252873563218,0.02150622289192959
AR/Government/RN,2023-05-01,0.03488372093023256,0.02600775073405207
AR/Government/RN,2023-06-01,0.022988505747126436,0.0386554293108282
AR/Government/RN,2023-07-01,0.034482758620689655,0.027164604473714486
AR/Government/RN,2023-08-01,0.024390243902439025,0.030483782732357127
AR/Government/RN,2023-09-01,0.046511627906976744,0.04050548404585737
AR/Government/RN,2023-10-01,0.012195121951219513,0.026325618303160783
AR/Government/RN,2023-11-01,0.02531645569620253,0.02216893609553897
AR/Government/RN,2023-12-01,0.012345679012345678,0.043242448031533695
AR/Government/RN,2024-01-01,0.053763440860215055,0.026228035349434124
AR/Government/RN,2024-02-01,0.03333333333333333,0.023879803745374007
AR/Government/RN,2024-03-01,0.053763440860215055,0.045075181463606985
AR/Government/RN,2024-04-01,0.010869565217391304,0.024529705534015452
AR/Government/RN,2024-05-01,0.010752688172043012,0.029141666198678598
AR/Government/RN,2024-06-01,0.020618556701030927,0.042199918051814396
AR/Government/RN,2024-07-01,0.009615384615384616,0.031307078342001
AR/Government/RN,2024-08-01,0.06666666666666667,0.035542500189395955
AR/Government/RN,2024-09-01,0.09615384615384616,0.046106108892650335
AR/Government/RN,2024-10-01,0.044642857142857144,0.03179401577612545
AR/Government/RN,2024-11-01,0.02830188679245283,0.02717869567952471
AR/Government/RN,2024-12-01,0.009009009009009009,0.04787550028457794
AR/Government/RN,2025-01-01,0.05217391304347826,0.03042081485218743
AR/Government/RN,2025-02-01,0.027522935779816515,0.02771847900632595
AR/Government/RN,2025-03-01,0.05357142857142857,0.048802362421575096
AR/Non-Profit/CNA,2022-10-01,0.05718954248366013,0.07603793543676288
AR/Non-Profit/CNA,2022-11-01,0.05852842809364549,0.07202716688123754
AR/Non-Profit/CNA,2022-12-01,0.09515859766277128,0.09605723145669358
AR/Non-Profit/CNA,2023-01-01,0.15008431703204048,0.07831301079482239
AR/Non-Profit/CNA,2023-02-01,0.0663265306122449,0.07598594140411857
AR/Non-Profit/CNA,2023-03-01,0.0859504132231405,0.09443341209350571
AR/Non-Profit/CNA,2023-04-01,0.08231707317073171,0.07493530649699864
AR/Non-Profit/CNA,2023-05-01,0.08255451713395638,0.07909439697420666
AR/Non-Profit/CNA,2023-06-01,0.10906298003072197,0.09320743160835468
AR/Non-Profit/CNA,2023-07-01,0.06707317073170732,0.07929245802047058
AR/Non-Profit/CNA,2023-08-01,0.08059701492537313,0.08093915595691442
AR/Non-Profit/CNA,2023-09-01,0.10029498525073746,0.08952683200374281
AR/Non-Profit/CNA,2023-10-01,0.08069620253164557,0.07632462588813471
AR/Non-Profit/CNA,2023-11-01,0.05910543130990415,0.07135491565650771
AR/Non-Profit/CNA,2023-12-01,0.0864,0.09449794735905312
AR/Non-Profit/CNA,2024-01-01,0.0654490106544901,0.07592681044446499
AR/Non-Profit/CNA,2024-02-01,0.08482142857142858,0.07386815502844225
AR/Non-Profit/CNA,2024-03-01,0.07749627421758569,0.09224668864813648
AR/Non-Profit/CNA,2024-04-01,0.054814814814814816,0.0728205869646294
AR/Non-Profit/CNA,2024-05-01,0.07703281027104136,0.07746870062753326
AR/Non-Profit/CNA,2024-06-01,0.10147058823529412,0.0920058396190051
AR/Non-Profit/CNA,2024-07-01,0.08333333333333333,0.07867205911910549
AR/Non-Profit/CNA,2024-08-01,0.06739811912225706,0.08067582864517583
AR/Non-Profit/CNA,2024-09-01,0.059654631083202514,0.08985311162505469
AR/Non-Profit/CNA,2024-10-01,0.07569141193595343,0.07766370538326223
AR/Non-Profit/CNA,2024-11-01,0.0815450643776824,0.07384852288019259
AR/Non-Profit/CNA,2024-12-01,0.07952871870397643,0.09785825344597152
AR/Non-Profit/CNA,2025-01-01,0.08221225710014948,0.08030724670863496
AR/Non-Profit/CNA,2025-02-01,0.12753623188405797,0.07910114793775042
AR/Non-Profit/CNA,2025-03-01,0.11261261261261261,0.09781098502552896
AR/Non-Profit/LPN,2022-10-01,0.04040404040404041,0.05778248344958433
AR/Non-Profit/LPN,2022-11-01,0.026041666666666668,0.05273330387567518
AR/Non-Profit/LPN,2022-12-01,0.08040201005025126,0.0780195691543392
AR/Non-Profit/LPN,2023-01-01,0.1497584541062802,0.06071324372113447
AR/Non-Profit/LPN,2023-02-01,0.04326923076923077,0.05692695155511101
AR/Non-Profit/LPN,2023-03-01,0.06280193236714976,0.07339518383714337
AR/Non-Profit/LPN,2023-04-01,0.057971014492753624,0.05501921091082357
AR/Non-Profit/LPN,2023-05-01,0.05392156862745098,0.05795830288379905
AR/Non-Profit/LPN,2023-06-01,0.13333333333333333,0.07351589257061224
AR/Non-Profit/LPN,2023-07-01,0.051643192488262914,0.05774993409434961
AR/Non-Profit/LPN,2023-08-01,0.043689320388349516,0.05808677328742678
AR/Non-Profit/LPN,2023-09-01,0.056338028169014086,0.06588960988354021
AR/Non-Profit/LPN,2023-10-01,0.030456852791878174,0.05283791164887482
AR/Non-Profit/LPN,2023-11-01,0.030303030303030304,0.04715525516605806
AR/Non-Profit/LPN,2023-12-01,0.09223300970873786,0.07167525667258219
AR/Non-Profit/LPN,2024-01-01,0.0330188679245283,0.053359154724953284
AR/Non-Profit/LPN,2024-02-01,0.05581395348837209,0.04996069061485108
AR/Non-Profit/LPN,2024-03-01,0.02403846153846154,0.0666439886924248
AR/Non-Profit/LPN,2024-04-01,0.04265402843601896,0.04893554025660414
AR/Non-Profit/LPN,2024-05-01,0.03686635944700461,0.052579107695458024
AR/Non-Profit/LPN,2024-06-01,0.06306306306306306,0.06901868630713558
AR/Non-Profit/LPN,2024-07-01,0.05263157894736842,0.0550825951047544
AR/Non-Profit/LPN,2024-08-01,0.03827751196172249,0.05726131628513981
AR/Non-Profit/LPN,2024-09-01,0.03773584905660377,0.06683927644159884
AR/Non-Profit/LPN,2024-10-01,0.07272727272727272,0.055867440225532715
AR/Non-Profit/LPN,2024-11-01,0.05714285714285714,0.05181440599681793
AR/Non-Profit/LPN,2024-12-01,0.0514018691588785,0.07767030506412624
AR/Non-Profit/LPN,2025-01-01,0.0958904109589041,0.061162703172349835
AR/Non-Profit/LPN,2025-02-01,0.1210762331838565,0.058929486126119916
AR/Non-Profit/LPN,2025-03-01,0.08173076923076923,0.07587932574578846
AR/Non-Profit/RN,2022-10-01,0.030303030303030304,0.04966754760919073
AR/Non-Profit/RN,2022-11-01,0.03125,0.04509851369030729
AR/Non-Profit/RN,2022-12-01,0.05154639175257732,0.0669373085553712
AR/Non-Profit/RN,2023-01-01,0.11578947368421053,0.051192601952412306
AR/Non-Profit/RN,2023-02-01,0.03225806451612903,0.048447314218250735
AR/Non-Profit/RN,2023-03-01,0.06741573033707865,0.06647247107705823
AR/Non-Profit/RN,2023-04-01,0.043010752688172046,0.04710011054426181
AR/Non-Profit/RN,2023-05-01,0.043010752688172046,0.05151864151449517
AR/Non-Profit/RN,2023-06-01,0.08163265306122448,0.06650416924604445
AR/Non-Profit/RN,2023-07-01,0.07216494845360824,0.053168642906734134
AR/Non-Profit/RN,2023-08-01,0.030927835051546393,0.05507851418001457
AR/Non-Profit/RN,2023-09-01,0.03225806451612903,0.06113317978406582
AR/Non-Profit/RN,2023-10-01,0.05434782608695652,0.04910244860447309
AR/Non-Profit/RN,2023-11-01,0.011111111111111112,0.04457874771962708
AR/Non-Profit/RN,2023-12-01,0.031578947368421054,0.06675972314310247
AR/Non-Profit/RN,2024-01-01,0.030927835051546393,0.05169328324792562
AR/Non-Profit/RN,2024-02-01,0.05102040816326531,0.05058225889703757
AR/Non-Profit/RN,2024-03-01,0.02040816326530612,0.07013674251953148
AR/Non-Profit/RN,2024-04-01,0.0392156862745098,0.05291863535866537
AR/Non-Profit/RN,2024-05-01,0.07207207207207207,0.05963414525509371
AR/Non-Profit/RN,2024-06-01,0.11403508771929824,0.07668305574918896
AR/Non-Profit/RN,2024-07-01,0.0784313725490196,0.06519395380383505
AR/Non-Profit/RN,2024-08-01,0.13541666666666666,0.06896283310431889
AR/Non-Profit/RN,2024-09-01,0.05555555555555555,0.07554431954743597
AR/Non-Profit/RN,2024-10-01,0.05,0.06405045747058094
AR/Non-Profit/RN,2024-11-01,0.08080808080808081,0.06028550958021049
AR/Non-Profit/RN,2024-12-01,0.030303030303030304,0.08264819179278524
AR/Non-Profit/RN,2025-01-01,0.09090909090909091,0.06780936025907493
AR/Non-Profit/RN,2025-02-01,0.12037037037037036,0.0663473859061976
AR/Non-Profit/RN,2025-03-01,0.11,0.08489159114378343
AZ/For-Profit/CNA,2022-10-01,0.0891089108910891,0.0857976020702054
AZ/For-Profit/CNA,2022-11-01,0.09033953112368634,0.0817315661389304
AZ/For-Profit/CNA,2022-12-01,0.0963610489936979,0.10501955135363672
AZ/For-Profit/CNA,2023-01-01,0.09267197387221882,0.08454446261453757
AZ/For-Profit/CNA,2023-02-01,0.10308226168605839,0.08334714531568346
AZ/For-Profit/CNA,2023-03-01,0.10792512943050578,0.10229260661709635
AZ/For-Profit/CNA,2023-04-01,0.08835904628330996,0.08365300794274333
AZ/For-Profit/CNA,2023-05-01,0.09631949882537197,0.0878589944953543
AZ/For-Profit/CNA,2023-06-01,0.08929604628736741,0.09967517482114387
AZ/For-Profit/CNA,2023-07-01,0.08981463787502389,0.08780438350529793
AZ/For-Profit/CNA,2023-08-01,0.09878163074039363,0.08990047447668253
AZ/For-Profit/CNA,2023-09-01,0.09462486002239642,0.0984094865060449
AZ/For-Profit/CNA,2023-10-01,0.09193457416807671,0.08570454700017956
AZ/For-Profit/CNA,2023-11-01,0.08669877732493517,0.08104639776480699
AZ/For-Profit/CNA,2023-12-01,0.11036162638186246,0.10366271351354694
AZ/For-Profit/CNA,2024-01-01,0.07927519818799547,0.08227435531110809
AZ/For-Profit/CNA,2024-02-01,0.07957110609480812,0.08048417105757003
AZ/For-Profit/CNA,2024-03-01,0.07793180966654177,0.09903385434049797
AZ/For-Profit/CNA,2024-04-01,0.08261682242990655,0.08034422947239377
AZ/For-Profit/CNA,2024-05-01,0.09324522760646109,0.08451057077705136
AZ/For-Profit/CNA,2024-06-01,0.07672727272727273,0.09631404501068883
AZ/For-Profit/CNA,2024-07-01,0.07936789772727272,0.08451843664007372
AZ/For-Profit/CNA,2024-08-01,0.08383336190639465,0.08671855848744645
AZ/For-Profit/CNA,2024-09-01,0.09670781893004116,0.09561296262239014
AZ/For-Profit/CNA,2024-10-01,0.08595890410958903,0.08310261922340705
AZ/For-Profit/CNA,2024-11-01,0.08457102918049973,0.07871872776517552
AZ/For-Profit/CNA,2024-12-01,0.10163530859855811,0.1017397884416618
AZ/For-Profit/CNA,2025-01-01,0.0803540437348143,0.08080788723895124
AZ/For-Profit/CNA,2025-02-01,0.07473371747861009,0.07935474676895023
AZ/For-Profit/CNA,2025-03-01,0.095881045975047,0.0982820316337549
AZ/For-Profit/LPN,2022-10-01,0.07839643652561247,0.06953611198525482
AZ/For-Profit/LPN,2022-11-01,0.06569019085663559,0.06491281890196991
AZ/For-Profit/LPN,2022-12-01,0.07136524822695035,0.08804547987608485
AZ/For-Profit/LPN,2023-01-01,0.08163265306122448,0.06818822089928721
AZ/For-Profit/LPN,2023-02-01,0.07980811164413432,0.06622025292628744
AZ/For-Profit/LPN,2023-03-01,0.07894736842105263,0.08486670966557587
AZ/For-Profit/LPN,2023-04-01,0.06743986254295532,0.06673031762620754
AZ/For-Profit/LPN,2023-05-01,0.06640793445450625,0.07030522825740752
AZ/For-Profit/LPN,2023-06-01,0.07909362975630611,0.0832242687563078
AZ/For-Profit/LPN,2023-07-01,0.07085277895630038,0.07099739108478463
AZ/For-Profit/LPN,2023-08-01,0.06263135771332493,0.07301686011275363
AZ/For-Profit/LPN,2023-09-01,0.07862013638186924,0.08217160295341637
AZ/For-Profit/LPN,2023-10-01,0.07395367736692401,0.07033813087781539
AZ/For-Profit/LPN,2023-11-01,0.07930899096976836,0.06593322774609642
AZ/For-Profit/LPN,2023-12-01,0.0984940984940985,0.08902794497349109
AZ/For-Profit/LPN,2024-01-01,0.07611336032388664,0.06874656936882956
AZ/For-Profit/LPN,2024-02-01,0.07290400972053462,0.06651139161007935
AZ/For-Profit/LPN,2024-03-01,0.0647887323943662,0.08483204531103819
AZ/For-Profit/LPN,2024-04-01,0.07483818770226537,0.0667035809459392
AZ/For-Profit/LPN,2024-05-01,0.07819427650141073,0.07020239058941334
AZ/For-Profit/LPN,2024-06-01,0.07246963562753037,0.08296951818382443
AZ/For-Profit/LPN,2024-07-01,0.0636400486420754,0.07048946833278495
AZ/For-Profit/LPN,2024-08-01,0.06976744186046512,0.07248556665625316
AZ/For-Profit/LPN,2024-09-01,0.07749803304484658,0.08148095207577656
AZ/For-Profit/LPN,2024-10-01,0.0684984520123839,0.0693844959381342
AZ/For-Profit/LPN,2024-11-01,0.07272027702962677,0.06483733531280612
AZ/For-Profit/LPN,2024-12-01,0.08873184138201806,0.0878683481621373
AZ/For-Profit/LPN,2025-01-01,0.07526460211681693,0.06766514886128179
AZ/For-Profit/LPN,2025-02-01,0.05851910828025478,0.06547410810758925
AZ/For-Profit/LPN,2025-03-01,0.0794392523364486,0.08423321809227965
AZ/For-Profit/RN,2022-10-01,0.06657122405153901,0.06999819549761933
AZ/For-Profit/RN,2022-11-01,0.07653429602888087,0.0654840952531974
AZ/For-Profit/RN,2022-12-01,0.07054545454545455,0.08744146071501857
AZ/For-Profit/RN,2023-01-01,0.06779661016949153,0.06821628194416271
AZ/For-Profit/RN,2023-02-01,0.06125356125356125,0.06637642382186072
AZ/For-Profit/RN,2023-03-01,0.09464161447459986,0.08634494973146949
AZ/For-Profit/RN,2023-04-01,0.06060606060606061,0.06751923427549644
AZ/For-Profit/RN,2023-05-01,0.06850282485875706,0.07224928502729512
AZ/For-Profit/RN,2023-06-01,0.08617095205003475,0.08546135925892037
AZ/For-Profit/RN,2023-07-01,0.07167710508002784,0.07323337499086546
AZ/For-Profit/RN,2023-08-01,0.09127789046653144,0.07640166173846501
AZ/For-Profit/RN,2023-09-01,0.07947477539737388,0.08472911345240104
AZ/For-Profit/RN,2023-10-01,0.0871313672922252,0.07324875675869502
AZ/For-Profit/RN,2023-11-01,0.07718579234972678,0.06874847553955692
AZ/For-Profit/RN,2023-12-01,0.07977606717984605,0.0907502823972846
AZ/For-Profit/RN,2024-01-01,0.07981220657276995,0.07138247997792878
AZ/For-Profit/RN,2024-02-01,0.07556160653505786,0.06917459368385623
AZ/For-Profit/RN,2024-03-01,0.06508474576271187,0.0887453981683774
AZ/For-Profit/RN,2024-04-01,0.072337575351641,0.06984291926623165
AZ/For-Profit/RN,2024-05-01,0.08852459016393442,0.07438927504656524
AZ/For-Profit/RN,2024-06-01,0.08205470313542361,0.08735035007134509
AZ/For-Profit/RN,2024-07-01,0.066711140760507,0.07474955459362656
AZ/For-Profit/RN,2024-08-01,0.07594128908742821,0.07773883970862575
AZ/For-Profit/RN,2024-09-01,0.0785307156428119,0.08606948909858739
AZ/For-Profit/RN,2024-10-01,0.08852258852258853,0.07469011352524359
AZ/For-Profit/RN,2024-11-01,0.07277289836888332,0.07018596931636942
AZ/For-Profit/RN,2024-12-01,0.08728179551122195,0.09217727639088441
AZ/For-Profit/RN,2025-01-01,0.08232445520581114,0.07279315615459425
AZ/For-Profit/RN,2025-02-01,0.0712979890310786,0.07060498940782906
AZ/For-Profit/RN,2025-03-01,0.09324566646742379,0.09024980380766959
AZ/Government/CNA,2022-10-01,0.02608695652173913,0.02558782505452575
AZ/Government/CNA,2022-11-01,0.02586206896551724,0.021293450816022123
AZ/Government/CNA,2022-12-01,0.03418803418803419,0.042807631421707154
AZ/Government/CNA,2023-01-01,0.05042016806722689,0.02327670750240738
AZ/Government/CNA,2023-02-01,0.02654867256637168,0.019912825945211418
AZ/Government/CNA,2023-03-01,0.043859649122807015,0.03859100076632857
AZ/Government/CNA,2023-04-01,0.008695652173913044,0.01859360427817816
AZ/Government/CNA,2023-05-01,0.008620689655172414,0.020641929703007746
AZ/Government/CNA,2023-06-01,0.01694915254237288,0.033316527784040297
AZ/Government/CNA,2023-07-01,0.00819672131147541,0.02072054483065814
AZ/Government/CNA,2023-08-01,0.015503875968992248,0.022542996263084474
AZ/Government/CNA,2023-09-01,0.015873015873015872,0.030528685393979245
AZ/Government/CNA,2023-10-01,0.0078125,0.01845705935750943
AZ/Government/CNA,2023-11-01,0.022556390977443608,0.01478472441207311
AZ/Government/CNA,2023-12-01,0.02158273381294964,0.03689944197122408
AZ/Government/CNA,2024-01-01,0.013605442176870748,0.017992320491111824
AZ/Government/CNA,2024-02-01,0.020134228187919462,0.015674461111946
AZ/Government/CNA,2024-03-01,0.03225806451612903,0.0355541752848129
AZ/Government/CNA,2024-04-01,0.032679738562091505,0.016824313832293852
AZ/Government/CNA,2024-05-01,0.012987012987012988,0.019742502719754987
AZ/Government/CNA,2024-06-01,0.025974025974025976,0.033260497415828295
AZ/Government/CNA,2024-07-01,0.026490066225165563,0.021428392357989975
AZ/Government/CNA,2024-08-01,0.02666666666666667,0.0237947711306535
AZ/Government/CNA,2024-09-01,0.013071895424836602,0.032108459176399144
AZ/Government/CNA,2024-10-01,0.02577319587628866,0.0204761836426327
AZ/Government/CNA,2024-11-01,0.03125,0.01698223784415953
AZ/Government/CNA,2024-12-01,0.03553299492385787,0.03922105749320111
AZ/Government/CNA,2025-01-01,0.035897435897435895,0.020264207858072744
AZ/Government/CNA,2025-02-01,0.015544041450777202,0.017659430611302276
AZ/Government/CNA,2025-03-01,0.03482587064676617,0.03716925604533668
AZ/Government/LPN,2022-10-01,0.05970149253731343,0.038341827310632584
AZ/Government/LPN,2022-11-01,0.030303030303030304,0.030909903366059976
AZ/Government/LPN,2022-12-01,0.03076923076923077,0.05167832590566916
AZ/Government/LPN,2023-01-01,0.045454545454545456,0.03531347538285743
AZ/Government/LPN,2023-02-01,0.014492753623188406,0.032179737964397326
AZ/Government/LPN,2023-03-01,0.05405405405405406,0.049169295794273565
AZ/Government/LPN,2023-04-01,0.0547945205479452,0.03278035027099305
AZ/Government/LPN,2023-05-01,0.0410958904109589,0.0346836488019486
AZ/Government/LPN,2023-06-01,0.030303030303030304,0.04638881053876455
AZ/Government/LPN,2023-07-01,0.02857142857142857,0.03361296470616757
AZ/Government/LPN,2023-08-01,0.014492753623188406,0.03460341188269955
AZ/Government/LPN,2023-09-01,0.04285714285714286,0.04425749713209183
AZ/Government/LPN,2023-10-01,0.04225352112676056,0.03282504441637679
AZ/Government/LPN,2023-11-01,0.014492753623188406,0.025729024218734832
AZ/Government/LPN,2023-12-01,0.0,0.047024374588329323
AZ/Government/LPN,2024-01-01,0.07407407407407407,0.031507515140335035
AZ/Government/LPN,2024-02-01,0.06493506493506493,0.028846758518095976
AZ/Government/LPN,2024-03-01,0.0136986301369863,0.04561359181041917
AZ/Government/LPN,2024-04-01,0.06172839506172839,0.029384492007094476
AZ/Government/LPN,2024-05-01,0.038461538461538464,0.03140626736984246
AZ/Government/LPN,2024-06-01,0.039473684210526314,0.043121600618205747
AZ/Government/LPN,2024-07-01,0.02666666666666667,0.030233925032556466
AZ/Government/LPN,2024-08-01,0.013157894736842105,0.03110568086398342
AZ/Government/LPN,2024-09-01,0.0375,0.04066144762117159
AZ/Government/LPN,2024-10-01,0.043478260869565216,0.029116623804808454
AZ/Government/LPN,2024-11-01,0.011627906976744186,0.021852411765806126
AZ/Government/LPN,2024-12-01,0.011111111111111112,0.04284838690393134
AZ/Government/LPN,2025-01-01,0.042105263157894736,0.02699153728130864
AZ/Government/LPN,2025-02-01,0.04395604395604396,0.02426128346347262
AZ/Government/LPN,2025-03-01,0.010638297872340425,0.04109805309573836
AZ/Government/RN,2022-10-01,0.020833333333333332,0.041063177884756316
AZ/Government/RN,2022-11-01,0.0425531914893617,0.037738694000898944
AZ/Government/RN,2022-12-01,0.0,0.05981645611073762
AZ/Government/RN,2023-01-01,0.0425531914893617,0.04210221713310146
AZ/Government/RN,2023-02-01,0.021739130434782608,0.041612946672505244
AZ/Government/RN,2023-03-01,0.06382978723404255,0.06135848699854758
AZ/Government/RN,2023-04-01,0.02,0.04202087792686571
AZ/Government/RN,2023-05-01,0.10204081632653061,0.04921893469455763
AZ/Government/RN,2023-06-01,0.15555555555555556,0.06438607550491442
AZ/Government/RN,2023-07-01,0.023255813953488372,0.04731299821944417
AZ/Government/RN,2023-08-01,0.023255813953488372,0.04977618877106549
AZ/Government/RN,2023-09-01,0.023255813953488372,0.059132313489189556
AZ/Government/RN,2023-10-01,0.017543859649122806,0.045742207979617644
AZ/Government/RN,2023-11-01,0.07142857142857142,0.04335172865728529
AZ/Government/RN,2023-12-01,0.12727272727272726,0.0659637145065293
AZ/Government/RN,2024-01-01,0.06896551724137931,0.0472239607450316
AZ/Government/RN,2024-02-01,0.10526315789473684,0.04539851018474806
AZ/Government/RN,2024-03-01,0.05172413793103448,0.0627350014228304
AZ/Government/RN,2024-04-01,0.03333333333333333,0.04113012653380662
AZ/Government/RN,2024-05-01,0.03333333333333333,0.04587270540625728
AZ/Government/RN,2024-06-01,0.046875,0.059551169624312957
AZ/Government/RN,2024-07-01,0.015151515151515152,0.042245756237465196
AZ/Government/RN,2024-08-01,0.04477611940298507,0.04458295573629556
AZ/Government/RN,2024-09-01,0.07462686567164178,0.05345964000193766
AZ/Government/RN,2024-10-01,0.0375,0.038786737258201046
AZ/Government/RN,2024-11-01,0.0,0.034768560201226484
AZ/Government/RN,2024-12-01,0.0,0.056621063017756594
AZ/Government/RN,2025-01-01,0.04819277108433735,0.03868773429579351
AZ/Government/RN,2025-02-01,0.04819277108433735,0.037883051083770866
AZ/Government/RN,2025-03-01,0.07228915662650602,0.056886490373428106
AZ/Non-Profit/CNA,2022-10-01,0.04229607250755287,0.06272674057563243
AZ/Non-Profit/CNA,2022-11-01,0.03939393939393939,0.056602300863382006
AZ/Non-Profit/CNA,2022-12-01,0.15249266862170088,0.08585328982088572
AZ/Non-Profit/CNA,2023-01-01,0.05172413793103448,0.06049266544249707
AZ/Non-Profit/CNA,2023-02-01,0.03977272727272727,0.058888512157156916
AZ/Non-Profit/CNA,2023-03-01,0.07479224376731301,0.07789313007916265
AZ/Non-Profit/CNA,2023-04-01,0.05084745762711865,0.05892221946753127
AZ/Non-Profit/CNA,2023-05-01,0.06371191135734072,0.06301099285186383
AZ/Non-Profit/CNA,2023-06-01,0.07977207977207977,0.07658951134323563
AZ/Non-Profit/CNA,2023-07-01,0.09186351706036745,0.06557474250891153
AZ/Non-Profit/CNA,2023-08-01,0.05614973262032086,0.06680489622075424
AZ/Non-Profit/CNA,2023-09-01,0.07323232323232323,0.07574525114135235
AZ/Non-Profit/CNA,2023-10-01,0.05555555555555555,0.06320576966424446
AZ/Non-Profit/CNA,2023-11-01,0.03580562659846547,0.056810695487825594
AZ/Non-Profit/CNA,2023-12-01,0.08188585607940446,0.08579385552626566
AZ/Non-Profit/CNA,2024-01-01,0.05167958656330749,0.061155276921407015
AZ/Non-Profit/CNA,2024-02-01,0.07049608355091384,0.06030979860646691
AZ/Non-Profit/CNA,2024-03-01,0.06970509383378017,0.07972172420863383
AZ/Non-Profit/CNA,2024-04-01,0.0480225988700565,0.061140712308364736
AZ/Non-Profit/CNA,2024-05-01,0.042134831460674156,0.06577290759636284
AZ/Non-Profit/CNA,2024-06-01,0.05,0.08017924548427782
AZ/Non-Profit/CNA,2024-07-01,0.06340057636887608,0.07038552509164411
AZ/Non-Profit/CNA,2024-08-01,0.07967032967032966,0.07337902933658891
AZ/Non-Profit/CNA,2024-09-01,0.0856353591160221,0.08380705836729993
AZ/Non-Profit/CNA,2024-10-01,0.11407766990291263,0.07270948478356017
AZ/Non-Profit/CNA,2024-11-01,0.0675,0.06710390343718839
AZ/Non-Profit/CNA,2024-12-01,0.15721649484536082,0.09666442152142395
AZ/Non-Profit/CNA,2025-01-01,0.08312342569269521,0.07162575804817913
AZ/Non-Profit/CNA,2025-02-01,0.07712765957446809,0.07011232055218025
AZ/Non-Profit/CNA,2025-03-01,0.06933333333333333,0.0888961334275636
AZ/Non-Profit/LPN,2022-10-01,0.03,0.05866559344467095
AZ/Non-Profit/LPN,2022-11-01,0.05,0.055257485484569324
AZ/Non-Profit/LPN,2022-12-01,0.1,0.08067402869781282
AZ/Non-Profit/LPN,2023-01-01,0.04,0.05643320253149106
AZ/Non-Profit/LPN,2023-02-01,0.049019607843137254,0.055716279528157
AZ/Non-Profit/LPN,2023-03-01,0.1368421052631579,0.07740934487017566
AZ/Non-Profit/LPN,2023-04-01,0.07608695652173914,0.0588928937408207
AZ/Non-Profit/LPN,2023-05-01,0.05555555555555555,0.0610340186607423
AZ/Non-Profit/LPN,2023-06-01,0.053763440860215055,0.0732561758858108
AZ/Non-Profit/LPN,2023-07-01,0.08256880733944955,0.0607148900174285
AZ/Non-Profit/LPN,2023-08-01,0.058333333333333334,0.06127824127222871
AZ/Non-Profit/LPN,2023-09-01,0.02631578947368421,0.06787600764284199
AZ/Non-Profit/LPN,2023-10-01,0.03305785123966942,0.05796982087832405
AZ/Non-Profit/LPN,2023-11-01,0.0546875,0.05450741860775822
AZ/Non-Profit/LPN,2023-12-01,0.056451612903225805,0.07974952601949202
AZ/Non-Profit/LPN,2024-01-01,0.023076923076923078,0.056066719527598514
AZ/Non-Profit/LPN,2024-02-01,0.06015037593984962,0.056089428806059174
AZ/Non-Profit/LPN,2024-03-01,0.05223880597014925,0.07841203173292029
AZ/Non-Profit/LPN,2024-04-01,0.09923664122137404,0.06164846901471731
AZ/Non-Profit/LPN,2024-05-01,0.0873015873015873,0.06539100391567826
AZ/Non-Profit/LPN,2024-06-01,0.0873015873015873,0.07867053335280394
AZ/Non-Profit/LPN,2024-07-01,0.046296296296296294,0.06696215803550065
AZ/Non-Profit/LPN,2024-08-01,0.037037037037037035,0.06882832527449492
AZ/Non-Profit/LPN,2024-09-01,0.02727272727272727,0.07716506706499102
AZ/Non-Profit/LPN,2024-10-01,0.1259259259259259,0.06903629452777993
AZ/Non-Profit/LPN,2024-11-01,0.10218978102189781,0.06627491244856079
AZ/Non-Profit/LPN,2024-12-01,0.16666666666666666,0.09178915874639465
AZ/Non-Profit/LPN,2025-01-01,0.07246376811594203,0.06694395444130463
AZ/Non-Profit/LPN,2025-02-01,0.04477611940298507,0.06532391941529561
AZ/Non-Profit/LPN,2025-03-01,0.06976744186046512,0.0863486523800927
AZ/Non-Profit/RN,2022-10-01,0.04081632653061224,0.06609333687249534
AZ/Non-Profit/RN,2022-11-01,0.05844155844155844,0.05893951348258854
AZ/Non-Profit/RN,2022-12-01,0.16,0.08912470380303032
AZ/Non-Profit/RN,2023-01-01,0.02531645569620253,0.061202041419566616
AZ/Non-Profit/RN,2023-02-01,0.050955414012738856,0.062006881464443525
AZ/Non-Profit/RN,2023-03-01,0.10759493670886076,0.08254942667467571
AZ/Non-Profit/RN,2023-04-01,0.05755395683453238,0.06237871783552827
AZ/Non-Profit/RN,2023-05-01,0.09219858156028368,0.06700232001353609
AZ/Non-Profit/RN,2023-06-01,0.0703125,0.07733038242122191
AZ/Non-Profit/RN,2023-07-01,0.027586206896551724,0.06417151240473815
AZ/Non-Profit/RN,2023-08-01,0.05063291139240506,0.06737829105796588
AZ/Non-Profit/RN,2023-09-01,0.09375,0.07804757476232127
AZ/Non-Profit/RN,2023-10-01,0.03870967741935484,0.06510576118464487
AZ/Non-Profit/RN,2023-11-01,0.0375,0.05800554497946154
AZ/Non-Profit/RN,2023-12-01,0.04294478527607362,0.08848492462057653
AZ/Non-Profit/RN,2024-01-01,0.07272727272727272,0.06253442806861033
AZ/Non-Profit/RN,2024-02-01,0.0872093023255814,0.06461686793116404
AZ/Non-Profit/RN,2024-03-01,0.0949367088607595,0.0860558515151911
AZ/Non-Profit/RN,2024-04-01,0.07692307692307693,0.06689857828147264
AZ/Non-Profit/RN,2024-05-01,0.08441558441558442,0.07231085365722335
AZ/Non-Profit/RN,2024-06-01,0.0457516339869281,0.08361052072151144
AZ/Non-Profit/RN,2024-07-01,0.05442176870748299,0.07180189850733067
AZ/Non-Profit/RN,2024-08-01,0.07692307692307693,0.07621606786428355
AZ/Non-Profit/RN,2024-09-01,0.1,0.08775791284463808
AZ/Non-Profit/RN,2024-10-01,0.1510791366906475,0.07574060060381257
AZ/Non-Profit/RN,2024-11-01,0.022727272727272728,0.06819958291828572
AZ/Non-Profit/RN,2024-12-01,0.2028985507246377,0.09864689250544832
AZ/Non-Profit/RN,2025-01-01,0.02112676056338028,0.07052630236977976
AZ/Non-Profit/RN,2025-02-01,0.06993006993006994,0.07131436397191009
AZ/Non-Profit/RN,2025-03-01,0.08391608391608392,0.09175579692222952
CA/For-Profit/CNA,2022-10-01,0.0857328607679886,0.08856224892013284
CA/For-Profit/CNA,2022-11-01,0.08311710052732904,0.0844968201880037
CA/For-Profit/CNA,2022-12-01,0.17871630587254048,0.1102562208317992
CA/For-Profit/CNA,2023-01-01,0.10998439937597504,0.0879947757963999
CA/For-Profit/CNA,2023-02-01,0.09264921722113503,0.08463620014269169
CA/For-Profit/CNA,2023-03-01,0.11896346224980478,0.1039957520052725
CA/For-Profit/CNA,2023-04-01,0.08516411201328285,0.08376220899573789
CA/For-Profit/CNA,2023-05-01,0.08673234876796099,0.08653338004451377
CA/For-Profit/CNA,2023-06-01,0.0979366117619076,0.09886331785830815
CA/For-Profit/CNA,2023-07-01,0.08886494956419548,0.08588488234228583
CA/For-Profit/CNA,2023-08-01,0.09423025074143974,0.0869149774079823
CA/For-Profit/CNA,2023-09-01,0.09968775297791141,0.09446507703254867
CA/For-Profit/CNA,2023-10-01,0.083764378908361,0.08040797617569966
CA/For-Profit/CNA,2023-11-01,0.07406180585324032,0.07463729277839118
CA/For-Profit/CNA,2023-12-01,0.09710066700080966,0.09863971663741584
CA/For-Profit/CNA,2024-01-01,0.07878059652318843,0.07556386828430445
CA/For-Profit/CNA,2024-02-01,0.06428319830926382,0.07158750965140775
CA/For-Profit/CNA,2024-03-01,0.08061048594836435,0.09057907559315746
CA/For-Profit/CNA,2024-04-01,0.06651782277311571,0.07027190815444184
CA/For-Profit/CNA,2024-05-01,0.0704034246182659,0.07312030557428129
CA/For-Profit/CNA,2024-06-01,0.0768033704666654,0.08543197251479322
CA/For-Profit/CNA,2024-07-01,0.07409142000749344,0.0727136885200901
CA/For-Profit/CNA,2024-08-01,0.07423580786026202,0.07396107776497028
CA/For-Profit/CNA,2024-09-01,0.0715067832154854,0.08180341656576738
CA/For-Profit/CNA,2024-10-01,0.06531090406545734,0.06831146212926581
CA/For-Profit/CNA,2024-11-01,0.05842940010279756,0.06316529454261674
CA/For-Profit/CNA,2024-12-01,0.06897821643618686,0.08797122400279414
CA/For-Profit/CNA,2025-01-01,0.06618665694495078,0.06581715565150281
CA/For-Profit/CNA,2025-02-01,0.05450695147776448,0.06285876239959744
CA/For-Profit/CNA,2025-03-01,0.06850715746421268,0.08276490087498126
CA/For-Profit/LPN,2022-10-01,0.09089255672259355,0.089052048757889
CA/For-Profit/LPN,2022-11-01,0.08338280286771085,0.08466685055238218
CA/For-Profit/LPN,2022-12-01,0.17919747445376755,0.11014736952308354
CA/For-Profit/LPN,2023-01-01,0.11103469028070326,0.08803747699631356
CA/For-Profit/LPN,2023-02-01,0.09353429445172565,0.08497372117150792
CA/For-Profit/LPN,2023-03-01,0.12406440382941689,0.10434964263190463
CA/For-Profit/LPN,2023-04-01,0.08627367525005321,0.08374466774544129
CA/For-Profit/LPN,2023-05-01,0.0835673559697047,0.08621935200755095
CA/For-Profit/LPN,2023-06-01,0.09931737738075173,0.09840455916418918
CA/For-Profit/LPN,2023-07-01,0.08812452924930957,0.08511768158194219
CA/For-Profit/LPN,2023-08-01,0.0845287098249553,0.0858127714384037
CA/For-Profit/LPN,2023-09-01,0.10040327609861556,0.09365225783577491
CA/For-Profit/LPN,2023-10-01,0.07971527286350581,0.07959661590477993
CA/For-Profit/LPN,2023-11-01,0.07376843163538874,0.07357478314449334
CA/For-Profit/LPN,2023-12-01,0.09258488681757657,0.09732143434246107
CA/For-Profit/LPN,2024-01-01,0.07254166666666667,0.07453507782853269
CA/For-Profit/LPN,2024-02-01,0.06690185208517072,0.07107395001002977
CA/For-Profit/LPN,2024-03-01,0.08852608840146228,0.09018340053325728
CA/For-Profit/LPN,2024-04-01,0.06659492570671743,0.0696244853174873
CA/For-Profit/LPN,2024-05-01,0.06636363636363636,0.07216467848814334
CA/For-Profit/LPN,2024-06-01,0.07374472661096865,0.08454025088397754
CA/For-Profit/LPN,2024-07-01,0.0695257191963007,0.07168227533876824
CA/For-Profit/LPN,2024-08-01,0.07151025075553377,0.07272488419445197
CA/For-Profit/LPN,2024-09-01,0.06998264893001735,0.08082218489159358
CA/For-Profit/LPN,2024-10-01,0.06424920905329765,0.06753347961760416
CA/For-Profit/LPN,2024-11-01,0.057888716398398564,0.06214069797486731
CA/For-Profit/LPN,2024-12-01,0.06420473217219849,0.08661771226502063
CA/For-Profit/LPN,2025-01-01,0.06668843359725736,0.06471458608737586
CA/For-Profit/LPN,2025-02-01,0.05689754334072796,0.062206321367924464
CA/For-Profit/LPN,2025-03-01,0.06947911125659806,0.08225684616391674
CA/For-Profit/RN,2022-10-01,0.07821409359870898,0.08320746555162707
CA/For-Profit/RN,2022-11-01,0.08050709719362878,0.07930375535083611
CA/For-Profit/RN,2022-12-01,0.15458290422245108,0.10454655633064884
CA/For-Profit/RN,2023-01-01,0.10266359060402684,0.08290573439112991
CA/For-Profit/RN,2023-02-01,0.08860894630084339,0.08017704461121837
CA/For-Profit/RN,2023-03-01,0.12116094986807388,0.10001471930459065
CA/For-Profit/RN,2023-04-01,0.07806925498426023,0.0792479237378074
CA/For-Profit/RN,2023-05-01,0.083991683991684,0.08212528537999947
CA/For-Profit/RN,2023-06-01,0.09559130798161304,0.0946763223310235
CA/For-Profit/RN,2023-07-01,0.08382428940568476,0.08145046180662793
CA/For-Profit/RN,2023-08-01,0.08205756276791182,0.0825698031657699
CA/For-Profit/RN,2023-09-01,0.09681023973994311,0.09116417299941557
CA/For-Profit/RN,2023-10-01,0.07225871652349672,0.07652857384962503
CA/For-Profit/RN,2023-11-01,0.06706255759189106,0.07118697170806021
CA/For-Profit/RN,2023-12-01,0.09367036999286515,0.09506318670361905
CA/For-Profit/RN,2024-01-01,0.06952197300314625,0.0727825897649179
CA/For-Profit/RN,2024-02-01,0.06517332252179202,0.06963253201181904
CA/For-Profit/RN,2024-03-01,0.08902195608782436,0.08928277286910069
CA/For-Profit/RN,2024-04-01,0.0627225959635932,0.06865083440350228
CA/For-Profit/RN,2024-05-01,0.06205062543090712,0.07161688204362399
CA/For-Profit/RN,2024-06-01,0.07777668663458706,0.0845827809463436
CA/For-Profit/RN,2024-07-01,0.0647255369928401,0.07172706899586986
CA/For-Profit/RN,2024-08-01,0.0693474820813553,0.07337090105045642
CA/For-Profit/RN,2024-09-01,0.08635434095556795,0.08242470268518035
CA/For-Profit/RN,2024-10-01,0.06786194531600179,0.068445670039843
CA/For-Profit/RN,2024-11-01,0.06134913400182315,0.06364930055669621
CA/For-Profit/RN,2024-12-01,0.07047896558004006,0.08803651688071719
CA/For-Profit/RN,2025-01-01,0.07194374323837,0.06661696048339671
CA/For-Profit/RN,2025-02-01,0.06124488868696047,0.06422347521168054
CA/For-Profit/RN,2025-03-01,0.07473881596571122,0.08448475359916766
CA/Government/CNA,2022-10-01,0.044512663085188024,0.04974789271585875
CA/Government/CNA,2022-11-01,0.05624036979969183,0.0451878076280642
CA/Government/CNA,2022-12-01,0.03551251008878128,0.06625372325028869
CA/Government/CNA,2023-01-01,0.06451612903225806,0.046161910519847256
CA/Government/CNA,2023-02-01,0.05223880597014925,0.044215225079159814
CA/Government/CNA,2023-03-01,0.08284518828451883,0.0639492077167481
CA/Government/CNA,2023-04-01,0.057461406518010294,0.04515493703574908
CA/Government/CNA,2023-05-01,0.03365810451727192,0.04735067637695992
CA/Government/CNA,2023-06-01,0.04938271604938271,0.060897065518895684
CA/Government/CNA,2023-07-01,0.05054759898904802,0.047620636793270124
CA/Government/CNA,2023-08-01,0.04329725228975854,0.04942138914120687
CA/Government/CNA,2023-09-01,0.04664970313825276,0.059018660202636984
CA/Government/CNA,2023-10-01,0.058918482647296204,0.046628927880832005
CA/Government/CNA,2023-11-01,0.042218543046357616,0.041958415721427264
CA/Government/CNA,2023-12-01,0.07265306122448979,0.06309315813998524
CA/Government/CNA,2024-01-01,0.034453781512605045,0.0425085458835938
CA/Government/CNA,2024-02-01,0.031825795644891124,0.04053370325145389
CA/Government/CNA,2024-03-01,0.04516129032258064,0.060316238339856845
CA/Government/CNA,2024-04-01,0.04914004914004914,0.04206105512047723
CA/Government/CNA,2024-05-01,0.041530944625407164,0.04487524630424467
CA/Government/CNA,2024-06-01,0.06973058637083994,0.05894875977043911
CA/Government/CNA,2024-07-01,0.024489795918367346,0.04580611546070926
CA/Government/CNA,2024-08-01,0.04081632653061224,0.04811605375480683
CA/Government/CNA,2024-09-01,0.08569299552906111,0.058263450687386135
CA/Government/CNA,2024-10-01,0.07148175725986597,0.04580803929027822
CA/Government/CNA,2024-11-01,0.06927710843373494,0.04095612422094708
CA/Government/CNA,2024-12-01,0.047918303220738416,0.061531369155459294
CA/Government/CNA,2025-01-01,0.02258064516129032,0.040774495428207755
CA/Government/CNA,2025-02-01,0.03054662379421222,0.03867837963775963
CA/Government/CNA,2025-03-01,0.04013104013104013,0.05838392951252119
CA/Government/LPN,2022-10-01,0.049528301886792456,0.05928405167973237
CA/Government/LPN,2022-11-01,0.052132701421800945,0.05433931020287847
CA/Government/LPN,2022-12-01,0.05250596658711217,0.07769836855873515
CA/Government/LPN,2023-01-01,0.09276018099547512,0.05902835449685154
CA/Government/LPN,2023-02-01,0.06310679611650485,0.05617345195305431
CA/Government/LPN,2023-03-01,0.08933002481389578,0.07585014168683435
CA/Government/LPN,2023-04-01,0.06205250596658711,0.05636977723271747
CA/Government/LPN,2023-05-01,0.06588235294117648,0.060214120527663166
CA/Government/LPN,2023-06-01,0.056372549019607844,0.07154745853940132
CA/Government/LPN,2023-07-01,0.05787037037037037,0.059551412423576415
CA/Government/LPN,2023-08-01,0.058823529411764705,0.061145459238994365
CA/Government/LPN,2023-09-01,0.06474820143884892,0.0702119286523424
CA/Government/LPN,2023-10-01,0.07494646680942184,0.058123441846802314
CA/Government/LPN,2023-11-01,0.05726872246696035,0.052678435200412974
CA/Government/LPN,2023-12-01,0.08137044967880086,0.0755607424233174
CA/Government/LPN,2024-01-01,0.05752212389380531,0.056017735107798804
CA/Government/LPN,2024-02-01,0.0518018018018018,0.052702078674377414
CA/Government/LPN,2024-03-01,0.08771929824561403,0.07206334960245322
CA/Government/LPN,2024-04-01,0.052336448598130844,0.052213373667782934
CA/Government/LPN,2024-05-01,0.0695970695970696,0.055809010135584786
CA/Government/LPN,2024-06-01,0.04259259259259259,0.06672550990532422
CA/Government/LPN,2024-07-01,0.03932584269662921,0.05433571427998504
CA/Government/LPN,2024-08-01,0.0379746835443038,0.055829626761625596
CA/Government/LPN,2024-09-01,0.056363636363636366,0.0649474062808794
CA/Government/LPN,2024-10-01,0.06216696269982238,0.05296302591145043
CA/Government/LPN,2024-11-01,0.04528985507246377,0.04782458729249527
CA/Government/LPN,2024-12-01,0.07011070110701106,0.07100633510341404
CA/Government/LPN,2025-01-01,0.06513409961685823,0.051883633720415274
CA/Government/LPN,2025-02-01,0.0575139146567718,0.048822681033066646
CA/Government/LPN,2025-03-01,0.04198473282442748,0.06819899126734676
CA/Government/RN,2022-10-01,0.02891156462585034,0.037893459706044644
CA/Government/RN,2022-11-01,0.035398230088495575,0.03339901679265305
CA/Government/RN,2022-12-01,0.043243243243243246,0.055262765235288794
CA/Government/RN,2023-01-01,0.036968576709796676,0.035524319905935575
CA/Government/RN,2023-02-01,0.03663003663003663,0.03378671952450854
CA/Government/RN,2023-03-01,0.06375227686703097,0.05307832699729217
CA/Government/RN,2023-04-01,0.05113636363636364,0.03484532811973689
CA/Government/RN,2023-05-01,0.02681992337164751,0.03719703467390484
CA/Government/RN,2023-06-01,0.03875968992248062,0.050290310861781366
CA/Government/RN,2023-07-01,0.023575638506876228,0.03697140631141829
CA/Government/RN,2023-08-01,0.015444015444015444,0.03820236067476513
CA/Government/RN,2023-09-01,0.04428044280442804,0.048094157013558334
CA/Government/RN,2023-10-01,0.0466786355475763,0.03565429455256686
CA/Government/RN,2023-11-01,0.03616636528028933,0.03150841414699614
CA/Government/RN,2023-12-01,0.029013539651837523,0.053656220447102373
CA/Government/RN,2024-01-01,0.024208566108007448,0.03440255180080011
CA/Government/RN,2024-02-01,0.029357798165137616,0.03330067718678337
CA/Government/RN,2024-03-01,0.04107142857142857,0.053364738891262926
CA/Government/RN,2024-04-01,0.05916305916305916,0.03625118132799911
CA/Government/RN,2024-05-01,0.05637982195845697,0.03955059329413553
CA/Government/RN,2024-06-01,0.07197549770290965,0.05327068531311227
CA/Government/RN,2024-07-01,0.04313099041533546,0.04024392549100379
CA/Government/RN,2024-08-01,0.03189792663476874,0.041520291165429934
CA/Government/RN,2024-09-01,0.051036682615629984,0.05136204516690314
CA/Government/RN,2024-10-01,0.03576982892690513,0.03873865927390384
CA/Government/RN,2024-11-01,0.03732503888024884,0.03460146972780605
CA/Government/RN,2024-12-01,0.048558421851289835,0.05690223712172289
CA/Government/RN,2025-01-01,0.053208137715179966,0.037427206024744544
CA/Government/RN,2025-02-01,0.04409448818897638,0.03577491848494266
CA/Government/RN,2025-03-01,0.0463258785942492,0.05514060215914797
CA/Non-Profit/CNA,2022-10-01,0.050051334702258726,0.05314104375590275
CA/Non-Profit/CNA,2022-11-01,0.04278215223097113,0.04864379746648236
CA/Non-Profit/CNA,2022-12-01,0.08641005498821681,0.07289551689116736
CA/Non-Profit/CNA,2023-01-01,0.05910277711844292,0.05132215183147668
CA/Non-Profit/CNA,2023-02-01,0.046065259117082535,0.049143960059774165
CA/Non-Profit/CNA,2023-03-01,0.05281526291298278,0.06831141845429982
CA/Non-Profit/CNA,2023-04-01,0.06524757056918093,0.04994360340302994
CA/Non-Profit/CNA,2023-05-01,0.04640108646446356,0.0529045471237748
CA/Non-Profit/CNA,2023-06-01,0.05375368564300295,0.06613495202046397
CA/Non-Profit/CNA,2023-07-01,0.05786618444846293,0.05400280598490115
CA/Non-Profit/CNA,2023-08-01,0.058939526730937775,0.0559080283429979
CA/Non-Profit/CNA,2023-09-01,0.06273721812904666,0.06507401751065726
CA/Non-Profit/CNA,2023-10-01,0.0452418096723869,0.05146529629157714
CA/Non-Profit/CNA,2023-11-01,0.05343680709534368,0.04714201387602719
CA/Non-Profit/CNA,2023-12-01,0.06565884476534296,0.0712833953868984
CA/Non-Profit/CNA,2024-01-01,0.05237782160859084,0.049892951511860045
CA/Non-Profit/CNA,2024-02-01,0.05860071301247772,0.04811332356203738
CA/Non-Profit/CNA,2024-03-01,0.06229508196721312,0.06732064272089318
CA/Non-Profit/CNA,2024-04-01,0.05074365704286964,0.048933960536152545
CA/Non-Profit/CNA,2024-05-01,0.05353645266594124,0.052016379295651505
CA/Non-Profit/CNA,2024-06-01,0.06538049303322616,0.06523760816222121
CA/Non-Profit/CNA,2024-07-01,0.05214192990047598,0.05295786784578833
CA/Non-Profit/CNA,2024-08-01,0.04880670823478822,0.054756563857922255
CA/Non-Profit/CNA,2024-09-01,0.07490718497488534,0.06400614314769511
CA/Non-Profit/CNA,2024-10-01,0.04702657106706031,0.05023257818538346
CA/Non-Profit/CNA,2024-11-01,0.04339502233567326,0.045740686522086196
CA/Non-Profit/CNA,2024-12-01,0.07191634656423389,0.0699076359518036
CA/Non-Profit/CNA,2025-01-01,0.04446344591705857,0.04839952160625681
CA/Non-Profit/CNA,2025-02-01,0.03961038961038961,0.0464351573760754
CA/Non-Profit/CNA,2025-03-01,0.06419279164000853,0.06583496272419011
CA/Non-Profit/LPN,2022-10-01,0.045755568934376885,0.051349724211852056
CA/Non-Profit/LPN,2022-11-01,0.046296296296296294,0.04703229394998774
CA/Non-Profit/LPN,2022-12-01,0.09645909645909646,0.07111108263021236
CA/Non-Profit/LPN,2023-01-01,0.056593095642331635,0.049116047846373426
CA/Non-Profit/LPN,2023-02-01,0.0394349617422013,0.04673570677799674
CA/Non-Profit/LPN,2023-03-01,0.06263736263736264,0.06598488623901189
CA/Non-Profit/LPN,2023-04-01,0.06969026548672566,0.04781171478171149
CA/Non-Profit/LPN,2023-05-01,0.0509131156613171,0.049947865557811666
CA/Non-Profit/LPN,2023-06-01,0.05859802847754655,0.06281038499548953
CA/Non-Profit/LPN,2023-07-01,0.05921052631578947,0.04956385241330801
CA/Non-Profit/LPN,2023-08-01,0.042772062804547914,0.05105016301616979
CA/Non-Profit/LPN,2023-09-01,0.044282511210762335,0.059465752382623215
CA/Non-Profit/LPN,2023-10-01,0.048360200111172875,0.04595512388665218
CA/Non-Profit/LPN,2023-11-01,0.04247104247104247,0.04135549181090821
CA/Non-Profit/LPN,2023-12-01,0.0628997867803838,0.06509735566216882
CA/Non-Profit/LPN,2024-01-01,0.04357066950053135,0.04321272883755284
CA/Non-Profit/LPN,2024-02-01,0.040381379697139654,0.040837631556934255
CA/Non-Profit/LPN,2024-03-01,0.048651507139079855,0.05998104340267618
CA/Non-Profit/LPN,2024-04-01,0.046645702306079666,0.04184527666238336
CA/Non-Profit/LPN,2024-05-01,0.03929899097185342,0.04435079556782694
CA/Non-Profit/LPN,2024-06-01,0.05430327868852459,0.0576124437700707
CA/Non-Profit/LPN,2024-07-01,0.030208333333333334,0.04474671025324313
CA/Non-Profit/LPN,2024-08-01,0.05095862764883956,0.04698113739537102
CA/Non-Profit/LPN,2024-09-01,0.06732776617954071,0.05590040084063326
CA/Non-Profit/LPN,2024-10-01,0.03705609881626351,0.04261482888490492
CA/Non-Profit/LPN,2024-11-01,0.04209445585215606,0.03833775722863212
CA/Non-Profit/LPN,2024-12-01,0.05983350676378772,0.062243361243844345
CA/Non-Profit/LPN,2025-01-01,0.032955715756951595,0.040477702840866714
CA/Non-Profit/LPN,2025-02-01,0.03850156087408949,0.03833494244475057
CA/Non-Profit/LPN,2025-03-01,0.05426356589147287,0.057941918506022275
CA/Non-Profit/RN,2022-10-01,0.07075064710957722,0.052664677722775825
CA/Non-Profit/RN,2022-11-01,0.05178571428571429,0.047344826556211486
CA/Non-Profit/RN,2022-12-01,0.09991158267020336,0.07109775247240248
CA/Non-Profit/RN,2023-01-01,0.05154639175257732,0.049016560628879616
CA/Non-Profit/RN,2023-02-01,0.045307443365695796,0.046135757720708506
CA/Non-Profit/RN,2023-03-01,0.06342182890855458,0.06536282387681688
CA/Non-Profit/RN,2023-04-01,0.03129548762736536,0.044860608003345785
CA/Non-Profit/RN,2023-05-01,0.0528169014084507,0.04850388376060949
CA/Non-Profit/RN,2023-06-01,0.053429602888086646,0.06098019551943677
CA/Non-Profit/RN,2023-07-01,0.035127055306427506,0.047632957270561826
CA/Non-Profit/RN,2023-08-01,0.04295774647887324,0.04900590068237495
CA/Non-Profit/RN,2023-09-01,0.052142857142857144,0.05816579053743025
CA/Non-Profit/RN,2023-10-01,0.04232424677187949,0.045743851693303444
CA/Non-Profit/RN,2023-11-01,0.036585365853658534,0.04054367856578184
CA/Non-Profit/RN,2023-12-01,0.06428049671292914,0.06447623682560566
CA/Non-Profit/RN,2024-01-01,0.0373900293255132,0.043078381545157494
CA/Non-Profit/RN,2024-02-01,0.04100719424460432,0.040897266485846295
CA/Non-Profit/RN,2024-03-01,0.059670781893004114,0.06090746426106321
CA/Non-Profit/RN,2024-04-01,0.04572965702757229,0.041271332933965524
CA/Non-Profit/RN,2024-05-01,0.049800796812749,0.045459485123989764
CA/Non-Profit/RN,2024-06-01,0.05463024650233178,0.05846491179770184
CA/Non-Profit/RN,2024-07-01,0.041244083840432724,0.04561869498604295
CA/Non-Profit/RN,2024-08-01,0.03141711229946524,0.047345250605827116
CA/Non-Profit/RN,2024-09-01,0.05442622950819672,0.05688218938088825
CA/Non-Profit/RN,2024-10-01,0.04915912031047866,0.04488966029466125
CA/Non-Profit/RN,2024-11-01,0.047402597402597405,0.04013376316193712
CA/Non-Profit/RN,2024-12-01,0.05252790544977019,0.06428014731703191
CA/Non-Profit/RN,2025-01-01,0.05637411915438821,0.043126189048670806
CA/Non-Profit/RN,2025-02-01,0.03866317169069463,0.04105546800019236
CA/Non-Profit/RN,2025-03-01,0.06424936386768448,0.0611640998718841
CO/For-Profit/CNA,2022-10-01,0.08449682683590208,0.09622094569423024
CO/For-Profit/CNA,2022-11-01,0.07986870897155361,0.09250608850829418
CO/For-Profit/CNA,2022-12-01,0.09612573099415204,0.11703165935895886
CO/For-Profit/CNA,2023-01-01,0.0859046283309958,0.09655182397724932
CO/For-Profit/CNA,2023-02-01,0.0972198533174143,0.09675068543603985
CO/For-Profit/CNA,2023-03-01,0.11388660640920296,0.11744168628346205
CO/For-Profit/CNA,2023-04-01,0.10973506819250667,0.10092850521251959
CO/For-Profit/CNA,2023-05-01,0.1103076923076923,0.10603232444243296
CO/For-Profit/CNA,2023-06-01,0.21239206180881684,0.12319574923611595
CO/For-Profit/CNA,2023-07-01,0.13538270454898307,0.1091116568436326
CO/For-Profit/CNA,2023-08-01,0.14010343206393983,0.11123235218395175
CO/For-Profit/CNA,2023-09-01,0.1295774647887324,0.11922565452822953
CO/For-Profit/CNA,2023-10-01,0.11142542825711142,0.10404702449236336
CO/For-Profit/CNA,2023-11-01,0.1082773365913256,0.0985884907790639
CO/For-Profit/CNA,2023-12-01,0.15672831632653061,0.12121834433043173
CO/For-Profit/CNA,2024-01-01,0.08584724005134788,0.09793756377396426
CO/For-Profit/CNA,2024-02-01,0.09069059445601667,0.09525474954789402
CO/For-Profit/CNA,2024-03-01,0.0927818588310444,0.1131319171207989
CO/For-Profit/CNA,2024-04-01,0.0902909550917141,0.09405451131495823
CO/For-Profit/CNA,2024-05-01,0.08846933999063816,0.09691035027978528
CO/For-Profit/CNA,2024-06-01,0.10231177756950953,0.11188624194519645
CO/For-Profit/CNA,2024-07-01,0.10226373278454963,0.09696495383732076
CO/For-Profit/CNA,2024-08-01,0.11100463184794761,0.09849595866346975
CO/For-Profit/CNA,2024-09-01,0.12454100367197063,0.10625385661560924
CO/For-Profit/CNA,2024-10-01,0.07908909062932759,0.0906248866643048
CO/For-Profit/CNA,2024-11-01,0.07619193622566303,0.08502952241064472
CO/For-Profit/CNA,2024-12-01,0.07939652544955807,0.10764658686383732
CO/For-Profit/CNA,2025-01-01,0.07330316742081448,0.08533944731339663
CO/For-Profit/CNA,2025-02-01,0.07187169011953397,0.08376558935192036
CO/For-Profit/CNA,2025-03-01,0.08148148148148149,0.10279935785815023
CO/For-Profit/LPN,2022-10-01,0.0722254844392249,0.0919813119372169
CO/For-Profit/LPN,2022-11-01,0.08284023668639054,0.08882815805348002
CO/For-Profit/LPN,2022-12-01,0.08802395209580838,0.1137412822168746
CO/For-Profit/LPN,2023-01-01,0.07687894434882386,0.09229237574722168
CO/For-Profit/LPN,2023-02-01,0.09020902090209021,0.09282818782309067
CO/For-Profit/LPN,2023-03-01,0.13535769428718478,0.11437369645927897
CO/For-Profit/LPN,2023-04-01,0.0943683409436834,0.09622060632830699
CO/For-Profit/LPN,2023-05-01,0.09925187032418953,0.10125899436151642
CO/For-Profit/LPN,2023-06-01,0.23179133858267717,0.11933927042873851
CO/For-Profit/LPN,2023-07-01,0.10930962343096234,0.1035948683652883
CO/For-Profit/LPN,2023-08-01,0.12918410041841005,0.10604926295465275
CO/For-Profit/LPN,2023-09-01,0.14181375532562385,0.11489629414413995
CO/For-Profit/LPN,2023-10-01,0.09895052473763119,0.0988157977239761
CO/For-Profit/LPN,2023-11-01,0.10580204778156997,0.09387120222217948
CO/For-Profit/LPN,2023-12-01,0.18001978239366964,0.11678001095048585
CO/For-Profit/LPN,2024-01-01,0.07820646506777894,0.09204385262845728
CO/For-Profit/LPN,2024-02-01,0.08208569953536396,0.08923814786613553
CO/For-Profit/LPN,2024-03-01,0.08567057623661398,0.1076540078067613
CO/For-Profit/LPN,2024-04-01,0.07747933884297521,0.08686667312637023
CO/For-Profit/LPN,2024-05-01,0.07390417940876656,0.08939497577190028
CO/For-Profit/LPN,2024-06-01,0.09334032511798637,0.10521140711564725
CO/For-Profit/LPN,2024-07-01,0.08742886704604243,0.08877562336512745
CO/For-Profit/LPN,2024-08-01,0.09606299212598425,0.09060021791130429
CO/For-Profit/LPN,2024-09-01,0.11586901763224182,0.09916781423025559
CO/For-Profit/LPN,2024-10-01,0.07533902561526871,0.08286352849466219
CO/For-Profit/LPN,2024-11-01,0.06836734693877551,0.07776898450156838
CO/For-Profit/LPN,2024-12-01,0.06924643584521385,0.10083016373437081
CO/For-Profit/LPN,2025-01-01,0.060530265132566284,0.07750610300490635
CO/For-Profit/LPN,2025-02-01,0.06466165413533835,0.07621683914220079
CO/For-Profit/LPN,2025-03-01,0.08058968058968059,0.09610854304529326
CO/For-Profit/RN,2022-10-01,0.05986261040235525,0.07941376221046254
CO/For-Profit/RN,2022-11-01,0.07583859990277103,0.07615660534072201
CO/For-Profit/RN,2022-12-01,0.09785783836416748,0.10145936057522045
CO/For-Profit/RN,2023-01-01,0.06866537717601548,0.07917302911414079
CO/For-Profit/RN,2023-02-01,0.08893093661305582,0.07900306168064199
CO/For-Profit/RN,2023-03-01,0.09206798866855524,0.09853281830796007
CO/For-Profit/RN,2023-04-01,0.0796221322537112,0.08055063559668632
CO/For-Profit/RN,2023-05-01,0.0743578188373141,0.08524899954902695
CO/For-Profit/RN,2023-06-01,0.18569524655708575,0.10201068936595048
CO/For-Profit/RN,2023-07-01,0.10648148148148148,0.0877263324406164
CO/For-Profit/RN,2023-08-01,0.08693652253909843,0.08924522289185202
CO/For-Profit/RN,2023-09-01,0.1,0.0983975615728695
CO/For-Profit/RN,2023-10-01,0.07698887938408897,0.08332534852845434
CO/For-Profit/RN,2023-11-01,0.09216965742251224,0.07910343764111166
CO/For-Profit/RN,2023-12-01,0.1599128540305011,0.10326978695825949
CO/For-Profit/RN,2024-01-01,0.06840684068406841,0.07908550156154269
CO/For-Profit/RN,2024-02-01,0.07442067736185383,0.07708813524659709
CO/For-Profit/RN,2024-03-01,0.07980599647266313,0.09491286605092844
CO/For-Profit/RN,2024-04-01,0.05910683012259194,0.07534267451834731
CO/For-Profit/RN,2024-05-01,0.07358003442340792,0.07858296996985593
CO/For-Profit/RN,2024-06-01,0.07760141093474426,0.09389025277547824
CO/For-Profit/RN,2024-07-01,0.07905314872711032,0.07937629786234668
CO/For-Profit/RN,2024-08-01,0.09078830823737821,0.08094069416748653
CO/For-Profit/RN,2024-09-01,0.11844331641285956,0.0900659202706538
CO/For-Profit/RN,2024-10-01,0.0724269377382465,0.07457824560974445
CO/For-Profit/RN,2024-11-01,0.058948261238337574,0.06982151023147985
CO/For-Profit/RN,2024-12-01,0.07336726039016116,0.09376159654601277
CO/For-Profit/RN,2025-01-01,0.06265876375952582,0.07035935708146267
CO/For-Profit/RN,2025-02-01,0.05825649622799665,0.06905743046272429
CO/For-Profit/RN,2025-03-01,0.07108239095315025,0.08777814179532514
CO/Government/CNA,2022-10-01,0.05263157894736842,0.04803805331977981
CO/Government/CNA,2022-11-01,0.044534412955465584,0.044163509127980324
CO/Government/CNA,2022-12-01,0.05138339920948617,0.06671719461195647
CO/Government/CNA,2023-01-01,0.04230769230769231,0.046278131030276524
CO/Government/CNA,2023-02-01,0.027559055118110236,0.04359564450179122
CO/Government/CNA,2023-03-01,0.04887218045112782,0.0643974007657955
CO/Government/CNA,2023-04-01,0.05161290322580645,0.04633430730303552
CO/Government/CNA,2023-05-01,0.060897435897435896,0.04989114112166559
CO/Government/CNA,2023-06-01,0.06289308176100629,0.06298604425569851
CO/Government/CNA,2023-07-01,0.050473186119873815,0.051320604902752406
CO/Government/CNA,2023-08-01,0.06583072100313479,0.05350004666719649
CO/Government/CNA,2023-09-01,0.034129692832764506,0.06184906070153394
CO/Government/CNA,2023-10-01,0.04472843450479233,0.04936377785120994
CO/Government/CNA,2023-11-01,0.062111801242236024,0.04618547624572422
CO/Government/CNA,2023-12-01,0.06230529595015576,0.06933151494248224
CO/Government/CNA,2024-01-01,0.06042296072507553,0.04933717751590653
CO/Government/CNA,2024-02-01,0.033950617283950615,0.04682170651644389
CO/Government/CNA,2024-03-01,0.08383233532934131,0.06775229493883203
CO/Government/CNA,2024-04-01,0.06865671641791045,0.0493861146796634
CO/Government/CNA,2024-05-01,0.0438871473354232,0.05246907455511351
CO/Government/CNA,2024-06-01,0.05198776758409786,0.0654780230062311
CO/Government/CNA,2024-07-01,0.06309148264984227,0.053783689038224315
CO/Government/CNA,2024-08-01,0.0473186119873817,0.05581037038292387
CO/Government/CNA,2024-09-01,0.07260726072607261,0.06426604676693873
CO/Government/CNA,2024-10-01,0.033003300330033,0.051380248813709284
CO/Government/CNA,2024-11-01,0.05144694533762058,0.04815736817169819
CO/Government/CNA,2024-12-01,0.0804953560371517,0.07129963841935566
CO/Government/CNA,2025-01-01,0.05537459283387622,0.05109275839684405
CO/Government/CNA,2025-02-01,0.056856187290969896,0.04851458452068343
CO/Government/CNA,2025-03-01,0.06711409395973154,0.06910938971286636
CO/Government/LPN,2022-10-01,0.0,0.0416445470844239
CO/Government/LPN,2022-11-01,0.024390243902439025,0.03729459657278368
CO/Government/LPN,2022-12-01,0.024390243902439025,0.06167693066653063
CO/Government/LPN,2023-01-01,0.06976744186046512,0.04334600335616709
CO/Government/LPN,2023-02-01,0.047619047619047616,0.04006147066436735
CO/Government/LPN,2023-03-01,0.0975609756097561,0.06601805128813129
CO/Government/LPN,2023-04-01,0.0196078431372549,0.04401231135856047
CO/Government/LPN,2023-05-01,0.0392156862745098,0.046924084112032055
CO/Government/LPN,2023-06-01,0.10204081632653061,0.06174050352828958
CO/Government/LPN,2023-07-01,0.044444444444444446,0.049464253092392337
CO/Government/LPN,2023-08-01,0.04,0.05073546516174687
CO/Government/LPN,2023-09-01,0.0392156862745098,0.05942061322047746
CO/Government/LPN,2023-10-01,0.05357142857142857,0.04636321996824624
CO/Government/LPN,2023-11-01,0.03636363636363636,0.042083001031731425
CO/Government/LPN,2023-12-01,0.05172413793103448,0.06639244429446153
CO/Government/LPN,2024-01-01,0.03636363636363636,0.047731716809078735
CO/Government/LPN,2024-02-01,0.018867924528301886,0.04460339500587966
CO/Government/LPN,2024-03-01,0.08,0.07110043638372238
CO/Government/LPN,2024-04-01,0.10204081632653061,0.04986975623846365
CO/Government/LPN,2024-05-01,0.044444444444444446,0.0527370922979235
CO/Government/LPN,2024-06-01,0.043478260869565216,0.06739204621371563
CO/Government/LPN,2024-07-01,0.08163265306122448,0.05597033411223872
CO/Government/LPN,2024-08-01,0.0625,0.05759145444676507
CO/Government/LPN,2024-09-01,0.06521739130434782,0.06638122855084111
CO/Government/LPN,2024-10-01,0.04,0.05317237336916862
CO/Government/LPN,2024-11-01,0.021739130434782608,0.04904295597984119
CO/Government/LPN,2024-12-01,0.0851063829787234,0.07382695679729326
CO/Government/LPN,2025-01-01,0.058823529411764705,0.05531020364732034
CO/Government/LPN,2025-02-01,0.02,0.05207933367369264
CO/Government/LPN,2025-03-01,0.16326530612244897,0.07861643598846214
CO/Government/RN,2022-10-01,0.0380952380952381,0.03044905028807478
CO/Government/RN,2022-11-01,0.0196078431372549,0.023962050222226628
CO/Government/RN,2022-12-01,0.01904761904761905,0.04706534636146613
CO/Government/RN,2023-01-01,0.019417475728155338,0.02500947659148171
CO/Government/RN,2023-02-01,0.018867924528301886,0.023942704255933613
CO/Government/RN,2023-03-01,0.018691588785046728,0.04528710460673714
CO/Government/RN,2023-04-01,0.032520325203252036,0.02511889189020349
CO/Government/RN,2023-05-01,0.0,0.027335175930281962
CO/Government/RN,2023-06-01,0.016129032258064516,0.042250511142405536
CO/Government/RN,2023-07-01,0.022222222222222223,0.031164769505219708
CO/Government/RN,2023-08-01,0.022900763358778626,0.035366098469796235
CO/Government/RN,2023-09-01,0.061068702290076333,0.045624772791539606
CO/Government/RN,2023-10-01,0.05755395683453238,0.03451732672398747
CO/Government/RN,2023-11-01,0.029850746268656716,0.029342448444877465
CO/Government/RN,2023-12-01,0.04477611940298507,0.05369531287235739
CO/Government/RN,2024-01-01,0.022900763358778626,0.032628342957103144
CO/Government/RN,2024-02-01,0.04477611940298507,0.03253043919064193
CO/Government/RN,2024-03-01,0.10077519379844961,0.05469776243010404
CO/Government/RN,2024-04-01,0.024193548387096774,0.03432030488147088
CO/Government/RN,2024-05-01,0.0,0.03672467224867965
CO/Government/RN,2024-06-01,0.04580152671755725,0.051992279109779035
CO/Government/RN,2024-07-01,0.032520325203252036,0.04086358757494343
CO/Government/RN,2024-08-01,0.07352941176470588,0.045021057431163976
CO/Government/RN,2024-09-01,0.061068702290076333,0.05462704951152968
CO/Government/RN,2024-10-01,0.05384615384615385,0.042960701447987436
CO/Government/RN,2024-11-01,0.038461538461538464,0.037416314613961124
CO/Government/RN,2024-12-01,0.0948905109489051,0.06152372131217754
CO/Government/RN,2025-01-01,0.031496062992125984,0.03961849279131033
CO/Government/RN,2025-02-01,0.023809523809523808,0.038647365162167976
CO/Government/RN,2025-03-01,0.078125,0.060311854712220066
CO/Non-Profit/CNA,2022-10-01,0.051056338028169015,0.06486210943465241
CO/Non-Profit/CNA,2022-11-01,0.05779334500875657,0.06013474822495367
CO/Non-Profit/CNA,2022-12-01,0.07652173913043478,0.08242891795633393
CO/Non-Profit/CNA,2023-01-01,0.06614173228346457,0.06334574931148029
CO/Non-Profit/CNA,2023-02-01,0.03785488958990536,0.06233992345054212
CO/Non-Profit/CNA,2023-03-01,0.0913312693498452,0.08625842769339134
CO/Non-Profit/CNA,2023-04-01,0.06196213425129088,0.06408939353635347
CO/Non-Profit/CNA,2023-05-01,0.06239168110918544,0.06835221326379404
CO/Non-Profit/CNA,2023-06-01,0.07475083056478406,0.08135486909439893
CO/Non-Profit/CNA,2023-07-01,0.053516819571865444,0.07000747114069183
CO/Non-Profit/CNA,2023-08-01,0.07777777777777778,0.07373935455722345
CO/Non-Profit/CNA,2023-09-01,0.1514726507713885,0.08578973804210702
CO/Non-Profit/CNA,2023-10-01,0.10085227272727272,0.07125712239478749
CO/Non-Profit/CNA,2023-11-01,0.06966618287373004,0.06592103905904026
CO/Non-Profit/CNA,2023-12-01,0.06376811594202898,0.08750414191750082
CO/Non-Profit/CNA,2024-01-01,0.06195965417867435,0.06801596014018335
CO/Non-Profit/CNA,2024-02-01,0.0945945945945946,0.06673173782107164
CO/Non-Profit/CNA,2024-03-01,0.2112482853223594,0.0896943243462596
CO/Non-Profit/CNA,2024-04-01,0.06785137318255251,0.06491388635264178
CO/Non-Profit/CNA,2024-05-01,0.060755336617405585,0.06649971687121667
CO/Non-Profit/CNA,2024-06-01,0.03801652892561983,0.07690468068894185
CO/Non-Profit/CNA,2024-07-01,0.04815864022662889,0.06339449690305497
CO/Non-Profit/CNA,2024-08-01,0.04936530324400564,0.06498848490026353
CO/Non-Profit/CNA,2024-09-01,0.06950354609929078,0.07494291522785519
CO/Non-Profit/CNA,2024-10-01,0.04788732394366197,0.05933591798367473
CO/Non-Profit/CNA,2024-11-01,0.043835616438356165,0.053615902284121074
CO/Non-Profit/CNA,2024-12-01,0.03967168262653899,0.07493975236860044
CO/Non-Profit/CNA,2025-01-01,0.04868421052631579,0.05529025922583593
CO/Non-Profit/CNA,2025-02-01,0.05702917771883289,0.053865837810645745
CO/Non-Profit/CNA,2025-03-01,0.06622516556291391,0.0770562295347439
CO/Non-Profit/LPN,2022-10-01,0.07453416149068323,0.05540753577082777
CO/Non-Profit/LPN,2022-11-01,0.038461538461538464,0.050467454346963814
CO/Non-Profit/LPN,2022-12-01,0.03289473684210526,0.0711058890147903
CO/Non-Profit/LPN,2023-01-01,0.0707070707070707,0.05292919981780011
CO/Non-Profit/LPN,2023-02-01,0.08205128205128205,0.05203493705031451
CO/Non-Profit/LPN,2023-03-01,0.046875,0.07326097045673664
CO/Non-Profit/LPN,2023-04-01,0.08021390374331551,0.052228768640443575
CO/Non-Profit/LPN,2023-05-01,0.031413612565445025,0.054864231882224244
CO/Non-Profit/LPN,2023-06-01,0.03763440860215054,0.06735389514764233
CO/Non-Profit/LPN,2023-07-01,0.03076923076923077,0.055079522388849715
CO/Non-Profit/LPN,2023-08-01,0.07142857142857142,0.059121080236903316
CO/Non-Profit/LPN,2023-09-01,0.05128205128205128,0.06940121566010601
CO/Non-Profit/LPN,2023-10-01,0.07317073170731707,0.05715086183327285
CO/Non-Profit/LPN,2023-11-01,0.07179487179487179,0.053075496271976594
CO/Non-Profit/LPN,2023-12-01,0.04040404040404041,0.07416188524183713
CO/Non-Profit/LPN,2024-01-01,0.05670103092783505,0.056517274509207245
CO/Non-Profit/LPN,2024-02-01,0.06532663316582915,0.056368140927427195
CO/Non-Profit/LPN,2024-03-01,0.2094240837696335,0.07859312082021785
CO/Non-Profit/LPN,2024-04-01,0.04878048780487805,0.056374341032498755
CO/Non-Profit/LPN,2024-05-01,0.07142857142857142,0.058327584017695416
CO/Non-Profit/LPN,2024-06-01,0.05521472392638037,0.06961876037841493
CO/Non-Profit/LPN,2024-07-01,0.03482587064676617,0.056101202007724414
CO/Non-Profit/LPN,2024-08-01,0.041025641025641026,0.058751789439334984
CO/Non-Profit/LPN,2024-09-01,0.10344827586206896,0.06794542787531506
CO/Non-Profit/LPN,2024-10-01,0.035175879396984924,0.054020906459416415
CO/Non-Profit/LPN,2024-11-01,0.057291666666666664,0.04868183998460712
CO/Non-Profit/LPN,2024-12-01,0.0582010582010582,0.06859382208219908
CO/Non-Profit/LPN,2025-01-01,0.03723404255319149,0.04945498270933106
CO/Non-Profit/LPN,2025-02-01,0.03723404255319149,0.047975767695286484
CO/Non-Profit/LPN,2025-03-01,0.042328042328042326,0.06917884633018172
CO/Non-Profit/RN,2022-10-01,0.043689320388349516,0.05318921300478578
CO/Non-Profit/RN,2022-11-01,0.033816425120772944,0.04926280110500978
CO/Non-Profit/RN,2022-12-01,0.05339805825242718,0.07139263105289276
CO/Non-Profit/RN,2023-01-01,0.04184100418410042,0.05229339135919026
CO/Non-Profit/RN,2023-02-01,0.05371900826446281,0.050445653616417965
CO/Non-Profit/RN,2023-03-01,0.06072874493927125,0.07481497700026028
CO/Non-Profit/RN,2023-04-01,0.039301310043668124,0.051807551386224227
CO/Non-Profit/RN,2023-05-01,0.034782608695652174,0.05661515120190218
CO/Non-Profit/RN,2023-06-01,0.06866952789699571,0.07153211833031642
CO/Non-Profit/RN,2023-07-01,0.07142857142857142,0.06071284154054868
CO/Non-Profit/RN,2023-08-01,0.05714285714285714,0.06317292914672902
CO/Non-Profit/RN,2023-09-01,0.10080645161290322,0.07512444531521231
CO/Non-Profit/RN,2023-10-01,0.06640625,0.061946778645184664
CO/Non-Profit/RN,2023-11-01,0.10294117647058823,0.0588176382865062
CO/Non-Profit/RN,2023-12-01,0.09195402298850575,0.08090615406735441
CO/Non-Profit/RN,2024-01-01,0.07307692307692308,0.06141792290477377
CO/Non-Profit/RN,2024-02-01,0.050387596899224806,0.05880381686592015
CO/Non-Profit/RN,2024-03-01,0.23193916349809887,0.08265081213684838
CO/Non-Profit/RN,2024-04-01,0.034220532319391636,0.05694257543964104
CO/Non-Profit/RN,2024-05-01,0.050387596899224806,0.059187299639620314
CO/Non-Profit/RN,2024-06-01,0.05,0.07135519371194805
CO/Non-Profit/RN,2024-07-01,0.03345724907063197,0.05794266977501301
CO/Non-Profit/RN,2024-08-01,0.03690036900369004,0.058429970549613124
CO/Non-Profit/RN,2024-09-01,0.07168458781362007,0.06857257272387454
CO/Non-Profit/RN,2024-10-01,0.06007067137809187,0.053925922362201235
CO/Non-Profit/RN,2024-11-01,0.0425531914893617,0.049193871549490044
CO/Non-Profit/RN,2024-12-01,0.039711191335740074,0.07039650875262139
CO/Non-Profit/RN,2025-01-01,0.05944055944055944,0.0505708460356916
CO/Non-Profit/RN,2025-02-01,0.04318936877076412,0.04777806234012329
CO/Non-Profit/RN,2025-03-01,0.0462046204620462,0.07133408650621792
CT/For-Profit/CNA,2022-10-01,0.060904794058068874,0.05746568040486279
CT/For-Profit/CNA,2022-11-01,0.0552674672489083,0.05278775593029662
CT/For-Profit/CNA,2022-12-01,0.0645473393227367,0.07517184658975266
CT/For-Profit/CNA,2023-01-01,0.058018609742747675,0.05544025016906555
CT/For-Profit/CNA,2023-02-01,0.05848767581116836,0.053775868445241584
CT/For-Profit/CNA,2023-03-01,0.06126400221269534,0.07293345334438323
CT/For-Profit/CNA,2023-04-01,0.05181058495821727,0.05425685052468065
CT/For-Profit/CNA,2023-05-01,0.05988348462267985,0.05833468844520154
CT/For-Profit/CNA,2023-06-01,0.06967047747141897,0.07251598690304133
CT/For-Profit/CNA,2023-07-01,0.060462046204620465,0.05926204725584971
CT/For-Profit/CNA,2023-08-01,0.057679674155827095,0.0613758202423411
CT/For-Profit/CNA,2023-09-01,0.07586116224033658,0.07111768910033747
CT/For-Profit/CNA,2023-10-01,0.06287849503929906,0.057971042363415104
CT/For-Profit/CNA,2023-11-01,0.05455720749838397,0.053371489180355995
CT/For-Profit/CNA,2023-12-01,0.06495018760512355,0.0758979867861697
CT/For-Profit/CNA,2024-01-01,0.055292461282477924,0.05622420130142171
CT/For-Profit/CNA,2024-02-01,0.06181072069761477,0.05473559170884054
CT/For-Profit/CNA,2024-03-01,0.06397952655150352,0.07409161454128067
CT/For-Profit/CNA,2024-04-01,0.05881597534352125,0.05553939470693865
CT/For-Profit/CNA,2024-05-01,0.05900266463646745,0.05971409058447386
CT/For-Profit/CNA,2024-06-01,0.10335635526475222,0.07389429185399765
CT/For-Profit/CNA,2024-07-01,0.05799293998991427,0.06030844601469663
CT/For-Profit/CNA,2024-08-01,0.0613619356447992,0.06212012559402277
CT/For-Profit/CNA,2024-09-01,0.08040327662255829,0.07152080764906874
CT/For-Profit/CNA,2024-10-01,0.05355367793240556,0.05789986727337015
CT/For-Profit/CNA,2024-11-01,0.04970723807150866,0.05301486386092429
CT/For-Profit/CNA,2024-12-01,0.06062111801242236,0.07534600503588218
CT/For-Profit/CNA,2025-01-01,0.05785827154491309,0.05554909514517692
CT/For-Profit/CNA,2025-02-01,0.04980699788320259,0.053851843008460076
CT/For-Profit/CNA,2025-03-01,0.074317738791423,0.0731395282000033
CT/For-Profit/LPN,2022-10-01,0.05201733911303768,0.05380075975575588
CT/For-Profit/LPN,2022-11-01,0.05492676431424767,0.04946462698648592
CT/For-Profit/LPN,2022-12-01,0.050084602368866325,0.07127335223879336
CT/For-Profit/LPN,2023-01-01,0.06112389089714098,0.05210704434698492
CT/For-Profit/LPN,2023-02-01,0.051604366523321205,0.05038410216587788
CT/For-Profit/LPN,2023-03-01,0.054312047399605004,0.069636382001657
CT/For-Profit/LPN,2023-04-01,0.050779953534683044,0.05106814701912665
CT/For-Profit/LPN,2023-05-01,0.050508363397835356,0.05493770520370252
CT/For-Profit/LPN,2023-06-01,0.055628272251308904,0.06945770793241444
CT/For-Profit/LPN,2023-07-01,0.06283891547049442,0.0568641437971404
CT/For-Profit/LPN,2023-08-01,0.05968720076603894,0.059245258782903286
CT/For-Profit/LPN,2023-09-01,0.07960672375515382,0.06935802118985307
CT/For-Profit/LPN,2023-10-01,0.05854727614276769,0.055832730807324114
CT/For-Profit/LPN,2023-11-01,0.05998125585754452,0.051881222588643174
CT/For-Profit/LPN,2023-12-01,0.06153846153846154,0.07401238391530432
CT/For-Profit/LPN,2024-01-01,0.05384375972611267,0.05486944995656975
CT/For-Profit/LPN,2024-02-01,0.061042944785276075,0.053378036428784456
CT/For-Profit/LPN,2024-03-01,0.05782836050446016,0.07287351397187776
CT/For-Profit/LPN,2024-04-01,0.05982641041537508,0.05461570392087783
CT/For-Profit/LPN,2024-05-01,0.062136516681971225,0.05861274411547062
CT/For-Profit/LPN,2024-06-01,0.10562332639095508,0.07304295799122208
CT/For-Profit/LPN,2024-07-01,0.05256531318854265,0.05975550822232473
CT/For-Profit/LPN,2024-08-01,0.056854074542008845,0.06165867950097436
CT/For-Profit/LPN,2024-09-01,0.08463949843260188,0.07135409916678662
CT/For-Profit/LPN,2024-10-01,0.04915514592933948,0.057438074261207984
CT/For-Profit/LPN,2024-11-01,0.04846083511124657,0.05314043482719169
CT/For-Profit/LPN,2024-12-01,0.06274869911233548,0.07516741157774544
CT/For-Profit/LPN,2025-01-01,0.054078826764436295,0.055901273867301475
CT/For-Profit/LPN,2025-02-01,0.05264787860018581,0.054452203327850744
CT/For-Profit/LPN,2025-03-01,0.08805606337599026,0.07390126409312778
CT/For-Profit/RN,2022-10-01,0.059805285118219746,0.060863779180583936
CT/For-Profit/RN,2022-11-01,0.05999077065066913,0.056184169789410404
CT/For-Profit/RN,2022-12-01,0.0773892773892774,0.07925528155445011
CT/For-Profit/RN,2023-01-01,0.0690127970749543,0.05924762595242032
CT/For-Profit/RN,2023-02-01,0.05865921787709497,0.05741368426961435
CT/For-Profit/RN,2023-03-01,0.06989748369058714,0.07646409523779459
CT/For-Profit/RN,2023-04-01,0.04439252336448598,0.05754611737906301
CT/For-Profit/RN,2023-05-01,0.05815018315018315,0.061410822862352846
CT/For-Profit/RN,2023-06-01,0.072992700729927,0.07574317874338257
CT/For-Profit/RN,2023-07-01,0.05910683012259194,0.06253592418197917
CT/For-Profit/RN,2023-08-01,0.06318560772268539,0.06497605908310179
CT/For-Profit/RN,2023-09-01,0.0805398345668263,0.07518166171648996
CT/For-Profit/RN,2023-10-01,0.06282051282051282,0.06173905686445742
CT/For-Profit/RN,2023-11-01,0.06109185441941074,0.057229914849388976
CT/For-Profit/RN,2023-12-01,0.07208387942332896,0.08034062913574476
CT/For-Profit/RN,2024-01-01,0.05541125541125541,0.06051789786923634
CT/For-Profit/RN,2024-02-01,0.07222699914015478,0.05920581556550227
CT/For-Profit/RN,2024-03-01,0.07170626349892009,0.07848039953176886
CT/For-Profit/RN,2024-04-01,0.0685466377440347,0.059797234669123026
CT/For-Profit/RN,2024-05-01,0.06022530329289428,0.06363638485170199
CT/For-Profit/RN,2024-06-01,0.0986980260394792,0.07796679518325828
CT/For-Profit/RN,2024-07-01,0.055267702936096716,0.06443654205334573
CT/For-Profit/RN,2024-08-01,0.06260794473229707,0.06668637991225151
CT/For-Profit/RN,2024-09-01,0.09647979139504563,0.07664279865800382
CT/For-Profit/RN,2024-10-01,0.060356057316543636,0.0627892861731082
CT/For-Profit/RN,2024-11-01,0.04969749351771824,0.05784633361954668
CT/For-Profit/RN,2024-12-01,0.06340183646698731,0.08080466109103948
CT/For-Profit/RN,2025-01-01,0.06783276450511945,0.060853152489683315
CT/For-Profit/RN,2025-02-01,0.059559775571860166,0.05919946293996429
CT/For-Profit/RN,2025-03-01,0.07796610169491526,0.0782449393137481
CT/Government/CNA,2022-10-01,0.006944444444444444,0.022074699126539706
CT/Government/CNA,2022-11-01,0.006993006993006993,0.016107845342342407
CT/Government/CNA,2022-12-01,0.027586206896551724,0.03844190584324486
CT/Government/CNA,2023-01-01,0.007042253521126761,0.019362048852476763
CT/Government/CNA,2023-02-01,0.014285714285714285,0.016484336246374652
CT/Government/CNA,2023-03-01,0.0,0.03500526817366939
CT/Government/CNA,2023-04-01,0.0,0.017383489292279647
CT/Government/CNA,2023-05-01,0.0,0.022241817143504657
CT/Government/CNA,2023-06-01,0.00684931506849315,0.03549291021747141
CT/Government/CNA,2023-07-01,0.006896551724137931,0.025056452433722697
CT/Government/CNA,2023-08-01,0.0872093023255814,0.03164808159875002
CT/Government/CNA,2023-09-01,0.04487179487179487,0.03940269192999682
CT/Government/CNA,2023-10-01,0.04430379746835443,0.027732797828086738
CT/Government/CNA,2023-11-01,0.046357615894039736,0.022860208208153245
CT/Government/CNA,2023-12-01,0.04,0.04583068195867993
CT/Government/CNA,2024-01-01,0.058823529411764705,0.02721858223257448
CT/Government/CNA,2024-02-01,0.0273972602739726,0.024283456641445603
CT/Government/CNA,2024-03-01,0.027777777777777776,0.042671830810368225
CT/Government/CNA,2024-04-01,0.025974025974025976,0.024658900445161003
CT/Government/CNA,2024-05-01,0.049689440993788817,0.028964762223321158
CT/Government/CNA,2024-06-01,0.02702702702702703,0.04100027527135315
CT/Government/CNA,2024-07-01,0.026143790849673203,0.029178038053123485
CT/Government/CNA,2024-08-01,0.055900621118012424,0.03420110992241407
CT/Government/CNA,2024-09-01,0.04430379746835443,0.0408172040221474
CT/Government/CNA,2024-10-01,0.04430379746835443,0.027990887643279803
CT/Government/CNA,2024-11-01,0.0,0.021894768258526955
CT/Government/CNA,2024-12-01,0.0196078431372549,0.044371955057836115
CT/Government/CNA,2025-01-01,0.03896103896103896,0.025498083039181677
CT/Government/CNA,2025-02-01,0.014084507042253521,0.022487230217432454
CT/Government/CNA,2025-03-01,0.039735099337748346,0.04105530689351532
CT/Government/LPN,2022-10-01,0.02,0.01799563553160479
CT/Government/LPN,2022-11-01,0.02040816326530612,0.013661989186837385
CT/Government/LPN,2022-12-01,0.02,0.03465427233947483
CT/Government/LPN,2023-01-01,0.041666666666666664,0.015356728959619016
CT/Government/LPN,2023-02-01,0.0,0.01169231222026744
CT/Government/LPN,2023-03-01,0.0,0.028783827295739778
CT/Government/LPN,2023-04-01,0.041666666666666664,0.012015398150122883
CT/Government/LPN,2023-05-01,0.0,0.013593195108287305
CT/Government/LPN,2023-06-01,0.0392156862745098,0.027320115454455438
CT/Government/LPN,2023-07-01,0.0,0.013594382097502071
CT/Government/LPN,2023-08-01,0.02040816326530612,0.015419970046464455
CT/Government/LPN,2023-09-01,0.02040816326530612,0.023319270341139592
CT/Government/LPN,2023-10-01,0.0,0.009429951811337552
CT/Government/LPN,2023-11-01,0.0,0.0052735639435383536
CT/Government/LPN,2023-12-01,0.0,0.02667438407849336
CT/Government/LPN,2024-01-01,0.02040816326530612,0.00799317342094897
CT/Government/LPN,2024-02-01,0.02127659574468085,0.005017511895546042
CT/Government/LPN,2024-03-01,0.0,0.022402611712484803
CT/Government/LPN,2024-04-01,0.0,0.005977010075260844
CT/Government/LPN,2024-05-01,0.0,0.008293763279491384
CT/Government/LPN,2024-06-01,0.020833333333333332,0.022722830342231957
CT/Government/LPN,2024-07-01,0.02127659574468085,0.009904006629396368
CT/Government/LPN,2024-08-01,0.022222222222222223,0.012282108820627864
CT/Government/LPN,2024-09-01,0.022727272727272728,0.020631841499398958
CT/Government/LPN,2024-10-01,0.0,0.0071349552499255856
CT/Government/LPN,2024-11-01,0.021739130434782608,0.003313085597858291
CT/Government/LPN,2024-12-01,0.021739130434782608,0.024688239930897443
CT/Government/LPN,2025-01-01,0.0,0.005637309154798396
CT/Government/LPN,2025-02-01,0.0,0.002709867672896646
CT/Government/LPN,2025-03-01,0.0,0.020296698638409036
CT/Government/RN,2022-10-01,0.028985507246376812,0.014769939967837813
CT/Government/RN,2022-11-01,0.0,0.009985625701420968
CT/Government/RN,2022-12-01,0.0,0.029767079940693192
CT/Government/RN,2023-01-01,0.0,0.009784585257236349
CT/Government/RN,2023-02-01,0.014492753623188406,0.008866048550196633
CT/Government/RN,2023-03-01,0.028985507246376812,0.027129233774221807
CT/Government/RN,2023-04-01,0.0,0.009558621145935323
CT/Government/RN,2023-05-01,0.028169014084507043,0.013032702162231125
CT/Government/RN,2023-06-01,0.0,0.024189145423430813
CT/Government/RN,2023-07-01,0.0,0.012092620600698878
CT/Government/RN,2023-08-01,0.013513513513513514,0.014814310982182145
CT/Government/RN,2023-09-01,0.013333333333333334,0.023062207982862064
CT/Government/RN,2023-10-01,0.013888888888888888,0.011031471886127776
CT/Government/RN,2023-11-01,0.04225352112676056,0.007386113099772718
CT/Government/RN,2023-12-01,0.0,0.027687030634312014
CT/Government/RN,2024-01-01,0.0,0.008077346775410096
CT/Government/RN,2024-02-01,0.014492753623188406,0.007554414986603482
CT/Government/RN,2024-03-01,0.0,0.026241384033991316
CT/Government/RN,2024-04-01,0.05555555555555555,0.009436977457572923
CT/Government/RN,2024-05-01,0.029411764705882353,0.012945013402648371
CT/Government/RN,2024-06-01,0.014705882352941176,0.02417416975110813
CT/Government/RN,2024-07-01,0.014084507042253521,0.011985909551887407
CT/Government/RN,2024-08-01,0.028169014084507043,0.014329997588884334
CT/Government/RN,2024-09-01,0.014492753623188406,0.02194743396297455
CT/Government/RN,2024-10-01,0.0,0.009284682624230933
CT/Government/RN,2024-11-01,0.014705882352941176,0.005259212052433085
CT/Government/RN,2024-12-01,0.014925373134328358,0.025412681504342262
CT/Government/RN,2025-01-01,0.0,0.005515039928289049
CT/Government/RN,2025-02-01,0.0,0.004644832427433097
CT/Government/RN,2025-03-01,0.014925373134328358,0.02322806937840846
CT/Non-Profit/CNA,2022-10-01,0.0476457399103139,0.05829842988870537
CT/Non-Profit/CNA,2022-11-01,0.04509132420091324,0.053441425094323876
CT/Non-Profit/CNA,2022-12-01,0.06079196876742889,0.07690334009120962
CT/Non-Profit/CNA,2023-01-01,0.05388272583201268,0.05690322082943189
CT/Non-Profit/CNA,2023-02-01,0.05466237942122187,0.05570907010247955
CT/Non-Profit/CNA,2023-03-01,0.13805774278215224,0.07763830097077987
CT/Non-Profit/CNA,2023-04-01,0.04734042553191489,0.05621071650828163
CT/Non-Profit/CNA,2023-05-01,0.0483955812730142,0.06013225720980201
CT/Non-Profit/CNA,2023-06-01,0.06925064599483204,0.07385903379090768
CT/Non-Profit/CNA,2023-07-01,0.060739922694643844,0.06121633293297108
CT/Non-Profit/CNA,2023-08-01,0.0819496518478843,0.06411785992586246
CT/Non-Profit/CNA,2023-09-01,0.0838423098278734,0.07196858258355968
CT/Non-Profit/CNA,2023-10-01,0.06256684491978609,0.059039807018541404
CT/Non-Profit/CNA,2023-11-01,0.05152979066022544,0.05360550683174312
CT/Non-Profit/CNA,2023-12-01,0.06273258904837853,0.07645986814961729
CT/Non-Profit/CNA,2024-01-01,0.05465903175429464,0.0557380387212734
CT/Non-Profit/CNA,2024-02-01,0.05532139093782929,0.053817605941568925
CT/Non-Profit/CNA,2024-03-01,0.06408952187182096,0.07501997144241268
CT/Non-Profit/CNA,2024-04-01,0.04386892177589852,0.05379969126008177
CT/Non-Profit/CNA,2024-05-01,0.058464667005592275,0.05805696657440672
CT/Non-Profit/CNA,2024-06-01,0.07754279959718026,0.071953385551147
CT/Non-Profit/CNA,2024-07-01,0.05997001499250375,0.059282282761890376
CT/Non-Profit/CNA,2024-08-01,0.06838453914767097,0.06226082321152068
CT/Non-Profit/CNA,2024-09-01,0.056494192185850056,0.07022023534039676
CT/Non-Profit/CNA,2024-10-01,0.06851385390428212,0.05774797183004481
CT/Non-Profit/CNA,2024-11-01,0.053157894736842105,0.05270812075628663
CT/Non-Profit/CNA,2024-12-01,0.08147773279352227,0.07590173147653456
CT/Non-Profit/CNA,2025-01-01,0.055499495459132187,0.055298783415520504
CT/Non-Profit/CNA,2025-02-01,0.0481500253421186,0.05341409366387885
CT/Non-Profit/CNA,2025-03-01,0.06844489179667841,0.0748583118780498
CT/Non-Profit/LPN,2022-10-01,0.033271719038817,0.05743507937836039
CT/Non-Profit/LPN,2022-11-01,0.03544776119402985,0.052645086211419494
CT/Non-Profit/LPN,2022-12-01,0.05860805860805861,0.07643805087089175
CT/Non-Profit/LPN,2023-01-01,0.06304728546409807,0.05721532861364488
CT/Non-Profit/LPN,2023-02-01,0.05272407732864675,0.05612137267196706
CT/Non-Profit/LPN,2023-03-01,0.1558219178082192,0.07824708876262519
CT/Non-Profit/LPN,2023-04-01,0.06260575296108291,0.05718321974106117
CT/Non-Profit/LPN,2023-05-01,0.04655172413793104,0.05996768643280179
CT/Non-Profit/LPN,2023-06-01,0.06937394247038917,0.0730153268247174
CT/Non-Profit/LPN,2023-07-01,0.059931506849315065,0.06053329997500256
CT/Non-Profit/LPN,2023-08-01,0.050590219224283306,0.06233127748447628
CT/Non-Profit/LPN,2023-09-01,0.09181969949916527,0.07190935944754986
CT/Non-Profit/LPN,2023-10-01,0.05025125628140704,0.05847306876278643
CT/Non-Profit/LPN,2023-11-01,0.07106598984771574,0.053248029883569664
CT/Non-Profit/LPN,2023-12-01,0.057724957555178265,0.07606073493278605
CT/Non-Profit/LPN,2024-01-01,0.06969205834683954,0.05597243988034711
CT/Non-Profit/LPN,2024-02-01,0.06591639871382636,0.05386866517695455
CT/Non-Profit/LPN,2024-03-01,0.05669291338582677,0.07477309056139542
CT/Non-Profit/LPN,2024-04-01,0.05901639344262295,0.05390641948854626
CT/Non-Profit/LPN,2024-05-01,0.055284552845528454,0.05676099582239198
CT/Non-Profit/LPN,2024-06-01,0.05785123966942149,0.06972125176174336
CT/Non-Profit/LPN,2024-07-01,0.0483619344773791,0.057125891501963344
CT/Non-Profit/LPN,2024-08-01,0.06,0.05903976092893773
CT/Non-Profit/LPN,2024-09-01,0.05638474295190713,0.06853597163088715
CT/Non-Profit/LPN,2024-10-01,0.08742331288343558,0.05554036323165895
CT/Non-Profit/LPN,2024-11-01,0.034653465346534656,0.05011283707359319
CT/Non-Profit/LPN,2024-12-01,0.07620528771384137,0.07326103410012687
CT/Non-Profit/LPN,2025-01-01,0.04496124031007752,0.0531764301341488
CT/Non-Profit/LPN,2025-02-01,0.0499219968798752,0.051410004038655366
CT/Non-Profit/LPN,2025-03-01,0.06896551724137931,0.07285132910579757
CT/Non-Profit/RN,2022-10-01,0.04242424242424243,0.041737338081469656
CT/Non-Profit/RN,2022-11-01,0.02843601895734597,0.03594678857655681
CT/Non-Profit/RN,2022-12-01,0.0384,0.0589369680663409
CT/Non-Profit/RN,2023-01-01,0.04160246533127889,0.039421935746187076
CT/Non-Profit/RN,2023-02-01,0.0249609984399376,0.036510619601141076
CT/Non-Profit/RN,2023-03-01,0.11295180722891567,0.058428135911281015
CT/Non-Profit/RN,2023-04-01,0.024205748865355523,0.036652625910499184
CT/Non-Profit/RN,2023-05-01,0.025297619047619048,0.040212776986411757
CT/Non-Profit/RN,2023-06-01,0.04242424242424243,0.05316962728713423
CT/Non-Profit/RN,2023-07-01,0.04133545310015898,0.041511044258294286
CT/Non-Profit/RN,2023-08-01,0.037914691943127965,0.04272430324140741
CT/Non-Profit/RN,2023-09-01,0.05405405405405406,0.0524181455436483
CT/Non-Profit/RN,2023-10-01,0.046296296296296294,0.03985265024474061
CT/Non-Profit/RN,2023-11-01,0.028169014084507043,0.03431230269588906
CT/Non-Profit/RN,2023-12-01,0.047976011994003,0.057511899015965304
CT/Non-Profit/RN,2024-01-01,0.06360946745562131,0.03818364407984544
CT/Non-Profit/RN,2024-02-01,0.044072948328267476,0.035078713847706694
CT/Non-Profit/RN,2024-03-01,0.047987616099071206,0.056489317651570455
CT/Non-Profit/RN,2024-04-01,0.029921259842519685,0.03508595965190199
CT/Non-Profit/RN,2024-05-01,0.037914691943127965,0.03888327305930679
CT/Non-Profit/RN,2024-06-01,0.034161490683229816,0.05191473644770994
CT/Non-Profit/RN,2024-07-01,0.047619047619047616,0.040485830988786026
CT/Non-Profit/RN,2024-08-01,0.029874213836477988,0.04183158673641249
CT/Non-Profit/RN,2024-09-01,0.05475040257648953,0.05172028579219891
CT/Non-Profit/RN,2024-10-01,0.047619047619047616,0.039256232643604255
CT/Non-Profit/RN,2024-11-01,0.03875968992248062,0.03389116243213042
CT/Non-Profit/RN,2024-12-01,0.06402439024390244,0.057054572735926484
CT/Non-Profit/RN,2025-01-01,0.0364741641337386,0.03745147793741101
CT/Non-Profit/RN,2025-02-01,0.024615384615384615,0.03445598978092088
CT/Non-Profit/RN,2025-03-01,0.055639097744360905,0.05630139224859222
DC/For-Profit/CNA,2022-10-01,0.0564373897707231,0.05402004709670039
DC/For-Profit/CNA,2022-11-01,0.06401384083044982,0.04906677198051089
DC/For-Profit/CNA,2022-12-01,0.0673758865248227,0.0728164308648278
DC/For-Profit/CNA,2023-01-01,0.06371681415929203,0.05141850645884003
DC/For-Profit/CNA,2023-02-01,0.06216696269982238,0.049000427450952344
DC/For-Profit/CNA,2023-03-01,0.05745062836624776,0.06781283718195714
DC/For-Profit/CNA,2023-04-01,0.05128205128205128,0.04822825972588203
DC/For-Profit/CNA,2023-05-01,0.05194805194805195,0.05130712991156591
DC/For-Profit/CNA,2023-06-01,0.02835538752362949,0.06341406141153369
DC/For-Profit/CNA,2023-07-01,0.03683241252302026,0.051658248296639585
DC/For-Profit/CNA,2023-08-01,0.04129263913824058,0.05403743638836379
DC/For-Profit/CNA,2023-09-01,0.055062166962699825,0.06299443651433953
DC/For-Profit/CNA,2023-10-01,0.06445993031358885,0.0513767690965021
DC/For-Profit/CNA,2023-11-01,0.04753199268738574,0.046793150094206135
DC/For-Profit/CNA,2023-12-01,0.11754068716094032,0.07119251182216023
DC/For-Profit/CNA,2024-01-01,0.06172839506172839,0.04976140390165097
DC/For-Profit/CNA,2024-02-01,0.04129263913824058,0.04724636944518085
DC/For-Profit/CNA,2024-03-01,0.06914893617021277,0.06615032223963041
DC/For-Profit/CNA,2024-04-01,0.04332129963898917,0.0465104625121719
DC/For-Profit/CNA,2024-05-01,0.039711191335740074,0.049681021863667026
DC/For-Profit/CNA,2024-06-01,0.057245080500894455,0.06192132548597382
DC/For-Profit/CNA,2024-07-01,0.052346570397111915,0.04994515627673318
DC/For-Profit/CNA,2024-08-01,0.06272401433691756,0.0518928488836656
DC/For-Profit/CNA,2024-09-01,0.0549645390070922,0.06013309625997398
DC/For-Profit/CNA,2024-10-01,0.043333333333333335,0.047693652006582175
DC/For-Profit/CNA,2024-11-01,0.033003300330033,0.04258067294258286
DC/For-Profit/CNA,2024-12-01,0.044481054365733116,0.06660237582923523
DC/For-Profit/CNA,2025-01-01,0.045454545454545456,0.045682874667324645
DC/For-Profit/CNA,2025-02-01,0.05360134003350084,0.043848725184758325
DC/For-Profit/CNA,2025-03-01,0.06312292358803986,0.06323887028427914
DC/For-Profit/LPN,2022-10-01,0.058823529411764705,0.03982911110308314
DC/For-Profit/LPN,2022-11-01,0.017241379310344827,0.032863051966749934
DC/For-Profit/LPN,2022-12-01,0.08196721311475409,0.059983426035483976
DC/For-Profit/LPN,2023-01-01,0.025423728813559324,0.03423992956405694
DC/For-Profit/LPN,2023-02-01,0.040983606557377046,0.03330233757573167
DC/For-Profit/LPN,2023-03-01,0.02459016393442623,0.05103504237317027
DC/For-Profit/LPN,2023-04-01,0.023809523809523808,0.032084142013870554
DC/For-Profit/LPN,2023-05-01,0.024,0.03555942530284033
DC/For-Profit/LPN,2023-06-01,0.03125,0.04843542243065596
DC/For-Profit/LPN,2023-07-01,0.023255813953488372,0.036000723479353444
DC/For-Profit/LPN,2023-08-01,0.014388489208633094,0.03895989931779327
DC/For-Profit/LPN,2023-09-01,0.039735099337748346,0.04830895599034964
DC/For-Profit/LPN,2023-10-01,0.07096774193548387,0.038339414470836414
DC/For-Profit/LPN,2023-11-01,0.039735099337748346,0.03232616170743278
DC/For-Profit/LPN,2023-12-01,0.15172413793103448,0.06015741636943382
DC/For-Profit/LPN,2024-01-01,0.027777777777777776,0.03401511038228701
DC/For-Profit/LPN,2024-02-01,0.0136986301369863,0.03276041586226094
DC/For-Profit/LPN,2024-03-01,0.053691275167785234,0.050484669323753784
DC/For-Profit/LPN,2024-04-01,0.026490066225165563,0.031180343220450484
DC/For-Profit/LPN,2024-05-01,0.033112582781456956,0.03429864186236861
DC/For-Profit/LPN,2024-06-01,0.03184713375796178,0.04670039488775424
DC/For-Profit/LPN,2024-07-01,0.013071895424836602,0.033747958948325385
DC/For-Profit/LPN,2024-08-01,0.039735099337748346,0.036228022673398835
DC/For-Profit/LPN,2024-09-01,0.026490066225165563,0.04461911251725704
DC/For-Profit/LPN,2024-10-01,0.024242424242424242,0.03390426806824006
DC/For-Profit/LPN,2024-11-01,0.023952095808383235,0.02769419697147255
DC/For-Profit/LPN,2024-12-01,0.05325443786982249,0.05535420238720963
DC/For-Profit/LPN,2025-01-01,0.024539877300613498,0.03050733542675764
DC/For-Profit/LPN,2025-02-01,0.06626506024096386,0.030468760333455053
DC/For-Profit/LPN,2025-03-01,0.03680981595092025,0.04871832751790309
DC/For-Profit/RN,2022-10-01,0.039285714285714285,0.045394212505471945
DC/For-Profit/RN,2022-11-01,0.031578947368421054,0.040222091155474676
DC/For-Profit/RN,2022-12-01,0.045454545454545456,0.0647083240572229
DC/For-Profit/RN,2023-01-01,0.04895104895104895,0.043682648950873273
DC/For-Profit/RN,2023-02-01,0.05357142857142857,0.043170657119038794
DC/For-Profit/RN,2023-03-01,0.058823529411764705,0.06275047822662769
DC/For-Profit/RN,2023-04-01,0.03496503496503497,0.043613842575569876
DC/For-Profit/RN,2023-05-01,0.04318936877076412,0.04659455859486925
DC/For-Profit/RN,2023-06-01,0.06060606060606061,0.060422212634556494
DC/For-Profit/RN,2023-07-01,0.061016949152542375,0.0494095927722301
DC/For-Profit/RN,2023-08-01,0.06734006734006734,0.05180780196840942
DC/For-Profit/RN,2023-09-01,0.05964912280701754,0.05926609653377653
DC/For-Profit/RN,2023-10-01,0.039711191335740074,0.04603506689848788
DC/For-Profit/RN,2023-11-01,0.028070175438596492,0.040898200365758766
DC/For-Profit/RN,2023-12-01,0.1048951048951049,0.06554239465699922
DC/For-Profit/RN,2024-01-01,0.0353356890459364,0.04390435026102546
DC/For-Profit/RN,2024-02-01,0.03859649122807018,0.0430375963384263
DC/For-Profit/RN,2024-03-01,0.06143344709897611,0.0624041123987302
DC/For-Profit/RN,2024-04-01,0.06209150326797386,0.04296939614681284
DC/For-Profit/RN,2024-05-01,0.023026315789473683,0.045338310710353845
DC/For-Profit/RN,2024-06-01,0.03870967741935484,0.05872322908293777
DC/For-Profit/RN,2024-07-01,0.06070287539936102,0.04757024613466382
DC/For-Profit/RN,2024-08-01,0.06557377049180328,0.04986141697070172
DC/For-Profit/RN,2024-09-01,0.050955414012738856,0.057219532096710504
DC/For-Profit/RN,2024-10-01,0.04180064308681672,0.04390755222723159
DC/For-Profit/RN,2024-11-01,0.028391167192429023,0.03863676745811634
DC/For-Profit/RN,2024-12-01,0.039755351681957186,0.06318830935067035
DC/For-Profit/RN,2025-01-01,0.03333333333333333,0.04226574881310888
DC/For-Profit/RN,2025-02-01,0.05698005698005698,0.041960746013381754
DC/For-Profit/RN,2025-03-01,0.07627118644067797,0.06168993388123438
DC/Non-Profit/CNA,2022-10-01,0.022082018927444796,0.03182713931135382
DC/Non-Profit/CNA,2022-11-01,0.037383177570093455,0.02749697382032386
DC/Non-Profit/CNA,2022-12-01,0.04180064308681672,0.05159321150697257
DC/Non-Profit/CNA,2023-01-01,0.040268456375838924,0.029355413300506165
DC/Non-Profit/CNA,2023-02-01,0.026402640264026403,0.027242889577204027
DC/Non-Profit/CNA,2023-03-01,0.0196078431372549,0.04485173810040069
DC/Non-Profit/CNA,2023-04-01,0.02702702702702703,0.02694092910266853
DC/Non-Profit/CNA,2023-05-01,0.038834951456310676,0.03119155072057981
DC/Non-Profit/CNA,2023-06-01,0.025806451612903226,0.04317216581989135
DC/Non-Profit/CNA,2023-07-01,0.009375,0.030746592894514178
DC/Non-Profit/CNA,2023-08-01,0.04430379746835443,0.033864728980981695
DC/Non-Profit/CNA,2023-09-01,0.025396825396825397,0.04224646686555139
DC/Non-Profit/CNA,2023-10-01,0.043478260869565216,0.03042822213510495
DC/Non-Profit/CNA,2023-11-01,0.03164556962025317,0.026563901182291055
DC/Non-Profit/CNA,2023-12-01,0.03194888178913738,0.0512211116974437
DC/Non-Profit/CNA,2024-01-01,0.03355704697986577,0.029698123679640174
DC/Non-Profit/CNA,2024-02-01,0.05345911949685535,0.028319434870059102
DC/Non-Profit/CNA,2024-03-01,0.028846153846153848,0.046352999606562584
DC/Non-Profit/CNA,2024-04-01,0.02572347266881029,0.028803747982920676
DC/Non-Profit/CNA,2024-05-01,0.039755351681957186,0.03358423128829119
DC/Non-Profit/CNA,2024-06-01,0.03773584905660377,0.04603558124315715
DC/Non-Profit/CNA,2024-07-01,0.03333333333333333,0.03385128107162668
DC/Non-Profit/CNA,2024-08-01,0.027522935779816515,0.036925425907581716
DC/Non-Profit/CNA,2024-09-01,0.03669724770642202,0.04564386988217214
DC/Non-Profit/CNA,2024-10-01,0.029661016949152543,0.03403759368183395
DC/Non-Profit/CNA,2024-11-01,0.03303303303303303,0.030614040251048007
DC/Non-Profit/CNA,2024-12-01,0.1268882175226586,0.05576554192636009
DC/Non-Profit/CNA,2025-01-01,0.03067484662576687,0.03349194599596872
DC/Non-Profit/CNA,2025-02-01,0.02100840336134454,0.03139229631512634
DC/Non-Profit/CNA,2025-03-01,0.036,0.04921231761483257
DC/Non-Profit/LPN,2022-10-01,0.0,0.024992738468892127
DC/Non-Profit/LPN,2022-11-01,0.01694915254237288,0.01763993198015372
DC/Non-Profit/LPN,2022-12-01,0.08403361344537816,0.045966122800564314
DC/Non-Profit/LPN,2023-01-01,0.009345794392523364,0.02011144489843162
DC/Non-Profit/LPN,2023-02-01,0.0,0.016897446935819363
DC/Non-Profit/LPN,2023-03-01,0.02830188679245283,0.03535010408970814
DC/Non-Profit/LPN,2023-04-01,0.019417475728155338,0.016645244346981558
DC/Non-Profit/LPN,2023-05-01,0.009615384615384616,0.020038636945856725
DC/Non-Profit/LPN,2023-06-01,0.009523809523809525,0.03258194292331174
DC/Non-Profit/LPN,2023-07-01,0.0,0.020425966781673535
DC/Non-Profit/LPN,2023-08-01,0.009174311926605505,0.0240718655369815
DC/Non-Profit/LPN,2023-09-01,0.03669724770642202,0.033497716107983216
DC/Non-Profit/LPN,2023-10-01,0.0,0.023079341723122135
DC/Non-Profit/LPN,2023-11-01,0.02631578947368421,0.016960045294168932
DC/Non-Profit/LPN,2023-12-01,0.03636363636363636,0.04629115289448244
DC/Non-Profit/LPN,2024-01-01,0.02702702702702703,0.022066058540453303
DC/Non-Profit/LPN,2024-02-01,0.037037037037037035,0.020231223358910873
DC/Non-Profit/LPN,2024-03-01,0.0196078431372549,0.039687705184685146
DC/Non-Profit/LPN,2024-04-01,0.0,0.022184034713828425
DC/Non-Profit/LPN,2024-05-01,0.01,0.026892954725272897
DC/Non-Profit/LPN,2024-06-01,0.009900990099009901,0.0408922383254013
DC/Non-Profit/LPN,2024-07-01,0.009523809523809525,0.030360048146700923
DC/Non-Profit/LPN,2024-08-01,0.046296296296296294,0.035637956810309346
DC/Non-Profit/LPN,2024-09-01,0.03669724770642202,0.04636510449184141
DC/Non-Profit/LPN,2024-10-01,0.14285714285714285,0.03733823505882085
DC/Non-Profit/LPN,2024-11-01,0.0,0.030837731432932565
DC/Non-Profit/LPN,2024-12-01,0.17,0.06057688219540095
DC/Non-Profit/LPN,2025-01-01,0.050505050505050504,0.03508807596922743
DC/Non-Profit/LPN,2025-02-01,0.015151515151515152,0.03187915862508893
DC/Non-Profit/LPN,2025-03-01,0.01639344262295082,0.050346573767822075
DC/Non-Profit/RN,2022-10-01,0.057291666666666664,0.036190774905764486
DC/Non-Profit/RN,2022-11-01,0.011363636363636364,0.02872108763209093
DC/Non-Profit/RN,2022-12-01,0.04891304347826087,0.05354110126398034
DC/Non-Profit/RN,2023-01-01,0.029411764705882353,0.03150692166219452
DC/Non-Profit/RN,2023-02-01,0.03529411764705882,0.030578764670572012
DC/Non-Profit/RN,2023-03-01,0.023809523809523808,0.05063019970233926
DC/Non-Profit/RN,2023-04-01,0.017142857142857144,0.029620334488662595
DC/Non-Profit/RN,2023-05-01,0.04864864864864865,0.033970323829353846
DC/Non-Profit/RN,2023-06-01,0.07909604519774012,0.047953166024672214
DC/Non-Profit/RN,2023-07-01,0.017341040462427744,0.033537746255821
DC/Non-Profit/RN,2023-08-01,0.023121387283236993,0.035470328060473524
DC/Non-Profit/RN,2023-09-01,0.017543859649122806,0.04410870818923919
DC/Non-Profit/RN,2023-10-01,0.033707865168539325,0.033126150492375876
DC/Non-Profit/RN,2023-11-01,0.005714285714285714,0.026482505158704615
DC/Non-Profit/RN,2023-12-01,0.05056179775280899,0.05229937856667548
DC/Non-Profit/RN,2024-01-01,0.011235955056179775,0.03119039096801312
DC/Non-Profit/RN,2024-02-01,0.05235602094240838,0.0314227345963948
DC/Non-Profit/RN,2024-03-01,0.07692307692307693,0.05250545406984827
DC/Non-Profit/RN,2024-04-01,0.03389830508474576,0.03175921302503812
DC/Non-Profit/RN,2024-05-01,0.02197802197802198,0.03610393378408906
DC/Non-Profit/RN,2024-06-01,0.03763440860215054,0.05055414145472685
DC/Non-Profit/RN,2024-07-01,0.027624309392265192,0.0371095560438785
DC/Non-Profit/RN,2024-08-01,0.031413612565445025,0.04003038895927519
DC/Non-Profit/RN,2024-09-01,0.04918032786885246,0.0495022440796476
DC/Non-Profit/RN,2024-10-01,0.04054054054054054,0.03905788518330261
DC/Non-Profit/RN,2024-11-01,0.02717391304347826,0.03301968526805464
DC/Non-Profit/RN,2024-12-01,0.0718232044198895,0.05910658942985834
DC/Non-Profit/RN,2025-01-01,0.046875,0.03810961685484032
DC/Non-Profit/RN,2025-02-01,0.032679738562091505,0.03806733213020316
DC/Non-Profit/RN,2025-03-01,0.10429447852760736,0.05916565951500245
DE/For-Profit/CNA,2022-10-01,0.06646971935007386,0.06926065562430223
DE/For-Profit/CNA,2022-11-01,0.06379928315412187,0.06476270425033345
DE/For-Profit/CNA,2022-12-01,0.09007741027445461,0.08932426804825434
DE/For-Profit/CNA,2023-01-01,0.0715307582260372,0.06752977317477103
DE/For-Profit/CNA,2023-02-01,0.07173913043478261,0.06646896620023826
DE/For-Profit/CNA,2023-03-01,0.06588579795021962,0.08489653777244416
DE/For-Profit/CNA,2023-04-01,0.055,0.06683372238989839
DE/For-Profit/CNA,2023-05-01,0.08046767537826685,0.07155599949526512
DE/For-Profit/CNA,2023-06-01,0.08396421197522368,0.0849893415264039
DE/For-Profit/CNA,2023-07-01,0.07348901098901099,0.07316584582148526
DE/For-Profit/CNA,2023-08-01,0.07896528250510551,0.07612147101295255
DE/For-Profit/CNA,2023-09-01,0.0806345009914078,0.08488752755970032
DE/For-Profit/CNA,2023-10-01,0.08118313404657017,0.0728874423895785
DE/For-Profit/CNA,2023-11-01,0.06892230576441102,0.0684849118152647
DE/For-Profit/CNA,2023-12-01,0.14872433105164903,0.09315341478180353
DE/For-Profit/CNA,2024-01-01,0.06781750924784218,0.07064462430364443
DE/For-Profit/CNA,2024-02-01,0.07090012330456227,0.06897180068823118
DE/For-Profit/CNA,2024-03-01,0.06856796116504854,0.08683822621187606
DE/For-Profit/CNA,2024-04-01,0.07260920897284534,0.06831438241242133
DE/For-Profit/CNA,2024-05-01,0.06928948913681739,0.07230715266934068
DE/For-Profit/CNA,2024-06-01,0.07508532423208192,0.08518474910007906
DE/For-Profit/CNA,2024-07-01,0.0714687675858188,0.07295922752381237
DE/For-Profit/CNA,2024-08-01,0.0912087912087912,0.07549690280714791
DE/For-Profit/CNA,2024-09-01,0.0858416945373467,0.08360088498573934
DE/For-Profit/CNA,2024-10-01,0.07269700332963375,0.07076860605489675
DE/For-Profit/CNA,2024-11-01,0.07240811848601207,0.0657734925895239
DE/For-Profit/CNA,2024-12-01,0.06366630076838639,0.08974802019841756
DE/For-Profit/CNA,2025-01-01,0.06430517711171663,0.06769354650095898
DE/For-Profit/CNA,2025-02-01,0.07399347116430903,0.06650243318789353
DE/For-Profit/CNA,2025-03-01,0.07842076798269335,0.0846896529624194
DE/For-Profit/LPN,2022-10-01,0.0521415270018622,0.0630457254177712
DE/For-Profit/LPN,2022-11-01,0.06445672191528545,0.05901574380038534
DE/For-Profit/LPN,2022-12-01,0.09782608695652174,0.08499574873211015
DE/For-Profit/LPN,2023-01-01,0.07142857142857142,0.06162962833366308
DE/For-Profit/LPN,2023-02-01,0.06165703275529865,0.060123818828741286
DE/For-Profit/LPN,2023-03-01,0.05303030303030303,0.07857492734147646
DE/For-Profit/LPN,2023-04-01,0.06870229007633588,0.06042837791575852
DE/For-Profit/LPN,2023-05-01,0.05871559633027523,0.06461815173258381
DE/For-Profit/LPN,2023-06-01,0.08333333333333333,0.07750696469623435
DE/For-Profit/LPN,2023-07-01,0.06355140186915888,0.06541468547375734
DE/For-Profit/LPN,2023-08-01,0.06203007518796992,0.06674680804035717
DE/For-Profit/LPN,2023-09-01,0.08916083916083917,0.07683193855273081
DE/For-Profit/LPN,2023-10-01,0.0673758865248227,0.06334510066050587
DE/For-Profit/LPN,2023-11-01,0.05699481865284974,0.05902864998371299
DE/For-Profit/LPN,2023-12-01,0.1637323943661972,0.08484174361295374
DE/For-Profit/LPN,2024-01-01,0.05615942028985507,0.06044286435713362
DE/For-Profit/LPN,2024-02-01,0.06,0.05801659849401405
DE/For-Profit/LPN,2024-03-01,0.06846846846846846,0.07548587147761752
DE/For-Profit/LPN,2024-04-01,0.04569420035149385,0.05629490709876421
DE/For-Profit/LPN,2024-05-01,0.07796610169491526,0.05955091352212572
DE/For-Profit/LPN,2024-06-01,0.052083333333333336,0.07118891967538775
DE/For-Profit/LPN,2024-07-01,0.05392156862745098,0.05820272101490882
DE/For-Profit/LPN,2024-08-01,0.03475513428120063,0.058648741611154374
DE/For-Profit/LPN,2024-09-01,0.06191950464396285,0.06810275187237255
DE/For-Profit/LPN,2024-10-01,0.04461538461538461,0.05435776292408137
DE/For-Profit/LPN,2024-11-01,0.0517503805175038,0.04987183687806431
DE/For-Profit/LPN,2024-12-01,0.05683563748079877,0.07546854846567998
DE/For-Profit/LPN,2025-01-01,0.0487062404870624,0.052076385594636794
DE/For-Profit/LPN,2025-02-01,0.058823529411764705,0.05074495279675296
DE/For-Profit/LPN,2025-03-01,0.06083086053412463,0.0692391560006698
DE/For-Profit/RN,2022-10-01,0.056179775280898875,0.06383442338625377
DE/For-Profit/RN,2022-11-01,0.07037037037037037,0.06033478690012476
DE/For-Profit/RN,2022-12-01,0.07561436672967864,0.08522155470239857
DE/For-Profit/RN,2023-01-01,0.06395348837209303,0.062274936186562095
DE/For-Profit/RN,2023-02-01,0.05631067961165048,0.061118591084109955
DE/For-Profit/RN,2023-03-01,0.096,0.08059986648844066
DE/For-Profit/RN,2023-04-01,0.04263565891472868,0.061052821855353184
DE/For-Profit/RN,2023-05-01,0.06529850746268656,0.06586967413689872
DE/For-Profit/RN,2023-06-01,0.08630393996247655,0.07915677444748379
DE/For-Profit/RN,2023-07-01,0.055226824457593686,0.0668888443292294
DE/For-Profit/RN,2023-08-01,0.07407407407407407,0.06938986437695327
DE/For-Profit/RN,2023-09-01,0.06851851851851852,0.07852622715927161
DE/For-Profit/RN,2023-10-01,0.06764168190127971,0.06597941801703257
DE/For-Profit/RN,2023-11-01,0.07308377896613191,0.0626307921033292
DE/For-Profit/RN,2023-12-01,0.1596958174904943,0.08764095703247507
DE/For-Profit/RN,2024-01-01,0.06284658040665435,0.06381293517612537
DE/For-Profit/RN,2024-02-01,0.05263157894736842,0.061813372135212104
DE/For-Profit/RN,2024-03-01,0.06469500924214418,0.08048466874511952
DE/For-Profit/RN,2024-04-01,0.05595667870036101,0.0605158722060701
DE/For-Profit/RN,2024-05-01,0.0705244122965642,0.06474941728187822
DE/For-Profit/RN,2024-06-01,0.05385996409335727,0.07736175120863654
DE/For-Profit/RN,2024-07-01,0.06642728904847396,0.0648695090301869
DE/For-Profit/RN,2024-08-01,0.05871886120996441,0.06682429216176092
DE/For-Profit/RN,2024-09-01,0.08333333333333333,0.07571965058145572
DE/For-Profit/RN,2024-10-01,0.05799648506151142,0.06265601651315277
DE/For-Profit/RN,2024-11-01,0.06239168110918544,0.05893252319693363
DE/For-Profit/RN,2024-12-01,0.07719928186714542,0.08365704547403766
DE/For-Profit/RN,2025-01-01,0.048824593128390596,0.06054016920336314
DE/For-Profit/RN,2025-02-01,0.08041958041958042,0.05943916716722654
DE/For-Profit/RN,2025-03-01,0.06379310344827586,0.07851325730238956
DE/Non-Profit/CNA,2022-10-01,0.06374501992031872,0.053544670161204885
DE/Non-Profit/CNA,2022-11-01,0.04526748971193416,0.047170186938434416
DE/Non-Profit/CNA,2022-12-01,0.05785123966942149,0.07046167047048242
DE/Non-Profit/CNA,2023-01-01,0.0603448275862069,0.04989067841900216
DE/Non-Profit/CNA,2023-02-01,0.05309734513274336,0.04806381569524193
DE/Non-Profit/CNA,2023-03-01,0.03982300884955752,0.0670259289355988
DE/Non-Profit/CNA,2023-04-01,0.06694560669456066,0.04928922836944433
DE/Non-Profit/CNA,2023-05-01,0.017316017316017316,0.051867589521470844
DE/Non-Profit/CNA,2023-06-01,0.038910505836575876,0.0649011440511645
DE/Non-Profit/CNA,2023-07-01,0.05725190839694656,0.054874666325329925
DE/Non-Profit/CNA,2023-08-01,0.08214285714285714,0.057749946312231674
DE/Non-Profit/CNA,2023-09-01,0.10384615384615385,0.06756822333680632
DE/Non-Profit/CNA,2023-10-01,0.0695970695970696,0.054283840942462115
DE/Non-Profit/CNA,2023-11-01,0.0449438202247191,0.04781363368132977
DE/Non-Profit/CNA,2023-12-01,0.05660377358490566,0.07085025442298244
DE/Non-Profit/CNA,2024-01-01,0.04905660377358491,0.05015388624598354
DE/Non-Profit/CNA,2024-02-01,0.055970149253731345,0.04833082812112195
DE/Non-Profit/CNA,2024-03-01,0.08118081180811808,0.06733248093941532
DE/Non-Profit/CNA,2024-04-01,0.05343511450381679,0.04903385234870725
DE/Non-Profit/CNA,2024-05-01,0.06818181818181818,0.05117788311850663
DE/Non-Profit/CNA,2024-06-01,0.04477611940298507,0.06313833786470542
DE/Non-Profit/CNA,2024-07-01,0.06093189964157706,0.05190338910095605
DE/Non-Profit/CNA,2024-08-01,0.045774647887323945,0.05340396615573684
DE/Non-Profit/CNA,2024-09-01,0.06993006993006994,0.062450430116867864
DE/Non-Profit/CNA,2024-10-01,0.05517241379310345,0.04871522891026327
DE/Non-Profit/CNA,2024-11-01,0.030716723549488054,0.0417984763030792
DE/Non-Profit/CNA,2024-12-01,0.06825938566552901,0.06458472556161585
DE/Non-Profit/CNA,2025-01-01,0.024390243902439025,0.0435088389088621
DE/Non-Profit/CNA,2025-02-01,0.027586206896551724,0.04149376267340045
DE/Non-Profit/CNA,2025-03-01,0.04666666666666667,0.06056417087039172
DE/Non-Profit/LPN,2022-10-01,0.02912621359223301,0.03725169163779362
DE/Non-Profit/LPN,2022-11-01,0.02040816326530612,0.03135050421581857
DE/Non-Profit/LPN,2022-12-01,0.041666666666666664,0.0540965288116238
DE/Non-Profit/LPN,2023-01-01,0.050505050505050504,0.03546912508538541
DE/Non-Profit/LPN,2023-02-01,0.030303030303030304,0.03260713178691274
DE/Non-Profit/LPN,2023-03-01,0.07,0.05254676032699417
DE/Non-Profit/LPN,2023-04-01,0.02127659574468085,0.03163217196334
DE/Non-Profit/LPN,2023-05-01,0.041237113402061855,0.03566967654681408
DE/Non-Profit/LPN,2023-06-01,0.06862745098039216,0.04998270724075654
DE/Non-Profit/LPN,2023-07-01,0.019801980198019802,0.03588787033239267
DE/Non-Profit/LPN,2023-08-01,0.028846153846153848,0.0383639904758072
DE/Non-Profit/LPN,2023-09-01,0.04504504504504504,0.046591371338946905
DE/Non-Profit/LPN,2023-10-01,0.059322033898305086,0.03445985965677664
DE/Non-Profit/LPN,2023-11-01,0.05263157894736842,0.02836241510910825
DE/Non-Profit/LPN,2023-12-01,0.027777777777777776,0.05031375852714611
DE/Non-Profit/LPN,2024-01-01,0.03508771929824561,0.031016778973086304
DE/Non-Profit/LPN,2024-02-01,0.043478260869565216,0.02766579531830477
DE/Non-Profit/LPN,2024-03-01,0.009009009009009009,0.046877484983443685
DE/Non-Profit/LPN,2024-04-01,0.008403361344537815,0.02598604020605985
DE/Non-Profit/LPN,2024-05-01,0.008695652173913044,0.030160687902122944
DE/Non-Profit/LPN,2024-06-01,0.03937007874015748,0.044998773159992955
DE/Non-Profit/LPN,2024-07-01,0.031496062992125984,0.031692519887155435
DE/Non-Profit/LPN,2024-08-01,0.056451612903225805,0.034772935976580696
DE/Non-Profit/LPN,2024-09-01,0.03305785123966942,0.043267659750754396
DE/Non-Profit/LPN,2024-10-01,0.03333333333333333,0.031370367632637626
DE/Non-Profit/LPN,2024-11-01,0.0,0.02588226161116655
DE/Non-Profit/LPN,2024-12-01,0.0423728813559322,0.04919989008286238
DE/Non-Profit/LPN,2025-01-01,0.05309734513274336,0.031103582658738027
DE/Non-Profit/LPN,2025-02-01,0.017543859649122806,0.02866599847143657
DE/Non-Profit/LPN,2025-03-01,0.0782608695652174,0.049112153049081606
DE/Non-Profit/RN,2022-10-01,0.03787878787878788,0.033206211601272295
DE/Non-Profit/RN,2022-11-01,0.022222222222222223,0.02873677555437101
DE/Non-Profit/RN,2022-12-01,0.05263157894736842,0.050348554620675647
DE/Non-Profit/RN,2023-01-01,0.05185185185185185,0.031022278956873824
DE/Non-Profit/RN,2023-02-01,0.014814814814814815,0.027294499057268662
DE/Non-Profit/RN,2023-03-01,0.022900763358778626,0.04562284000307506
DE/Non-Profit/RN,2023-04-01,0.030534351145038167,0.028156554462977837
DE/Non-Profit/RN,2023-05-01,0.029850746268656716,0.03205476748594424
DE/Non-Profit/RN,2023-06-01,0.029850746268656716,0.0439036493292775
DE/Non-Profit/RN,2023-07-01,0.015625,0.03125390595481457
DE/Non-Profit/RN,2023-08-01,0.036231884057971016,0.033756534131377885
DE/Non-Profit/RN,2023-09-01,0.03546099290780142,0.04267820487770923
DE/Non-Profit/RN,2023-10-01,0.028368794326241134,0.030237494776221216
DE/Non-Profit/RN,2023-11-01,0.03597122302158273,0.026457949361671326
DE/Non-Profit/RN,2023-12-01,0.014598540145985401,0.04860063495494853
DE/Non-Profit/RN,2024-01-01,0.05,0.030332479566707274
DE/Non-Profit/RN,2024-02-01,0.0425531914893617,0.02762456496086521
DE/Non-Profit/RN,2024-03-01,0.03597122302158273,0.04653390184923997
DE/Non-Profit/RN,2024-04-01,0.051470588235294115,0.0294461556094446
DE/Non-Profit/RN,2024-05-01,0.0661764705882353,0.03344744334691266
DE/Non-Profit/RN,2024-06-01,0.046511627906976744,0.04488709508742618
DE/Non-Profit/RN,2024-07-01,0.031746031746031744,0.0317272155890366
DE/Non-Profit/RN,2024-08-01,0.023076923076923078,0.033565311940860196
DE/Non-Profit/RN,2024-09-01,0.03875968992248062,0.042032130365853265
DE/Non-Profit/RN,2024-10-01,0.022727272727272728,0.028996138624388205
DE/Non-Profit/RN,2024-11-01,0.03759398496240601,0.024737480005817852
DE/Non-Profit/RN,2024-12-01,0.03816793893129771,0.04630400220782853
DE/Non-Profit/RN,2025-01-01,0.022556390977443608,0.02716400498624608
DE/Non-Profit/RN,2025-02-01,0.015384615384615385,0.023867936653210596
DE/Non-Profit/RN,2025-03-01,0.030534351145038167,0.0425838187124746
FL/For-Profit/CNA,2022-10-01,0.09190288985447272,0.0824357541457002
FL/For-Profit/CNA,2022-11-01,0.07630578628748416,0.07760918704856627
FL/For-Profit/CNA,2022-12-01,0.08948694617484426,0.10128490019060554
FL/For-Profit/CNA,2023-01-01,0.0825149336843171,0.08081494959019617
FL/For-Profit/CNA,2023-02-01,0.07926126736699424,0.07961178545723607
FL/For-Profit/CNA,2023-03-01,0.09969284188034189,0.0996459020552803
FL/For-Profit/CNA,2023-04-01,0.08723698875341956,0.08099022636503758
FL/For-Profit/CNA,2023-05-01,0.08684419713831479,0.08497951564917074
FL/For-Profit/CNA,2023-06-01,0.10382057024434269,0.09961533687149719
FL/For-Profit/CNA,2023-07-01,0.0876439137993243,0.0864381283912848
FL/For-Profit/CNA,2023-08-01,0.10195976300540399,0.08888993449764132
FL/For-Profit/CNA,2023-09-01,0.08958380788129251,0.09744272561596312
FL/For-Profit/CNA,2023-10-01,0.087108351925502,0.08523856030678635
FL/For-Profit/CNA,2023-11-01,0.08362097036795832,0.08021815429930382
FL/For-Profit/CNA,2023-12-01,0.11883342535156377,0.10367375521331676
FL/For-Profit/CNA,2024-01-01,0.0812964084260174,0.08269369839474232
FL/For-Profit/CNA,2024-02-01,0.08541334184487712,0.08105644353578956
FL/For-Profit/CNA,2024-03-01,0.10311032678914694,0.10052525984284588
FL/For-Profit/CNA,2024-04-01,0.07964826513444018,0.08122300148839913
FL/For-Profit/CNA,2024-05-01,0.08089690041767421,0.08465672456616197
FL/For-Profit/CNA,2024-06-01,0.1232372587827808,0.09893913817329873
FL/For-Profit/CNA,2024-07-01,0.08062869341913927,0.08507264043655338
FL/For-Profit/CNA,2024-08-01,0.08433994823123382,0.086925582909714
FL/For-Profit/CNA,2024-09-01,0.09816485225505443,0.09508258300128927
FL/For-Profit/CNA,2024-10-01,0.08388991960420532,0.0823116729412618
FL/For-Profit/CNA,2024-11-01,0.07074015748031497,0.07672437846312978
FL/For-Profit/CNA,2024-12-01,0.08412148453350814,0.09977850539199863
FL/For-Profit/CNA,2025-01-01,0.07647003832850331,0.07873727774902377
FL/For-Profit/CNA,2025-02-01,0.07504444652381398,0.0769741573935803
FL/For-Profit/CNA,2025-03-01,0.08639569413511507,0.09648651123754626
FL/For-Profit/LPN,2022-10-01,0.09420064322025107,0.08775126854057773
FL/For-Profit/LPN,2022-11-01,0.0830990315526398,0.08319068089177896
FL/For-Profit/LPN,2022-12-01,0.10242449147318677,0.10709766749209498
FL/For-Profit/LPN,2023-01-01,0.08926080892608089,0.0864887589013281
FL/For-Profit/LPN,2023-02-01,0.08565116979616427,0.08522369096279468
FL/For-Profit/LPN,2023-03-01,0.10571428571428572,0.10510791088160115
FL/For-Profit/LPN,2023-04-01,0.095096287472702,0.08680160214755836
FL/For-Profit/LPN,2023-05-01,0.09878463782207098,0.09110269012747704
FL/For-Profit/LPN,2023-06-01,0.12109948156118557,0.10568598508593427
FL/For-Profit/LPN,2023-07-01,0.08942298336090299,0.09188304634114887
FL/For-Profit/LPN,2023-08-01,0.1058327746384446,0.09414926244866548
FL/For-Profit/LPN,2023-09-01,0.09923518164435946,0.10286219795524616
FL/For-Profit/LPN,2023-10-01,0.09899218234906282,0.0902406938716229
FL/For-Profit/LPN,2023-11-01,0.09435203458321587,0.0850756019045151
FL/For-Profit/LPN,2023-12-01,0.12591189009947892,0.10812811796118525
FL/For-Profit/LPN,2024-01-01,0.08604348634082884,0.08646654736061368
FL/For-Profit/LPN,2024-02-01,0.08713347516418463,0.08428707152607307
FL/For-Profit/LPN,2024-03-01,0.10391994859083815,0.1032292758557166
FL/For-Profit/LPN,2024-04-01,0.07904700341675132,0.08380039353752895
FL/For-Profit/LPN,2024-05-01,0.08663343905754418,0.0872917901221493
FL/For-Profit/LPN,2024-06-01,0.12253928119920535,0.10103537028758589
FL/For-Profit/LPN,2024-07-01,0.08110799312030416,0.08640527416304264
FL/For-Profit/LPN,2024-08-01,0.0839186025571763,0.08790947830216805
FL/For-Profit/LPN,2024-09-01,0.09813168873571558,0.09607140442476067
FL/For-Profit/LPN,2024-10-01,0.07867741344568602,0.08284134407527555
FL/For-Profit/LPN,2024-11-01,0.06957884065984701,0.07715952938360975
FL/For-Profit/LPN,2024-12-01,0.08271991166728009,0.10014226037027842
FL/For-Profit/LPN,2025-01-01,0.07151392591230811,0.07868872892698821
FL/For-Profit/LPN,2025-02-01,0.07230255839822025,0.07678440257966766
FL/For-Profit/LPN,2025-03-01,0.07837738619676946,0.09616079543204464
FL/For-Profit/RN,2022-10-01,0.0962278675904542,0.08897635464137621
FL/For-Profit/RN,2022-11-01,0.08462732919254658,0.08446119022231965
FL/For-Profit/RN,2022-12-01,0.10511918718249316,0.1080616063632226
FL/For-Profit/RN,2023-01-01,0.09458264932440964,0.08749276026574947
FL/For-Profit/RN,2023-02-01,0.08754716981132075,0.08615152479993154
FL/For-Profit/RN,2023-03-01,0.10571216617210683,0.10624504577096197
FL/For-Profit/RN,2023-04-01,0.09528535980148883,0.08773776418888055
FL/For-Profit/RN,2023-05-01,0.09141542559631917,0.09128303722237929
FL/For-Profit/RN,2023-06-01,0.1102486355366889,0.10621214012747462
FL/For-Profit/RN,2023-07-01,0.0859804155720086,0.09252960740423036
FL/For-Profit/RN,2023-08-01,0.10965116279069767,0.0952762746422979
FL/For-Profit/RN,2023-09-01,0.1058592395700913,0.10412774343087065
FL/For-Profit/RN,2023-10-01,0.10505394662123793,0.09172968888470379
FL/For-Profit/RN,2023-11-01,0.09580022701475596,0.08670353853041202
FL/For-Profit/RN,2023-12-01,0.11763372620126926,0.1096469806380968
FL/For-Profit/RN,2024-01-01,0.08709005155204563,0.0883210318647068
FL/For-Profit/RN,2024-02-01,0.08840800347977382,0.08631488261393541
FL/For-Profit/RN,2024-03-01,0.11245152951314089,0.10578212241434146
FL/For-Profit/RN,2024-04-01,0.08348515700353659,0.08648574369295106
FL/For-Profit/RN,2024-05-01,0.08467013704451291,0.08938474568077541
FL/For-Profit/RN,2024-06-01,0.13133228014744602,0.10364511651532135
FL/For-Profit/RN,2024-07-01,0.08484020185029437,0.08912002072192844
FL/For-Profit/RN,2024-08-01,0.0828550558280288,0.09092871854645763
FL/For-Profit/RN,2024-09-01,0.0988942207385771,0.09908269299798189
FL/For-Profit/RN,2024-10-01,0.08177083333333333,0.08601264959957311
FL/For-Profit/RN,2024-11-01,0.07642310514729007,0.08061794162040714
FL/For-Profit/RN,2024-12-01,0.08985355648535565,0.10338364072395224
FL/For-Profit/RN,2025-01-01,0.07654807592573384,0.08218859358765013
FL/For-Profit/RN,2025-02-01,0.0776597959608578,0.0802999430688554
FL/For-Profit/RN,2025-03-01,0.08612291429163643,0.09987063918291576
FL/Government/CNA,2022-10-01,0.04200542005420054,0.04300853473972305
FL/Government/CNA,2022-11-01,0.029333333333333333,0.03784436253188005
FL/Government/CNA,2022-12-01,0.041504539559014265,0.060165386032296556
FL/Government/CNA,2023-01-01,0.032552083333333336,0.04117619150959512
FL/Government/CNA,2023-02-01,0.03949044585987261,0.03970652649148148
FL/Government/CNA,2023-03-01,0.05822784810126582,0.05937664484515233
FL/Government/CNA,2023-04-01,0.05806451612903226,0.04081081613667814
FL/Government/CNA,2023-05-01,0.04509283819628647,0.044397655226468595
FL/Government/CNA,2023-06-01,0.09090909090909091,0.0589646964598151
FL/Government/CNA,2023-07-01,0.051630434782608696,0.04521260266410329
FL/Government/CNA,2023-08-01,0.04495912806539509,0.04629171085294459
FL/Government/CNA,2023-09-01,0.03795811518324607,0.05419481207097871
FL/Government/CNA,2023-10-01,0.043758043758043756,0.04164120951373876
FL/Government/CNA,2023-11-01,0.036616161616161616,0.036432058433688415
FL/Government/CNA,2023-12-01,0.052303860523038606,0.05853212584477708
FL/Government/CNA,2024-01-01,0.04807692307692308,0.03917199359239448
FL/Government/CNA,2024-02-01,0.05066344993968637,0.03716237431920798
FL/Government/CNA,2024-03-01,0.05773955773955774,0.05608973706324448
FL/Government/CNA,2024-04-01,0.025348542458808618,0.0366363268504604
FL/Government/CNA,2024-05-01,0.03902439024390244,0.03974432186153233
FL/Government/CNA,2024-06-01,0.057001239157372985,0.05392838999171039
FL/Government/CNA,2024-07-01,0.04606060606060606,0.040141889229653685
FL/Government/CNA,2024-08-01,0.03866666666666667,0.041120530427587836
FL/Government/CNA,2024-09-01,0.0423841059602649,0.04907417579617883
FL/Government/CNA,2024-10-01,0.02976190476190476,0.03637302717664104
FL/Government/CNA,2024-11-01,0.027413587604290822,0.031139258101674644
FL/Government/CNA,2024-12-01,0.027972027972027972,0.05332945296752014
FL/Government/CNA,2025-01-01,0.046137339055793994,0.03424769825249582
FL/Government/CNA,2025-02-01,0.03297872340425532,0.03241348864210518
FL/Government/CNA,2025-03-01,0.044147843942505136,0.051772274483387754
FL/Government/LPN,2022-10-01,0.029850746268656716,0.04306845586591545
FL/Government/LPN,2022-11-01,0.035,0.03855292678394395
FL/Government/LPN,2022-12-01,0.020100502512562814,0.0600171571781525
FL/Government/LPN,2023-01-01,0.029556650246305417,0.041540010928756824
FL/Government/LPN,2023-02-01,0.04433497536945813,0.04151774782380892
FL/Government/LPN,2023-03-01,0.04060913705583756,0.06092014151505775
FL/Government/LPN,2023-04-01,0.08542713567839195,0.04490058272006977
FL/Government/LPN,2023-05-01,0.05641025641025641,0.04815189341343234
FL/Government/LPN,2023-06-01,0.11734693877551021,0.06275365934848173
FL/Government/LPN,2023-07-01,0.06629834254143646,0.04846198226934925
FL/Government/LPN,2023-08-01,0.021621621621621623,0.04782408812733807
FL/Government/LPN,2023-09-01,0.029411764705882353,0.05643177178918697
FL/Government/LPN,2023-10-01,0.04807692307692308,0.044346706996108216
FL/Government/LPN,2023-11-01,0.038834951456310676,0.03983336295449159
FL/Government/LPN,2023-12-01,0.04265402843601896,0.06119692130699986
FL/Government/LPN,2024-01-01,0.041666666666666664,0.04250093366414784
FL/Government/LPN,2024-02-01,0.05,0.04210328110012936
FL/Government/LPN,2024-03-01,0.05555555555555555,0.06104523229931681
FL/Government/LPN,2024-04-01,0.06572769953051644,0.0443303137556399
FL/Government/LPN,2024-05-01,0.07246376811594203,0.04715322410711738
FL/Government/LPN,2024-06-01,0.06965174129353234,0.06110552392527163
FL/Government/LPN,2024-07-01,0.0481283422459893,0.046747798670430794
FL/Government/LPN,2024-08-01,0.028089887640449437,0.046204949474909184
FL/Government/LPN,2024-09-01,0.04371584699453552,0.054785029462506546
FL/Government/LPN,2024-10-01,0.03125,0.04244322442758907
FL/Government/LPN,2024-11-01,0.036458333333333336,0.03801203665961068
FL/Government/LPN,2024-12-01,0.031578947368421054,0.05944398027526706
FL/Government/LPN,2025-01-01,0.04128440366972477,0.04080588965295538
FL/Government/LPN,2025-02-01,0.05309734513274336,0.040501502383944434
FL/Government/LPN,2025-03-01,0.06896551724137931,0.059454870805801564
FL/Government/RN,2022-10-01,0.01639344262295082,0.03343742775754463
FL/Government/RN,2022-11-01,0.015772870662460567,0.029032089596809772
FL/Government/RN,2022-12-01,0.04984423676012461,0.05152853728839743
FL/Government/RN,2023-01-01,0.051515151515151514,0.032233244658062765
FL/Government/RN,2023-02-01,0.036923076923076927,0.030710633731940617
FL/Government/RN,2023-03-01,0.033846153846153845,0.049308181539563456
FL/Government/RN,2023-04-01,0.0425531914893617,0.030628481584454314
FL/Government/RN,2023-05-01,0.021341463414634148,0.032525873553975
FL/Government/RN,2023-06-01,0.06287425149700598,0.04734976375864097
FL/Government/RN,2023-07-01,0.02735562310030395,0.034042066355669184
FL/Government/RN,2023-08-01,0.029850746268656716,0.03630288751268946
FL/Government/RN,2023-09-01,0.026470588235294117,0.04416026521476964
FL/Government/RN,2023-10-01,0.054285714285714284,0.031914821642520894
FL/Government/RN,2023-11-01,0.04142011834319527,0.027394694123425777
FL/Government/RN,2023-12-01,0.029411764705882353,0.04942281004066716
FL/Government/RN,2024-01-01,0.029891304347826088,0.029959783182083005
FL/Government/RN,2024-02-01,0.03208556149732621,0.02846180516507315
FL/Government/RN,2024-03-01,0.07088607594936709,0.047165489479211814
FL/Government/RN,2024-04-01,0.03713527851458886,0.02811626522657222
FL/Government/RN,2024-05-01,0.0079155672823219,0.029624157515503863
FL/Government/RN,2024-06-01,0.03773584905660377,0.04409332489742847
FL/Government/RN,2024-07-01,0.028645833333333332,0.030876201412260166
FL/Government/RN,2024-08-01,0.045584045584045586,0.033104419408595695
FL/Government/RN,2024-09-01,0.03206997084548105,0.04067831742726283
FL/Government/RN,2024-10-01,0.01282051282051282,0.027950642462891133
FL/Government/RN,2024-11-01,0.02278481012658228,0.023632552849921967
FL/Government/RN,2024-12-01,0.03307888040712468,0.046052515767305485
FL/Government/RN,2025-01-01,0.031630170316301706,0.026857634341206273
FL/Government/RN,2025-02-01,0.04116222760290557,0.02551334422391969
FL/Government/RN,2025-03-01,0.03058823529411765,0.04425390990828921
FL/Non-Profit/CNA,2022-10-01,0.05292353823088456,0.05395170162185204
FL/Non-Profit/CNA,2022-11-01,0.051603281133482476,0.04940613970866672
FL/Non-Profit/CNA,2022-12-01,0.06547797422834882,0.07188060323004308
FL/Non-Profit/CNA,2023-01-01,0.05254491017964072,0.05221024245131304
FL/Non-Profit/CNA,2023-02-01,0.049073230021270134,0.050305718339345815
FL/Non-Profit/CNA,2023-03-01,0.059452137266706805,0.06972662662668064
FL/Non-Profit/CNA,2023-04-01,0.055142032507975086,0.05143385741081929
FL/Non-Profit/CNA,2023-05-01,0.05033052884615385,0.05476436680668959
FL/Non-Profit/CNA,2023-06-01,0.06521739130434782,0.06821847112637605
FL/Non-Profit/CNA,2023-07-01,0.05545016780971837,0.056068229140375
FL/Non-Profit/CNA,2023-08-01,0.05583162817889506,0.05830753706484712
FL/Non-Profit/CNA,2023-09-01,0.06784279977051061,0.06748732667986154
FL/Non-Profit/CNA,2023-10-01,0.05687134502923977,0.05485334165571663
FL/Non-Profit/CNA,2023-11-01,0.052770836395707774,0.0504656281501019
FL/Non-Profit/CNA,2023-12-01,0.059090244259178,0.07312883859241603
FL/Non-Profit/CNA,2024-01-01,0.06724694651130142,0.05363414826850381
FL/Non-Profit/CNA,2024-02-01,0.054506742370475515,0.05180452933888529
FL/Non-Profit/CNA,2024-03-01,0.07088500563697858,0.07120981405892005
FL/Non-Profit/CNA,2024-04-01,0.06303765336341842,0.05280413898598637
FL/Non-Profit/CNA,2024-05-01,0.05782792665726375,0.0560547466620687
FL/Non-Profit/CNA,2024-06-01,0.06501895801151523,0.06918936069033399
FL/Non-Profit/CNA,2024-07-01,0.05625431928127159,0.056851218498898244
FL/Non-Profit/CNA,2024-08-01,0.05826300027225701,0.05895038193419515
FL/Non-Profit/CNA,2024-09-01,0.07125171939477304,0.06791206623459521
FL/Non-Profit/CNA,2024-10-01,0.053329686859018184,0.055025449611862814
FL/Non-Profit/CNA,2024-11-01,0.055777441123812145,0.05045845813578646
FL/Non-Profit/CNA,2024-12-01,0.05767623293396489,0.07288991264221695
FL/Non-Profit/CNA,2025-01-01,0.054570259208731244,0.05327153183546637
FL/Non-Profit/CNA,2025-02-01,0.05875892366831411,0.051374705786957124
FL/Non-Profit/CNA,2025-03-01,0.0663643858202803,0.07066685787044935
FL/Non-Profit/LPN,2022-10-01,0.05745341614906832,0.05897752884992092
FL/Non-Profit/LPN,2022-11-01,0.05708460754332314,0.05418977643623091
FL/Non-Profit/LPN,2022-12-01,0.06384065372829417,0.07683587185507554
FL/Non-Profit/LPN,2023-01-01,0.06629834254143646,0.05713807015085025
FL/Non-Profit/LPN,2023-02-01,0.04971809328549462,0.05547016520224682
FL/Non-Profit/LPN,2023-03-01,0.06617283950617284,0.0749186567496056
FL/Non-Profit/LPN,2023-04-01,0.05480817140009965,0.05611688588206119
FL/Non-Profit/LPN,2023-05-01,0.06299603174603174,0.060127107664119064
FL/Non-Profit/LPN,2023-06-01,0.08544461003477397,0.07441485989424568
FL/Non-Profit/LPN,2023-07-01,0.0665390138822403,0.061980290025021555
FL/Non-Profit/LPN,2023-08-01,0.06244087038789026,0.06327319218511668
FL/Non-Profit/LPN,2023-09-01,0.06891634980988594,0.07260531643146569
FL/Non-Profit/LPN,2023-10-01,0.06004842615012106,0.05997583714022168
FL/Non-Profit/LPN,2023-11-01,0.052884615384615384,0.05518402795169511
FL/Non-Profit/LPN,2023-12-01,0.06983372921615202,0.07786339285315855
FL/Non-Profit/LPN,2024-01-01,0.06255792400370713,0.058170790493295
FL/Non-Profit/LPN,2024-02-01,0.058383932741709485,0.056525953559497535
FL/Non-Profit/LPN,2024-03-01,0.07441860465116279,0.0760089593168297
FL/Non-Profit/LPN,2024-04-01,0.059149722735674676,0.057172261089185675
FL/Non-Profit/LPN,2024-05-01,0.05462962962962963,0.06110348977171456
FL/Non-Profit/LPN,2024-06-01,0.07366482504604052,0.07535720150034649
FL/Non-Profit/LPN,2024-07-01,0.06951385733757383,0.06300996195402837
FL/Non-Profit/LPN,2024-08-01,0.05658669081032141,0.0644481058901021
FL/Non-Profit/LPN,2024-09-01,0.08264840182648402,0.07408508312791152
FL/Non-Profit/LPN,2024-10-01,0.06856111862877763,0.06146091864579649
FL/Non-Profit/LPN,2024-11-01,0.05941043083900227,0.056686795413806376
FL/Non-Profit/LPN,2024-12-01,0.06905951840072694,0.07938963712009606
FL/Non-Profit/LPN,2025-01-01,0.05537902859736723,0.05961791174315192
FL/Non-Profit/LPN,2025-02-01,0.07162041181736795,0.05801547079448396
FL/Non-Profit/LPN,2025-03-01,0.07450628366247755,0.0773976458352349
FL/Non-Profit/RN,2022-10-01,0.05796395518753044,0.05820280235942042
FL/Non-Profit/RN,2022-11-01,0.06277160791887977,0.05397239197133451
FL/Non-Profit/RN,2022-12-01,0.08552317247969422,0.07657964615798178
FL/Non-Profit/RN,2023-01-01,0.056088207094918505,0.05564883448099779
FL/Non-Profit/RN,2023-02-01,0.0606203007518797,0.054267662378317275
FL/Non-Profit/RN,2023-03-01,0.06816059757236227,0.0726617238503096
FL/Non-Profit/RN,2023-04-01,0.052083333333333336,0.0538932029926739
FL/Non-Profit/RN,2023-05-01,0.05863490609253321,0.057574475846363465
FL/Non-Profit/RN,2023-06-01,0.055762081784386616,0.07001848345736476
FL/Non-Profit/RN,2023-07-01,0.05572755417956656,0.05798022903763346
FL/Non-Profit/RN,2023-08-01,0.06117136659436009,0.05977375618200508
FL/Non-Profit/RN,2023-09-01,0.07211120764552563,0.0690124999815911
FL/Non-Profit/RN,2023-10-01,0.061384414453635176,0.05613572098704364
FL/Non-Profit/RN,2023-11-01,0.055381866904868245,0.051714651092296504
FL/Non-Profit/RN,2023-12-01,0.06281066425666516,0.07414063937913334
FL/Non-Profit/RN,2024-01-01,0.05477107402652974,0.05333717902203821
FL/Non-Profit/RN,2024-02-01,0.056643952299829645,0.05210358391499105
FL/Non-Profit/RN,2024-03-01,0.05662805662805663,0.07066661257564881
FL/Non-Profit/RN,2024-04-01,0.05454545454545454,0.052144821988062924
FL/Non-Profit/RN,2024-05-01,0.059789473684210524,0.05619129699391846
FL/Non-Profit/RN,2024-06-01,0.06658395368072788,0.0688942571312434
FL/Non-Profit/RN,2024-07-01,0.06167400881057269,0.05700017181551825
FL/Non-Profit/RN,2024-08-01,0.05307599517490953,0.05877333690208301
FL/Non-Profit/RN,2024-09-01,0.06888265919102923,0.06805757534022709
FL/Non-Profit/RN,2024-10-01,0.05489260143198091,0.05517382469896558
FL/Non-Profit/RN,2024-11-01,0.05821782178217822,0.05102172193860038
FL/Non-Profit/RN,2024-12-01,0.05954743946010321,0.07365405261813797
FL/Non-Profit/RN,2025-01-01,0.0504334121355398,0.053049471932353535
FL/Non-Profit/RN,2025-02-01,0.0625,0.05192879165612599
FL/Non-Profit/RN,2025-03-01,0.06684803731053245,0.07062649424327462
GA/For-Profit/CNA,2022-10-01,0.08858858858858859,0.08858961141103477
GA/For-Profit/CNA,2022-11-01,0.09011295849727123,0.0846832456228768
GA/For-Profit/CNA,2022-12-01,0.10448896779102207,0.10810433018990814
GA/For-Profit/CNA,2023-01-01,0.09614199433008751,0.08856499777577544
GA/For-Profit/CNA,2023-02-01,0.08288935695700657,0.08673277715643057
GA/For-Profit/CNA,2023-03-01,0.10489678348535765,0.10653764800522178
GA/For-Profit/CNA,2023-04-01,0.09111894059045074,0.08838021154095455
GA/For-Profit/CNA,2023-05-01,0.09218009478672985,0.09248090838035122
GA/For-Profit/CNA,2023-06-01,0.10109915273643233,0.1063627261483618
GA/For-Profit/CNA,2023-07-01,0.09759131516453692,0.09518554352276012
GA/For-Profit/CNA,2023-08-01,0.09915611814345991,0.09703831027298546
GA/For-Profit/CNA,2023-09-01,0.1074361820199778,0.10658796406682677
GA/For-Profit/CNA,2023-10-01,0.09442890944289094,0.09356349388738476
GA/For-Profit/CNA,2023-11-01,0.09258465495070724,0.089599430673417
GA/For-Profit/CNA,2023-12-01,0.09939563997409885,0.11291637424127027
GA/For-Profit/CNA,2024-01-01,0.10397295012679628,0.09353784211912106
GA/For-Profit/CNA,2024-02-01,0.10136286201022146,0.09176051986426947
GA/For-Profit/CNA,2024-03-01,0.105747856462369,0.11145550685771563
GA/For-Profit/CNA,2024-04-01,0.09538883612957687,0.09322943920925644
GA/For-Profit/CNA,2024-05-01,0.1011510644799837,0.09721267098562936
GA/For-Profit/CNA,2024-06-01,0.11562998405103668,0.11095442080272053
GA/For-Profit/CNA,2024-07-01,0.12137100689387319,0.09949484961888101
GA/For-Profit/CNA,2024-08-01,0.10731997619519937,0.10078021704563231
GA/For-Profit/CNA,2024-09-01,0.12005224030540486,0.10967430213210891
GA/For-Profit/CNA,2024-10-01,0.09423823265996617,0.09600790993555802
GA/For-Profit/CNA,2024-11-01,0.08866279069767442,0.09131877623383879
GA/For-Profit/CNA,2024-12-01,0.10846939749832904,0.11401441566178447
GA/For-Profit/CNA,2025-01-01,0.09510421715947649,0.09383734493018078
GA/For-Profit/CNA,2025-02-01,0.09004551751434792,0.09149881430888543
GA/For-Profit/CNA,2025-03-01,0.09851265211512458,0.1107269136673888
GA/For-Profit/LPN,2022-10-01,0.06801560214529498,0.0727511256268559
GA/For-Profit/LPN,2022-11-01,0.06377739473036198,0.06877613728910603
GA/For-Profit/LPN,2022-12-01,0.09629808855552867,0.09313331559589764
GA/For-Profit/LPN,2023-01-01,0.07911617961511047,0.07268050287059322
GA/For-Profit/LPN,2023-02-01,0.058696175126293,0.07042834382057964
GA/For-Profit/LPN,2023-03-01,0.08278611632270169,0.09015595557683052
GA/For-Profit/LPN,2023-04-01,0.06386554621848739,0.07168537167490925
GA/For-Profit/LPN,2023-05-01,0.07139502113668389,0.07603621742721949
GA/For-Profit/LPN,2023-06-01,0.07801084138581192,0.08987934241624229
GA/For-Profit/LPN,2023-07-01,0.07512286449801077,0.07880161803237246
GA/For-Profit/LPN,2023-08-01,0.08059701492537313,0.0815020632720261
GA/For-Profit/LPN,2023-09-01,0.09124509124509124,0.09112066028735258
GA/For-Profit/LPN,2023-10-01,0.07848383500557414,0.07918508264301376
GA/For-Profit/LPN,2023-11-01,0.0920381459303615,0.07581172300740024
GA/For-Profit/LPN,2023-12-01,0.10518157661647476,0.1004418012661174
GA/For-Profit/LPN,2024-01-01,0.09607756721022477,0.08021537702648061
GA/For-Profit/LPN,2024-02-01,0.08141869283961632,0.07807715391458482
GA/For-Profit/LPN,2024-03-01,0.090689503732982,0.09782031895663149
GA/For-Profit/LPN,2024-04-01,0.08405029781601589,0.0793039763822657
GA/For-Profit/LPN,2024-05-01,0.08353273874265825,0.0833760569161421
GA/For-Profit/LPN,2024-06-01,0.0977459904638058,0.09693827629004595
GA/For-Profit/LPN,2024-07-01,0.099368054042275,0.08536477110671967
GA/For-Profit/LPN,2024-08-01,0.08795368514807393,0.08738300838381666
GA/For-Profit/LPN,2024-09-01,0.08977556109725686,0.09621020595847703
GA/For-Profit/LPN,2024-10-01,0.08247653106839517,0.08351457612496718
GA/For-Profit/LPN,2024-11-01,0.07773471145564169,0.07945460618671502
GA/For-Profit/LPN,2024-12-01,0.11016420702556641,0.10372032122040452
GA/For-Profit/LPN,2025-01-01,0.0880597014925373,0.08321039057825022
GA/For-Profit/LPN,2025-02-01,0.09379695213565142,0.08089980749524303
GA/For-Profit/LPN,2025-03-01,0.09590517241379311,0.10028292877752946
GA/For-Profit/RN,2022-10-01,0.07603565810173046,0.07492239570168453
GA/For-Profit/RN,2022-11-01,0.06903765690376569,0.07027101379156746
GA/For-Profit/RN,2022-12-01,0.09882478632478632,0.09399339801657507
GA/For-Profit/RN,2023-01-01,0.07763975155279502,0.07348320993129896
GA/For-Profit/RN,2023-02-01,0.07308286155429748,0.07177065708705517
GA/For-Profit/RN,2023-03-01,0.0783811475409836,0.09105342501123564
GA/For-Profit/RN,2023-04-01,0.07337095946639302,0.07266971213316233
GA/For-Profit/RN,2023-05-01,0.06646525679758308,0.07621457839169822
GA/For-Profit/RN,2023-06-01,0.07507507507507508,0.08969876768928929
GA/For-Profit/RN,2023-07-01,0.07568359375,0.07838246545408298
GA/For-Profit/RN,2023-08-01,0.07446300715990453,0.08091318748921517
GA/For-Profit/RN,2023-09-01,0.10282161645145864,0.0913587769285708
GA/For-Profit/RN,2023-10-01,0.09296724470134875,0.07883706208883913
GA/For-Profit/RN,2023-11-01,0.08151382823871907,0.07434281997232128
GA/For-Profit/RN,2023-12-01,0.09774066797642436,0.09807440781412863
GA/For-Profit/RN,2024-01-01,0.07534246575342465,0.07764857045119186
GA/For-Profit/RN,2024-02-01,0.07885824866956942,0.0760540692739069
GA/For-Profit/RN,2024-03-01,0.07994255624700813,0.0955100405320912
GA/For-Profit/RN,2024-04-01,0.08450704225352113,0.0772691946901094
GA/For-Profit/RN,2024-05-01,0.0777619724988146,0.08102053872385298
GA/For-Profit/RN,2024-06-01,0.08712121212121213,0.09456108753016473
GA/For-Profit/RN,2024-07-01,0.0865561694290976,0.08322627043018677
GA/For-Profit/RN,2024-08-01,0.08953168044077135,0.08562711284621802
GA/For-Profit/RN,2024-09-01,0.1077762619372442,0.09573251151530211
GA/For-Profit/RN,2024-10-01,0.08200455580865604,0.08285308285258389
GA/For-Profit/RN,2024-11-01,0.08120035304501325,0.07825122993105504
GA/For-Profit/RN,2024-12-01,0.09394479073909172,0.10200643345995616
GA/For-Profit/RN,2025-01-01,0.09260079751883031,0.08169986946993613
GA/For-Profit/RN,2025-02-01,0.08434275459847465,0.08005615592756207
GA/For-Profit/RN,2025-03-01,0.10939567710630789,0.0994461779613092
GA/Government/CNA,2022-10-01,0.03991130820399113,0.05154917720926736
GA/Government/CNA,2022-11-01,0.04158004158004158,0.0469093305586886
GA/Government/CNA,2022-12-01,0.05432595573440644,0.07072153302475942
GA/Government/CNA,2023-01-01,0.05731225296442688,0.05044276129064081
GA/Government/CNA,2023-02-01,0.053465346534653464,0.04859032598356956
GA/Government/CNA,2023-03-01,0.0499001996007984,0.06718079983814948
GA/Government/CNA,2023-04-01,0.06626506024096386,0.05030887007891303
GA/Government/CNA,2023-05-01,0.05394190871369295,0.054442397506424725
GA/Government/CNA,2023-06-01,0.05106382978723404,0.06731903456334631
GA/Government/CNA,2023-07-01,0.05708661417322835,0.056679560813946386
GA/Government/CNA,2023-08-01,0.054901960784313725,0.05770934084028648
GA/Government/CNA,2023-09-01,0.055876685934489405,0.07144384744232628
GA/Government/CNA,2023-10-01,0.05961538461538462,0.055548408207964306
GA/Government/CNA,2023-11-01,0.05927342256214149,0.05150294831429426
GA/Government/CNA,2023-12-01,0.07262569832402235,0.07566811581218294
GA/Government/CNA,2024-01-01,0.03917910447761194,0.05562240308205768
GA/Government/CNA,2024-02-01,0.05319148936170213,0.05423219498750888
GA/Government/CNA,2024-03-01,0.05169340463458111,0.07347361009042483
GA/Government/CNA,2024-04-01,0.046065259117082535,0.05724535815182737
GA/Government/CNA,2024-05-01,0.06951871657754011,0.0623211943625675
GA/Government/CNA,2024-06-01,0.06707317073170732,0.07608256300093262
GA/Government/CNA,2024-07-01,0.0859504132231405,0.066222585678516
GA/Government/CNA,2024-08-01,0.04317789291882556,0.06768836221614369
GA/Government/CNA,2024-09-01,0.21598639455782312,0.0822975267376143
GA/Government/CNA,2024-10-01,0.05952380952380952,0.06517972066762519
GA/Government/CNA,2024-11-01,0.04835924006908463,0.06007236890562281
GA/Government/CNA,2024-12-01,0.09172661870503597,0.08342062407528966
GA/Government/CNA,2025-01-01,0.07495429616087751,0.06250576137259639
GA/Government/CNA,2025-02-01,0.0449438202247191,0.059877646111206106
GA/Government/CNA,2025-03-01,0.05137614678899083,0.07794546868041521
GA/Government/LPN,2022-10-01,0.037815126050420166,0.0441763832525732
GA/Government/LPN,2022-11-01,0.051587301587301584,0.04074003769942999
GA/Government/LPN,2022-12-01,0.06072874493927125,0.06362503848064142
GA/Government/LPN,2023-01-01,0.028925619834710745,0.043239145340420684
GA/Government/LPN,2023-02-01,0.064,0.041730961537738115
GA/Government/LPN,2023-03-01,0.03643724696356275,0.058636820671508466
GA/Government/LPN,2023-04-01,0.04526748971193416,0.041435308789097305
GA/Government/LPN,2023-05-01,0.04583333333333333,0.044573527266077065
GA/Government/LPN,2023-06-01,0.030837004405286344,0.057337299656927625
GA/Government/LPN,2023-07-01,0.047619047619047616,0.04633810575410008
GA/Government/LPN,2023-08-01,0.054901960784313725,0.04819645970249455
GA/Government/LPN,2023-09-01,0.04780876494023904,0.06232159451994381
GA/Government/LPN,2023-10-01,0.016129032258064516,0.04341707238936514
GA/Government/LPN,2023-11-01,0.039525691699604744,0.040745387924507735
GA/Government/LPN,2023-12-01,0.03937007874015748,0.06457580051914855
GA/Government/LPN,2024-01-01,0.06177606177606178,0.045454779745518835
GA/Government/LPN,2024-02-01,0.061611374407582936,0.04493419312988535
GA/Government/LPN,2024-03-01,0.035856573705179286,0.06284451537298974
GA/Government/LPN,2024-04-01,0.043824701195219126,0.046690239412273946
GA/Government/LPN,2024-05-01,0.03278688524590164,0.050996712471611874
GA/Government/LPN,2024-06-01,0.05177993527508091,0.06515942480612447
GA/Government/LPN,2024-07-01,0.06642066420664207,0.05539029985611116
GA/Government/LPN,2024-08-01,0.04580152671755725,0.058327700525459866
GA/Government/LPN,2024-09-01,0.24812030075187969,0.07373371168219504
GA/Government/LPN,2024-10-01,0.03861003861003861,0.053601690390411266
GA/Government/LPN,2024-11-01,0.03773584905660377,0.049636775628250224
GA/Government/LPN,2024-12-01,0.07142857142857142,0.07226539668575632
GA/Government/LPN,2025-01-01,0.054474708171206226,0.05167051792715902
GA/Government/LPN,2025-02-01,0.03137254901960784,0.04967195829362173
GA/Government/LPN,2025-03-01,0.04263565891472868,0.06663685643405699
GA/Government/RN,2022-10-01,0.02631578947368421,0.04850633659864733
GA/Government/RN,2022-11-01,0.04819277108433735,0.046191482280152484
GA/Government/RN,2022-12-01,0.08125,0.0702565531850892
GA/Government/RN,2023-01-01,0.059602649006622516,0.049321405542190895
GA/Government/RN,2023-02-01,0.05555555555555555,0.046518712949064886
GA/Government/RN,2023-03-01,0.05714285714285714,0.06414367866811158
GA/Government/RN,2023-04-01,0.013888888888888888,0.045606685884399374
GA/Government/RN,2023-05-01,0.04827586206896552,0.05041332843523989
GA/Government/RN,2023-06-01,0.087248322147651,0.06534496134668166
GA/Government/RN,2023-07-01,0.06535947712418301,0.05256729980152629
GA/Government/RN,2023-08-01,0.01948051948051948,0.0526498877452379
GA/Government/RN,2023-09-01,0.031055900621118012,0.06948927100351822
GA/Government/RN,2023-10-01,0.018072289156626505,0.049369021724635226
GA/Government/RN,2023-11-01,0.054878048780487805,0.0481020805291318
GA/Government/RN,2023-12-01,0.055900621118012424,0.07307851212232545
GA/Government/RN,2024-01-01,0.06976744186046512,0.05337916509190964
GA/Government/RN,2024-02-01,0.05405405405405406,0.05180812361290606
GA/Government/RN,2024-03-01,0.04046242774566474,0.0707662558417824
GA/Government/RN,2024-04-01,0.03571428571428571,0.053868429368697894
GA/Government/RN,2024-05-01,0.03592814371257485,0.06013976325375561
GA/Government/RN,2024-06-01,0.065,0.0768077460843996
GA/Government/RN,2024-07-01,0.05202312138728324,0.06614544330880003
GA/Government/RN,2024-08-01,0.047058823529411764,0.06876081789612988
GA/Government/RN,2024-09-01,0.329608938547486,0.08800267391333909
GA/Government/RN,2024-10-01,0.05913978494623656,0.06652146014113042
GA/Government/RN,2024-11-01,0.06741573033707865,0.06348985538175694
GA/Government/RN,2024-12-01,0.11046511627906977,0.08683498061485452
GA/Government/RN,2025-01-01,0.06172839506172839,0.06503787999152075
GA/Government/RN,2025-02-01,0.041666666666666664,0.06155795889206575
GA/Government/RN,2025-03-01,0.03571428571428571,0.07894469594041202
GA/Non-Profit/CNA,2022-10-01,0.05722070844686648,0.06152622469552514
GA/Non-Profit/CNA,2022-11-01,0.051585785250286585,0.05702334842446139
GA/Non-Profit/CNA,2022-12-01,0.06631892697466468,0.0802914701861907
GA/Non-Profit/CNA,2023-01-01,0.05301117922827263,0.060385898650754354
GA/Non-Profit/CNA,2023-02-01,0.05626326963906582,0.05908829826406561
GA/Non-Profit/CNA,2023-03-01,0.07120636017974422,0.07912929977664106
GA/Non-Profit/CNA,2023-04-01,0.06533513879485443,0.061003954910798935
GA/Non-Profit/CNA,2023-05-01,0.060625814863103,0.06535530355814453
GA/Non-Profit/CNA,2023-06-01,0.08864,0.08012102119196685
GA/Non-Profit/CNA,2023-07-01,0.07901990811638591,0.06786057820664526
GA/Non-Profit/CNA,2023-08-01,0.08308780200353565,0.07017578768880477
GA/Non-Profit/CNA,2023-09-01,0.08017883755588674,0.07855634030507222
GA/Non-Profit/CNA,2023-10-01,0.07552159858947988,0.06599157219261112
GA/Non-Profit/CNA,2023-11-01,0.054567022538552785,0.06147695428569826
GA/Non-Profit/CNA,2023-12-01,0.07959305804907241,0.08470366882554461
GA/Non-Profit/CNA,2024-01-01,0.07317073170731707,0.06458394037271457
GA/Non-Profit/CNA,2024-02-01,0.0686046511627907,0.06272619647217949
GA/Non-Profit/CNA,2024-03-01,0.07744206512173658,0.08236011782994669
GA/Non-Profit/CNA,2024-04-01,0.061941803514837225,0.06369829606653798
GA/Non-Profit/CNA,2024-05-01,0.06990454800673779,0.06757094793089433
GA/Non-Profit/CNA,2024-06-01,0.09579060982191041,0.0817741805084377
GA/Non-Profit/CNA,2024-07-01,0.07357316743305382,0.06896257766042346
GA/Non-Profit/CNA,2024-08-01,0.07037730800107038,0.07073167863398477
GA/Non-Profit/CNA,2024-09-01,0.06745498521902714,0.07873829171842525
GA/Non-Profit/CNA,2024-10-01,0.06290115532734275,0.06597623340659707
GA/Non-Profit/CNA,2024-11-01,0.06831657643722609,0.06151278580231177
GA/Non-Profit/CNA,2024-12-01,0.08026929052304506,0.08453664201425137
GA/Non-Profit/CNA,2025-01-01,0.07024793388429752,0.06425892569683218
GA/Non-Profit/CNA,2025-02-01,0.0594059405940594,0.062341289466998365
GA/Non-Profit/CNA,2025-03-01,0.07766990291262135,0.08186596785304376
GA/Non-Profit/LPN,2022-10-01,0.0410958904109589,0.045074173436446194
GA/Non-Profit/LPN,2022-11-01,0.03395311236863379,0.040311701153767684
GA/Non-Profit/LPN,2022-12-01,0.050119331742243436,0.06380329527242269
GA/Non-Profit/LPN,2023-01-01,0.040444091990483745,0.04298133940619741
GA/Non-Profit/LPN,2023-02-01,0.043478260869565216,0.041946360112136434
GA/Non-Profit/LPN,2023-03-01,0.0490272373540856,0.06152350365039039
GA/Non-Profit/LPN,2023-04-01,0.04895104895104895,0.04305211771391228
GA/Non-Profit/LPN,2023-05-01,0.03837298541826554,0.04680539261012423
GA/Non-Profit/LPN,2023-06-01,0.06584043377226956,0.06083432715277429
GA/Non-Profit/LPN,2023-07-01,0.04351204351204351,0.04821056427639571
GA/Non-Profit/LPN,2023-08-01,0.04272863568215892,0.05042865240523125
GA/Non-Profit/LPN,2023-09-01,0.05429200293470286,0.059707545537969545
GA/Non-Profit/LPN,2023-10-01,0.045051698670605614,0.047338826450859725
GA/Non-Profit/LPN,2023-11-01,0.053013798111837325,0.043144960987977536
GA/Non-Profit/LPN,2023-12-01,0.06351550960118169,0.06707645185912128
GA/Non-Profit/LPN,2024-01-01,0.04507042253521127,0.04657335240848973
GA/Non-Profit/LPN,2024-02-01,0.05688202247191011,0.045794266158833655
GA/Non-Profit/LPN,2024-03-01,0.06551475881929446,0.06546859891325883
GA/Non-Profit/LPN,2024-04-01,0.05010438413361169,0.04706275599255979
GA/Non-Profit/LPN,2024-05-01,0.05583756345177665,0.05079996989669679
GA/Non-Profit/LPN,2024-06-01,0.07301360057265568,0.06481344449028695
GA/Non-Profit/LPN,2024-07-01,0.053519061583577714,0.052003357343786416
GA/Non-Profit/LPN,2024-08-01,0.05817378497790869,0.05397482664462237
GA/Non-Profit/LPN,2024-09-01,0.05741983594332588,0.06280816937972776
GA/Non-Profit/LPN,2024-10-01,0.05315379163713678,0.0500013039655833
GA/Non-Profit/LPN,2024-11-01,0.03788420300214439,0.0452788592593544
GA/Non-Profit/LPN,2024-12-01,0.07388809182209469,0.06887147123266976
GA/Non-Profit/LPN,2025-01-01,0.05,0.047983174329540725
GA/Non-Profit/LPN,2025-02-01,0.04249084249084249,0.046803634737532705
GA/Non-Profit/LPN,2025-03-01,0.06889050036258158,0.06627905797591946
GA/Non-Profit/RN,2022-10-01,0.04185351270553064,0.04391895679865332
GA/Non-Profit/RN,2022-11-01,0.03268945022288262,0.03889327009960731
GA/Non-Profit/RN,2022-12-01,0.05349182763744428,0.06242819985636444
GA/Non-Profit/RN,2023-01-01,0.05397727272727273,0.04139850880107293
GA/Non-Profit/RN,2023-02-01,0.03170028818443804,0.03980137370978956
GA/Non-Profit/RN,2023-03-01,0.04709141274238227,0.05926206864758422
GA/Non-Profit/RN,2023-04-01,0.03168044077134986,0.04018992525993761
GA/Non-Profit/RN,2023-05-01,0.05968169761273209,0.04480676091134406
GA/Non-Profit/RN,2023-06-01,0.06008010680907877,0.05774114997652147
GA/Non-Profit/RN,2023-07-01,0.04249667994687915,0.04559598992611544
GA/Non-Profit/RN,2023-08-01,0.029831387808041506,0.04670535362947796
GA/Non-Profit/RN,2023-09-01,0.04773869346733668,0.05610044608727702
GA/Non-Profit/RN,2023-10-01,0.04258064516129032,0.04397533914189531
GA/Non-Profit/RN,2023-11-01,0.03625,0.03963499348566968
GA/Non-Profit/RN,2023-12-01,0.06658446362515413,0.06369613422493248
GA/Non-Profit/RN,2024-01-01,0.03804994054696789,0.043141885907615224
GA/Non-Profit/RN,2024-02-01,0.05336426914153132,0.0420845181061396
GA/Non-Profit/RN,2024-03-01,0.06674473067915691,0.06201930436569963
GA/Non-Profit/RN,2024-04-01,0.05203619909502263,0.04306167074946877
GA/Non-Profit/RN,2024-05-01,0.05191873589164785,0.04760286205216959
GA/Non-Profit/RN,2024-06-01,0.05981941309255079,0.060544344135587354
GA/Non-Profit/RN,2024-07-01,0.060674157303370786,0.048456408642721806
GA/Non-Profit/RN,2024-08-01,0.048863636363636366,0.04936764547900468
GA/Non-Profit/RN,2024-09-01,0.049162011173184354,0.058383376946590175
GA/Non-Profit/RN,2024-10-01,0.0457516339869281,0.04593994839361088
GA/Non-Profit/RN,2024-11-01,0.047058823529411764,0.0412257043016094
GA/Non-Profit/RN,2024-12-01,0.06587473002159827,0.06485355291106581
GA/Non-Profit/RN,2025-01-01,0.03579175704989154,0.04378669191149487
GA/Non-Profit/RN,2025-02-01,0.04487179487179487,0.0422930848003242
GA/Non-Profit/RN,2025-03-01,0.06170212765957447,0.061887277323454
HI/For-Profit/CNA,2022-10-01,0.049523809523809526,0.04850088798176597
HI/For-Profit/CNA,2022-11-01,0.0322265625,0.04331031280481416
HI/For-Profit/CNA,2022-12-01,0.03792415169660679,0.06568664553606143
HI/For-Profit/CNA,2023-01-01,0.0419047619047619,0.047096300280594854
HI/For-Profit/CNA,2023-02-01,0.17313150425733206,0.048989076145948225
HI/For-Profit/CNA,2023-03-01,0.043333333333333335,0.06317830007975582
HI/For-Profit/CNA,2023-04-01,0.04143337066069429,0.04463475252220107
HI/For-Profit/CNA,2023-05-01,0.029017857142857144,0.045937942805242465
HI/For-Profit/CNA,2023-06-01,0.033185840707964605,0.0592134963499793
HI/For-Profit/CNA,2023-07-01,0.04452690166975881,0.046689500309043876
HI/For-Profit/CNA,2023-08-01,0.05291970802919708,0.048400621545915394
HI/For-Profit/CNA,2023-09-01,0.057460611677479144,0.057747233773831945
HI/For-Profit/CNA,2023-10-01,0.037753222836095765,0.04343557056408798
HI/For-Profit/CNA,2023-11-01,0.03568075117370892,0.03822542919009089
HI/For-Profit/CNA,2023-12-01,0.04375569735642662,0.06040887192074479
HI/For-Profit/CNA,2024-01-01,0.051258992805755396,0.04129236993757737
HI/For-Profit/CNA,2024-02-01,0.03746654772524532,0.042492704761669345
HI/For-Profit/CNA,2024-03-01,0.04336513443191674,0.057817120494529146
HI/For-Profit/CNA,2024-04-01,0.06096528365791702,0.04021057859627547
HI/For-Profit/CNA,2024-05-01,0.027923211169284468,0.04231119947017727
HI/For-Profit/CNA,2024-06-01,0.06534823731728288,0.056296581750911
HI/For-Profit/CNA,2024-07-01,0.04118616144975288,0.043980882628648965
HI/For-Profit/CNA,2024-08-01,0.04013104013104013,0.04593281202483817
HI/For-Profit/CNA,2024-09-01,0.08278145695364239,0.055556354984929154
HI/For-Profit/CNA,2024-10-01,0.039538714991762765,0.0412687969625905
HI/For-Profit/CNA,2024-11-01,0.030100334448160536,0.035928962119888185
HI/For-Profit/CNA,2024-12-01,0.04096989966555184,0.05804869780403646
HI/For-Profit/CNA,2025-01-01,0.04208754208754209,0.03888941673010357
HI/For-Profit/CNA,2025-02-01,0.03404255319148936,0.040241530425439195
HI/For-Profit/CNA,2025-03-01,0.05042016806722689,0.05563781532936766
HI/For-Profit/LPN,2022-10-01,0.05172413793103448,0.05262101549745367
HI/For-Profit/LPN,2022-11-01,0.05084745762711865,0.048969658797689615
HI/For-Profit/LPN,2022-12-01,0.041666666666666664,0.07067750358547316
HI/For-Profit/LPN,2023-01-01,0.05303030303030303,0.05175285189872197
HI/For-Profit/LPN,2023-02-01,0.12878787878787878,0.052484796703419066
HI/For-Profit/LPN,2023-03-01,0.07142857142857142,0.06896791119209081
HI/For-Profit/LPN,2023-04-01,0.034782608695652174,0.049204669012239466
HI/For-Profit/LPN,2023-05-01,0.0603448275862069,0.0523673890583321
HI/For-Profit/LPN,2023-06-01,0.042735042735042736,0.06522972633732521
HI/For-Profit/LPN,2023-07-01,0.043795620437956206,0.05227087544445884
HI/For-Profit/LPN,2023-08-01,0.07857142857142857,0.05439815405265926
HI/For-Profit/LPN,2023-09-01,0.036231884057971016,0.0638084997491521
HI/For-Profit/LPN,2023-10-01,0.027586206896551724,0.04842082574968393
HI/For-Profit/LPN,2023-11-01,0.05517241379310345,0.04483270571987061
HI/For-Profit/LPN,2023-12-01,0.04697986577181208,0.06652823407496337
HI/For-Profit/LPN,2024-01-01,0.0625,0.04741891441958271
HI/For-Profit/LPN,2024-02-01,0.04195804195804196,0.04778596981826218
HI/For-Profit/LPN,2024-03-01,0.05405405405405406,0.06499016385785746
HI/For-Profit/LPN,2024-04-01,0.053691275167785234,0.04622818771499382
HI/For-Profit/LPN,2024-05-01,0.03289473684210526,0.050067222392495274
HI/For-Profit/LPN,2024-06-01,0.08,0.06408225571831165
HI/For-Profit/LPN,2024-07-01,0.05228758169934641,0.051586432699165914
HI/For-Profit/LPN,2024-08-01,0.037267080745341616,0.05404843331183344
HI/For-Profit/LPN,2024-09-01,0.13333333333333333,0.06436202872259894
HI/For-Profit/LPN,2024-10-01,0.038461538461538464,0.048533535057834615
HI/For-Profit/LPN,2024-11-01,0.03896103896103896,0.044518902608174225
HI/For-Profit/LPN,2024-12-01,0.05732484076433121,0.0658883924338626
HI/For-Profit/LPN,2025-01-01,0.03184713375796178,0.04632097219537217
HI/For-Profit/LPN,2025-02-01,0.05194805194805195,0.04668729152317805
HI/For-Profit/LPN,2025-03-01,0.049079754601226995,0.06367708045267494
HI/For-Profit/RN,2022-10-01,0.04861111111111111,0.05237384602749072
HI/For-Profit/RN,2022-11-01,0.03558718861209965,0.04746072184010977
HI/For-Profit/RN,2022-12-01,0.06349206349206349,0.07033530275885064
HI/For-Profit/RN,2023-01-01,0.048561151079136694,0.051115829714090046
HI/For-Profit/RN,2023-02-01,0.1624548736462094,0.05193563095417392
HI/For-Profit/RN,2023-03-01,0.052313883299798795,0.06703879760787917
HI/For-Profit/RN,2023-04-01,0.05893909626719057,0.0479778837869332
HI/For-Profit/RN,2023-05-01,0.037549407114624504,0.04950786666972749
HI/For-Profit/RN,2023-06-01,0.05588822355289421,0.061829559958884686
HI/For-Profit/RN,2023-07-01,0.042662116040955635,0.04836501904999733
HI/For-Profit/RN,2023-08-01,0.04492512479201331,0.04993264109944774
HI/For-Profit/RN,2023-09-01,0.05254237288135593,0.059327440407150614
HI/For-Profit/RN,2023-10-01,0.03648424543946932,0.04451712481971096
HI/For-Profit/RN,2023-11-01,0.031198686371100164,0.03912135944527497
HI/For-Profit/RN,2023-12-01,0.04730831973898858,0.061355168171926336
HI/For-Profit/RN,2024-01-01,0.052884615384615384,0.0416245145698566
HI/For-Profit/RN,2024-02-01,0.03475513428120063,0.04188739711799527
HI/For-Profit/RN,2024-03-01,0.06366459627329192,0.0578057436393844
HI/For-Profit/RN,2024-04-01,0.04746835443037975,0.039424877314348794
HI/For-Profit/RN,2024-05-01,0.03481012658227848,0.04158757389699971
HI/For-Profit/RN,2024-06-01,0.040880503144654086,0.05453506331392609
HI/For-Profit/RN,2024-07-01,0.025835866261398176,0.04180233453346335
HI/For-Profit/RN,2024-08-01,0.04057971014492753,0.044199903671458554
HI/For-Profit/RN,2024-09-01,0.0975609756097561,0.05434190121198272
HI/For-Profit/RN,2024-10-01,0.04040404040404041,0.039602389339270114
HI/For-Profit/RN,2024-11-01,0.04310344827586207,0.034115416975924615
HI/For-Profit/RN,2024-12-01,0.03392330383480826,0.05612046592121024
HI/For-Profit/RN,2025-01-01,0.03757225433526012,0.0362174496842743
HI/For-Profit/RN,2025-02-01,0.023633677991137372,0.036337012386691625
HI/For-Profit/RN,2025-03-01,0.027259684361549498,0.05237968006121198
HI/Government/CNA,2022-10-01,0.014018691588785047,0.021384847223595044
HI/Government/CNA,2022-11-01,0.013574660633484163,0.01630105142243088
HI/Government/CNA,2022-12-01,0.01809954751131222,0.039010649319697076
HI/Government/CNA,2023-01-01,0.009216589861751152,0.017852305759927425
HI/Government/CNA,2023-02-01,0.009389671361502348,0.01609633565984265
HI/Government/CNA,2023-03-01,0.009345794392523364,0.041616367080622364
HI/Government/CNA,2023-04-01,0.0182648401826484,0.01792999472175108
HI/Government/CNA,2023-05-01,0.02702702702702703,0.021991882005943098
HI/Government/CNA,2023-06-01,0.04225352112676056,0.03650526359713017
HI/Government/CNA,2023-07-01,0.01834862385321101,0.023653277190474477
HI/Government/CNA,2023-08-01,0.0,0.025286127775784963
HI/Government/CNA,2023-09-01,0.024271844660194174,0.0350421423656012
HI/Government/CNA,2023-10-01,0.031818181818181815,0.023648347792733542
HI/Government/CNA,2023-11-01,0.03375527426160337,0.019700742299065137
HI/Government/CNA,2023-12-01,0.0603448275862069,0.04337684192766627
HI/Government/CNA,2024-01-01,0.015306122448979591,0.022615158517492708
HI/Government/CNA,2024-02-01,0.0228310502283105,0.021314005359227707
HI/Government/CNA,2024-03-01,0.0502283105022831,0.04707923093474624
HI/Government/CNA,2024-04-01,0.014084507042253521,0.023247886272332964
HI/Government/CNA,2024-05-01,0.009345794392523364,0.027382697138362444
HI/Government/CNA,2024-06-01,0.046511627906976744,0.042236626292070256
HI/Government/CNA,2024-07-01,0.02262443438914027,0.02967540882938884
HI/Government/CNA,2024-08-01,0.022222222222222223,0.031747994896959786
HI/Government/CNA,2024-09-01,0.02262443438914027,0.041778494212598535
HI/Government/CNA,2024-10-01,0.017857142857142856,0.03064676463279505
HI/Government/CNA,2024-11-01,0.004524886877828055,0.02736221197933366
HI/Government/CNA,2024-12-01,0.026905829596412557,0.05218335029061823
HI/Government/CNA,2025-01-01,0.021929824561403508,0.03311188907880826
HI/Government/CNA,2025-02-01,0.012875536480686695,0.03352497507744036
HI/Government/CNA,2025-03-01,0.23829787234042554,0.061466311748052255
HI/Government/RN,2022-10-01,0.015267175572519083,0.022519401623459334
HI/Government/RN,2022-11-01,0.022222222222222223,0.016911496121893806
HI/Government/RN,2022-12-01,0.029850746268656716,0.03863639938915196
HI/Government/RN,2023-01-01,0.032,0.01904332889223146
HI/Government/RN,2023-02-01,0.015873015873015872,0.016153836848044154
HI/Government/RN,2023-03-01,0.0546875,0.03824863210635726
HI/Government/RN,2023-04-01,0.024793388429752067,0.01559803010407168
HI/Government/RN,2023-05-01,0.008547008547008548,0.017757127767851454
HI/Government/RN,2023-06-01,0.01694915254237288,0.030290783867018584
HI/Government/RN,2023-07-01,0.008928571428571428,0.017567297642618357
HI/Government/RN,2023-08-01,0.02631578947368421,0.019408945414559085
HI/Government/RN,2023-09-01,0.010752688172043012,0.027093117699727158
HI/Government/RN,2023-10-01,0.009433962264150943,0.014641443886427442
HI/Government/RN,2023-11-01,0.01639344262295082,0.009139918399857595
HI/Government/RN,2023-12-01,0.0,0.03104192244744581
HI/Government/RN,2024-01-01,0.009345794392523364,0.0118305339419311
HI/Government/RN,2024-02-01,0.0078125,0.009540236826902089
HI/Government/RN,2024-03-01,0.015503875968992248,0.0322948902200842
HI/Government/RN,2024-04-01,0.0,0.01072111276663059
HI/Government/RN,2024-05-01,0.0,0.014189902756050553
HI/Government/RN,2024-06-01,0.014925373134328358,0.02804314628016872
HI/Government/RN,2024-07-01,0.014705882352941176,0.01666312461224273
HI/Government/RN,2024-08-01,0.014492753623188406,0.019715907043753367
HI/Government/RN,2024-09-01,0.021739130434782608,0.028866492327110138
HI/Government/RN,2024-10-01,0.03597122302158273,0.017768498223428804
HI/Government/RN,2024-11-01,0.0,0.013356048383532396
HI/Government/RN,2024-12-01,0.022388059701492536,0.03655829009332461
HI/Government/RN,2025-01-01,0.015037593984962405,0.01849638797691755
HI/Government/RN,2025-02-01,0.014814814814814815,0.01733847228368434
HI/Government/RN,2025-03-01,0.12318840579710146,0.04118747023024582
HI/Non-Profit/CNA,2022-10-01,0.2540045766590389,0.056635366998510794
HI/Non-Profit/CNA,2022-11-01,0.027932960893854747,0.04276285318576692
HI/Non-Profit/CNA,2022-12-01,0.020114942528735632,0.06225142424924806
HI/Non-Profit/CNA,2023-01-01,0.03064066852367688,0.040781201338368454
HI/Non-Profit/CNA,2023-02-01,0.028011204481792718,0.03702712395820972
HI/Non-Profit/CNA,2023-03-01,0.05698005698005698,0.06040417133923954
HI/Non-Profit/CNA,2023-04-01,0.01729106628242075,0.0350326659081458
HI/Non-Profit/CNA,2023-05-01,0.03188405797101449,0.03716403204295966
HI/Non-Profit/CNA,2023-06-01,0.031609195402298854,0.04840399153258214
HI/Non-Profit/CNA,2023-07-01,0.011560693641618497,0.035349073695225754
HI/Non-Profit/CNA,2023-08-01,0.0226628895184136,0.03685406643982178
HI/Non-Profit/CNA,2023-09-01,0.03672316384180791,0.0453593234970846
HI/Non-Profit/CNA,2023-10-01,0.03125,0.03742322291422629
HI/Non-Profit/CNA,2023-11-01,0.02346041055718475,0.0257609033251077
HI/Non-Profit/CNA,2023-12-01,0.029239766081871343,0.047488704353197436
HI/Non-Profit/CNA,2024-01-01,0.01729106628242075,0.027820313643773055
HI/Non-Profit/CNA,2024-02-01,0.023054755043227664,0.025833884244444275
HI/Non-Profit/CNA,2024-03-01,0.028735632183908046,0.05099248181557704
HI/Non-Profit/CNA,2024-04-01,0.03125,0.027614553667010246
HI/Non-Profit/CNA,2024-05-01,0.01680672268907563,0.03150614711434553
HI/Non-Profit/CNA,2024-06-01,0.011204481792717087,0.044569128473585184
HI/Non-Profit/CNA,2024-07-01,0.03561643835616438,0.03361497571275274
HI/Non-Profit/CNA,2024-08-01,0.03571428571428571,0.0367991758534201
HI/Non-Profit/CNA,2024-09-01,0.047619047619047616,0.046873945477805073
HI/Non-Profit/CNA,2024-10-01,0.031161473087818695,0.04034133914420787
HI/Non-Profit/CNA,2024-11-01,0.011461318051575931,0.030182344835300357
HI/Non-Profit/CNA,2024-12-01,0.025210084033613446,0.05345846775149646
HI/Non-Profit/CNA,2025-01-01,0.022922636103151862,0.03564175652865011
HI/Non-Profit/CNA,2025-02-01,0.008356545961002786,0.03539552741558559
HI/Non-Profit/CNA,2025-03-01,0.21891891891891893,0.06268365396055461
HI/Non-Profit/LPN,2022-10-01,0.3076923076923077,0.06660743425588317
HI/Non-Profit/LPN,2022-11-01,0.020833333333333332,0.05249097624815146
HI/Non-Profit/LPN,2022-12-01,0.08163265306122448,0.07187416432748067
HI/Non-Profit/LPN,2023-01-01,0.043478260869565216,0.04917394858326558
HI/Non-Profit/LPN,2023-02-01,0.021739130434782608,0.04516817366021752
HI/Non-Profit/LPN,2023-03-01,0.019230769230769232,0.06398508429036284
HI/Non-Profit/LPN,2023-04-01,0.0196078431372549,0.042035115584184116
HI/Non-Profit/LPN,2023-05-01,0.0,0.04363692921897017
HI/Non-Profit/LPN,2023-06-01,0.05660377358490566,0.05749860285073445
HI/Non-Profit/LPN,2023-07-01,0.03508771929824561,0.04271136897018663
HI/Non-Profit/LPN,2023-08-01,0.07142857142857142,0.04681780511410194
HI/Non-Profit/LPN,2023-09-01,0.038461538461538464,0.05224595202492792
HI/Non-Profit/LPN,2023-10-01,0.0,0.04364499621154201
HI/Non-Profit/LPN,2023-11-01,0.0196078431372549,0.032218938942810305
HI/Non-Profit/LPN,2023-12-01,0.018867924528301886,0.05414249433938192
HI/Non-Profit/LPN,2024-01-01,0.016666666666666666,0.034533881597495306
HI/Non-Profit/LPN,2024-02-01,0.03389830508474576,0.033646501692847296
HI/Non-Profit/LPN,2024-03-01,0.01694915254237288,0.05535533975620044
HI/Non-Profit/LPN,2024-04-01,0.05084745762711865,0.03629110697067617
HI/Non-Profit/LPN,2024-05-01,0.05263157894736842,0.04017117928040405
HI/Non-Profit/LPN,2024-06-01,0.07272727272727272,0.05557966985705866
HI/Non-Profit/LPN,2024-07-01,0.0196078431372549,0.042081522010865194
HI/Non-Profit/LPN,2024-08-01,0.09433962264150944,0.047764272223361784
HI/Non-Profit/LPN,2024-09-01,0.061224489795918366,0.05437471792149703
HI/Non-Profit/LPN,2024-10-01,0.020833333333333332,0.04667164794962999
HI/Non-Profit/LPN,2024-11-01,0.0425531914893617,0.03607052971453825
HI/Non-Profit/LPN,2024-12-01,0.0,0.0585398337834772
HI/Non-Profit/LPN,2025-01-01,0.02,0.03973946862573105
HI/Non-Profit/LPN,2025-02-01,0.03773584905660377,0.03972139623629023
HI/Non-Profit/LPN,2025-03-01,0.15517241379310345,0.06230664251969589
HI/Non-Profit/RN,2022-10-01,0.20535714285714285,0.05618679745180231
HI/Non-Profit/RN,2022-11-01,0.06372549019607843,0.046357920435471926
HI/Non-Profit/RN,2022-12-01,0.04639175257731959,0.0653706082328124
HI/Non-Profit/RN,2023-01-01,0.010526315789473684,0.04282192305403629
HI/Non-Profit/RN,2023-02-01,0.010582010582010581,0.03962046532067767
HI/Non-Profit/RN,2023-03-01,0.04477611940298507,0.06064656397459245
HI/Non-Profit/RN,2023-04-01,0.061224489795918366,0.03944595287585128
HI/Non-Profit/RN,2023-05-01,0.024875621890547265,0.04087461506449187
HI/Non-Profit/RN,2023-06-01,0.025380710659898477,0.052366767253549454
HI/Non-Profit/RN,2023-07-01,0.0663265306122449,0.04218061098743209
HI/Non-Profit/RN,2023-08-01,0.020942408376963352,0.041407888984472715
HI/Non-Profit/RN,2023-09-01,0.04712041884816754,0.049056455733355264
HI/Non-Profit/RN,2023-10-01,0.030303030303030304,0.04002795167898564
HI/Non-Profit/RN,2023-11-01,0.04060913705583756,0.03167121060662424
HI/Non-Profit/RN,2023-12-01,0.031088082901554404,0.05223731380290961
HI/Non-Profit/RN,2024-01-01,0.03571428571428571,0.031315048674440266
HI/Non-Profit/RN,2024-02-01,0.02577319587628866,0.02924909513873133
HI/Non-Profit/RN,2024-03-01,0.036458333333333336,0.051110071445200855
HI/Non-Profit/RN,2024-04-01,0.02577319587628866,0.030645804053565043
HI/Non-Profit/RN,2024-05-01,0.02512562814070352,0.03311680848396209
HI/Non-Profit/RN,2024-06-01,0.019704433497536946,0.0455192325686692
HI/Non-Profit/RN,2024-07-01,0.05687203791469194,0.03626782067024789
HI/Non-Profit/RN,2024-08-01,0.04245283018867924,0.03651801522416895
HI/Non-Profit/RN,2024-09-01,0.013953488372093023,0.04479311299209986
HI/Non-Profit/RN,2024-10-01,0.021739130434782608,0.03689487505321469
HI/Non-Profit/RN,2024-11-01,0.02262443438914027,0.029715190363112754
HI/Non-Profit/RN,2024-12-01,0.03211009174311927,0.051604815210924776
HI/Non-Profit/RN,2025-01-01,0.021929824561403508,0.0319809131372264
HI/Non-Profit/RN,2025-02-01,0.03111111111111111,0.03150138432025941
HI/Non-Profit/RN,2025-03-01,0.12987012987012986,0.054721331589410976
IA/For-Profit/CNA,2022-10-01,0.07722489744961655,0.0796358253459925
IA/For-Profit/CNA,2022-11-01,0.07665135994348286,0.07538176616301268
IA/For-Profit/CNA,2022-12-01,0.16972624798711755,0.10130643109366125
IA/For-Profit/CNA,2023-01-01,0.07025884838880085,0.0775455987353941
IA/For-Profit/CNA,2023-02-01,0.07848011363636363,0.07560237260833257
IA/For-Profit/CNA,2023-03-01,0.07244094488188976,0.09385964937578287
IA/For-Profit/CNA,2023-04-01,0.07397399087991893,0.0758769768098865
IA/For-Profit/CNA,2023-05-01,0.07854437674954717,0.07950874518154971
IA/For-Profit/CNA,2023-06-01,0.07884710949146927,0.09223380921331545
IA/For-Profit/CNA,2023-07-01,0.08963035655871769,0.08063464228953562
IA/For-Profit/CNA,2023-08-01,0.08539765319426336,0.08232784085163734
IA/For-Profit/CNA,2023-09-01,0.09293742660627412,0.09187136914460832
IA/For-Profit/CNA,2023-10-01,0.07952286282306163,0.07750682946978318
IA/For-Profit/CNA,2023-11-01,0.06706408345752608,0.07276372377711368
IA/For-Profit/CNA,2023-12-01,0.088638195004029,0.09830065742326637
IA/For-Profit/CNA,2024-01-01,0.07712082262210797,0.07512341019449528
IA/For-Profit/CNA,2024-02-01,0.07146377525874816,0.0735864624509385
IA/For-Profit/CNA,2024-03-01,0.07672715695638331,0.09232579310572647
IA/For-Profit/CNA,2024-04-01,0.0825386386057218,0.07483359229372291
IA/For-Profit/CNA,2024-05-01,0.0818545163868905,0.07859081534026899
IA/For-Profit/CNA,2024-06-01,0.08791035353535354,0.09154246491968694
IA/For-Profit/CNA,2024-07-01,0.08665247795682578,0.08007778336059232
IA/For-Profit/CNA,2024-08-01,0.0886789577936919,0.08186134589226891
IA/For-Profit/CNA,2024-09-01,0.12722686425981397,0.09163033065730168
IA/For-Profit/CNA,2024-10-01,0.07049567269866247,0.07678815984982162
IA/For-Profit/CNA,2024-11-01,0.06953382514518913,0.07172445283855279
IA/For-Profit/CNA,2024-12-01,0.09019011406844106,0.0968344449807197
IA/For-Profit/CNA,2025-01-01,0.06800853918877707,0.07334524404632634
IA/For-Profit/CNA,2025-02-01,0.06475372103728709,0.07153198620534797
IA/For-Profit/CNA,2025-03-01,0.07410754631721644,0.0900746367107901
IA/For-Profit/LPN,2022-10-01,0.07674050632911393,0.06800835285372901
IA/For-Profit/LPN,2022-11-01,0.05237315875613748,0.06325202639934357
IA/For-Profit/LPN,2022-12-01,0.182882223847842,0.0898126345630019
IA/For-Profit/LPN,2023-01-01,0.05485232067510549,0.06545177321291717
IA/For-Profit/LPN,2023-02-01,0.06561461794019934,0.06239508899493109
IA/For-Profit/LPN,2023-03-01,0.05067567567567568,0.07995109236901192
IA/For-Profit/LPN,2023-04-01,0.046875,0.060813452305575805
IA/For-Profit/LPN,2023-05-01,0.05319148936170213,0.06438618866922083
IA/For-Profit/LPN,2023-06-01,0.05844675740592474,0.07789802837437962
IA/For-Profit/LPN,2023-07-01,0.07092198581560284,0.06615298186800841
IA/For-Profit/LPN,2023-08-01,0.07596899224806201,0.06790207836964243
IA/For-Profit/LPN,2023-09-01,0.07069102462271644,0.07694191906611891
IA/For-Profit/LPN,2023-10-01,0.0546448087431694,0.06342965279077006
IA/For-Profit/LPN,2023-11-01,0.06613545816733067,0.058660890922258985
IA/For-Profit/LPN,2023-12-01,0.07036747458952307,0.08500087448218185
IA/For-Profit/LPN,2024-01-01,0.06917755572636433,0.06175898056712276
IA/For-Profit/LPN,2024-02-01,0.06025039123630673,0.05965001177480921
IA/For-Profit/LPN,2024-03-01,0.06967840735068913,0.07813199605996776
IA/For-Profit/LPN,2024-04-01,0.05114083398898505,0.05972608921929717
IA/For-Profit/LPN,2024-05-01,0.05308352849336456,0.06383136424171833
IA/For-Profit/LPN,2024-06-01,0.08339828526890102,0.07790361698434504
IA/For-Profit/LPN,2024-07-01,0.07668944570994685,0.06641900678361286
IA/For-Profit/LPN,2024-08-01,0.06859756097560976,0.06841052338214956
IA/For-Profit/LPN,2024-09-01,0.10152671755725191,0.07771405593244841
IA/For-Profit/LPN,2024-10-01,0.06221889055472264,0.06407166993950214
IA/For-Profit/LPN,2024-11-01,0.057034220532319393,0.059064404255282414
IA/For-Profit/LPN,2024-12-01,0.0879038317054846,0.08540297519570911
IA/For-Profit/LPN,2025-01-01,0.07322654462242563,0.061988513881679724
IA/For-Profit/LPN,2025-02-01,0.05003909304143862,0.05950460409726989
IA/For-Profit/LPN,2025-03-01,0.06116207951070336,0.07785582516039434
IA/For-Profit/RN,2022-10-01,0.055967633175994604,0.06624877243003738
IA/For-Profit/RN,2022-11-01,0.06058588548601864,0.06192721180620962
IA/For-Profit/RN,2022-12-01,0.13470173187940987,0.08715770495607285
IA/For-Profit/RN,2023-01-01,0.07171314741035857,0.06414265610048675
IA/For-Profit/RN,2023-02-01,0.05381471389645776,0.06192004180210552
IA/For-Profit/RN,2023-03-01,0.06719893546240852,0.08105411917852338
IA/For-Profit/RN,2023-04-01,0.05537669027688345,0.06245575805554601
IA/For-Profit/RN,2023-05-01,0.07285622179239201,0.0666517382914082
IA/For-Profit/RN,2023-06-01,0.06622950819672131,0.0790642207408899
IA/For-Profit/RN,2023-07-01,0.06978233034571063,0.06723786689213876
IA/For-Profit/RN,2023-08-01,0.0654911838790932,0.06899281885305786
IA/For-Profit/RN,2023-09-01,0.07452229299363057,0.07928245685052661
IA/For-Profit/RN,2023-10-01,0.0666235446313066,0.06514012398238586
IA/For-Profit/RN,2023-11-01,0.06684141546526867,0.060642811792741266
IA/For-Profit/RN,2023-12-01,0.07250163291966036,0.08550131250995219
IA/For-Profit/RN,2024-01-01,0.05505761843790013,0.06307294548673303
IA/For-Profit/RN,2024-02-01,0.05219072164948454,0.06161631458356793
IA/For-Profit/RN,2024-03-01,0.06998738965952081,0.08150427296086715
IA/For-Profit/RN,2024-04-01,0.0645577792123951,0.06368348682404407
IA/For-Profit/RN,2024-05-01,0.07450224791265253,0.06865473296148278
IA/For-Profit/RN,2024-06-01,0.07366362451108213,0.08178270607943136
IA/For-Profit/RN,2024-07-01,0.07648902821316614,0.07064314826712452
IA/For-Profit/RN,2024-08-01,0.07456140350877193,0.07304965435363621
IA/For-Profit/RN,2024-09-01,0.13147914032869784,0.08384348270533072
IA/For-Profit/RN,2024-10-01,0.07407407407407407,0.06949659699858908
IA/For-Profit/RN,2024-11-01,0.06060606060606061,0.06473929900016621
IA/For-Profit/RN,2024-12-01,0.09698137443802184,0.08943745451130296
IA/For-Profit/RN,2025-01-01,0.054924242424242424,0.06652097828952129
IA/For-Profit/RN,2025-02-01,0.06905370843989769,0.06463458818115023
IA/For-Profit/RN,2025-03-01,0.07283090563647879,0.08400803854124983
IA/Government/CNA,2022-10-01,0.02301255230125523,0.0366109774473986
IA/Government/CNA,2022-11-01,0.026476578411405296,0.03218035562635183
IA/Government/CNA,2022-12-01,0.052845528455284556,0.055208969519526786
IA/Government/CNA,2023-01-01,0.032586558044806514,0.03384869918068206
IA/Government/CNA,2023-02-01,0.04132231404958678,0.032558341014638684
IA/Government/CNA,2023-03-01,0.0486815415821501,0.05134723506443374
IA/Government/CNA,2023-04-01,0.05555555555555555,0.033647147617669695
IA/Government/CNA,2023-05-01,0.03822937625754527,0.036104959059413494
IA/Government/CNA,2023-06-01,0.0496031746031746,0.04891473791903809
IA/Government/CNA,2023-07-01,0.03434343434343434,0.03626293237903534
IA/Government/CNA,2023-08-01,0.05040322580645161,0.038279726771951
IA/Government/CNA,2023-09-01,0.031512605042016806,0.04552302792603131
IA/Government/CNA,2023-10-01,0.032119914346895075,0.03267630524361221
IA/Government/CNA,2023-11-01,0.031315240083507306,0.028017328157419478
IA/Government/CNA,2023-12-01,0.05010438413361169,0.0506975021164327
IA/Government/CNA,2024-01-01,0.019650655021834062,0.028938589114192906
IA/Government/CNA,2024-02-01,0.021929824561403508,0.027360206654275424
IA/Government/CNA,2024-03-01,0.029661016949152543,0.04613259385337298
IA/Government/CNA,2024-04-01,0.033126293995859216,0.028529181734732133
IA/Government/CNA,2024-05-01,0.026,0.0313505985170831
IA/Government/CNA,2024-06-01,0.03300970873786408,0.04459594651734097
IA/Government/CNA,2024-07-01,0.038461538461538464,0.032528336070188686
IA/Government/CNA,2024-08-01,0.03875968992248062,0.03506382542780039
IA/Government/CNA,2024-09-01,0.03838383838383838,0.04295970625961411
IA/Government/CNA,2024-10-01,0.04158790170132325,0.030638541320956482
IA/Government/CNA,2024-11-01,0.03731343283582089,0.026354986499705312
IA/Government/CNA,2024-12-01,0.04395604395604396,0.049260323032438644
IA/Government/CNA,2025-01-01,0.024163568773234202,0.02781372124238313
IA/Government/CNA,2025-02-01,0.027624309392265192,0.026472202827828355
IA/Government/CNA,2025-03-01,0.033928571428571426,0.04540385618574928
IA/Government/LPN,2022-10-01,0.010869565217391304,0.0322635122521137
IA/Government/LPN,2022-11-01,0.07608695652173914,0.02838188359562031
IA/Government/LPN,2022-12-01,0.046511627906976744,0.049832176271305595
IA/Government/LPN,2023-01-01,0.033707865168539325,0.028306298195446743
IA/Government/LPN,2023-02-01,0.011904761904761904,0.02543394312779179
IA/Government/LPN,2023-03-01,0.023809523809523808,0.044352619404874
IA/Government/LPN,2023-04-01,0.0,0.023958598749370754
IA/Government/LPN,2023-05-01,0.011235955056179775,0.029104100012121964
IA/Government/LPN,2023-06-01,0.05555555555555555,0.04391040349936194
IA/Government/LPN,2023-07-01,0.022222222222222223,0.030759645225148253
IA/Government/LPN,2023-08-01,0.043478260869565216,0.033426675536738615
IA/Government/LPN,2023-09-01,0.02197802197802198,0.0399197486414257
IA/Government/LPN,2023-10-01,0.03333333333333333,0.028752010800653066
IA/Government/LPN,2023-11-01,0.022727272727272728,0.025252654401321187
IA/Government/LPN,2023-12-01,0.05555555555555555,0.047670940007534496
IA/Government/LPN,2024-01-01,0.022222222222222223,0.027052114662392553
IA/Government/LPN,2024-02-01,0.033707865168539325,0.025095700718081117
IA/Government/LPN,2024-03-01,0.0449438202247191,0.044636447053488904
IA/Government/LPN,2024-04-01,0.0,0.0247154303549321
IA/Government/LPN,2024-05-01,0.047058823529411764,0.03027217469556697
IA/Government/LPN,2024-06-01,0.06976744186046512,0.0449642683791137
IA/Government/LPN,2024-07-01,0.05555555555555555,0.0316221194658821
IA/Government/LPN,2024-08-01,0.056818181818181816,0.0337525479429473
IA/Government/LPN,2024-09-01,0.011904761904761904,0.03943046109887378
IA/Government/LPN,2024-10-01,0.0449438202247191,0.027473714809264513
IA/Government/LPN,2024-11-01,0.011627906976744186,0.02307535630547862
IA/Government/LPN,2024-12-01,0.02247191011235955,0.044675586542933785
IA/Government/LPN,2025-01-01,0.022222222222222223,0.023785055259586935
IA/Government/LPN,2025-02-01,0.011235955056179775,0.02146225374414916
IA/Government/LPN,2025-03-01,0.03296703296703297,0.04102492364894904
IA/Government/RN,2022-10-01,0.05511811023622047,0.027564113788769867
IA/Government/RN,2022-11-01,0.024793388429752067,0.0216343333076867
IA/Government/RN,2022-12-01,0.04,0.04262303147100012
IA/Government/RN,2023-01-01,0.0,0.022854174555455194
IA/Government/RN,2023-02-01,0.016129032258064516,0.019162316050806177
IA/Government/RN,2023-03-01,0.016,0.03784975425599561
IA/Government/RN,2023-04-01,0.032,0.018930953590353947
IA/Government/RN,2023-05-01,0.024390243902439025,0.022217580265810777
IA/Government/RN,2023-06-01,0.008403361344537815,0.03409595106556282
IA/Government/RN,2023-07-01,0.01639344262295082,0.02217197466697131
IA/Government/RN,2023-08-01,0.0078125,0.023584722819037285
IA/Government/RN,2023-09-01,0.022900763358778626,0.03292270473304359
IA/Government/RN,2023-10-01,0.03125,0.022032659862884815
IA/Government/RN,2023-11-01,0.046153846153846156,0.017122434066695696
IA/Government/RN,2023-12-01,0.023255813953488372,0.03887211201381434
IA/Government/RN,2024-01-01,0.06201550387596899,0.019958756183034512
IA/Government/RN,2024-02-01,0.016129032258064516,0.016184825188575405
IA/Government/RN,2024-03-01,0.02459016393442623,0.03497237517761555
IA/Government/RN,2024-04-01,0.00819672131147541,0.015996048471613268
IA/Government/RN,2024-05-01,0.016260162601626018,0.019462121036552545
IA/Government/RN,2024-06-01,0.024390243902439025,0.031574930734402706
IA/Government/RN,2024-07-01,0.015625,0.01970345757942911
IA/Government/RN,2024-08-01,0.007575757575757576,0.021023358310647076
IA/Government/RN,2024-09-01,0.021897810218978103,0.030293016825303234
IA/Government/RN,2024-10-01,0.02142857142857143,0.019388981761492376
IA/Government/RN,2024-11-01,0.007352941176470588,0.014490931917891255
IA/Government/RN,2024-12-01,0.02158273381294964,0.03669305566307342
IA/Government/RN,2025-01-01,0.04225352112676056,0.018312055799487817
IA/Government/RN,2025-02-01,0.014705882352941176,0.015287456525097394
IA/Government/RN,2025-03-01,0.043478260869565216,0.03481004735572864
IA/Non-Profit/CNA,2022-10-01,0.07144214326429793,0.0692008345567039
IA/Non-Profit/CNA,2022-11-01,0.06625491297024144,0.06404232562020874
IA/Non-Profit/CNA,2022-12-01,0.08628972653362897,0.0876383029475119
IA/Non-Profit/CNA,2023-01-01,0.07132433418460415,0.06703066379778096
IA/Non-Profit/CNA,2023-02-01,0.06282527881040892,0.06507078215600495
IA/Non-Profit/CNA,2023-03-01,0.07967982535928689,0.08462969868050833
IA/Non-Profit/CNA,2023-04-01,0.06547835576573299,0.0663989521442972
IA/Non-Profit/CNA,2023-05-01,0.0797588285960379,0.0710098865458861
IA/Non-Profit/CNA,2023-06-01,0.0825201164184215,0.08386219254945128
IA/Non-Profit/CNA,2023-07-01,0.07800205268559698,0.0717275814445811
IA/Non-Profit/CNA,2023-08-01,0.09303882195448461,0.07415712721598812
IA/Non-Profit/CNA,2023-09-01,0.08608815426997245,0.08204864377113284
IA/Non-Profit/CNA,2023-10-01,0.0828168044077135,0.06951526916230916
IA/Non-Profit/CNA,2023-11-01,0.06498561516331021,0.06376112892744834
IA/Non-Profit/CNA,2023-12-01,0.10421755414427618,0.08676538094682523
IA/Non-Profit/CNA,2024-01-01,0.05963149078726968,0.06523019508208422
IA/Non-Profit/CNA,2024-02-01,0.05746155146188947,0.06250393536615599
IA/Non-Profit/CNA,2024-03-01,0.07158315298818045,0.08140844049431777
IA/Non-Profit/CNA,2024-04-01,0.0687603305785124,0.06253014038135782
IA/Non-Profit/CNA,2024-05-01,0.07503561817318348,0.06639906878313251
IA/Non-Profit/CNA,2024-06-01,0.0785299198994817,0.07856309125797573
IA/Non-Profit/CNA,2024-07-01,0.06628729621654876,0.06571800128908514
IA/Non-Profit/CNA,2024-08-01,0.072483630272575,0.06752476761616655
IA/Non-Profit/CNA,2024-09-01,0.06561264822134387,0.07497887733297152
IA/Non-Profit/CNA,2024-10-01,0.061218147917961464,0.06210800882953645
IA/Non-Profit/CNA,2024-11-01,0.0522925931605582,0.05612973703259851
IA/Non-Profit/CNA,2024-12-01,0.05069054484747306,0.07909686686094446
IA/Non-Profit/CNA,2025-01-01,0.057796508127633955,0.05807893651337617
IA/Non-Profit/CNA,2025-02-01,0.053016169154228854,0.05582504117925812
IA/Non-Profit/CNA,2025-03-01,0.06494487237577405,0.0751499259623592
IA/Non-Profit/LPN,2022-10-01,0.05229357798165138,0.05550472948955769
IA/Non-Profit/LPN,2022-11-01,0.0470479704797048,0.05004155126217378
IA/Non-Profit/LPN,2022-12-01,0.0692167577413479,0.07443067945711222
IA/Non-Profit/LPN,2023-01-01,0.05767524401064774,0.05351017368228436
IA/Non-Profit/LPN,2023-02-01,0.04553734061930783,0.0519696947775991
IA/Non-Profit/LPN,2023-03-01,0.05410279531109107,0.07086425532606737
IA/Non-Profit/LPN,2023-04-01,0.04118173679498657,0.05244586992993928
IA/Non-Profit/LPN,2023-05-01,0.04242424242424243,0.056647611287690545
IA/Non-Profit/LPN,2023-06-01,0.07724957555178268,0.07193716563550424
IA/Non-Profit/LPN,2023-07-01,0.07672849915682968,0.06040410903142811
IA/Non-Profit/LPN,2023-08-01,0.06992417860151642,0.06170110136172992
IA/Non-Profit/LPN,2023-09-01,0.08760330578512397,0.07128541588658303
IA/Non-Profit/LPN,2023-10-01,0.06440677966101695,0.05833825131503905
IA/Non-Profit/LPN,2023-11-01,0.04782237403928266,0.05283991980811107
IA/Non-Profit/LPN,2023-12-01,0.1001669449081803,0.07719753502553701
IA/Non-Profit/LPN,2024-01-01,0.05263157894736842,0.055884197374458155
IA/Non-Profit/LPN,2024-02-01,0.06113902847571189,0.05392920501917353
IA/Non-Profit/LPN,2024-03-01,0.07185122569737955,0.07237217499198599
IA/Non-Profit/LPN,2024-04-01,0.051597051597051594,0.05328974686202014
IA/Non-Profit/LPN,2024-05-01,0.055098684210526314,0.05672446271148099
IA/Non-Profit/LPN,2024-06-01,0.08777686628383921,0.0710598054727394
IA/Non-Profit/LPN,2024-07-01,0.07212317666126418,0.058370320858469105
IA/Non-Profit/LPN,2024-08-01,0.048582995951417005,0.05857791115131477
IA/Non-Profit/LPN,2024-09-01,0.06188925081433225,0.06729897562760438
IA/Non-Profit/LPN,2024-10-01,0.057096247960848286,0.05371486331597966
IA/Non-Profit/LPN,2024-11-01,0.03398058252427184,0.0477051501578649
IA/Non-Profit/LPN,2024-12-01,0.052969502407704656,0.07165601583642839
IA/Non-Profit/LPN,2025-01-01,0.05040650406504065,0.05052091090015993
IA/Non-Profit/LPN,2025-02-01,0.054276315789473686,0.04871671729704968
IA/Non-Profit/LPN,2025-03-01,0.05016722408026756,0.06731506926286589
IA/Non-Profit/RN,2022-10-01,0.060810810810810814,0.05271467873468055
IA/Non-Profit/RN,2022-11-01,0.04197698036560596,0.04666026763938074
IA/Non-Profit/RN,2022-12-01,0.059269469331495524,0.06984302571002875
IA/Non-Profit/RN,2023-01-01,0.04752342704149933,0.04940153299534556
IA/Non-Profit/RN,2023-02-01,0.04477611940298507,0.04776830332071384
IA/Non-Profit/RN,2023-03-01,0.05172413793103448,0.06737750651658803
IA/Non-Profit/RN,2023-04-01,0.03777335984095427,0.048411964916595156
IA/Non-Profit/RN,2023-05-01,0.052700922266139656,0.05321144835881479
IA/Non-Profit/RN,2023-06-01,0.050682261208576995,0.06589739818672816
IA/Non-Profit/RN,2023-07-01,0.05279312461632903,0.05454859891272224
IA/Non-Profit/RN,2023-08-01,0.07155425219941348,0.05794790842757249
IA/Non-Profit/RN,2023-09-01,0.07464454976303317,0.06667751311022595
IA/Non-Profit/RN,2023-10-01,0.06658878504672897,0.05502250537803304
IA/Non-Profit/RN,2023-11-01,0.05382775119617225,0.04934426743648265
IA/Non-Profit/RN,2023-12-01,0.08169350029815146,0.07283344656304651
IA/Non-Profit/RN,2024-01-01,0.04686548995739501,0.05244077217678226
IA/Non-Profit/RN,2024-02-01,0.05234327449786975,0.05082170042698912
IA/Non-Profit/RN,2024-03-01,0.07746895328208162,0.07056754015270623
IA/Non-Profit/RN,2024-04-01,0.05820721769499418,0.05131447835967415
IA/Non-Profit/RN,2024-05-01,0.06803887935963408,0.055632411392327524
IA/Non-Profit/RN,2024-06-01,0.06214039125431531,0.06767083475676915
IA/Non-Profit/RN,2024-07-01,0.05200678349349915,0.05554743100912509
IA/Non-Profit/RN,2024-08-01,0.06398234969663541,0.058180620294028894
IA/Non-Profit/RN,2024-09-01,0.05812641083521445,0.06624186417627126
IA/Non-Profit/RN,2024-10-01,0.05949781659388646,0.054082442118426666
IA/Non-Profit/RN,2024-11-01,0.041922861934041364,0.04810459019843721
IA/Non-Profit/RN,2024-12-01,0.051637978900610775,0.07144571186122581
IA/Non-Profit/RN,2025-01-01,0.0561307901907357,0.05119807840889715
IA/Non-Profit/RN,2025-02-01,0.05204872646733112,0.04955816368333968
IA/Non-Profit/RN,2025-03-01,0.0721205597416577,0.06929374889524469
ID/For-Profit/CNA,2022-10-01,0.09293044469783353,0.08151683713231954
ID/For-Profit/CNA,2022-11-01,0.08747855917667238,0.07689879708025102
ID/For-Profit/CNA,2022-12-01,0.08752117447769622,0.09965888101350512
ID/For-Profit/CNA,2023-01-01,0.08293963254593176,0.07955147343906518
ID/For-Profit/CNA,2023-02-01,0.10042060988433228,0.07889687933961043
ID/For-Profit/CNA,2023-03-01,0.0922920892494929,0.09759846050761661
ID/For-Profit/CNA,2023-04-01,0.0916030534351145,0.07906458198991562
ID/For-Profit/CNA,2023-05-01,0.09165386584741424,0.08258452494836892
ID/For-Profit/CNA,2023-06-01,0.08290422245108137,0.09446756917282395
ID/For-Profit/CNA,2023-07-01,0.09185700099304867,0.0831149324847047
ID/For-Profit/CNA,2023-08-01,0.09850313858039594,0.08538132163145137
ID/For-Profit/CNA,2023-09-01,0.08783120706575073,0.09255925587475916
ID/For-Profit/CNA,2023-10-01,0.0738581146744412,0.08000369576086436
ID/For-Profit/CNA,2023-11-01,0.07409200968523003,0.07487015069816871
ID/For-Profit/CNA,2023-12-01,0.08829174664107485,0.09725191472381232
ID/For-Profit/CNA,2024-01-01,0.07170172084130019,0.07670971220968532
ID/For-Profit/CNA,2024-02-01,0.08069029850746269,0.07575305498685984
ID/For-Profit/CNA,2024-03-01,0.0891134588883785,0.09440901435065045
ID/For-Profit/CNA,2024-04-01,0.07892249527410208,0.07571755651097908
ID/For-Profit/CNA,2024-05-01,0.08344923504867872,0.07924945935647051
ID/For-Profit/CNA,2024-06-01,0.07166276346604215,0.09119142304754999
ID/For-Profit/CNA,2024-07-01,0.08775877587758776,0.08004124146198306
ID/For-Profit/CNA,2024-08-01,0.09878213802435724,0.08239620330697547
ID/For-Profit/CNA,2024-09-01,0.0819375282933454,0.08976394601099151
ID/For-Profit/CNA,2024-10-01,0.07953004970628107,0.07730380913819102
ID/For-Profit/CNA,2024-11-01,0.07702763932940643,0.07238961107766621
ID/For-Profit/CNA,2024-12-01,0.08647450110864745,0.09492510173412899
ID/For-Profit/CNA,2025-01-01,0.07281553398058252,0.07449045312609343
ID/For-Profit/CNA,2025-02-01,0.07209612817089453,0.07356960002967522
ID/For-Profit/CNA,2025-03-01,0.08447684391080618,0.09228366594857988
ID/For-Profit/LPN,2022-10-01,0.061930783242258654,0.056980027860490466
ID/For-Profit/LPN,2022-11-01,0.04275092936802974,0.05129764552581817
ID/For-Profit/LPN,2022-12-01,0.03467153284671533,0.07439151235677532
ID/For-Profit/LPN,2023-01-01,0.05593220338983051,0.05401063449018423
ID/For-Profit/LPN,2023-02-01,0.05752961082910321,0.053049564930752226
ID/For-Profit/LPN,2023-03-01,0.08067226890756303,0.07328269638818462
ID/For-Profit/LPN,2023-04-01,0.06563039723661486,0.054638376323070205
ID/For-Profit/LPN,2023-05-01,0.06076388888888889,0.058572840335776935
ID/For-Profit/LPN,2023-06-01,0.061511423550087874,0.07145701515113771
ID/For-Profit/LPN,2023-07-01,0.0535405872193437,0.05957228814027106
ID/For-Profit/LPN,2023-08-01,0.061224489795918366,0.06262307989087036
ID/For-Profit/LPN,2023-09-01,0.058823529411764705,0.07126425625245773
ID/For-Profit/LPN,2023-10-01,0.07202680067001675,0.06065138069436753
ID/For-Profit/LPN,2023-11-01,0.07605177993527508,0.05552478315576044
ID/For-Profit/LPN,2023-12-01,0.11483253588516747,0.0788082533362807
ID/For-Profit/LPN,2024-01-01,0.048494983277591976,0.05745283599361306
ID/For-Profit/LPN,2024-02-01,0.06446280991735537,0.0557511368321115
ID/For-Profit/LPN,2024-03-01,0.05636070853462158,0.07529264169801263
ID/For-Profit/LPN,2024-04-01,0.055284552845528454,0.05623308211047272
ID/For-Profit/LPN,2024-05-01,0.06026058631921824,0.0598091301180174
ID/For-Profit/LPN,2024-06-01,0.05654281098546042,0.07244878158564862
ID/For-Profit/LPN,2024-07-01,0.05116279069767442,0.060352102868516465
ID/For-Profit/LPN,2024-08-01,0.0764525993883792,0.06321928517095249
ID/For-Profit/LPN,2024-09-01,0.06441717791411043,0.07148389415017053
ID/For-Profit/LPN,2024-10-01,0.08422664624808576,0.06051612973840176
ID/For-Profit/LPN,2024-11-01,0.05214723926380368,0.05489912368544871
ID/For-Profit/LPN,2024-12-01,0.07110438729198185,0.07784092699584119
ID/For-Profit/LPN,2025-01-01,0.05846153846153846,0.05683178756760483
ID/For-Profit/LPN,2025-02-01,0.04538341158059468,0.055264592975891834
ID/For-Profit/LPN,2025-03-01,0.0818452380952381,0.07513302020007961
ID/For-Profit/RN,2022-10-01,0.06890756302521009,0.060622075810919454
ID/For-Profit/RN,2022-11-01,0.05555555555555555,0.05572919724900302
ID/For-Profit/RN,2022-12-01,0.053082191780821915,0.07622734606520233
ID/For-Profit/RN,2023-01-01,0.05608974358974359,0.057536588079301995
ID/For-Profit/RN,2023-02-01,0.06818181818181818,0.05592857621994901
ID/For-Profit/RN,2023-03-01,0.06885758998435054,0.07520946049292067
ID/For-Profit/RN,2023-04-01,0.07898894154818326,0.058344663018083685
ID/For-Profit/RN,2023-05-01,0.06230529595015576,0.06091516958158174
ID/For-Profit/RN,2023-06-01,0.06456692913385827,0.07347876123634978
ID/For-Profit/RN,2023-07-01,0.0593607305936073,0.06128778004463127
ID/For-Profit/RN,2023-08-01,0.07533234859675036,0.06434420501658455
ID/For-Profit/RN,2023-09-01,0.07088989441930618,0.07153749566250531
ID/For-Profit/RN,2023-10-01,0.07530120481927711,0.05994515213127331
ID/For-Profit/RN,2023-11-01,0.05116279069767442,0.054813189504861276
ID/For-Profit/RN,2023-12-01,0.052547770700636945,0.07518894784462095
ID/For-Profit/RN,2024-01-01,0.04075235109717868,0.05632646139854941
ID/For-Profit/RN,2024-02-01,0.04900459418070444,0.054707237978456405
ID/For-Profit/RN,2024-03-01,0.0546875,0.07420537300088079
ID/For-Profit/RN,2024-04-01,0.08074534161490683,0.0577353100622045
ID/For-Profit/RN,2024-05-01,0.07097791798107256,0.06069393426407306
ID/For-Profit/RN,2024-06-01,0.0671875,0.07354667691308184
ID/For-Profit/RN,2024-07-01,0.06736526946107785,0.061604323957505244
ID/For-Profit/RN,2024-08-01,0.08779761904761904,0.06482204182060795
ID/For-Profit/RN,2024-09-01,0.0532724505327245,0.0718953567684109
ID/For-Profit/RN,2024-10-01,0.06716417910447761,0.060519473081572586
ID/For-Profit/RN,2024-11-01,0.08284883720930232,0.05565454913457887
ID/For-Profit/RN,2024-12-01,0.04491017964071856,0.07583237897735357
ID/For-Profit/RN,2025-01-01,0.07060518731988473,0.05705006402948265
ID/For-Profit/RN,2025-02-01,0.04954954954954955,0.0550865059051231
ID/For-Profit/RN,2025-03-01,0.06531204644412192,0.0742044765285508
ID/Government/CNA,2022-10-01,0.035897435897435895,0.04887388854547886
ID/Government/CNA,2022-11-01,0.02072538860103627,0.04499166780392935
ID/Government/CNA,2022-12-01,0.058823529411764705,0.06622574298280332
ID/Government/CNA,2023-01-01,0.030612244897959183,0.04633726476787972
ID/Government/CNA,2023-02-01,0.03,0.04519390221933798
ID/Government/CNA,2023-03-01,0.04020100502512563,0.06649457690279498
ID/Government/CNA,2023-04-01,0.02512562814070352,0.048126644783502884
ID/Government/CNA,2023-05-01,0.04926108374384237,0.05462931577094096
ID/Government/CNA,2023-06-01,0.08205128205128205,0.07007336328573856
ID/Government/CNA,2023-07-01,0.21653543307086615,0.06334208488480962
ID/Government/CNA,2023-08-01,0.05365853658536585,0.059748732942117196
ID/Government/CNA,2023-09-01,0.061224489795918366,0.06775369565796581
ID/Government/CNA,2023-10-01,0.06465517241379311,0.05497564372246028
ID/Government/CNA,2023-11-01,0.100418410041841,0.050534355482633624
ID/Government/CNA,2023-12-01,0.044444444444444446,0.07017993836143853
ID/Government/CNA,2024-01-01,0.017777777777777778,0.04896935795056258
ID/Government/CNA,2024-02-01,0.038461538461538464,0.046637865345311516
ID/Government/CNA,2024-03-01,0.05439330543933055,0.06676983852665568
ID/Government/CNA,2024-04-01,0.03524229074889868,0.04693554912180109
ID/Government/CNA,2024-05-01,0.0611353711790393,0.05182114546393167
ID/Government/CNA,2024-06-01,0.06726457399103139,0.06551095739703139
ID/Government/CNA,2024-07-01,0.06306306306306306,0.05709614275881363
ID/Government/CNA,2024-08-01,0.05286343612334802,0.053775175836308295
ID/Government/CNA,2024-09-01,0.04932735426008968,0.06196341941707522
ID/Government/CNA,2024-10-01,0.0547945205479452,0.04964865165574782
ID/Government/CNA,2024-11-01,0.05092592592592592,0.04559369302486904
ID/Government/CNA,2024-12-01,0.03524229074889868,0.06628916834333753
ID/Government/CNA,2025-01-01,0.05737704918032787,0.046155198468898095
ID/Government/CNA,2025-02-01,0.029535864978902954,0.044333474007107104
ID/Government/CNA,2025-03-01,0.08,0.06510904215952708
ID/Government/LPN,2022-10-01,0.019230769230769232,0.05430329866635986
ID/Government/LPN,2022-11-01,0.0392156862745098,0.05110970420839069
ID/Government/LPN,2022-12-01,0.0784313725490196,0.0736869420013609
ID/Government/LPN,2023-01-01,0.0392156862745098,0.05083980398109132
ID/Government/LPN,2023-02-01,0.02,0.05246937346483139
ID/Government/LPN,2023-03-01,0.0,0.06875089968831284
ID/Government/LPN,2023-04-01,0.018867924528301886,0.05404320061829646
ID/Government/LPN,2023-05-01,0.16666666666666666,0.06427891744640608
ID/Government/LPN,2023-06-01,0.23404255319148937,0.08210574448283654
ID/Government/LPN,2023-07-01,0.1724137931034483,0.067303295813687
ID/Government/LPN,2023-08-01,0.061224489795918366,0.0626810864823574
ID/Government/LPN,2023-09-01,0.043478260869565216,0.0694520093749405
ID/Government/LPN,2023-10-01,0.07272727272727272,0.055244501025076324
ID/Government/LPN,2023-11-01,0.07692307692307693,0.04946287770944975
ID/Government/LPN,2023-12-01,0.04081632653061224,0.06877559135059604
ID/Government/LPN,2024-01-01,0.0,0.043095072388755463
ID/Government/LPN,2024-02-01,0.0392156862745098,0.04246682701375175
ID/Government/LPN,2024-03-01,0.02,0.056091164394971166
ID/Government/LPN,2024-04-01,0.0,0.038265186736120824
ID/Government/LPN,2024-05-01,0.0,0.045391370336969605
ID/Government/LPN,2024-06-01,0.07407407407407407,0.062069517682933784
ID/Government/LPN,2024-07-01,0.061224489795918366,0.04793926457737055
ID/Government/LPN,2024-08-01,0.020833333333333332,0.045452230053972205
ID/Government/LPN,2024-09-01,0.058823529411764705,0.05445333087587046
ID/Government/LPN,2024-10-01,0.0625,0.042199722330408716
ID/Government/LPN,2024-11-01,0.06382978723404255,0.03832337636061654
ID/Government/LPN,2024-12-01,0.06521739130434782,0.059679786364683934
ID/Government/LPN,2025-01-01,0.0,0.03550872292255408
ID/Government/LPN,2025-02-01,0.06521739130434782,0.03627708900053834
ID/Government/LPN,2025-03-01,0.0,0.05084487482613237
ID/Government/RN,2022-10-01,0.02631578947368421,0.0550942464196795
ID/Government/RN,2022-11-01,0.025974025974025976,0.0558297631085062
ID/Government/RN,2022-12-01,0.11392405063291139,0.07941108543025906
ID/Government/RN,2023-01-01,0.0821917808219178,0.05753211631470642
ID/Government/RN,2023-02-01,0.0,0.05388769168472711
ID/Government/RN,2023-03-01,0.05333333333333334,0.07602798368644303
ID/Government/RN,2023-04-01,0.0410958904109589,0.05659663619710748
ID/Government/RN,2023-05-01,0.025974025974025976,0.06273715194182783
ID/Government/RN,2023-06-01,0.11538461538461539,0.07850895757572052
ID/Government/RN,2023-07-01,0.21505376344086022,0.07110601972536375
ID/Government/RN,2023-08-01,0.06097560975609756,0.06742144358457713
ID/Government/RN,2023-09-01,0.06172839506172839,0.07653929684597921
ID/Government/RN,2023-10-01,0.0,0.0603533402518557
ID/Government/RN,2023-11-01,0.1509433962264151,0.06118281627702696
ID/Government/RN,2023-12-01,0.10638297872340426,0.08325649721411764
ID/Government/RN,2024-01-01,0.05434782608695652,0.05984445726288572
ID/Government/RN,2024-02-01,0.07142857142857142,0.05519488440509846
ID/Government/RN,2024-03-01,0.09183673469387756,0.07527302306729805
ID/Government/RN,2024-04-01,0.02127659574468085,0.053248873662039155
ID/Government/RN,2024-05-01,0.08163265306122448,0.05714473952989055
ID/Government/RN,2024-06-01,0.043010752688172046,0.06973906709397756
ID/Government/RN,2024-07-01,0.05319148936170213,0.06006036966977875
ID/Government/RN,2024-08-01,0.029411764705882353,0.05614794530878569
ID/Government/RN,2024-09-01,0.0761904761904762,0.06534681006565655
ID/Government/RN,2024-10-01,0.0380952380952381,0.04880282282381621
ID/Government/RN,2024-11-01,0.05825242718446602,0.04863321344063079
ID/Government/RN,2024-12-01,0.05714285714285714,0.0708380801708263
ID/Government/RN,2025-01-01,0.0297029702970297,0.048132688012581956
ID/Government/RN,2025-02-01,0.021052631578947368,0.044252819169834146
ID/Government/RN,2025-03-01,0.06451612903225806,0.0656624756370153
ID/Non-Profit/CNA,2022-10-01,0.07142857142857142,0.038743198726343214
ID/Non-Profit/CNA,2022-11-01,0.05555555555555555,0.035217674092209245
ID/Non-Profit/CNA,2022-12-01,0.017543859649122806,0.05460585139510879
ID/Non-Profit/CNA,2023-01-01,0.0,0.03474521189758148
ID/Non-Profit/CNA,2023-02-01,0.017241379310344827,0.032534009083911894
ID/Non-Profit/CNA,2023-03-01,0.0,0.06059916278188562
ID/Non-Profit/CNA,2023-04-01,0.017241379310344827,0.033876550573947964
ID/Non-Profit/CNA,2023-05-01,0.01639344262295082,0.03902555390940295
ID/Non-Profit/CNA,2023-06-01,0.0,0.052270935107483804
ID/Non-Profit/CNA,2023-07-01,0.08450704225352113,0.046529190136421095
ID/Non-Profit/CNA,2023-08-01,0.13432835820895522,0.05083034500598854
ID/Non-Profit/CNA,2023-09-01,0.046875,0.05660192044191156
ID/Non-Profit/CNA,2023-10-01,0.015625,0.0452849687073364
ID/Non-Profit/CNA,2023-11-01,0.04411764705882353,0.04362240972022373
ID/Non-Profit/CNA,2023-12-01,0.08823529411764706,0.06511889719587449
ID/Non-Profit/CNA,2024-01-01,0.07462686567164178,0.046645303062989904
ID/Non-Profit/CNA,2024-02-01,0.031746031746031744,0.04486949148992243
ID/Non-Profit/CNA,2024-03-01,0.016129032258064516,0.07334384549348888
ID/Non-Profit/CNA,2024-04-01,0.015151515151515152,0.046994443876334654
ID/Non-Profit/CNA,2024-05-01,0.030303030303030304,0.052664396139491046
ID/Non-Profit/CNA,2024-06-01,0.014084507042253521,0.06646878408976634
ID/Non-Profit/CNA,2024-07-01,0.07246376811594203,0.06131124960202704
ID/Non-Profit/CNA,2024-08-01,0.05555555555555555,0.0665885924306269
ID/Non-Profit/CNA,2024-09-01,0.02857142857142857,0.07462117291954906
ID/Non-Profit/CNA,2024-10-01,0.02857142857142857,0.06611260174717927
ID/Non-Profit/CNA,2024-11-01,0.08333333333333333,0.06727315191509893
ID/Non-Profit/CNA,2024-12-01,0.027777777777777776,0.09144533575934048
ID/Non-Profit/CNA,2025-01-01,0.06756756756756757,0.0766516839454657
ID/Non-Profit/CNA,2025-02-01,0.08108108108108109,0.07917897548690711
ID/Non-Profit/CNA,2025-03-01,0.4583333333333333,0.11176314787537875
IL/For-Profit/CNA,2022-10-01,0.09321728382345368,0.09335880537627878
IL/For-Profit/CNA,2022-11-01,0.08542687908496732,0.08849634867313597
IL/For-Profit/CNA,2022-12-01,0.10174096809902385,0.11206973636325276
IL/For-Profit/CNA,2023-01-01,0.0930462267878309,0.09221018260373627
IL/For-Profit/CNA,2023-02-01,0.08639000885042777,0.09034316974983103
IL/For-Profit/CNA,2023-03-01,0.10754680187207488,0.11103031585881763
IL/For-Profit/CNA,2023-04-01,0.09904725056826426,0.09326239146826615
IL/For-Profit/CNA,2023-05-01,0.1031364792314213,0.09786490296964548
IL/For-Profit/CNA,2023-06-01,0.12172088142707241,0.11281421427986824
IL/For-Profit/CNA,2023-07-01,0.11496382565731428,0.10010398759015418
IL/For-Profit/CNA,2023-08-01,0.11844567251207519,0.10283962287971835
IL/For-Profit/CNA,2023-09-01,0.1287394809886769,0.11168796385820429
IL/For-Profit/CNA,2023-10-01,0.10910615018088768,0.09948518312926717
IL/For-Profit/CNA,2023-11-01,0.11276670781167343,0.0938923838754154
IL/For-Profit/CNA,2023-12-01,0.13228659885006636,0.1164096963956007
IL/For-Profit/CNA,2024-01-01,0.10822161886984558,0.0951716802531862
IL/For-Profit/CNA,2024-02-01,0.08306752939032169,0.09181259259966598
IL/For-Profit/CNA,2024-03-01,0.09414631944757865,0.11089558902884292
IL/For-Profit/CNA,2024-04-01,0.08419444694042591,0.09182630812790941
IL/For-Profit/CNA,2024-05-01,0.08709776548575442,0.09525597061930917
IL/For-Profit/CNA,2024-06-01,0.12710759603685035,0.10926614892444667
IL/For-Profit/CNA,2024-07-01,0.08731970056600329,0.09543998476705003
IL/For-Profit/CNA,2024-08-01,0.09760974279741888,0.0972770817480858
IL/For-Profit/CNA,2024-09-01,0.09863535090976606,0.1055770048471513
IL/For-Profit/CNA,2024-10-01,0.11333732057416268,0.09311686259395342
IL/For-Profit/CNA,2024-11-01,0.07861771058315335,0.08716827544945044
IL/For-Profit/CNA,2024-12-01,0.09012377514182568,0.10977203256811896
IL/For-Profit/CNA,2025-01-01,0.08306560703415623,0.08902295752352629
IL/For-Profit/CNA,2025-02-01,0.07914718373300159,0.08637423838861513
IL/For-Profit/CNA,2025-03-01,0.1010908168442415,0.10621088037114443
IL/For-Profit/LPN,2022-10-01,0.07435114503816793,0.07772294735989321
IL/For-Profit/LPN,2022-11-01,0.07011298560594335,0.07273168785412809
IL/For-Profit/LPN,2022-12-01,0.0807001239157373,0.09612668002195374
IL/For-Profit/LPN,2023-01-01,0.07091766854360067,0.0762162380676864
IL/For-Profit/LPN,2023-02-01,0.06720916214587101,0.07406047349639822
IL/For-Profit/LPN,2023-03-01,0.09111310592459605,0.09494481695187386
IL/For-Profit/LPN,2023-04-01,0.07828918158946278,0.076995424519303
IL/For-Profit/LPN,2023-05-01,0.0904309715120526,0.0816742043018448
IL/For-Profit/LPN,2023-06-01,0.10293904734327494,0.09655667103558876
IL/For-Profit/LPN,2023-07-01,0.10569800569800569,0.08435931954893414
IL/For-Profit/LPN,2023-08-01,0.09294688749286122,0.08624576363993555
IL/For-Profit/LPN,2023-09-01,0.1009940930701628,0.09526570707213436
IL/For-Profit/LPN,2023-10-01,0.09378547105561862,0.08348694528041645
IL/For-Profit/LPN,2023-11-01,0.0924274593064402,0.0780590272197973
IL/For-Profit/LPN,2023-12-01,0.1142367556761388,0.10097694198322613
IL/For-Profit/LPN,2024-01-01,0.09382276400493084,0.08014388341359203
IL/For-Profit/LPN,2024-02-01,0.06731466705353258,0.07674198957649683
IL/For-Profit/LPN,2024-03-01,0.08945641318305037,0.09652774969721306
IL/For-Profit/LPN,2024-04-01,0.06985083189902468,0.07747646723589097
IL/For-Profit/LPN,2024-05-01,0.06870990734141126,0.0811404555278729
IL/For-Profit/LPN,2024-06-01,0.11935621706309643,0.09529585947721862
IL/For-Profit/LPN,2024-07-01,0.07639304973037747,0.08219520092056266
IL/For-Profit/LPN,2024-08-01,0.08043413618792744,0.0834542349757615
IL/For-Profit/LPN,2024-09-01,0.08365758754863813,0.09205317901916069
IL/For-Profit/LPN,2024-10-01,0.1012184990307394,0.07987421585224695
IL/For-Profit/LPN,2024-11-01,0.07204164907837343,0.07402315490651352
IL/For-Profit/LPN,2024-12-01,0.08255451713395638,0.09660009755140557
IL/For-Profit/LPN,2025-01-01,0.07514369830365905,0.07587417005324608
IL/For-Profit/LPN,2025-02-01,0.064150401836969,0.07291806564944184
IL/For-Profit/LPN,2025-03-01,0.0822187807968464,0.09287181784196585
IL/For-Profit/RN,2022-10-01,0.0638893206901912,0.07153380490921893
IL/For-Profit/RN,2022-11-01,0.061208637564082645,0.06736306128047413
IL/For-Profit/RN,2022-12-01,0.08870591890632282,0.09146177382710387
IL/For-Profit/RN,2023-01-01,0.07079091620986687,0.07094203015459771
IL/For-Profit/RN,2023-02-01,0.06357657375508925,0.06878728881954256
IL/For-Profit/RN,2023-03-01,0.07924176507147296,0.08897753002999215
IL/For-Profit/RN,2023-04-01,0.06729144261791366,0.0708546693433838
IL/For-Profit/RN,2023-05-01,0.07328174783796086,0.07515934328845922
IL/For-Profit/RN,2023-06-01,0.08429578521073947,0.09046903431692678
IL/For-Profit/RN,2023-07-01,0.09612604799074877,0.07803674011256208
IL/For-Profit/RN,2023-08-01,0.08782234957020058,0.08048102296153141
IL/For-Profit/RN,2023-09-01,0.11658362989323844,0.0903380050979936
IL/For-Profit/RN,2023-10-01,0.07787662242963395,0.07694716569898485
IL/For-Profit/RN,2023-11-01,0.0860168885072277,0.0724208026539431
IL/For-Profit/RN,2023-12-01,0.1195589088798607,0.09603478614901506
IL/For-Profit/RN,2024-01-01,0.08611969654397303,0.07467527357925693
IL/For-Profit/RN,2024-02-01,0.06360211002260739,0.07146046181382862
IL/For-Profit/RN,2024-03-01,0.08047844063792085,0.09072089489801026
IL/For-Profit/RN,2024-04-01,0.06713780918727916,0.07161884207710008
IL/For-Profit/RN,2024-05-01,0.06625713032031592,0.07488626189009003
IL/For-Profit/RN,2024-06-01,0.12802818969314345,0.08929252311340041
IL/For-Profit/RN,2024-07-01,0.06201550387596899,0.07542501897243939
IL/For-Profit/RN,2024-08-01,0.06962895098488318,0.07675751200389959
IL/For-Profit/RN,2024-09-01,0.07554122524182405,0.08568024223614133
IL/For-Profit/RN,2024-10-01,0.07993818488339421,0.07199062201670682
IL/For-Profit/RN,2024-11-01,0.06305404632542179,0.06700603003977838
IL/For-Profit/RN,2024-12-01,0.07546082949308756,0.09031820478502109
IL/For-Profit/RN,2025-01-01,0.06596230725299829,0.06918361699883989
IL/For-Profit/RN,2025-02-01,0.061112712597290286,0.0664683619204048
IL/For-Profit/RN,2025-03-01,0.07805365296803653,0.08610309320880538
IL/Government/CNA,2022-10-01,0.04501607717041801,0.0530200785876856
IL/Government/CNA,2022-11-01,0.04746835443037975,0.04825932032030381
IL/Government/CNA,2022-12-01,0.05669291338582677,0.07092082028626556
IL/Government/CNA,2023-01-01,0.05732484076433121,0.05176813316835387
IL/Government/CNA,2023-02-01,0.052715654952076675,0.05005398340428389
IL/Government/CNA,2023-03-01,0.06329113924050633,0.07037290715634531
IL/Government/CNA,2023-04-01,0.051036682615629984,0.05073676040682662
IL/Government/CNA,2023-05-01,0.039634146341463415,0.05457540825771849
IL/Government/CNA,2023-06-01,0.04264705882352941,0.06749585985522683
IL/Government/CNA,2023-07-01,0.04722222222222222,0.05692906188644024
IL/Government/CNA,2023-08-01,0.07446808510638298,0.0606349344891865
IL/Government/CNA,2023-09-01,0.05339105339105339,0.06868307349007949
IL/Government/CNA,2023-10-01,0.05742296918767507,0.057369637309250904
IL/Government/CNA,2023-11-01,0.0644718792866941,0.05350944576488286
IL/Government/CNA,2023-12-01,0.06747638326585695,0.07686801938965089
IL/Government/CNA,2024-01-01,0.06032171581769437,0.058358286182015315
IL/Government/CNA,2024-02-01,0.07036535859269283,0.05742263984869317
IL/Government/CNA,2024-03-01,0.11261872455902307,0.07830503829198768
IL/Government/CNA,2024-04-01,0.06179775280898876,0.05864285772315947
IL/Government/CNA,2024-05-01,0.07446808510638298,0.0624256529595044
IL/Government/CNA,2024-06-01,0.06544502617801047,0.07496598525117397
IL/Government/CNA,2024-07-01,0.07984293193717278,0.0638249413223296
IL/Government/CNA,2024-08-01,0.08483290488431877,0.0665890040631341
IL/Government/CNA,2024-09-01,0.06754966887417219,0.07358579832037762
IL/Government/CNA,2024-10-01,0.06976744186046512,0.06105318079155789
IL/Government/CNA,2024-11-01,0.04928664072632944,0.0559633924454526
IL/Government/CNA,2024-12-01,0.05994897959183673,0.07828225184778674
IL/Government/CNA,2025-01-01,0.06184210526315789,0.05887009412865693
IL/Government/CNA,2025-02-01,0.05547850208044383,0.057006823137047836
IL/Government/CNA,2025-03-01,0.07001321003963012,0.07710399003951522
IL/Government/LPN,2022-10-01,0.046511627906976744,0.04190129254388103
IL/Government/LPN,2022-11-01,0.045714285714285714,0.03766198457559369
IL/Government/LPN,2022-12-01,0.05813953488372093,0.059506479715621716
IL/Government/LPN,2023-01-01,0.05142857142857143,0.04019412893085491
IL/Government/LPN,2023-02-01,0.04,0.037083258481253815
IL/Government/LPN,2023-03-01,0.040697674418604654,0.05755285951678306
IL/Government/LPN,2023-04-01,0.023255813953488372,0.03628833346593085
IL/Government/LPN,2023-05-01,0.05027932960893855,0.040507573998508344
IL/Government/LPN,2023-06-01,0.023121387283236993,0.05198572342700142
IL/Government/LPN,2023-07-01,0.038461538461538464,0.04214302919901036
IL/Government/LPN,2023-08-01,0.03867403314917127,0.04317831781914089
IL/Government/LPN,2023-09-01,0.05,0.05236539254613713
IL/Government/LPN,2023-10-01,0.022099447513812154,0.03893774478303298
IL/Government/LPN,2023-11-01,0.0425531914893617,0.03548406861437363
IL/Government/LPN,2023-12-01,0.038461538461538464,0.05795865432611717
IL/Government/LPN,2024-01-01,0.028089887640449437,0.039613273675763574
IL/Government/LPN,2024-02-01,0.033707865168539325,0.037779304338934706
IL/Government/LPN,2024-03-01,0.12154696132596685,0.05964349050632787
IL/Government/LPN,2024-04-01,0.03409090909090909,0.03872541872068418
IL/Government/LPN,2024-05-01,0.03977272727272727,0.043099030820473484
IL/Government/LPN,2024-06-01,0.03296703296703297,0.05499120658421621
IL/Government/LPN,2024-07-01,0.08648648648648649,0.04543739864757049
IL/Government/LPN,2024-08-01,0.05,0.046068539952126814
IL/Government/LPN,2024-09-01,0.06111111111111111,0.05479871793159782
IL/Government/LPN,2024-10-01,0.027777777777777776,0.040766617537752375
IL/Government/LPN,2024-11-01,0.028089887640449437,0.03657430025772409
IL/Government/LPN,2024-12-01,0.033707865168539325,0.05872768042291334
IL/Government/LPN,2025-01-01,0.06748466257668712,0.04007700255506162
IL/Government/LPN,2025-02-01,0.0379746835443038,0.03745184897728601
IL/Government/LPN,2025-03-01,0.04938271604938271,0.05847797708596075
IL/Government/RN,2022-10-01,0.036734693877551024,0.04214803156816909
IL/Government/RN,2022-11-01,0.07083333333333333,0.037397583811246624
IL/Government/RN,2022-12-01,0.036585365853658534,0.05971705597741837
IL/Government/RN,2023-01-01,0.04435483870967742,0.03873926568039857
IL/Government/RN,2023-02-01,0.021929824561403508,0.036393467208257674
IL/Government/RN,2023-03-01,0.0611353711790393,0.0565703819805069
IL/Government/RN,2023-04-01,0.03286384976525822,0.03648367922297201
IL/Government/RN,2023-05-01,0.06550218340611354,0.04164426365724144
IL/Government/RN,2023-06-01,0.022935779816513763,0.052255064091022534
IL/Government/RN,2023-07-01,0.030042918454935622,0.04047901310797697
IL/Government/RN,2023-08-01,0.041666666666666664,0.04295277030047486
IL/Government/RN,2023-09-01,0.06611570247933884,0.05202451883606011
IL/Government/RN,2023-10-01,0.04065040650406504,0.03863400960749676
IL/Government/RN,2023-11-01,0.0040650406504065045,0.033821215860537
IL/Government/RN,2023-12-01,0.06692913385826772,0.05693823093438222
IL/Government/RN,2024-01-01,0.024,0.03626678218089698
IL/Government/RN,2024-02-01,0.04417670682730924,0.03444487483788067
IL/Government/RN,2024-03-01,0.0622568093385214,0.05492133277211713
IL/Government/RN,2024-04-01,0.023166023166023165,0.03515642439893428
IL/Government/RN,2024-05-01,0.05660377358490566,0.04072615954128304
IL/Government/RN,2024-06-01,0.040892193308550186,0.05168425784446123
IL/Government/RN,2024-07-01,0.03985507246376811,0.040137638380540575
IL/Government/RN,2024-08-01,0.05454545454545454,0.042677620556606254
IL/Government/RN,2024-09-01,0.051094890510948905,0.05165397755868616
IL/Government/RN,2024-10-01,0.045283018867924525,0.03842022388391461
IL/Government/RN,2024-11-01,0.03861003861003861,0.033680432079518194
IL/Government/RN,2024-12-01,0.052830188679245285,0.05633906879638803
IL/Government/RN,2025-01-01,0.036734693877551024,0.03542440632661473
IL/Government/RN,2025-02-01,0.02880658436213992,0.03326329149217856
IL/Government/RN,2025-03-01,0.04081632653061224,0.05347115938817605
IL/Non-Profit/CNA,2022-10-01,0.07038961038961039,0.07331427286134087
IL/Non-Profit/CNA,2022-11-01,0.07817672523554876,0.06918446403266638
IL/Non-Profit/CNA,2022-12-01,0.118,0.09323872045466328
IL/Non-Profit/CNA,2023-01-01,0.06413644006725919,0.07170530977083703
IL/Non-Profit/CNA,2023-02-01,0.07414586866973588,0.07047493589210135
IL/Non-Profit/CNA,2023-03-01,0.08113298127700432,0.08922549941169974
IL/Non-Profit/CNA,2023-04-01,0.07650809220205983,0.07094002562355563
IL/Non-Profit/CNA,2023-05-01,0.075,0.07448845251516412
IL/Non-Profit/CNA,2023-06-01,0.09774609015639374,0.08773687093370959
IL/Non-Profit/CNA,2023-07-01,0.08200618017589731,0.07530523093664213
IL/Non-Profit/CNA,2023-08-01,0.08194378275369224,0.07680562347214229
IL/Non-Profit/CNA,2023-09-01,0.10190315586605637,0.08555244181079297
IL/Non-Profit/CNA,2023-10-01,0.06161026837806301,0.07129993256158026
IL/Non-Profit/CNA,2023-11-01,0.058070416095107456,0.0664501639636181
IL/Non-Profit/CNA,2023-12-01,0.08453887884267632,0.0899419931221246
IL/Non-Profit/CNA,2024-01-01,0.06330254561838251,0.0682966562867781
IL/Non-Profit/CNA,2024-02-01,0.06577455205261964,0.06688091429817405
IL/Non-Profit/CNA,2024-03-01,0.07741792369121561,0.08567082294052326
IL/Non-Profit/CNA,2024-04-01,0.06865804725813643,0.06728120316054377
IL/Non-Profit/CNA,2024-05-01,0.07144408251900108,0.07079822729477311
IL/Non-Profit/CNA,2024-06-01,0.07627302275189599,0.08408634238982832
IL/Non-Profit/CNA,2024-07-01,0.07959356477561388,0.0718598224451517
IL/Non-Profit/CNA,2024-08-01,0.07743174061433447,0.07355099657254052
IL/Non-Profit/CNA,2024-09-01,0.0812690134724033,0.08255131084452204
IL/Non-Profit/CNA,2024-10-01,0.07257891346360318,0.06863455289964253
IL/Non-Profit/CNA,2024-11-01,0.05797413793103448,0.06395681720037666
IL/Non-Profit/CNA,2024-12-01,0.07283795130142737,0.08764083995537329
IL/Non-Profit/CNA,2025-01-01,0.07262103505843072,0.06628078152921642
IL/Non-Profit/CNA,2025-02-01,0.07367963486198653,0.06505586222782438
IL/Non-Profit/CNA,2025-03-01,0.07098434484237615,0.08381277800091924
IL/Non-Profit/LPN,2022-10-01,0.059602649006622516,0.0664945385423689
IL/Non-Profit/LPN,2022-11-01,0.07036247334754797,0.06254690515875486
IL/Non-Profit/LPN,2022-12-01,0.12147505422993492,0.08678399717877557
IL/Non-Profit/LPN,2023-01-01,0.06047516198704104,0.06547475678516823
IL/Non-Profit/LPN,2023-02-01,0.05585980284775466,0.06301491162753396
IL/Non-Profit/LPN,2023-03-01,0.07119741100323625,0.0825700002548323
IL/Non-Profit/LPN,2023-04-01,0.05070118662351672,0.06375792801971468
IL/Non-Profit/LPN,2023-05-01,0.0836864406779661,0.06791731706380266
IL/Non-Profit/LPN,2023-06-01,0.11542610571736785,0.08255176364905581
IL/Non-Profit/LPN,2023-07-01,0.07692307692307693,0.06884939517324724
IL/Non-Profit/LPN,2023-08-01,0.06931818181818182,0.069278383417392
IL/Non-Profit/LPN,2023-09-01,0.09555555555555556,0.07826207657564557
IL/Non-Profit/LPN,2023-10-01,0.04293785310734463,0.06338195297627514
IL/Non-Profit/LPN,2023-11-01,0.04185022026431718,0.058618591118430395
IL/Non-Profit/LPN,2023-12-01,0.0750816104461371,0.08237684312947105
IL/Non-Profit/LPN,2024-01-01,0.05626326963906582,0.061127245548464715
IL/Non-Profit/LPN,2024-02-01,0.06659729448491156,0.05882608112405972
IL/Non-Profit/LPN,2024-03-01,0.08299180327868852,0.07820823428658216
IL/Non-Profit/LPN,2024-04-01,0.07348242811501597,0.059008853623541586
IL/Non-Profit/LPN,2024-05-01,0.04940923737916219,0.062403989384682064
IL/Non-Profit/LPN,2024-06-01,0.08779443254817987,0.07670232990658915
IL/Non-Profit/LPN,2024-07-01,0.0738327904451683,0.0628098584882262
IL/Non-Profit/LPN,2024-08-01,0.05010893246187364,0.06328578856445984
IL/Non-Profit/LPN,2024-09-01,0.06774193548387097,0.07241170753886401
IL/Non-Profit/LPN,2024-10-01,0.055853920515574654,0.05796632638073376
IL/Non-Profit/LPN,2024-11-01,0.050493962678375415,0.053361571395865615
IL/Non-Profit/LPN,2024-12-01,0.05616740088105727,0.0770877032307583
IL/Non-Profit/LPN,2025-01-01,0.0695364238410596,0.055922123377626615
IL/Non-Profit/LPN,2025-02-01,0.042600896860986545,0.0535150085886375
IL/Non-Profit/LPN,2025-03-01,0.058823529411764705,0.07303973428466265
IL/Non-Profit/RN,2022-10-01,0.06824925816023739,0.05730353918059212
IL/Non-Profit/RN,2022-11-01,0.059734513274336286,0.05274553921162011
IL/Non-Profit/RN,2022-12-01,0.10808823529411765,0.0761096196154255
IL/Non-Profit/RN,2023-01-01,0.04535637149028078,0.05405334499071262
IL/Non-Profit/RN,2023-02-01,0.04454022988505747,0.051719489847014834
IL/Non-Profit/RN,2023-03-01,0.056348074179743225,0.0707436018409977
IL/Non-Profit/RN,2023-04-01,0.047719298245614036,0.051303019458940724
IL/Non-Profit/RN,2023-05-01,0.05861828332170272,0.05508974168987671
IL/Non-Profit/RN,2023-06-01,0.07760989010989011,0.06905323543636935
IL/Non-Profit/RN,2023-07-01,0.05135520684736091,0.05510215191741018
IL/Non-Profit/RN,2023-08-01,0.06064880112834979,0.057135626879716364
IL/Non-Profit/RN,2023-09-01,0.07178043631245602,0.06558988537959257
IL/Non-Profit/RN,2023-10-01,0.05563002680965148,0.052470721626683
IL/Non-Profit/RN,2023-11-01,0.04983388704318937,0.04759084557947536
IL/Non-Profit/RN,2023-12-01,0.0676841406768414,0.07062921354319003
IL/Non-Profit/RN,2024-01-01,0.04713804713804714,0.048614181810023936
IL/Non-Profit/RN,2024-02-01,0.04697986577181208,0.04634548787029189
IL/Non-Profit/RN,2024-03-01,0.06812169312169312,0.06530963927092645
IL/Non-Profit/RN,2024-04-01,0.0396361273554256,0.04554164062895029
IL/Non-Profit/RN,2024-05-01,0.043086816720257236,0.048982605833726864
IL/Non-Profit/RN,2024-06-01,0.07115628970775095,0.06285769125821251
IL/Non-Profit/RN,2024-07-01,0.036561898652982684,0.048827922536670856
IL/Non-Profit/RN,2024-08-01,0.045368620037807186,0.050939688781993044
IL/Non-Profit/RN,2024-09-01,0.046675191815856776,0.059628392422637504
IL/Non-Profit/RN,2024-10-01,0.040175768989328314,0.04689410626658038
IL/Non-Profit/RN,2024-11-01,0.0529595015576324,0.042541645907345646
IL/Non-Profit/RN,2024-12-01,0.04657016991818754,0.06613976284996635
IL/Non-Profit/RN,2025-01-01,0.057053291536050155,0.044939200946512034
IL/Non-Profit/RN,2025-02-01,0.05025445292620865,0.043157278280498555
IL/Non-Profit/RN,2025-03-01,0.054140127388535034,0.06253685109637452
IN/For-Profit/CNA,2022-10-01,0.09813542688910697,0.08938110285196817
IN/For-Profit/CNA,2022-11-01,0.08309705561613959,0.08417238074405978
IN/For-Profit/CNA,2022-12-01,0.1046226112949717,0.1073572887234965
IN/For-Profit/CNA,2023-01-01,0.09540636042402827,0.0882497931417756
IN/For-Profit/CNA,2023-02-01,0.09018539855451975,0.08655298458544552
IN/For-Profit/CNA,2023-03-01,0.1053163533454619,0.10635512654196384
IN/For-Profit/CNA,2023-04-01,0.1005958994041006,0.08807863662076755
IN/For-Profit/CNA,2023-05-01,0.0986784140969163,0.09204313703339495
IN/For-Profit/CNA,2023-06-01,0.10370513688691109,0.10484849499043848
IN/For-Profit/CNA,2023-07-01,0.10208794380833253,0.09285166238800302
IN/For-Profit/CNA,2023-08-01,0.11097316397669754,0.09497372446860645
IN/For-Profit/CNA,2023-09-01,0.1023063276167948,0.10275096981465243
IN/For-Profit/CNA,2023-10-01,0.10250985671699202,0.0906589100032186
IN/For-Profit/CNA,2023-11-01,0.0859822309970385,0.0846806209795285
IN/For-Profit/CNA,2023-12-01,0.09085557299843014,0.10699631524940414
IN/For-Profit/CNA,2024-01-01,0.08519743240614666,0.08710181308496506
IN/For-Profit/CNA,2024-02-01,0.0869351669941061,0.08493686434125974
IN/For-Profit/CNA,2024-03-01,0.11056392429509464,0.10414553558351586
IN/For-Profit/CNA,2024-04-01,0.08501204819277108,0.08528225160411276
IN/For-Profit/CNA,2024-05-01,0.09774294078760978,0.08888757935723593
IN/For-Profit/CNA,2024-06-01,0.09541301685975323,0.10106723265119394
IN/For-Profit/CNA,2024-07-01,0.09166743905830012,0.08857920839199197
IN/For-Profit/CNA,2024-08-01,0.09150812064965197,0.09031823343135181
IN/For-Profit/CNA,2024-09-01,0.08609083151607091,0.09800259175088055
IN/For-Profit/CNA,2024-10-01,0.09106976744186046,0.08603859641953657
IN/For-Profit/CNA,2024-11-01,0.07769447047797563,0.08012562835522409
IN/For-Profit/CNA,2024-12-01,0.08331758926884565,0.10245165043595342
IN/For-Profit/CNA,2025-01-01,0.08980628173782208,0.08277163674680474
IN/For-Profit/CNA,2025-02-01,0.0788540768420044,0.08065486672574722
IN/For-Profit/CNA,2025-03-01,0.08680064156995942,0.10018063540242689
IN/For-Profit/LPN,2022-10-01,0.06621621621621622,0.06253112527005349
IN/For-Profit/LPN,2022-11-01,0.05846363018354861,0.05696628731823292
IN/For-Profit/LPN,2022-12-01,0.07003089598352215,0.08006694658359578
IN/For-Profit/LPN,2023-01-01,0.05782652043868395,0.060494091807991104
IN/For-Profit/LPN,2023-02-01,0.05289421157684631,0.05853050744025943
IN/For-Profit/LPN,2023-03-01,0.07247318817029574,0.07806956456033767
IN/For-Profit/LPN,2023-04-01,0.05915399867812293,0.05973950890067774
IN/For-Profit/LPN,2023-05-01,0.0660377358490566,0.06366097046164908
IN/For-Profit/LPN,2023-06-01,0.06707122325135739,0.07677164121649684
IN/For-Profit/LPN,2023-07-01,0.08089887640449438,0.06564216765593592
IN/For-Profit/LPN,2023-08-01,0.06976010101010101,0.0676477369346668
IN/For-Profit/LPN,2023-09-01,0.06884517766497462,0.07617240701602229
IN/For-Profit/LPN,2023-10-01,0.08025633201098566,0.06457242622024283
IN/For-Profit/LPN,2023-11-01,0.05858522904331567,0.05910568017449462
IN/For-Profit/LPN,2023-12-01,0.07486797141969556,0.08230080798843174
IN/For-Profit/LPN,2024-01-01,0.07041383570105003,0.06274300986062457
IN/For-Profit/LPN,2024-02-01,0.07330652644602537,0.06074016928323245
IN/For-Profit/LPN,2024-03-01,0.07659181790218395,0.08002143149798112
IN/For-Profit/LPN,2024-04-01,0.06540342298288508,0.06140337546127894
IN/For-Profit/LPN,2024-05-01,0.06619239096814104,0.06495547555817623
IN/For-Profit/LPN,2024-06-01,0.07429281939695369,0.07770706266163506
IN/For-Profit/LPN,2024-07-01,0.06867878041268864,0.06608205753531017
IN/For-Profit/LPN,2024-08-01,0.07219333129397369,0.06782530333686079
IN/For-Profit/LPN,2024-09-01,0.07173913043478261,0.07594272701912058
IN/For-Profit/LPN,2024-10-01,0.06368646662584201,0.06390893668072065
IN/For-Profit/LPN,2024-11-01,0.055281037677578755,0.05828186473223454
IN/For-Profit/LPN,2024-12-01,0.0706605222734255,0.08128881225899616
IN/For-Profit/LPN,2025-01-01,0.0744485294117647,0.06170282703235664
IN/For-Profit/LPN,2025-02-01,0.057056145675265554,0.05950213896052317
IN/For-Profit/LPN,2025-03-01,0.07314148681055156,0.07887172162298556
IN/For-Profit/RN,2022-10-01,0.09252375051631558,0.07090822394820832
IN/For-Profit/RN,2022-11-01,0.0668076109936575,0.0659430531661132
IN/For-Profit/RN,2022-12-01,0.08625106746370624,0.08855497470568688
IN/For-Profit/RN,2023-01-01,0.07885010266940452,0.06871679192555755
IN/For-Profit/RN,2023-02-01,0.06878088962108732,0.06666437326944988
IN/For-Profit/RN,2023-03-01,0.07503025413473174,0.08575785411168861
IN/For-Profit/RN,2023-04-01,0.084070796460177,0.0672163876223183
IN/For-Profit/RN,2023-05-01,0.0724,0.07055906486037143
IN/For-Profit/RN,2023-06-01,0.07625099285146943,0.08313071900508813
IN/For-Profit/RN,2023-07-01,0.07809449433814916,0.07091407709187644
IN/For-Profit/RN,2023-08-01,0.0724202626641651,0.07230983643192457
IN/For-Profit/RN,2023-09-01,0.07957153787299158,0.08067201721371192
IN/For-Profit/RN,2023-10-01,0.07217651458489155,0.06801123406732988
IN/For-Profit/RN,2023-11-01,0.06378986866791744,0.06259172210235854
IN/For-Profit/RN,2023-12-01,0.07186779400461184,0.08498467867499854
IN/For-Profit/RN,2024-01-01,0.0570581696924787,0.06488612848700961
IN/For-Profit/RN,2024-02-01,0.060485331401666065,0.06286365257586785
IN/For-Profit/RN,2024-03-01,0.08387329013678906,0.08205266060469155
IN/For-Profit/RN,2024-04-01,0.06329574390687523,0.06349244928163762
IN/For-Profit/RN,2024-05-01,0.06927494615936827,0.06693461486545871
IN/For-Profit/RN,2024-06-01,0.07866761162296244,0.0797208232943216
IN/For-Profit/RN,2024-07-01,0.0674955595026643,0.06760730408522919
IN/For-Profit/RN,2024-08-01,0.06537530266343826,0.06923189238327013
IN/For-Profit/RN,2024-09-01,0.07009021512838307,0.07795913662793746
IN/For-Profit/RN,2024-10-01,0.057777777777777775,0.06584182262169862
IN/For-Profit/RN,2024-11-01,0.06657608695652174,0.06100800929377825
IN/For-Profit/RN,2024-12-01,0.07165326808808109,0.08373611368723025
IN/For-Profit/RN,2025-01-01,0.0739247311827957,0.06420703516922474
IN/For-Profit/RN,2025-02-01,0.07413734198838401,0.062471794894938884
IN/For-Profit/RN,2025-03-01,0.078125,0.08177983631117731
IN/Government/CNA,2022-10-01,0.09063313096270599,0.08625205416554221
IN/Government/CNA,2022-11-01,0.08699434536755112,0.08135921811740673
IN/Government/CNA,2022-12-01,0.08715397923875433,0.10387194620206464
IN/Government/CNA,2023-01-01,0.09034334763948498,0.08501752877214956
IN/Government/CNA,2023-02-01,0.08733531661708457,0.08357515572462557
IN/Government/CNA,2023-03-01,0.11185031185031186,0.10340116265653157
IN/Government/CNA,2023-04-01,0.08971646212441811,0.08473036624024466
IN/Government/CNA,2023-05-01,0.0967280163599182,0.08918828147021413
IN/Government/CNA,2023-06-01,0.10144927536231885,0.10214055815940509
IN/Government/CNA,2023-07-01,0.09776046738072054,0.08978890825950128
IN/Government/CNA,2023-08-01,0.10586413779756144,0.09218778665699057
IN/Government/CNA,2023-09-01,0.09723603102008352,0.09997091060018809
IN/Government/CNA,2023-10-01,0.10153550863723608,0.08819275527496812
IN/Government/CNA,2023-11-01,0.08521840873634945,0.08256456234198342
IN/Government/CNA,2023-12-01,0.09776915615906887,0.10452017553856603
IN/Government/CNA,2024-01-01,0.08699106256206554,0.08483819639757756
IN/Government/CNA,2024-02-01,0.08762677484787018,0.08269419284616789
IN/Government/CNA,2024-03-01,0.09630076397265783,0.10172548300510752
IN/Government/CNA,2024-04-01,0.08553685897435898,0.08252379691210843
IN/Government/CNA,2024-05-01,0.09792916586026708,0.08646411775920373
IN/Government/CNA,2024-06-01,0.09831623766208632,0.09891389003231287
IN/Government/CNA,2024-07-01,0.08307692307692308,0.0860967310836975
IN/Government/CNA,2024-08-01,0.08956655159186805,0.08814897222918838
IN/Government/CNA,2024-09-01,0.08173640985529917,0.09570694384359114
IN/Government/CNA,2024-10-01,0.0848912628767646,0.08383632200909046
IN/Government/CNA,2024-11-01,0.07800877360289911,0.07840720551714618
IN/Government/CNA,2024-12-01,0.08032355154251317,0.10048879097841468
IN/Government/CNA,2025-01-01,0.08907499048344118,0.08113804353929405
IN/Government/CNA,2025-02-01,0.08139083139083139,0.07912018695172514
IN/Government/CNA,2025-03-01,0.08727695888285493,0.09843445540534848
IN/Government/LPN,2022-10-01,0.06684491978609626,0.060214380451781416
IN/Government/LPN,2022-11-01,0.05010155721056195,0.054701250090843034
IN/Government/LPN,2022-12-01,0.05555555555555555,0.07739810233969664
IN/Government/LPN,2023-01-01,0.06072874493927125,0.05767426296199375
IN/Government/LPN,2023-02-01,0.05122950819672131,0.05654421476498683
IN/Government/LPN,2023-03-01,0.06423841059602649,0.075710056349544
IN/Government/LPN,2023-04-01,0.06801831262262917,0.05822311678745374
IN/Government/LPN,2023-05-01,0.07632600258732213,0.06221981758432311
IN/Government/LPN,2023-06-01,0.08852459016393442,0.07601738194816937
IN/Government/LPN,2023-07-01,0.06500328299409061,0.06275828699083798
IN/Government/LPN,2023-08-01,0.05844155844155844,0.06444555119102446
IN/Government/LPN,2023-09-01,0.061171925305859624,0.07303063745000392
IN/Government/LPN,2023-10-01,0.07356608478802992,0.06177661338911579
IN/Government/LPN,2023-11-01,0.0647021140294683,0.05622668970178628
IN/Government/LPN,2023-12-01,0.06722689075630252,0.07887053399757998
IN/Government/LPN,2024-01-01,0.050359712230215826,0.05877477954361918
IN/Government/LPN,2024-02-01,0.06378865979381443,0.05756824445052531
IN/Government/LPN,2024-03-01,0.07848101265822785,0.07643036868185814
IN/Government/LPN,2024-04-01,0.06832298136645963,0.05851900183306502
IN/Government/LPN,2024-05-01,0.059190031152647975,0.062067333748414666
IN/Government/LPN,2024-06-01,0.08229426433915212,0.07555088517117489
IN/Government/LPN,2024-07-01,0.056790123456790124,0.062129386920091796
IN/Government/LPN,2024-08-01,0.06311881188118812,0.06372086020393469
IN/Government/LPN,2024-09-01,0.058823529411764705,0.07217273884567336
IN/Government/LPN,2024-10-01,0.0661455201443175,0.060843274910317886
IN/Government/LPN,2024-11-01,0.05243676742751388,0.055416355106673795
IN/Government/LPN,2024-12-01,0.07820895522388059,0.07818800855456262
IN/Government/LPN,2025-01-01,0.06283987915407856,0.05815001751181404
IN/Government/LPN,2025-02-01,0.0678069639584606,0.05680779479512726
IN/Government/LPN,2025-03-01,0.05903834449178332,0.0754581822545932
IN/Government/RN,2022-10-01,0.06782464846980976,0.06260697600434655
IN/Government/RN,2022-11-01,0.06166666666666667,0.057879612276490765
IN/Government/RN,2022-12-01,0.05912162162162162,0.08042279345746357
IN/Government/RN,2023-01-01,0.06347897774113767,0.06084974924666301
IN/Government/RN,2023-02-01,0.06823720552396426,0.05939888757441428
IN/Government/RN,2023-03-01,0.09105180533751962,0.07914356366741046
IN/Government/RN,2023-04-01,0.06214227309893704,0.05985232973494076
IN/Government/RN,2023-05-01,0.059870550161812294,0.06304920792521099
IN/Government/RN,2023-06-01,0.07526020816653323,0.07687831769994755
IN/Government/RN,2023-07-01,0.06481481481481481,0.0642181080528419
IN/Government/RN,2023-08-01,0.06826706676669167,0.06604347367240063
IN/Government/RN,2023-09-01,0.08314263920671243,0.07498968142395211
IN/Government/RN,2023-10-01,0.06264323911382735,0.06197599761410411
IN/Government/RN,2023-11-01,0.05628373168851195,0.05710017388959062
IN/Government/RN,2023-12-01,0.0736196319018405,0.07943456286800604
IN/Government/RN,2024-01-01,0.056024558710667687,0.05947910844112378
IN/Government/RN,2024-02-01,0.05842185128983308,0.05774704728683733
IN/Government/RN,2024-03-01,0.07709750566893424,0.07735173006717055
IN/Government/RN,2024-04-01,0.06345565749235474,0.058123655976964755
IN/Government/RN,2024-05-01,0.0570592538405267,0.061151054180804076
IN/Government/RN,2024-06-01,0.07781818181818181,0.07495993839306235
IN/Government/RN,2024-07-01,0.06067251461988304,0.06207179238817336
IN/Government/RN,2024-08-01,0.05809731299927379,0.06391630730695051
IN/Government/RN,2024-09-01,0.06564551422319474,0.07289823207256671
IN/Government/RN,2024-10-01,0.05689277899343545,0.060086786168113096
IN/Government/RN,2024-11-01,0.060781476121562955,0.05550075538508942
IN/Government/RN,2024-12-01,0.07106963388370424,0.07818226673185359
IN/Government/RN,2025-01-01,0.06782106782106782,0.05845526824085704
IN/Government/RN,2025-02-01,0.05784526391901663,0.05679866416468392
IN/Government/RN,2025-03-01,0.07065609228550829,0.07647583092292369
IN/Non-Profit/CNA,2022-10-01,0.10144263796656744,0.08471754178434665
IN/Non-Profit/CNA,2022-11-01,0.08734030197444832,0.07966222548359642
IN/Non-Profit/CNA,2022-12-01,0.11141932501155802,0.10292224788750684
IN/Non-Profit/CNA,2023-01-01,0.07862232779097388,0.0824383497635362
IN/Non-Profit/CNA,2023-02-01,0.0836303159895462,0.0809286824774781
IN/Non-Profit/CNA,2023-03-01,0.08286778398510242,0.09968812316694128
IN/Non-Profit/CNA,2023-04-01,0.0847682119205298,0.08140060779474728
IN/Non-Profit/CNA,2023-05-01,0.09120102761721259,0.08569458462886487
IN/Non-Profit/CNA,2023-06-01,0.09620624607000629,0.09861232591213634
IN/Non-Profit/CNA,2023-07-01,0.0871139510117146,0.08610059065347324
IN/Non-Profit/CNA,2023-08-01,0.09293602833923734,0.08900890105415019
IN/Non-Profit/CNA,2023-09-01,0.10171949451004765,0.09745140123151451
IN/Non-Profit/CNA,2023-10-01,0.10113960113960115,0.08533363355994136
IN/Non-Profit/CNA,2023-11-01,0.07724689539044412,0.07997155890553781
IN/Non-Profit/CNA,2023-12-01,0.09741468459152017,0.10303902563168457
IN/Non-Profit/CNA,2024-01-01,0.08838643371017471,0.08242981517402123
IN/Non-Profit/CNA,2024-02-01,0.0827300930713547,0.08083849935895462
IN/Non-Profit/CNA,2024-03-01,0.10510204081632653,0.09938878807279478
IN/Non-Profit/CNA,2024-04-01,0.08454452405322416,0.08058380802570153
IN/Non-Profit/CNA,2024-05-01,0.09181836367273455,0.0843478103396653
IN/Non-Profit/CNA,2024-06-01,0.0936936936936937,0.09667438215723861
IN/Non-Profit/CNA,2024-07-01,0.07764471057884231,0.08365187176265004
IN/Non-Profit/CNA,2024-08-01,0.09147894221351616,0.0860323279667623
IN/Non-Profit/CNA,2024-09-01,0.0856116543604071,0.09396212332702902
IN/Non-Profit/CNA,2024-10-01,0.07269116186693148,0.0814349404731427
IN/Non-Profit/CNA,2024-11-01,0.07446808510638298,0.07603146693026819
IN/Non-Profit/CNA,2024-12-01,0.08241106719367589,0.09905704658280595
IN/Non-Profit/CNA,2025-01-01,0.08138372325534893,0.07855560435979081
IN/Non-Profit/CNA,2025-02-01,0.08703703703703704,0.07707924966563999
IN/Non-Profit/CNA,2025-03-01,0.08307755269081236,0.09565162955163718
IN/Non-Profit/LPN,2022-10-01,0.057777777777777775,0.05763533549474378
IN/Non-Profit/LPN,2022-11-01,0.04119850187265917,0.05265000751740863
IN/Non-Profit/LPN,2022-12-01,0.0761904761904762,0.07650853762065075
IN/Non-Profit/LPN,2023-01-01,0.061239731142643763,0.05635797517963246
IN/Non-Profit/LPN,2023-02-01,0.05255140898705255,0.05389807696780712
IN/Non-Profit/LPN,2023-03-01,0.05343511450381679,0.07409180027876207
IN/Non-Profit/LPN,2023-04-01,0.045319465081723624,0.054711370347040655
IN/Non-Profit/LPN,2023-05-01,0.06705118961788031,0.059921664508481846
IN/Non-Profit/LPN,2023-06-01,0.07770515613652869,0.07354868227496783
IN/Non-Profit/LPN,2023-07-01,0.05873715124816446,0.060820196186877805
IN/Non-Profit/LPN,2023-08-01,0.06326383896477354,0.06302449905986948
IN/Non-Profit/LPN,2023-09-01,0.07071428571428572,0.07240437177587246
IN/Non-Profit/LPN,2023-10-01,0.05832747716092762,0.06013789662869137
IN/Non-Profit/LPN,2023-11-01,0.06103619588360539,0.05564156996107734
IN/Non-Profit/LPN,2023-12-01,0.07492795389048991,0.07978616605676032
IN/Non-Profit/LPN,2024-01-01,0.06997282608695653,0.05986733483938424
IN/Non-Profit/LPN,2024-02-01,0.0568104038329911,0.05762088288459504
IN/Non-Profit/LPN,2024-03-01,0.09243134628265237,0.07792622958717998
IN/Non-Profit/LPN,2024-04-01,0.054279749478079335,0.05831300607141449
IN/Non-Profit/LPN,2024-05-01,0.0722972972972973,0.06317501460868483
IN/Non-Profit/LPN,2024-06-01,0.08066759388038942,0.07641892718896406
IN/Non-Profit/LPN,2024-07-01,0.059846903270702856,0.06335311643268512
IN/Non-Profit/LPN,2024-08-01,0.05931034482758621,0.06532560957788289
IN/Non-Profit/LPN,2024-09-01,0.06588881262868909,0.07449856055266824
IN/Non-Profit/LPN,2024-10-01,0.06233062330623306,0.06207810500975451
IN/Non-Profit/LPN,2024-11-01,0.06317934782608696,0.05741224413442311
IN/Non-Profit/LPN,2024-12-01,0.08355978260869565,0.08122048389767027
IN/Non-Profit/LPN,2025-01-01,0.06583506583506583,0.06111025675430083
IN/Non-Profit/LPN,2025-02-01,0.05813148788927336,0.0585858023511161
IN/Non-Profit/LPN,2025-03-01,0.08187919463087248,0.07872665196463852
IN/Non-Profit/RN,2022-10-01,0.055347091932457786,0.05983446621668742
IN/Non-Profit/RN,2022-11-01,0.05925925925925926,0.054555726186501466
IN/Non-Profit/RN,2022-12-01,0.06433301797540208,0.07821404177199623
IN/Non-Profit/RN,2023-01-01,0.05193578847969783,0.05751155462977025
IN/Non-Profit/RN,2023-02-01,0.0514018691588785,0.05661641319489377
IN/Non-Profit/RN,2023-03-01,0.08103130755064457,0.0765796892801477
IN/Non-Profit/RN,2023-04-01,0.07123034227567067,0.05815481843530317
IN/Non-Profit/RN,2023-05-01,0.08576814326107446,0.06208027096800465
IN/Non-Profit/RN,2023-06-01,0.06466729147141519,0.07452251122537865
IN/Non-Profit/RN,2023-07-01,0.06430568499534017,0.06201396313961226
IN/Non-Profit/RN,2023-08-01,0.06284658040665435,0.06387226480652175
IN/Non-Profit/RN,2023-09-01,0.08211678832116788,0.0731015804635187
IN/Non-Profit/RN,2023-10-01,0.08076225045372051,0.06038555283632461
IN/Non-Profit/RN,2023-11-01,0.05,0.05461696060510664
IN/Non-Profit/RN,2023-12-01,0.07837582625118036,0.07775745090695438
IN/Non-Profit/RN,2024-01-01,0.04323827046918123,0.056437741650873306
IN/Non-Profit/RN,2024-02-01,0.058011049723756904,0.05500643559166381
IN/Non-Profit/RN,2024-03-01,0.07149240393208221,0.07434729412073987
IN/Non-Profit/RN,2024-04-01,0.06127886323268206,0.05539449081094434
IN/Non-Profit/RN,2024-05-01,0.05026455026455026,0.05893815472327384
IN/Non-Profit/RN,2024-06-01,0.06976744186046512,0.07139939758589148
IN/Non-Profit/RN,2024-07-01,0.04978165938864629,0.058822352444514545
IN/Non-Profit/RN,2024-08-01,0.05432937181663837,0.06072671725756185
IN/Non-Profit/RN,2024-09-01,0.06416666666666666,0.07005307002592875
IN/Non-Profit/RN,2024-10-01,0.052980132450331126,0.05766193658472704
IN/Non-Profit/RN,2024-11-01,0.04785478547854786,0.05251441882579352
IN/Non-Profit/RN,2024-12-01,0.0814516129032258,0.07637537145354714
IN/Non-Profit/RN,2025-01-01,0.06281407035175879,0.05562911545281171
IN/Non-Profit/RN,2025-02-01,0.0650887573964497,0.0545746610589111
IN/Non-Profit/RN,2025-03-01,0.06896551724137931,0.07408722975840265
KS/For-Profit/CNA,2022-10-01,0.12397949496867287,0.12262498362732951
KS/For-Profit/CNA,2022-11-01,0.11568816169393648,0.11841313569085776
KS/For-Profit/CNA,2022-12-01,0.15189401007650682,0.14331716985190754
KS/For-Profit/CNA,2023-01-01,0.12844364937388192,0.12392459042621584
KS/For-Profit/CNA,2023-02-01,0.12609011627906977,0.12232166265757932
KS/For-Profit/CNA,2023-03-01,0.14451681042070058,0.143467866510544
KS/For-Profit/CNA,2023-04-01,0.12745786516853932,0.12496857757381977
KS/For-Profit/CNA,2023-05-01,0.144,0.12991058878644643
KS/For-Profit/CNA,2023-06-01,0.13458233069783432,0.14267121806591332
KS/For-Profit/CNA,2023-07-01,0.1457701381867206,0.1319500433276357
KS/For-Profit/CNA,2023-08-01,0.1493324542607549,0.13454819125804868
KS/For-Profit/CNA,2023-09-01,0.21243697478991597,0.144871779991651
KS/For-Profit/CNA,2023-10-01,0.13628053847432275,0.12999287979925503
KS/For-Profit/CNA,2023-11-01,0.13042757706330793,0.12412212365498265
KS/For-Profit/CNA,2023-12-01,0.15997366688610928,0.14722716086436605
KS/For-Profit/CNA,2024-01-01,0.13336614173228348,0.12585543523062265
KS/For-Profit/CNA,2024-02-01,0.12698681095705106,0.12243552188032855
KS/For-Profit/CNA,2024-03-01,0.17491749174917492,0.14156805951760304
KS/For-Profit/CNA,2024-04-01,0.12131860776439089,0.12061144236286767
KS/For-Profit/CNA,2024-05-01,0.1263718528082634,0.12323441702027688
KS/For-Profit/CNA,2024-06-01,0.11592544146500981,0.1338022272779546
KS/For-Profit/CNA,2024-07-01,0.1145233525271913,0.12109491113403081
KS/For-Profit/CNA,2024-08-01,0.12098329048843187,0.12185338304167109
KS/For-Profit/CNA,2024-09-01,0.11209341117597998,0.1306681267379417
KS/For-Profit/CNA,2024-10-01,0.11087454962332133,0.1153004683269553
KS/For-Profit/CNA,2024-11-01,0.0992919479664087,0.10921403873447529
KS/For-Profit/CNA,2024-12-01,0.10302242443938901,0.13214930066859099
KS/For-Profit/CNA,2025-01-01,0.11325922345738682,0.11130267801683315
KS/For-Profit/CNA,2025-02-01,0.09791034715200539,0.10843229690050787
KS/For-Profit/CNA,2025-03-01,0.10099364717380681,0.12840147915919986
KS/For-Profit/LPN,2022-10-01,0.10678925035360678,0.09802684423090999
KS/For-Profit/LPN,2022-11-01,0.09302325581395349,0.09399595350103271
KS/For-Profit/LPN,2022-12-01,0.1357142857142857,0.11866617808142352
KS/For-Profit/LPN,2023-01-01,0.09810791871058164,0.09746971012187663
KS/For-Profit/LPN,2023-02-01,0.10261854210898796,0.09637830776378928
KS/For-Profit/LPN,2023-03-01,0.09252669039145907,0.11634860821303747
KS/For-Profit/LPN,2023-04-01,0.09407665505226481,0.09746263657190998
KS/For-Profit/LPN,2023-05-01,0.11041229909154437,0.10217093000578856
KS/For-Profit/LPN,2023-06-01,0.11711711711711711,0.11549933681209879
KS/For-Profit/LPN,2023-07-01,0.11855324849296718,0.10400379487212139
KS/For-Profit/LPN,2023-08-01,0.12168284789644013,0.10626085246510092
KS/For-Profit/LPN,2023-09-01,0.18283828382838282,0.11691141170892907
KS/For-Profit/LPN,2023-10-01,0.08450704225352113,0.10108410672222617
KS/For-Profit/LPN,2023-11-01,0.0968586387434555,0.09598809631907851
KS/For-Profit/LPN,2023-12-01,0.13395847287340926,0.11946514725128846
KS/For-Profit/LPN,2024-01-01,0.09744623655913978,0.09705957641444665
KS/For-Profit/LPN,2024-02-01,0.10550763105507631,0.09484998445581282
KS/For-Profit/LPN,2024-03-01,0.1477132262051916,0.11356994697811316
KS/For-Profit/LPN,2024-04-01,0.08717948717948718,0.09269365253820962
KS/For-Profit/LPN,2024-05-01,0.09492847854356307,0.09548363952571486
KS/For-Profit/LPN,2024-06-01,0.09036544850498339,0.1070668242082458
KS/For-Profit/LPN,2024-07-01,0.08639587362991619,0.09394150335959789
KS/For-Profit/LPN,2024-08-01,0.0900131406044678,0.09494057094159282
KS/For-Profit/LPN,2024-09-01,0.09581646423751687,0.1044989542414695
KS/For-Profit/LPN,2024-10-01,0.08465608465608465,0.08864777861872233
KS/For-Profit/LPN,2024-11-01,0.07780013413816231,0.08342376448794869
KS/For-Profit/LPN,2024-12-01,0.0849933598937583,0.10675410318405534
KS/For-Profit/LPN,2025-01-01,0.0800807537012113,0.08472346183866655
KS/For-Profit/LPN,2025-02-01,0.07217939733707078,0.08294445501617953
KS/For-Profit/LPN,2025-03-01,0.08464163822525597,0.10246574279934009
KS/For-Profit/RN,2022-10-01,0.07303807303807304,0.08639384290674365
KS/For-Profit/RN,2022-11-01,0.08223429014740109,0.08319395090386981
KS/For-Profit/RN,2022-12-01,0.12724434035909446,0.1077603271973914
KS/For-Profit/RN,2023-01-01,0.09035687167805619,0.08699995369767494
KS/For-Profit/RN,2023-02-01,0.06369426751592357,0.0850115578460809
KS/For-Profit/RN,2023-03-01,0.11471698113207547,0.10756617684066366
KS/For-Profit/RN,2023-04-01,0.09179834462001504,0.08790139558737714
KS/For-Profit/RN,2023-05-01,0.09273570324574962,0.09209799155292515
KS/For-Profit/RN,2023-06-01,0.08608762490392007,0.10481090336768617
KS/For-Profit/RN,2023-07-01,0.10522388059701493,0.09419861386076754
KS/For-Profit/RN,2023-08-01,0.11277658815132048,0.0968424222463613
KS/For-Profit/RN,2023-09-01,0.17915774446823698,0.1073926264413346
KS/For-Profit/RN,2023-10-01,0.07692307692307693,0.0918761195815986
KS/For-Profit/RN,2023-11-01,0.09129511677282377,0.0875176389182702
KS/For-Profit/RN,2023-12-01,0.12544547398431932,0.11094028887113071
KS/For-Profit/RN,2024-01-01,0.0931899641577061,0.08925909094010365
KS/For-Profit/RN,2024-02-01,0.09827833572453372,0.08621558400907832
KS/For-Profit/RN,2024-03-01,0.1531654186521443,0.10716745743217859
KS/For-Profit/RN,2024-04-01,0.08888888888888889,0.08547232949545472
KS/For-Profit/RN,2024-05-01,0.09162491052254831,0.08765567280898076
KS/For-Profit/RN,2024-06-01,0.07937685459940653,0.09836426507515676
KS/For-Profit/RN,2024-07-01,0.08051761322789361,0.08576729636472104
KS/For-Profit/RN,2024-08-01,0.07101865136298421,0.08665329178939922
KS/For-Profit/RN,2024-09-01,0.07290132547864507,0.09577449184361786
KS/For-Profit/RN,2024-10-01,0.08398576512455516,0.08002628078683331
KS/For-Profit/RN,2024-11-01,0.0723589001447178,0.07529704533372347
KS/For-Profit/RN,2024-12-01,0.06954612005856516,0.09835404326985203
KS/For-Profit/RN,2025-01-01,0.07003610108303249,0.07679006371573506
KS/For-Profit/RN,2025-02-01,0.06171932402645114,0.07412511002523525
KS/For-Profit/RN,2025-03-01,0.08581560283687943,0.09589572248543163
KS/Government/CNA,2022-10-01,0.049132947976878616,0.06620512368563039
KS/Government/CNA,2022-11-01,0.04885057471264368,0.062425479845675376
KS/Government/CNA,2022-12-01,0.1239193083573487,0.08830173098369837
KS/Government/CNA,2023-01-01,0.06876790830945559,0.06693899735830806
KS/Government/CNA,2023-02-01,0.07331378299120235,0.06490554965943617
KS/Government/CNA,2023-03-01,0.11494252873563218,0.08666599570152299
KS/Government/CNA,2023-04-01,0.04938271604938271,0.06465535941710625
KS/Government/CNA,2023-05-01,0.07507507507507508,0.06980022432143661
KS/Government/CNA,2023-06-01,0.06748466257668712,0.08174827477118828
KS/Government/CNA,2023-07-01,0.07303370786516854,0.0703325854588829
KS/Government/CNA,2023-08-01,0.0625,0.07127645791897862
KS/Government/CNA,2023-09-01,0.1826086956521739,0.08267826592833064
KS/Government/CNA,2023-10-01,0.0425531914893617,0.0646371011773899
KS/Government/CNA,2023-11-01,0.04404145077720207,0.0595223002518645
KS/Government/CNA,2023-12-01,0.06852791878172589,0.08401870712606821
KS/Government/CNA,2024-01-01,0.060526315789473685,0.061942121937549506
KS/Government/CNA,2024-02-01,0.05526315789473684,0.05928563430644454
KS/Government/CNA,2024-03-01,0.06613756613756613,0.08056702166931581
KS/Government/CNA,2024-04-01,0.04935064935064935,0.0586987297049177
KS/Government/CNA,2024-05-01,0.07804878048780488,0.06379782822635201
KS/Government/CNA,2024-06-01,0.07231920199501247,0.07562864780616667
KS/Government/CNA,2024-07-01,0.08595988538681948,0.06392918262330143
KS/Government/CNA,2024-08-01,0.058997050147492625,0.06431845653420504
KS/Government/CNA,2024-09-01,0.046153846153846156,0.07507729476112106
KS/Government/CNA,2024-10-01,0.04060913705583756,0.058140830249816186
KS/Government/CNA,2024-11-01,0.046341463414634146,0.05411614437531768
KS/Government/CNA,2024-12-01,0.07178217821782178,0.07954428923670388
KS/Government/CNA,2025-01-01,0.05793450881612091,0.058321706719858604
KS/Government/CNA,2025-02-01,0.041237113402061855,0.05644881288302344
KS/Government/CNA,2025-03-01,0.11055276381909548,0.07869950844899352
KS/Government/LPN,2022-10-01,0.041666666666666664,0.056323772833627384
KS/Government/LPN,2022-11-01,0.021739130434782608,0.05094174420122564
KS/Government/LPN,2022-12-01,0.17543859649122806,0.07798512359515544
KS/Government/LPN,2023-01-01,0.17307692307692307,0.05559591101736618
KS/Government/LPN,2023-02-01,0.0,0.04844706521532898
KS/Government/LPN,2023-03-01,0.0851063829787234,0.067950000081847
KS/Government/LPN,2023-04-01,0.0,0.045810895915015186
KS/Government/LPN,2023-05-01,0.02040816326530612,0.05107574283447125
KS/Government/LPN,2023-06-01,0.0,0.061320132946817166
KS/Government/LPN,2023-07-01,0.0,0.049989008558920696
KS/Government/LPN,2023-08-01,0.05357142857142857,0.05350581958543218
KS/Government/LPN,2023-09-01,0.11538461538461539,0.06349275320306079
KS/Government/LPN,2023-10-01,0.06557377049180328,0.04894926750264949
KS/Government/LPN,2023-11-01,0.03333333333333333,0.043229748318979674
KS/Government/LPN,2023-12-01,0.06896551724137931,0.06942997438052059
KS/Government/LPN,2024-01-01,0.02,0.047559435414818836
KS/Government/LPN,2024-02-01,0.018518518518518517,0.04288471361456763
KS/Government/LPN,2024-03-01,0.0,0.06444352052397359
KS/Government/LPN,2024-04-01,0.03389830508474576,0.04560741063674431
KS/Government/LPN,2024-05-01,0.12121212121212122,0.053821103267287035
KS/Government/LPN,2024-06-01,0.08771929824561403,0.06564468049727183
KS/Government/LPN,2024-07-01,0.10526315789473684,0.05468227137986508
KS/Government/LPN,2024-08-01,0.08928571428571429,0.05732038190735329
KS/Government/LPN,2024-09-01,0.06779661016949153,0.06602831138769599
KS/Government/LPN,2024-10-01,0.045454545454545456,0.05079447580940792
KS/Government/LPN,2024-11-01,0.04918032786885246,0.044623202716355975
KS/Government/LPN,2024-12-01,0.03225806451612903,0.07026766698401962
KS/Government/LPN,2025-01-01,0.0,0.04836538537539333
KS/Government/LPN,2025-02-01,0.05357142857142857,0.043835736693057945
KS/Government/LPN,2025-03-01,0.0847457627118644,0.06530163058231865
KS/Government/RN,2022-10-01,0.022988505747126436,0.04527091384696556
KS/Government/RN,2022-11-01,0.056818181818181816,0.04445726032529561
KS/Government/RN,2022-12-01,0.15217391304347827,0.06939716300937428
KS/Government/RN,2023-01-01,0.011235955056179775,0.04331345379409395
KS/Government/RN,2023-02-01,0.05813953488372093,0.042958290178314484
KS/Government/RN,2023-03-01,0.07058823529411765,0.06155276077570352
KS/Government/RN,2023-04-01,0.0,0.039420730416173194
KS/Government/RN,2023-05-01,0.022988505747126436,0.044684866916778435
KS/Government/RN,2023-06-01,0.024691358024691357,0.0566839783366354
KS/Government/RN,2023-07-01,0.06097560975609756,0.0451152731469666
KS/Government/RN,2023-08-01,0.01282051282051282,0.0456322313563815
KS/Government/RN,2023-09-01,0.15584415584415584,0.059232770360847196
KS/Government/RN,2023-10-01,0.0,0.04009906450781458
KS/Government/RN,2023-11-01,0.047058823529411764,0.03885594476576183
KS/Government/RN,2023-12-01,0.058823529411764705,0.06348131960135484
KS/Government/RN,2024-01-01,0.03571428571428571,0.03810655245901874
KS/Government/RN,2024-02-01,0.0379746835443038,0.03815364732288085
KS/Government/RN,2024-03-01,0.04938271604938271,0.05738839955175045
KS/Government/RN,2024-04-01,0.023809523809523808,0.036143878063567086
KS/Government/RN,2024-05-01,0.07526881720430108,0.04183864838578766
KS/Government/RN,2024-06-01,0.05555555555555555,0.05349740758871141
KS/Government/RN,2024-07-01,0.024691358024691357,0.04121451573539989
KS/Government/RN,2024-08-01,0.024390243902439025,0.041407816009386145
KS/Government/RN,2024-09-01,0.04819277108433735,0.05450877422888688
KS/Government/RN,2024-10-01,0.011111111111111112,0.03632578140266417
KS/Government/RN,2024-11-01,0.056179775280898875,0.03572150428982527
KS/Government/RN,2024-12-01,0.060240963855421686,0.06086202219259371
KS/Government/RN,2025-01-01,0.02531645569620253,0.03601513329362465
KS/Government/RN,2025-02-01,0.04819277108433735,0.036630663951278314
KS/Government/RN,2025-03-01,0.06097560975609756,0.05625057238961984
KS/Non-Profit/CNA,2022-10-01,0.08672970329312031,0.08008170113968996
KS/Non-Profit/CNA,2022-11-01,0.0899234693877551,0.07529094963392693
KS/Non-Profit/CNA,2022-12-01,0.1262289882651443,0.09967685802528148
KS/Non-Profit/CNA,2023-01-01,0.08372827804107424,0.07784709455817607
KS/Non-Profit/CNA,2023-02-01,0.07973856209150326,0.07537908334961031
KS/Non-Profit/CNA,2023-03-01,0.08008793969849247,0.09372677499556453
KS/Non-Profit/CNA,2023-04-01,0.08129072292894818,0.07598982658506263
KS/Non-Profit/CNA,2023-05-01,0.08521377672209027,0.07941207706175302
KS/Non-Profit/CNA,2023-06-01,0.08800945067926758,0.09205478807082385
KS/Non-Profit/CNA,2023-07-01,0.09194097616345062,0.0797755738896812
KS/Non-Profit/CNA,2023-08-01,0.09117305458768873,0.08143921178070898
KS/Non-Profit/CNA,2023-09-01,0.0880334228588481,0.08911115135706178
KS/Non-Profit/CNA,2023-10-01,0.07417417417417417,0.07569987737854292
KS/Non-Profit/CNA,2023-11-01,0.055704498063747394,0.0700483037726998
KS/Non-Profit/CNA,2023-12-01,0.08921825050857309,0.09396890030394708
KS/Non-Profit/CNA,2024-01-01,0.07033727298933411,0.07208941872659008
KS/Non-Profit/CNA,2024-02-01,0.06431897555296857,0.06973647121133614
KS/Non-Profit/CNA,2024-03-01,0.07393767705382437,0.08831943373994715
KS/Non-Profit/CNA,2024-04-01,0.07874682472480948,0.0708043640691878
KS/Non-Profit/CNA,2024-05-01,0.0796221322537112,0.07439407524899469
KS/Non-Profit/CNA,2024-06-01,0.08659517426273458,0.08721509109150048
KS/Non-Profit/CNA,2024-07-01,0.07967178401270514,0.07501895468186869
KS/Non-Profit/CNA,2024-08-01,0.08537220197813639,0.07690743164062115
KS/Non-Profit/CNA,2024-09-01,0.08782867985904039,0.08480599864791549
KS/Non-Profit/CNA,2024-10-01,0.06920789402541228,0.07156702017502284
KS/Non-Profit/CNA,2024-11-01,0.061621621621621624,0.06608128040169875
KS/Non-Profit/CNA,2024-12-01,0.08526927138331573,0.09010619042730925
KS/Non-Profit/CNA,2025-01-01,0.06740064446831365,0.06822846768854371
KS/Non-Profit/CNA,2025-02-01,0.06075027995520717,0.06585078174496609
KS/Non-Profit/CNA,2025-03-01,0.06518761983018351,0.08435747722138583
KS/Non-Profit/LPN,2022-10-01,0.0662739322533137,0.060729286191816445
KS/Non-Profit/LPN,2022-11-01,0.04675716440422323,0.0561661182079984
KS/Non-Profit/LPN,2022-12-01,0.08957415565345081,0.0804962564999972
KS/Non-Profit/LPN,2023-01-01,0.05214723926380368,0.05931250669560291
KS/Non-Profit/LPN,2023-02-01,0.037914691943127965,0.056777690491463015
KS/Non-Profit/LPN,2023-03-01,0.057057057057057055,0.07705352010936006
KS/Non-Profit/LPN,2023-04-01,0.078125,0.059712732278012194
KS/Non-Profit/LPN,2023-05-01,0.06862745098039216,0.06334529790034778
KS/Non-Profit/LPN,2023-06-01,0.11994609164420485,0.07801547681293344
KS/Non-Profit/LPN,2023-07-01,0.08575380359612725,0.06543460178160575
KS/Non-Profit/LPN,2023-08-01,0.07584269662921349,0.06599068960657047
KS/Non-Profit/LPN,2023-09-01,0.06559766763848396,0.07412846695437728
KS/Non-Profit/LPN,2023-10-01,0.044733044733044736,0.05994667134697461
KS/Non-Profit/LPN,2023-11-01,0.05459770114942529,0.05504591967879645
KS/Non-Profit/LPN,2023-12-01,0.07402031930333818,0.07893020717834712
KS/Non-Profit/LPN,2024-01-01,0.05270655270655271,0.05746038000975062
KS/Non-Profit/LPN,2024-02-01,0.050505050505050504,0.0545738192972444
KS/Non-Profit/LPN,2024-03-01,0.06312769010043041,0.07432548245433246
KS/Non-Profit/LPN,2024-04-01,0.05202312138728324,0.056352817945714666
KS/Non-Profit/LPN,2024-05-01,0.056022408963585436,0.059809507162219076
KS/Non-Profit/LPN,2024-06-01,0.06293706293706294,0.07432839279725059
KS/Non-Profit/LPN,2024-07-01,0.07862068965517241,0.0621885342770705
KS/Non-Profit/LPN,2024-08-01,0.06130790190735695,0.06328365767811793
KS/Non-Profit/LPN,2024-09-01,0.0862533692722372,0.0722006287501625
KS/Non-Profit/LPN,2024-10-01,0.04891304347826087,0.05853034324450514
KS/Non-Profit/LPN,2024-11-01,0.047619047619047616,0.05390609212744486
KS/Non-Profit/LPN,2024-12-01,0.07417582417582418,0.07819809981330128
KS/Non-Profit/LPN,2025-01-01,0.07417974322396577,0.05715161149500092
KS/Non-Profit/LPN,2025-02-01,0.04817518248175182,0.05439672639091842
KS/Non-Profit/LPN,2025-03-01,0.07142857142857142,0.07429555461423214
KS/Non-Profit/RN,2022-10-01,0.05570291777188329,0.05468402490835613
KS/Non-Profit/RN,2022-11-01,0.036635006784260515,0.049517894848659996
KS/Non-Profit/RN,2022-12-01,0.10931174089068826,0.0745525059347866
KS/Non-Profit/RN,2023-01-01,0.054242002781641166,0.05151071412992848
KS/Non-Profit/RN,2023-02-01,0.042735042735042736,0.049435015515663455
KS/Non-Profit/RN,2023-03-01,0.05211267605633803,0.06845475579870232
KS/Non-Profit/RN,2023-04-01,0.04993252361673414,0.05037046990443508
KS/Non-Profit/RN,2023-05-01,0.08224543080939947,0.05468944269509843
KS/Non-Profit/RN,2023-06-01,0.08322663252240717,0.06719829869045243
KS/Non-Profit/RN,2023-07-01,0.052496798975672214,0.05427070176666426
KS/Non-Profit/RN,2023-08-01,0.04252577319587629,0.054967944406588726
KS/Non-Profit/RN,2023-09-01,0.056962025316455694,0.06359739305229731
KS/Non-Profit/RN,2023-10-01,0.04556962025316456,0.05071860099435809
KS/Non-Profit/RN,2023-11-01,0.04909560723514212,0.04526363204387874
KS/Non-Profit/RN,2023-12-01,0.0703125,0.06978212281111987
KS/Non-Profit/RN,2024-01-01,0.033602150537634407,0.04669915826315226
KS/Non-Profit/RN,2024-02-01,0.04133333333333333,0.0448137704156248
KS/Non-Profit/RN,2024-03-01,0.04627249357326478,0.06393996414249814
KS/Non-Profit/RN,2024-04-01,0.05063291139240506,0.0460072665013879
KS/Non-Profit/RN,2024-05-01,0.04642409033877039,0.05043654588737005
KS/Non-Profit/RN,2024-06-01,0.05067985166872682,0.0633703788648205
KS/Non-Profit/RN,2024-07-01,0.06180469715698393,0.051250273316872555
KS/Non-Profit/RN,2024-08-01,0.055345911949685536,0.05274013370534356
KS/Non-Profit/RN,2024-09-01,0.06265664160401002,0.061927995233459474
KS/Non-Profit/RN,2024-10-01,0.06060606060606061,0.049482913680519894
KS/Non-Profit/RN,2024-11-01,0.05025773195876289,0.04429039682109623
KS/Non-Profit/RN,2024-12-01,0.06527415143603134,0.0689861218504613
KS/Non-Profit/RN,2025-01-01,0.041666666666666664,0.0461293858185301
KS/Non-Profit/RN,2025-02-01,0.04336399474375821,0.04432507720803325
KS/Non-Profit/RN,2025-03-01,0.056847545219638244,0.06351351466632586
KY/For-Profit/CNA,2022-10-01,0.11398509425690487,0.1064275533789775
KY/For-Profit/CNA,2022-11-01,0.1015771478989743,0.10115873672605062
KY/For-Profit/CNA,2022-12-01,0.13842887473460722,0.12536811647706708
KY/For-Profit/CNA,2023-01-01,0.1149094781682641,0.1054918860713499
KY/For-Profit/CNA,2023-02-01,0.11870388193776067,0.10414984418862988
KY/For-Profit/CNA,2023-03-01,0.13596491228070176,0.12376449487089031
KY/For-Profit/CNA,2023-04-01,0.11535643253428242,0.10529065718785886
KY/For-Profit/CNA,2023-05-01,0.12427480916030534,0.10888027536495183
KY/For-Profit/CNA,2023-06-01,0.11429439157724236,0.12063129081066817
KY/For-Profit/CNA,2023-07-01,0.120279307631786,0.1093118566599635
KY/For-Profit/CNA,2023-08-01,0.12442531546512765,0.11050942901272454
KY/For-Profit/CNA,2023-09-01,0.12887406826206355,0.1187869678257315
KY/For-Profit/CNA,2023-10-01,0.13091787439613525,0.10572107236632433
KY/For-Profit/CNA,2023-11-01,0.10295750479458969,0.09867071894111695
KY/For-Profit/CNA,2023-12-01,0.10722989439480098,0.12105729862720108
KY/For-Profit/CNA,2024-01-01,0.10140959334753068,0.09978643284101313
KY/For-Profit/CNA,2024-02-01,0.09145903824464267,0.09711637870998832
KY/For-Profit/CNA,2024-03-01,0.09859875217346835,0.11570132930939812
KY/For-Profit/CNA,2024-04-01,0.10721544715447154,0.09664237492829242
KY/For-Profit/CNA,2024-05-01,0.09919839679358718,0.09958004965255356
KY/For-Profit/CNA,2024-06-01,0.09236907730673316,0.11101459158457427
KY/For-Profit/CNA,2024-07-01,0.11540749553837001,0.09944640045290368
KY/For-Profit/CNA,2024-08-01,0.10001015331505736,0.10032235246372054
KY/For-Profit/CNA,2024-09-01,0.1061296334644854,0.10833152568341056
KY/For-Profit/CNA,2024-10-01,0.08840322898208308,0.09524309845219962
KY/For-Profit/CNA,2024-11-01,0.07506246876561719,0.0886546780902524
KY/For-Profit/CNA,2024-12-01,0.09093613645378817,0.11165637208658322
KY/For-Profit/CNA,2025-01-01,0.08673469387755102,0.09119107437258009
KY/For-Profit/CNA,2025-02-01,0.08371491140752538,0.0893166491089174
KY/For-Profit/CNA,2025-03-01,0.10480863591756624,0.10878674110792055
KY/For-Profit/LPN,2022-10-01,0.08130623125624792,0.09179421624505327
KY/For-Profit/LPN,2022-11-01,0.07955689828801611,0.08742104105220054
KY/For-Profit/LPN,2022-12-01,0.13126414484319432,0.11165979757035546
KY/For-Profit/LPN,2023-01-01,0.09789057350032959,0.09120571174576698
KY/For-Profit/LPN,2023-02-01,0.08903654485049833,0.08948630095866641
KY/For-Profit/LPN,2023-03-01,0.11489776046738072,0.10934771925087709
KY/For-Profit/LPN,2023-04-01,0.10614702154626109,0.0920632757499299
KY/For-Profit/LPN,2023-05-01,0.10299744897959184,0.09582261100117127
KY/For-Profit/LPN,2023-06-01,0.1137855579868709,0.10837642705523068
KY/For-Profit/LPN,2023-07-01,0.11621454993834772,0.09724935847809871
KY/For-Profit/LPN,2023-08-01,0.12155688622754492,0.09840427640012683
KY/For-Profit/LPN,2023-09-01,0.12674772036474163,0.10725478890669365
KY/For-Profit/LPN,2023-10-01,0.13793103448275862,0.09328391010176446
KY/For-Profit/LPN,2023-11-01,0.1104449353108236,0.08685899711743146
KY/For-Profit/LPN,2023-12-01,0.10544871794871795,0.10856293556764766
KY/For-Profit/LPN,2024-01-01,0.08534201954397394,0.08596366455470206
KY/For-Profit/LPN,2024-02-01,0.07423292642692181,0.08219340460217914
KY/For-Profit/LPN,2024-03-01,0.0756578947368421,0.09990910691201194
KY/For-Profit/LPN,2024-04-01,0.08750414318859795,0.08099345729313506
KY/For-Profit/LPN,2024-05-01,0.0901612372490951,0.08325768474382261
KY/For-Profit/LPN,2024-06-01,0.07269681742043552,0.09429465475153588
KY/For-Profit/LPN,2024-07-01,0.09461718488799732,0.08197507574267446
KY/For-Profit/LPN,2024-08-01,0.06506849315068493,0.08211665449466413
KY/For-Profit/LPN,2024-09-01,0.0924914675767918,0.09044497195799159
KY/For-Profit/LPN,2024-10-01,0.05470530771735591,0.07620669179513118
KY/For-Profit/LPN,2024-11-01,0.057837660203746304,0.07038216309903164
KY/For-Profit/LPN,2024-12-01,0.07378387202089455,0.09331463987346698
KY/For-Profit/LPN,2025-01-01,0.06378132118451026,0.07196860203714255
KY/For-Profit/LPN,2025-02-01,0.06323722149410223,0.06961771009308693
KY/For-Profit/LPN,2025-03-01,0.0739770867430442,0.08889005244907645
KY/For-Profit/RN,2022-10-01,0.0860484544695071,0.08143164974981518
KY/For-Profit/RN,2022-11-01,0.08343815513626834,0.07727207594474486
KY/For-Profit/RN,2022-12-01,0.11527377521613832,0.10002914949010268
KY/For-Profit/RN,2023-01-01,0.08246128087065718,0.08007648377338847
KY/For-Profit/RN,2023-02-01,0.08448347971560016,0.07826005351186016
KY/For-Profit/RN,2023-03-01,0.10391752577319588,0.09786431662633267
KY/For-Profit/RN,2023-04-01,0.0891130727196301,0.07903507231002113
KY/For-Profit/RN,2023-05-01,0.09004543577034284,0.08194075337630236
KY/For-Profit/RN,2023-06-01,0.07942973523421588,0.09401654578682796
KY/For-Profit/RN,2023-07-01,0.0869215291750503,0.08255200802244399
KY/For-Profit/RN,2023-08-01,0.09243027888446215,0.08404566584541193
KY/For-Profit/RN,2023-09-01,0.09076305220883533,0.09246423933842579
KY/For-Profit/RN,2023-10-01,0.09679937548790007,0.07964600023614432
KY/For-Profit/RN,2023-11-01,0.08256880733944955,0.07450611070161794
KY/For-Profit/RN,2023-12-01,0.08178137651821862,0.09638139488066516
KY/For-Profit/RN,2024-01-01,0.07921974522292993,0.07595438191653386
KY/For-Profit/RN,2024-02-01,0.07057890563045202,0.07352734188481605
KY/For-Profit/RN,2024-03-01,0.07447232178414974,0.09255709137902499
KY/For-Profit/RN,2024-04-01,0.07841584158415842,0.0735141040950771
KY/For-Profit/RN,2024-05-01,0.07047244094488189,0.07641437654674194
KY/For-Profit/RN,2024-06-01,0.06948757763975155,0.08859160435642413
KY/For-Profit/RN,2024-07-01,0.08764044943820225,0.07742716834335414
KY/For-Profit/RN,2024-08-01,0.07368421052631578,0.07913533192619551
KY/For-Profit/RN,2024-09-01,0.08782510365623822,0.08784271402707708
KY/For-Profit/RN,2024-10-01,0.06580829756795423,0.07524709295779859
KY/For-Profit/RN,2024-11-01,0.07310893955845096,0.07079502325004178
KY/For-Profit/RN,2024-12-01,0.07002902757619739,0.09334871492571961
KY/For-Profit/RN,2025-01-01,0.08304134548002803,0.0736812772170746
KY/For-Profit/RN,2025-02-01,0.07840342124019957,0.07207031199298178
KY/For-Profit/RN,2025-03-01,0.09576757532281205,0.09173066414529071
KY/Government/CNA,2022-10-01,0.03508771929824561,0.02150233735446283
KY/Government/CNA,2022-11-01,0.0,0.014303153241386493
KY/Government/CNA,2022-12-01,0.017391304347826087,0.0373090476546796
KY/Government/CNA,2023-01-01,0.008620689655172414,0.016918244270031906
KY/Government/CNA,2023-02-01,0.0,0.01490271082701728
KY/Government/CNA,2023-03-01,0.0,0.0331091412186052
KY/Government/CNA,2023-04-01,0.014814814814814815,0.015759471882740128
KY/Government/CNA,2023-05-01,0.014492753623188406,0.020603907534114535
KY/Government/CNA,2023-06-01,0.046357615894039736,0.03426347644847302
KY/Government/CNA,2023-07-01,0.013605442176870748,0.02140889430099941
KY/Government/CNA,2023-08-01,0.03773584905660377,0.024507626921302324
KY/Government/CNA,2023-09-01,0.03680981595092025,0.03357790077693682
KY/Government/CNA,2023-10-01,0.024691358024691357,0.021921534979475597
KY/Government/CNA,2023-11-01,0.011976047904191617,0.015748788932859623
KY/Government/CNA,2023-12-01,0.022857142857142857,0.039577490058390896
KY/Government/CNA,2024-01-01,0.03225806451612903,0.019972926882079203
KY/Government/CNA,2024-02-01,0.02702702702702703,0.01854859059602127
KY/Government/CNA,2024-03-01,0.032432432432432434,0.03705853019271929
KY/Government/CNA,2024-04-01,0.02,0.01955121211689146
KY/Government/CNA,2024-05-01,0.04040404040404041,0.02411095779233017
KY/Government/CNA,2024-06-01,0.035,0.037348204553062335
KY/Government/CNA,2024-07-01,0.02,0.024311997205754984
KY/Government/CNA,2024-08-01,0.019704433497536946,0.027064202644891677
KY/Government/CNA,2024-09-01,0.029556650246305417,0.03597115229293378
KY/Government/CNA,2024-10-01,0.03902439024390244,0.024450291529668475
KY/Government/CNA,2024-11-01,0.014492753623188406,0.018180221937977935
KY/Government/CNA,2024-12-01,0.04784688995215311,0.041969221897073423
KY/Government/CNA,2025-01-01,0.02577319587628866,0.022008231316536172
KY/Government/CNA,2025-02-01,0.03535353535353535,0.020378318718478023
KY/Government/CNA,2025-03-01,0.02564102564102564,0.03858639542599837
KY/Government/LPN,2022-10-01,0.0,0.017047725513762123
KY/Government/LPN,2022-11-01,0.03125,0.012533769342293943
KY/Government/LPN,2022-12-01,0.0,0.033472777188291676
KY/Government/LPN,2023-01-01,0.0,0.013254553320165355
KY/Government/LPN,2023-02-01,0.030303030303030304,0.0144932459106379
KY/Government/LPN,2023-03-01,0.0,0.03026330595797972
KY/Government/LPN,2023-04-01,0.08571428571428572,0.014544251911618455
KY/Government/LPN,2023-05-01,0.0,0.01497116443200961
KY/Government/LPN,2023-06-01,0.0,0.027751130363034872
KY/Government/LPN,2023-07-01,0.0,0.01776125202979903
KY/Government/LPN,2023-08-01,0.02631578947368421,0.01754116245013656
KY/Government/LPN,2023-09-01,0.02564102564102564,0.026666062844115372
KY/Government/LPN,2023-10-01,0.0,0.013047948783573668
KY/Government/LPN,2023-11-01,0.0,0.009009006970655993
KY/Government/LPN,2023-12-01,0.024390243902439025,0.03076449555369659
KY/Government/LPN,2024-01-01,0.0,0.011100515251912982
KY/Government/LPN,2024-02-01,0.04878048780487805,0.01283666171911256
KY/Government/LPN,2024-03-01,0.025,0.028817476505852528
KY/Government/LPN,2024-04-01,0.0,0.01295940965916735
KY/Government/LPN,2024-05-01,0.0,0.014360032217900068
KY/Government/LPN,2024-06-01,0.025,0.028127526840711986
KY/Government/LPN,2024-07-01,0.0975609756097561,0.018692049760551
KY/Government/LPN,2024-08-01,0.0,0.017726943777956555
KY/Government/LPN,2024-09-01,0.02702702702702703,0.02655357804249172
KY/Government/LPN,2024-10-01,0.02702702702702703,0.012673773498850592
KY/Government/LPN,2024-11-01,0.0,0.007935232110047506
KY/Government/LPN,2024-12-01,0.0,0.028911163915144734
KY/Government/LPN,2025-01-01,0.0,0.008862987928362168
KY/Government/LPN,2025-02-01,0.027777777777777776,0.010057392984351793
KY/Government/LPN,2025-03-01,0.0,0.025835380333213795
KY/Government/RN,2022-10-01,0.03508771929824561,0.019474273626545663
KY/Government/RN,2022-11-01,0.01818181818181818,0.013419121476770261
KY/Government/RN,2022-12-01,0.017857142857142856,0.03550464282708674
KY/Government/RN,2023-01-01,0.0,0.014302459795178156
KY/Government/RN,2023-02-01,0.0,0.011805033043809483
KY/Government/RN,2023-03-01,0.0,0.03203346399682668
KY/Government/RN,2023-04-01,0.01694915254237288,0.012782798451327439
KY/Government/RN,2023-05-01,0.016129032258064516,0.016042458526953185
KY/Government/RN,2023-06-01,0.03125,0.029288743392142644
KY/Government/RN,2023-07-01,0.0,0.016918924458433772
KY/Government/RN,2023-08-01,0.014492753623188406,0.01907636064914993
KY/Government/RN,2023-09-01,0.05714285714285714,0.030173274748623177
KY/Government/RN,2023-10-01,0.014492753623188406,0.01657241584737526
KY/Government/RN,2023-11-01,0.013888888888888888,0.011299018701468086
KY/Government/RN,2023-12-01,0.05555555555555555,0.03418096501286115
KY/Government/RN,2024-01-01,0.014925373134328358,0.013400281647689617
KY/Government/RN,2024-02-01,0.0,0.01105908124934589
KY/Government/RN,2024-03-01,0.07246376811594203,0.03148605456224527
KY/Government/RN,2024-04-01,0.014925373134328358,0.01146470415692067
KY/Government/RN,2024-05-01,0.0,0.013848972557826321
KY/Government/RN,2024-06-01,0.0,0.026473702366440158
KY/Government/RN,2024-07-01,0.014084507042253521,0.013806064918972717
KY/Government/RN,2024-08-01,0.0,0.015451085995386228
KY/Government/RN,2024-09-01,0.0410958904109589,0.026197878556876927
KY/Government/RN,2024-10-01,0.013888888888888888,0.012282378138396138
KY/Government/RN,2024-11-01,0.0,0.006809890388800734
KY/Government/RN,2024-12-01,0.0,0.029578254112906308
KY/Government/RN,2025-01-01,0.013888888888888888,0.00922698622496227
KY/Government/RN,2025-02-01,0.013888888888888888,0.007315477595111246
KY/Government/RN,2025-03-01,0.027777777777777776,0.02795466050309782
KY/Non-Profit/CNA,2022-10-01,0.08068965517241379,0.0684359750564138
KY/Non-Profit/CNA,2022-11-01,0.04811715481171548,0.062239827993902784
KY/Non-Profit/CNA,2022-12-01,0.08350168350168351,0.08605554618852647
KY/Non-Profit/CNA,2023-01-01,0.06220735785953177,0.06582779323424966
KY/Non-Profit/CNA,2023-02-01,0.056338028169014086,0.06390978511246335
KY/Non-Profit/CNA,2023-03-01,0.0790333115610712,0.0851856317625424
KY/Non-Profit/CNA,2023-04-01,0.06732117812061711,0.06567188636369538
KY/Non-Profit/CNA,2023-05-01,0.08469750889679716,0.07079760003564203
KY/Non-Profit/CNA,2023-06-01,0.0822826808228268,0.08355652885185175
KY/Non-Profit/CNA,2023-07-01,0.0785175879396985,0.0720569361857819
KY/Non-Profit/CNA,2023-08-01,0.06789340101522842,0.07438355466398489
KY/Non-Profit/CNA,2023-09-01,0.07791371538956858,0.08297681017250641
KY/Non-Profit/CNA,2023-10-01,0.08188153310104529,0.07130195769945624
KY/Non-Profit/CNA,2023-11-01,0.054461181923522596,0.06529411593711282
KY/Non-Profit/CNA,2023-12-01,0.0836676217765043,0.0893878357255353
KY/Non-Profit/CNA,2024-01-01,0.0670908039329092,0.06946602508315772
KY/Non-Profit/CNA,2024-02-01,0.07714450201496834,0.06777444395877279
KY/Non-Profit/CNA,2024-03-01,0.09576320371445154,0.08901241989672243
KY/Non-Profit/CNA,2024-04-01,0.062462819750148724,0.0692468444999475
KY/Non-Profit/CNA,2024-05-01,0.08197674418604652,0.07418730587244447
KY/Non-Profit/CNA,2024-06-01,0.07845366685616828,0.08688056881481492
KY/Non-Profit/CNA,2024-07-01,0.08373333333333334,0.07538198911107298
KY/Non-Profit/CNA,2024-08-01,0.09973474801061008,0.07765705332163908
KY/Non-Profit/CNA,2024-09-01,0.08393152954168967,0.0858895663578689
KY/Non-Profit/CNA,2024-10-01,0.07393209200438117,0.07374149219687763
KY/Non-Profit/CNA,2024-11-01,0.06565382528486163,0.06755632475222165
KY/Non-Profit/CNA,2024-12-01,0.07515991471215352,0.09122201146117323
KY/Non-Profit/CNA,2025-01-01,0.0779840848806366,0.07106942181906187
KY/Non-Profit/CNA,2025-02-01,0.05837837837837838,0.06905760372360634
KY/Non-Profit/CNA,2025-03-01,0.10611604809200209,0.09025694175104051
KY/Non-Profit/LPN,2022-10-01,0.06205673758865248,0.04970127434650437
KY/Non-Profit/LPN,2022-11-01,0.03949730700179533,0.043572367753713155
KY/Non-Profit/LPN,2022-12-01,0.05759162303664921,0.06645709732290378
KY/Non-Profit/LPN,2023-01-01,0.05486725663716814,0.04616060860092363
KY/Non-Profit/LPN,2023-02-01,0.037037037037037035,0.043731936328406475
KY/Non-Profit/LPN,2023-03-01,0.038112522686025406,0.06387009436494204
KY/Non-Profit/LPN,2023-04-01,0.04024144869215292,0.044329053982528455
KY/Non-Profit/LPN,2023-05-01,0.05578512396694215,0.049563369596452286
KY/Non-Profit/LPN,2023-06-01,0.06042884990253411,0.061836927172247785
KY/Non-Profit/LPN,2023-07-01,0.0518783542039356,0.04994575983867023
KY/Non-Profit/LPN,2023-08-01,0.06422018348623854,0.05260183583439494
KY/Non-Profit/LPN,2023-09-01,0.052336448598130844,0.06143925760838954
KY/Non-Profit/LPN,2023-10-01,0.06884681583476764,0.04911007139309386
KY/Non-Profit/LPN,2023-11-01,0.03225806451612903,0.04322937291751201
KY/Non-Profit/LPN,2023-12-01,0.05150976909413854,0.06646971024272556
KY/Non-Profit/LPN,2024-01-01,0.02992957746478873,0.04645896111008082
KY/Non-Profit/LPN,2024-02-01,0.04957264957264957,0.04468788272716357
KY/Non-Profit/LPN,2024-03-01,0.07903780068728522,0.06538142467194545
KY/Non-Profit/LPN,2024-04-01,0.03790613718411552,0.04582118968730077
KY/Non-Profit/LPN,2024-05-01,0.07001795332136446,0.05104211336839866
KY/Non-Profit/LPN,2024-06-01,0.046296296296296294,0.06314095391190427
KY/Non-Profit/LPN,2024-07-01,0.050590219224283306,0.05148506282446386
KY/Non-Profit/LPN,2024-08-01,0.056572379367720464,0.05424029388193551
KY/Non-Profit/LPN,2024-09-01,0.08080808080808081,0.0633312650722917
KY/Non-Profit/LPN,2024-10-01,0.04377104377104377,0.05077343200201035
KY/Non-Profit/LPN,2024-11-01,0.05254237288135593,0.04509990254917455
KY/Non-Profit/LPN,2024-12-01,0.06540447504302926,0.06823952835468215
KY/Non-Profit/LPN,2025-01-01,0.0542907180385289,0.04815990695417226
KY/Non-Profit/LPN,2025-02-01,0.03546099290780142,0.04596458713311696
KY/Non-Profit/LPN,2025-03-01,0.07241379310344828,0.06642047329690226
KY/Non-Profit/RN,2022-10-01,0.0968421052631579,0.05844404364703008
KY/Non-Profit/RN,2022-11-01,0.05,0.05159549821528273
KY/Non-Profit/RN,2022-12-01,0.06693711967545639,0.07413418071454332
KY/Non-Profit/RN,2023-01-01,0.035856573705179286,0.0520070793509048
KY/Non-Profit/RN,2023-02-01,0.044145873320537425,0.05091717738627534
KY/Non-Profit/RN,2023-03-01,0.0847457627118644,0.07136482125565881
KY/Non-Profit/RN,2023-04-01,0.049107142857142856,0.05064802505358382
KY/Non-Profit/RN,2023-05-01,0.042316258351893093,0.054007479571101115
KY/Non-Profit/RN,2023-06-01,0.047619047619047616,0.06726047538845435
KY/Non-Profit/RN,2023-07-01,0.07734806629834254,0.05634058411965146
KY/Non-Profit/RN,2023-08-01,0.060546875,0.05733519561234605
KY/Non-Profit/RN,2023-09-01,0.042884990253411304,0.06549391032274614
KY/Non-Profit/RN,2023-10-01,0.07513416815742398,0.055252723324408906
KY/Non-Profit/RN,2023-11-01,0.04945054945054945,0.04891579338811718
KY/Non-Profit/RN,2023-12-01,0.07102803738317758,0.07196356051029022
KY/Non-Profit/RN,2024-01-01,0.04807692307692308,0.05011505819132599
KY/Non-Profit/RN,2024-02-01,0.04672897196261682,0.04907487938704359
KY/Non-Profit/RN,2024-03-01,0.06972477064220184,0.0695151363053941
KY/Non-Profit/RN,2024-04-01,0.03616636528028933,0.049016916624891285
KY/Non-Profit/RN,2024-05-01,0.04063604240282685,0.05272140166818926
KY/Non-Profit/RN,2024-06-01,0.060034305317324184,0.06625367185872422
KY/Non-Profit/RN,2024-07-01,0.055267702936096716,0.055609776641253376
KY/Non-Profit/RN,2024-08-01,0.05199306759098787,0.05705748894922446
KY/Non-Profit/RN,2024-09-01,0.06315789473684211,0.06584385874013356
KY/Non-Profit/RN,2024-10-01,0.06070826306913996,0.055908946310840715
KY/Non-Profit/RN,2024-11-01,0.06035889070146819,0.050051554347816496
KY/Non-Profit/RN,2024-12-01,0.07781456953642384,0.07342007924457192
KY/Non-Profit/RN,2025-01-01,0.04647160068846816,0.05199499794511398
KY/Non-Profit/RN,2025-02-01,0.06260869565217392,0.05138189811949415
KY/Non-Profit/RN,2025-03-01,0.07744107744107744,0.07201556069000081
LA/For-Profit/CNA,2022-10-01,0.08411535820553903,0.08237476409840891
LA/For-Profit/CNA,2022-11-01,0.07390542907180385,0.07731836322439781
LA/For-Profit/CNA,2022-12-01,0.10731255070112411,0.10103836081274253
LA/For-Profit/CNA,2023-01-01,0.08161602049132612,0.08089695185084672
LA/For-Profit/CNA,2023-02-01,0.07557528326130125,0.0795401505925409
LA/For-Profit/CNA,2023-03-01,0.09672601952900632,0.0992309349548286
LA/For-Profit/CNA,2023-04-01,0.07762343877670129,0.08054803763980903
LA/For-Profit/CNA,2023-05-01,0.09478131780290054,0.08522803127072302
LA/For-Profit/CNA,2023-06-01,0.11018549372431412,0.09864846798957683
LA/For-Profit/CNA,2023-07-01,0.08634135472370766,0.08606358184725318
LA/For-Profit/CNA,2023-08-01,0.09117679136219871,0.0884602404472732
LA/For-Profit/CNA,2023-09-01,0.09727454021715046,0.0972040357710946
LA/For-Profit/CNA,2023-10-01,0.09187778623464173,0.08524657490422136
LA/For-Profit/CNA,2023-11-01,0.08087746510081985,0.07987537687128694
LA/For-Profit/CNA,2023-12-01,0.09609315485907063,0.10322779828023063
LA/For-Profit/CNA,2024-01-01,0.08758484782132692,0.08293370919326636
LA/For-Profit/CNA,2024-02-01,0.0911106184881401,0.08137335164322038
LA/For-Profit/CNA,2024-03-01,0.0916005291005291,0.10068068423810576
LA/For-Profit/CNA,2024-04-01,0.08453336264702649,0.08158380681217611
LA/For-Profit/CNA,2024-05-01,0.09078151986183074,0.0858512879790854
LA/For-Profit/CNA,2024-06-01,0.0944764342077202,0.09899655511337896
LA/For-Profit/CNA,2024-07-01,0.0887029288702929,0.08620842116553733
LA/For-Profit/CNA,2024-08-01,0.09069212410501193,0.08836718226645188
LA/For-Profit/CNA,2024-09-01,0.08977212506624271,0.09693270489914055
LA/For-Profit/CNA,2024-10-01,0.08915089461164546,0.08491264317667493
LA/For-Profit/CNA,2024-11-01,0.08156471077819392,0.07961735950807636
LA/For-Profit/CNA,2024-12-01,0.08989834815756036,0.102895270917071
LA/For-Profit/CNA,2025-01-01,0.08577853930177769,0.08265154913328379
LA/For-Profit/CNA,2025-02-01,0.08734809027777778,0.08115097163286286
LA/For-Profit/CNA,2025-03-01,0.09970079076725796,0.10053977598585193
LA/For-Profit/LPN,2022-10-01,0.05788326471300557,0.059747033380669834
LA/For-Profit/LPN,2022-11-01,0.05366207396664249,0.05533887611253666
LA/For-Profit/LPN,2022-12-01,0.08221153846153846,0.07851813119151205
LA/For-Profit/LPN,2023-01-01,0.0635305528612997,0.05826571695484238
LA/For-Profit/LPN,2023-02-01,0.05200887355188563,0.05645998414508871
LA/For-Profit/LPN,2023-03-01,0.06920665541355196,0.07552292088221928
LA/For-Profit/LPN,2023-04-01,0.05408087323244853,0.05637001008010225
LA/For-Profit/LPN,2023-05-01,0.06720233747260775,0.06075496853702229
LA/For-Profit/LPN,2023-06-01,0.07409177820267686,0.07438790620237384
LA/For-Profit/LPN,2023-07-01,0.06372897417673537,0.0618640378686177
LA/For-Profit/LPN,2023-08-01,0.06443238140193533,0.0641304312483891
LA/For-Profit/LPN,2023-09-01,0.07697723539075334,0.07286047500367236
LA/For-Profit/LPN,2023-10-01,0.05897200550711335,0.059946193507579466
LA/For-Profit/LPN,2023-11-01,0.05954304177244404,0.05539357632387238
LA/For-Profit/LPN,2023-12-01,0.07454545454545454,0.07857465199583112
LA/For-Profit/LPN,2024-01-01,0.06052332195676906,0.05832350985395608
LA/For-Profit/LPN,2024-02-01,0.06776971894832276,0.0565145469377249
LA/For-Profit/LPN,2024-03-01,0.06616643929058663,0.07540928507230671
LA/For-Profit/LPN,2024-04-01,0.04917268701934281,0.056085550174882634
LA/For-Profit/LPN,2024-05-01,0.056616643929058665,0.06035375978395547
LA/For-Profit/LPN,2024-06-01,0.0758496511366194,0.0740274870473148
LA/For-Profit/LPN,2024-07-01,0.06176405243279271,0.06146083439280958
LA/For-Profit/LPN,2024-08-01,0.07171139463264409,0.06367094383185684
LA/For-Profit/LPN,2024-09-01,0.06366285586191436,0.07220212683697781
LA/For-Profit/LPN,2024-10-01,0.05828220858895705,0.05929111206340924
LA/For-Profit/LPN,2024-11-01,0.05440982887231242,0.054925992203814764
LA/For-Profit/LPN,2024-12-01,0.06535659085890926,0.07819910118653746
LA/For-Profit/LPN,2025-01-01,0.06391061452513966,0.05822548460305524
LA/For-Profit/LPN,2025-02-01,0.0662340568359812,0.05665831856786123
LA/For-Profit/LPN,2025-03-01,0.07748995087092451,0.07570874246086068
LA/For-Profit/RN,2022-10-01,0.05042816365366318,0.059904011987733374
LA/For-Profit/RN,2022-11-01,0.04844961240310078,0.05509284195683121
LA/For-Profit/RN,2022-12-01,0.08364661654135339,0.07876886495929081
LA/For-Profit/RN,2023-01-01,0.05380333951762523,0.058160687073264036
LA/For-Profit/RN,2023-02-01,0.0728110599078341,0.057851138509616366
LA/For-Profit/RN,2023-03-01,0.07757009345794393,0.07768367327030411
LA/For-Profit/RN,2023-04-01,0.05203405865657521,0.05748958939272422
LA/For-Profit/RN,2023-05-01,0.06091846298031865,0.06198772784355494
LA/For-Profit/RN,2023-06-01,0.07664233576642336,0.07540489496152089
LA/For-Profit/RN,2023-07-01,0.07011070110701106,0.06319029299953395
LA/For-Profit/RN,2023-08-01,0.07136237256719184,0.06526134789056477
LA/For-Profit/RN,2023-09-01,0.06503298774740811,0.07360517987403571
LA/For-Profit/RN,2023-10-01,0.06377079482439926,0.06073234809067498
LA/For-Profit/RN,2023-11-01,0.05046728971962617,0.055772070676192935
LA/For-Profit/RN,2023-12-01,0.07187780772686433,0.07935383736497978
LA/For-Profit/RN,2024-01-01,0.05267857142857143,0.05873617143043797
LA/For-Profit/RN,2024-02-01,0.06832298136645963,0.05832612201712773
LA/For-Profit/RN,2024-03-01,0.08859649122807017,0.07827080144802236
LA/For-Profit/RN,2024-04-01,0.05734767025089606,0.05798520755791256
LA/For-Profit/RN,2024-05-01,0.06613047363717604,0.062308007638595266
LA/For-Profit/RN,2024-06-01,0.07562277580071175,0.07560522978751859
LA/For-Profit/RN,2024-07-01,0.06568712186689715,0.06323520985580011
LA/For-Profit/RN,2024-08-01,0.06399317406143344,0.06516187299616016
LA/For-Profit/RN,2024-09-01,0.07599309153713299,0.07358225452622492
LA/For-Profit/RN,2024-10-01,0.060580204778156996,0.06058204580881429
LA/For-Profit/RN,2024-11-01,0.05204778156996587,0.05552294051176076
LA/For-Profit/RN,2024-12-01,0.05657093124456049,0.07885843522072124
LA/For-Profit/RN,2025-01-01,0.058109280138768434,0.058413674464223415
LA/For-Profit/RN,2025-02-01,0.06276870163370593,0.05810874240444098
LA/For-Profit/RN,2025-03-01,0.08913412563667232,0.0780745743252165
LA/Government/CNA,2022-10-01,0.04583333333333333,0.053362753124338656
LA/Government/CNA,2022-11-01,0.02066115702479339,0.04773666724090223
LA/Government/CNA,2022-12-01,0.23825503355704697,0.08211538612511214
LA/Government/CNA,2023-01-01,0.04245283018867924,0.048796373566706616
LA/Government/CNA,2023-02-01,0.02030456852791878,0.04589757585447505
LA/Government/CNA,2023-03-01,0.07246376811594203,0.06488454362800376
LA/Government/CNA,2023-04-01,0.019138755980861243,0.04352475975554833
LA/Government/CNA,2023-05-01,0.04784688995215311,0.0475593849637706
LA/Government/CNA,2023-06-01,0.0380952380952381,0.05874236858717561
LA/Government/CNA,2023-07-01,0.02100840336134454,0.045986671806054265
LA/Government/CNA,2023-08-01,0.03643724696356275,0.0475764328862097
LA/Government/CNA,2023-09-01,0.032520325203252036,0.05593599685497312
LA/Government/CNA,2023-10-01,0.04198473282442748,0.043909386661456815
LA/Government/CNA,2023-11-01,0.0390625,0.038276880370838595
LA/Government/CNA,2023-12-01,0.07003891050583658,0.07231523284833166
LA/Government/CNA,2024-01-01,0.03153153153153153,0.04073952778509547
LA/Government/CNA,2024-02-01,0.032407407407407406,0.0397203087774988
LA/Government/CNA,2024-03-01,0.04285714285714286,0.06041908990059127
LA/Government/CNA,2024-04-01,0.023696682464454975,0.040959910512576456
LA/Government/CNA,2024-05-01,0.04878048780487805,0.04689407652492819
LA/Government/CNA,2024-06-01,0.041474654377880185,0.05984374295777958
LA/Government/CNA,2024-07-01,0.049773755656108594,0.04881406634142758
LA/Government/CNA,2024-08-01,0.04,0.05183412764430506
LA/Government/CNA,2024-09-01,0.05309734513274336,0.06157117862738079
LA/Government/CNA,2024-10-01,0.050387596899224806,0.05075099103409159
LA/Government/CNA,2024-11-01,0.03461538461538462,0.046385931997299436
LA/Government/CNA,2024-12-01,0.22962962962962963,0.08177839355791713
LA/Government/CNA,2025-01-01,0.018518518518518517,0.04951937422124145
LA/Government/CNA,2025-02-01,0.044444444444444446,0.048114386745049025
LA/Government/CNA,2025-03-01,0.05726872246696035,0.0683440773295865
LA/Government/LPN,2022-10-01,0.01834862385321101,0.04179705642243309
LA/Government/LPN,2022-11-01,0.03508771929824561,0.038701728853520474
LA/Government/LPN,2022-12-01,0.2116788321167883,0.07032187901191704
LA/Government/LPN,2023-01-01,0.02127659574468085,0.03874208122311751
LA/Government/LPN,2023-02-01,0.03125,0.035675037050979054
LA/Government/LPN,2023-03-01,0.07142857142857142,0.054965652954498685
LA/Government/LPN,2023-04-01,0.010309278350515464,0.032600761577513654
LA/Government/LPN,2023-05-01,0.02040816326530612,0.03547848113670424
LA/Government/LPN,2023-06-01,0.03,0.04749952885805421
LA/Government/LPN,2023-07-01,0.03361344537815126,0.03564831598589458
LA/Government/LPN,2023-08-01,0.0,0.033864169532782755
LA/Government/LPN,2023-09-01,0.025210084033613446,0.042928274651384046
LA/Government/LPN,2023-10-01,0.01694915254237288,0.0296688160850792
LA/Government/LPN,2023-11-01,0.024193548387096774,0.026418839573451702
LA/Government/LPN,2023-12-01,0.05982905982905983,0.057881542855598545
LA/Government/LPN,2024-01-01,0.02912621359223301,0.028058627012108567
LA/Government/LPN,2024-02-01,0.0,0.026512886193103796
LA/Government/LPN,2024-03-01,0.028037383177570093,0.04755925416161598
LA/Government/LPN,2024-04-01,0.009708737864077669,0.027409843341316492
LA/Government/LPN,2024-05-01,0.027522935779816515,0.03252763226856896
LA/Government/LPN,2024-06-01,0.037383177570093455,0.04657553281777982
LA/Government/LPN,2024-07-01,0.06306306306306306,0.036597039693802846
LA/Government/LPN,2024-08-01,0.0,0.036313146933205795
LA/Government/LPN,2024-09-01,0.01818181818181818,0.04693571317480687
LA/Government/LPN,2024-10-01,0.01652892561983471,0.03540157650447764
LA/Government/LPN,2024-11-01,0.032,0.03396158401302346
LA/Government/LPN,2024-12-01,0.184,0.06726540501053949
LA/Government/LPN,2025-01-01,0.028846153846153848,0.03772592186427428
LA/Government/LPN,2025-02-01,0.04716981132075472,0.03646229054318151
LA/Government/LPN,2025-03-01,0.0673076923076923,0.057367890086912246
LA/Government/RN,2022-10-01,0.0425531914893617,0.0390561462424928
LA/Government/RN,2022-11-01,0.0425531914893617,0.03586851167884073
LA/Government/RN,2022-12-01,0.16666666666666666,0.06227966148122206
LA/Government/RN,2023-01-01,0.025,0.03469133753640928
LA/Government/RN,2023-02-01,0.023809523809523808,0.032022618123790106
LA/Government/RN,2023-03-01,0.025,0.04889653746657483
LA/Government/RN,2023-04-01,0.023809523809523808,0.028734651583754253
LA/Government/RN,2023-05-01,0.025,0.03185996154797773
LA/Government/RN,2023-06-01,0.025,0.04355931261225773
LA/Government/RN,2023-07-01,0.02,0.030636276095010576
LA/Government/RN,2023-08-01,0.04,0.03243720710199321
LA/Government/RN,2023-09-01,0.04081632653061224,0.040602358227749345
LA/Government/RN,2023-10-01,0.0,0.026049942545974335
LA/Government/RN,2023-11-01,0.03773584905660377,0.022682299064440904
LA/Government/RN,2023-12-01,0.02,0.04885813315371161
LA/Government/RN,2024-01-01,0.0,0.022731383239771565
LA/Government/RN,2024-02-01,0.038461538461538464,0.021765610174119307
LA/Government/RN,2024-03-01,0.019230769230769232,0.04018921115461886
LA/Government/RN,2024-04-01,0.0,0.02146929047810439
LA/Government/RN,2024-05-01,0.02,0.026187409103807898
LA/Government/RN,2024-06-01,0.02127659574468085,0.03950949333212062
LA/Government/RN,2024-07-01,0.02127659574468085,0.028217890199278728
LA/Government/RN,2024-08-01,0.02040816326530612,0.03147533608081747
LA/Government/RN,2024-09-01,0.0425531914893617,0.04139353302958197
LA/Government/RN,2024-10-01,0.019230769230769232,0.028533368472244622
LA/Government/RN,2024-11-01,0.038461538461538464,0.026739002224551757
LA/Government/RN,2024-12-01,0.11538461538461539,0.054443650766450115
LA/Government/RN,2025-01-01,0.04081632653061224,0.028698858871388917
LA/Government/RN,2025-02-01,0.022222222222222223,0.02758961182209923
LA/Government/RN,2025-03-01,0.0425531914893617,0.04619305913910965
LA/Non-Profit/CNA,2022-10-01,0.08187543736878937,0.09729013379717528
LA/Non-Profit/CNA,2022-11-01,0.07439198855507868,0.09353776238506112
LA/Non-Profit/CNA,2022-12-01,0.37414187643020597,0.12590380885834992
LA/Non-Profit/CNA,2023-01-01,0.06671501087744743,0.09554110380486736
LA/Non-Profit/CNA,2023-02-01,0.07278020378457059,0.092216246591248
LA/Non-Profit/CNA,2023-03-01,0.1468682505399568,0.11159135285651091
LA/Non-Profit/CNA,2023-04-01,0.05954974582425563,0.08882774178145189
LA/Non-Profit/CNA,2023-05-01,0.07152777777777777,0.09136805052876086
LA/Non-Profit/CNA,2023-06-01,0.11341542449773169,0.10370250405494585
LA/Non-Profit/CNA,2023-07-01,0.0789980732177264,0.08907038801067405
LA/Non-Profit/CNA,2023-08-01,0.08396946564885496,0.08998893952980723
LA/Non-Profit/CNA,2023-09-01,0.08284023668639054,0.09745041760247003
LA/Non-Profit/CNA,2023-10-01,0.05867182462927144,0.08258451504655942
LA/Non-Profit/CNA,2023-11-01,0.0562015503875969,0.0771788797383502
LA/Non-Profit/CNA,2023-12-01,0.08025889967637541,0.10791168196558996
LA/Non-Profit/CNA,2024-01-01,0.08091414453366276,0.07965388242289584
LA/Non-Profit/CNA,2024-02-01,0.08291770573566085,0.07798730647483015
LA/Non-Profit/CNA,2024-03-01,0.08927464352138871,0.09865738203912197
LA/Non-Profit/CNA,2024-04-01,0.0816708229426434,0.07792098657706943
LA/Non-Profit/CNA,2024-05-01,0.09282700421940929,0.08207187778131664
LA/Non-Profit/CNA,2024-06-01,0.08531383302864107,0.0954868372923166
LA/Non-Profit/CNA,2024-07-01,0.0757020757020757,0.0821672043981011
LA/Non-Profit/CNA,2024-08-01,0.07803121248499399,0.08436068073413013
LA/Non-Profit/CNA,2024-09-01,0.09157064887810794,0.09325057383778376
LA/Non-Profit/CNA,2024-10-01,0.07832744405182568,0.07956121753147434
LA/Non-Profit/CNA,2024-11-01,0.08284371327849589,0.07501085007397368
LA/Non-Profit/CNA,2024-12-01,0.09874326750448834,0.1062103793794171
LA/Non-Profit/CNA,2025-01-01,0.0834319526627219,0.07812869788132917
LA/Non-Profit/CNA,2025-02-01,0.08248043347381095,0.076571473827296
LA/Non-Profit/CNA,2025-03-01,0.08536585365853659,0.09733816473628444
LA/Non-Profit/LPN,2022-10-01,0.0610079575596817,0.07848939594283728
LA/Non-Profit/LPN,2022-11-01,0.06887417218543046,0.0746634589608457
LA/Non-Profit/LPN,2022-12-01,0.3054989816700611,0.10441849886751403
LA/Non-Profit/LPN,2023-01-01,0.03937007874015748,0.07591567549455003
LA/Non-Profit/LPN,2023-02-01,0.05345501955671447,0.07307926749531543
LA/Non-Profit/LPN,2023-03-01,0.16494845360824742,0.09325517766938053
LA/Non-Profit/LPN,2023-04-01,0.04005524861878453,0.06926908115861441
LA/Non-Profit/LPN,2023-05-01,0.06692913385826772,0.07261425378669377
LA/Non-Profit/LPN,2023-06-01,0.09069212410501193,0.08402186695162467
LA/Non-Profit/LPN,2023-07-01,0.04648390941597139,0.06902155804393995
LA/Non-Profit/LPN,2023-08-01,0.05090909090909091,0.06978404711037614
LA/Non-Profit/LPN,2023-09-01,0.06242350061199511,0.07748682562220872
LA/Non-Profit/LPN,2023-10-01,0.05748502994011976,0.06297762651794937
LA/Non-Profit/LPN,2023-11-01,0.04463208685162847,0.05746414357703537
LA/Non-Profit/LPN,2023-12-01,0.05811138014527845,0.08572403596051728
LA/Non-Profit/LPN,2024-01-01,0.07462686567164178,0.05876793595656528
LA/Non-Profit/LPN,2024-02-01,0.05562130177514793,0.05681577118540039
LA/Non-Profit/LPN,2024-03-01,0.0625,0.07759693569643783
LA/Non-Profit/LPN,2024-04-01,0.046263345195729534,0.05537134920866737
LA/Non-Profit/LPN,2024-05-01,0.07334109429569266,0.06020451582090444
LA/Non-Profit/LPN,2024-06-01,0.06060606060606061,0.07281367348268872
LA/Non-Profit/LPN,2024-07-01,0.05764705882352941,0.05934811342635145
LA/Non-Profit/LPN,2024-08-01,0.06611570247933884,0.06134136432677071
LA/Non-Profit/LPN,2024-09-01,0.07004830917874397,0.06988398210708915
LA/Non-Profit/LPN,2024-10-01,0.04812206572769953,0.05606889576454364
LA/Non-Profit/LPN,2024-11-01,0.04756380510440835,0.05125913484386417
LA/Non-Profit/LPN,2024-12-01,0.06481481481481481,0.08011930329850307
LA/Non-Profit/LPN,2025-01-01,0.05046948356807512,0.05354913500452331
LA/Non-Profit/LPN,2025-02-01,0.06407322654462243,0.052245194221477345
LA/Non-Profit/LPN,2025-03-01,0.0587557603686636,0.07353872606628482
LA/Non-Profit/RN,2022-10-01,0.116,0.10386345963051594
LA/Non-Profit/RN,2022-11-01,0.10300429184549356,0.1011929781633165
LA/Non-Profit/RN,2022-12-01,0.3391003460207612,0.1301828083413971
LA/Non-Profit/RN,2023-01-01,0.05365853658536585,0.09955101269488137
LA/Non-Profit/RN,2023-02-01,0.10526315789473684,0.09685918387378245
LA/Non-Profit/RN,2023-03-01,0.15207373271889402,0.11606092364890425
LA/Non-Profit/RN,2023-04-01,0.038834951456310676,0.09380473867214853
LA/Non-Profit/RN,2023-05-01,0.07906976744186046,0.09635067454716364
LA/Non-Profit/RN,2023-06-01,0.11504424778761062,0.10877976490247007
LA/Non-Profit/RN,2023-07-01,0.068,0.09402313698605513
LA/Non-Profit/RN,2023-08-01,0.07782101167315175,0.09588336339976886
LA/Non-Profit/RN,2023-09-01,0.18072289156626506,0.10683391380008186
LA/Non-Profit/RN,2023-10-01,0.07725321888412018,0.0896419517787445
LA/Non-Profit/RN,2023-11-01,0.09663865546218488,0.08480703823891828
LA/Non-Profit/RN,2023-12-01,0.11158798283261803,0.1115264171978447
LA/Non-Profit/RN,2024-01-01,0.07407407407407407,0.08135884027068363
LA/Non-Profit/RN,2024-02-01,0.05416666666666667,0.07867954763677798
LA/Non-Profit/RN,2024-03-01,0.0984251968503937,0.0983609950160284
LA/Non-Profit/RN,2024-04-01,0.10810810810810811,0.07708696497565784
LA/Non-Profit/RN,2024-05-01,0.07874015748031496,0.07943862563592193
LA/Non-Profit/RN,2024-06-01,0.0708955223880597,0.09140618741440718
LA/Non-Profit/RN,2024-07-01,0.06060606060606061,0.07654072154409804
LA/Non-Profit/RN,2024-08-01,0.07749077490774908,0.07809687634257975
LA/Non-Profit/RN,2024-09-01,0.08118081180811808,0.0884702488720857
LA/Non-Profit/RN,2024-10-01,0.05454545454545454,0.07182690466604266
LA/Non-Profit/RN,2024-11-01,0.08178438661710037,0.0676444423213502
LA/Non-Profit/RN,2024-12-01,0.07003891050583658,0.09510644177534677
LA/Non-Profit/RN,2025-01-01,0.06415094339622641,0.06597873959728079
LA/Non-Profit/RN,2025-02-01,0.04905660377358491,0.06418318523271116
LA/Non-Profit/RN,2025-03-01,0.04428044280442804,0.08463072790768404
MA/For-Profit/CNA,2022-10-01,0.05439827307069617,0.056287492217529815
MA/For-Profit/CNA,2022-11-01,0.05502211673319668,0.0512349684133316
MA/For-Profit/CNA,2022-12-01,0.07960199004975124,0.07479265911589741
MA/For-Profit/CNA,2023-01-01,0.05041653142918966,0.053590953112208094
MA/For-Profit/CNA,2023-02-01,0.04647627321098925,0.051686560724441354
MA/For-Profit/CNA,2023-03-01,0.05252546689303905,0.07186800679295531
MA/For-Profit/CNA,2023-04-01,0.05133881509593084,0.05332153047520072
MA/For-Profit/CNA,2023-05-01,0.051156999066099405,0.05687558039950243
MA/For-Profit/CNA,2023-06-01,0.09242238562091504,0.0712099882885379
MA/For-Profit/CNA,2023-07-01,0.0503604426845365,0.05803791718838592
MA/For-Profit/CNA,2023-08-01,0.056950582563278423,0.06027044447407668
MA/For-Profit/CNA,2023-09-01,0.09259634888438134,0.07031209102192937
MA/For-Profit/CNA,2023-10-01,0.062406090353601125,0.05671960130978245
MA/For-Profit/CNA,2023-11-01,0.04844430931387453,0.05145531331145726
MA/For-Profit/CNA,2023-12-01,0.06510520047637952,0.07490534467317507
MA/For-Profit/CNA,2024-01-01,0.05008787346221441,0.05384589225425786
MA/For-Profit/CNA,2024-02-01,0.05175582857695656,0.05199175414696301
MA/For-Profit/CNA,2024-03-01,0.07044787425433198,0.0722270199474251
MA/For-Profit/CNA,2024-04-01,0.06508087535680304,0.05343320012697171
MA/For-Profit/CNA,2024-05-01,0.05586278001687131,0.05669420709169175
MA/For-Profit/CNA,2024-06-01,0.06408717333087081,0.07064278979096413
MA/For-Profit/CNA,2024-07-01,0.05864281196349508,0.057474506913631554
MA/For-Profit/CNA,2024-08-01,0.061141671927134995,0.0594509459818084
MA/For-Profit/CNA,2024-09-01,0.07025207025207025,0.0692636613492168
MA/For-Profit/CNA,2024-10-01,0.05659198428992234,0.05576359325721903
MA/For-Profit/CNA,2024-11-01,0.04597084339504517,0.05070381500535628
MA/For-Profit/CNA,2024-12-01,0.06740282685512368,0.07433541597223702
MA/For-Profit/CNA,2025-01-01,0.049982181040627224,0.0534411335288338
MA/For-Profit/CNA,2025-02-01,0.04410054566598086,0.05185262439331589
MA/For-Profit/CNA,2025-03-01,0.0892304973937627,0.07226328826092313
MA/For-Profit/LPN,2022-10-01,0.05766423357664233,0.057773698064730906
MA/For-Profit/LPN,2022-11-01,0.05621301775147929,0.05290321689044346
MA/For-Profit/LPN,2022-12-01,0.08832884756545144,0.07704634057563547
MA/For-Profit/LPN,2023-01-01,0.04776269482151835,0.05494960119750265
MA/For-Profit/LPN,2023-02-01,0.05176351179903578,0.05324310993332706
MA/For-Profit/LPN,2023-03-01,0.04953009906019812,0.07415763720572587
MA/For-Profit/LPN,2023-04-01,0.047547169811320754,0.054414838498986054
MA/For-Profit/LPN,2023-05-01,0.04211313231996013,0.05783906420910063
MA/For-Profit/LPN,2023-06-01,0.0952730835170218,0.07260689387303927
MA/For-Profit/LPN,2023-07-01,0.05437125748502994,0.06001292703264329
MA/For-Profit/LPN,2023-08-01,0.054960742326909354,0.06209809123714769
MA/For-Profit/LPN,2023-09-01,0.09196768060836502,0.0726083390721037
MA/For-Profit/LPN,2023-10-01,0.06923609508423725,0.0591888211755846
MA/For-Profit/LPN,2023-11-01,0.050235849056603776,0.05438381696237054
MA/For-Profit/LPN,2023-12-01,0.0776361529548088,0.07866259389633636
MA/For-Profit/LPN,2024-01-01,0.05945330296127563,0.05681763472950079
MA/For-Profit/LPN,2024-02-01,0.05170842824601367,0.05521014630150394
MA/For-Profit/LPN,2024-03-01,0.09094942324755989,0.07639483783107907
MA/For-Profit/LPN,2024-04-01,0.06271379703534778,0.056340884514946385
MA/For-Profit/LPN,2024-05-01,0.05487249544626594,0.05931042643369436
MA/For-Profit/LPN,2024-06-01,0.058877225011410315,0.07347954506797467
MA/For-Profit/LPN,2024-07-01,0.05695632597928861,0.06072592356934941
MA/For-Profit/LPN,2024-08-01,0.05892857142857143,0.0626346265750373
MA/For-Profit/LPN,2024-09-01,0.07841409691629955,0.07288433144346705
MA/For-Profit/LPN,2024-10-01,0.053420195439739415,0.059574948860883575
MA/For-Profit/LPN,2024-11-01,0.05417024935511608,0.054955917841642624
MA/For-Profit/LPN,2024-12-01,0.08111015490533563,0.07938046843895356
MA/For-Profit/LPN,2025-01-01,0.04874248831515691,0.0576970989037507
MA/For-Profit/LPN,2025-02-01,0.05239687848383501,0.05648269194344264
MA/For-Profit/LPN,2025-03-01,0.10721376571806751,0.0778841553587953
MA/For-Profit/RN,2022-10-01,0.06084840055632823,0.0669647050841019
MA/For-Profit/RN,2022-11-01,0.059778852798894264,0.06186631998061932
MA/For-Profit/RN,2022-12-01,0.10524534686971235,0.08668079349573235
MA/For-Profit/RN,2023-01-01,0.0663623595505618,0.06538477722446004
MA/For-Profit/RN,2023-02-01,0.061196105702364396,0.06356146948925778
MA/For-Profit/RN,2023-03-01,0.06393949810931591,0.08455235393112695
MA/For-Profit/RN,2023-04-01,0.059385665529010236,0.06429815843152788
MA/For-Profit/RN,2023-05-01,0.05424769703172978,0.0681157175008041
MA/For-Profit/RN,2023-06-01,0.10129604365620737,0.08253567673699043
MA/For-Profit/RN,2023-07-01,0.05807317891910037,0.06996526595570608
MA/For-Profit/RN,2023-08-01,0.06060606060606061,0.07228411038086029
MA/For-Profit/RN,2023-09-01,0.10141587092525518,0.0830317840931794
MA/For-Profit/RN,2023-10-01,0.0827653359298929,0.06974412543795366
MA/For-Profit/RN,2023-11-01,0.057371581054036024,0.06469080206749109
MA/For-Profit/RN,2023-12-01,0.08288590604026845,0.0895227743515806
MA/For-Profit/RN,2024-01-01,0.07704918032786885,0.06871297522455538
MA/For-Profit/RN,2024-02-01,0.07873244037896113,0.06715034481820309
MA/For-Profit/RN,2024-03-01,0.10686528497409327,0.08829562490567602
MA/For-Profit/RN,2024-04-01,0.06960322797579019,0.06758067025336381
MA/For-Profit/RN,2024-05-01,0.06875631951466127,0.07084700201931662
MA/For-Profit/RN,2024-06-01,0.06224627875507442,0.08459140669306751
MA/For-Profit/RN,2024-07-01,0.07447165380744716,0.07195008927700165
MA/For-Profit/RN,2024-08-01,0.06798392498325519,0.07398453891567783
MA/For-Profit/RN,2024-09-01,0.08990641711229946,0.08430692017766692
MA/For-Profit/RN,2024-10-01,0.06289101086598617,0.07080455490691448
MA/For-Profit/RN,2024-11-01,0.05535178392797599,0.06578638330597912
MA/For-Profit/RN,2024-12-01,0.09052287581699346,0.09073212678882345
MA/For-Profit/RN,2025-01-01,0.06504887091338052,0.06980750785437434
MA/For-Profit/RN,2025-02-01,0.06210350584307179,0.06850292802040697
MA/For-Profit/RN,2025-03-01,0.12672357189757058,0.09004474704593411
MA/Government/CNA,2022-10-01,0.058823529411764705,0.0239043361442932
MA/Government/CNA,2022-11-01,0.018518518518518517,0.017749374350014724
MA/Government/CNA,2022-12-01,0.03508771929824561,0.03913888612287132
MA/Government/CNA,2023-01-01,0.0,0.017051222954616675
MA/Government/CNA,2023-02-01,0.0,0.016436109033452183
MA/Government/CNA,2023-03-01,0.05454545454545454,0.035835669026538175
MA/Government/CNA,2023-04-01,0.0,0.014037009500960942
MA/Government/CNA,2023-05-01,0.017857142857142856,0.017640769617559927
MA/Government/CNA,2023-06-01,0.01818181818181818,0.030488104163856104
MA/Government/CNA,2023-07-01,0.017241379310344827,0.017732803739198867
MA/Government/CNA,2023-08-01,0.016666666666666666,0.01933636885372162
MA/Government/CNA,2023-09-01,0.018518518518518517,0.027883380984143794
MA/Government/CNA,2023-10-01,0.0,0.015450821930105545
MA/Government/CNA,2023-11-01,0.015873015873015872,0.01033168772554665
MA/Government/CNA,2023-12-01,0.029850746268656716,0.03263216968748297
MA/Government/CNA,2024-01-01,0.0,0.011400274028405273
MA/Government/CNA,2024-02-01,0.05714285714285714,0.011647331310808882
MA/Government/CNA,2024-03-01,0.015151515151515152,0.031072245233447038
MA/Government/CNA,2024-04-01,0.0,0.009718148472572047
MA/Government/CNA,2024-05-01,0.0,0.013685370953349617
MA/Government/CNA,2024-06-01,0.02564102564102564,0.02720729450509249
MA/Government/CNA,2024-07-01,0.011695906432748537,0.014864613823783991
MA/Government/CNA,2024-08-01,0.017964071856287425,0.016986942715252674
MA/Government/CNA,2024-09-01,0.030303030303030304,0.02585398900944319
MA/Government/CNA,2024-10-01,0.012269938650306749,0.01370211601574664
MA/Government/CNA,2024-11-01,0.006097560975609756,0.008669440427025138
MA/Government/CNA,2024-12-01,0.005988023952095809,0.03122211032362182
MA/Government/CNA,2025-01-01,0.006097560975609756,0.010478695340192565
MA/Government/CNA,2025-02-01,0.012048192771084338,0.011036042278420921
MA/Government/CNA,2025-03-01,0.058823529411764705,0.03141854348492481
MA/Government/LPN,2022-10-01,0.0,0.027016169677966394
MA/Government/LPN,2022-11-01,0.10714285714285714,0.025558545706733788
MA/Government/LPN,2022-12-01,0.038461538461538464,0.04765162945912122
MA/Government/LPN,2023-01-01,0.0,0.022680083940323177
MA/Government/LPN,2023-02-01,0.03571428571428571,0.023068090989342913
MA/Government/LPN,2023-03-01,0.0,0.039758105684180214
MA/Government/LPN,2023-04-01,0.0,0.019991341858019686
MA/Government/LPN,2023-05-01,0.10714285714285714,0.028372839379605375
MA/Government/LPN,2023-06-01,0.04,0.036115001763553485
MA/Government/LPN,2023-07-01,0.0,0.02197819863383093
MA/Government/LPN,2023-08-01,0.0,0.022888391225545972
MA/Government/LPN,2023-09-01,0.0,0.031990704897216615
MA/Government/LPN,2023-10-01,0.0,0.017401554114475547
MA/Government/LPN,2023-11-01,0.0,0.016090344635161666
MA/Government/LPN,2023-12-01,0.08823529411764706,0.03967095711768355
MA/Government/LPN,2024-01-01,0.0,0.015397176856391158
MA/Government/LPN,2024-02-01,0.0625,0.016314776454021976
MA/Government/LPN,2024-03-01,0.0,0.033182350710837215
MA/Government/LPN,2024-04-01,0.0,0.013495493673798528
MA/Government/LPN,2024-05-01,0.06666666666666667,0.021793100711788763
MA/Government/LPN,2024-06-01,0.0,0.030002939799281453
MA/Government/LPN,2024-07-01,0.0,0.016742741378805416
MA/Government/LPN,2024-08-01,0.0,0.01844699392095194
MA/Government/LPN,2024-09-01,0.04838709677419355,0.028222924119106457
MA/Government/LPN,2024-10-01,0.0,0.013701183284113787
MA/Government/LPN,2024-11-01,0.0,0.012405071595088489
MA/Government/LPN,2024-12-01,0.03389830508474576,0.03585489956617498
MA/Government/LPN,2025-01-01,0.0,0.012212334447688246
MA/Government/LPN,2025-02-01,0.0,0.013702921797357541
MA/Government/LPN,2025-03-01,0.06896551724137931,0.031815611918998135
MA/Government/RN,2022-10-01,0.0,0.016246721126999764
MA/Government/RN,2022-11-01,0.07692307692307693,0.016058429004269417
MA/Government/RN,2022-12-01,0.0,0.03130806199595042
MA/Government/RN,2023-01-01,0.0,0.011634723979761792
MA/Government/RN,2023-02-01,0.0,0.008733852482893129
MA/Government/RN,2023-03-01,0.0,0.030604167115092153
MA/Government/RN,2023-04-01,0.0,0.008828971887360398
MA/Government/RN,2023-05-01,0.0,0.012356511713876132
MA/Government/RN,2023-06-01,0.0,0.025177642347818448
MA/Government/RN,2023-07-01,0.07692307692307693,0.01600269089610972
MA/Government/RN,2023-08-01,0.0,0.015219298304001525
MA/Government/RN,2023-09-01,0.0,0.024009371026358743
MA/Government/RN,2023-10-01,0.0,0.011541565392941447
MA/Government/RN,2023-11-01,0.06666666666666667,0.012255801132940877
MA/Government/RN,2023-12-01,0.0,0.028444054807002878
MA/Government/RN,2024-01-01,0.0,0.009621957471350667
MA/Government/RN,2024-02-01,0.0,0.007541896268568077
MA/Government/RN,2024-03-01,0.06666666666666667,0.030281420999887267
MA/Government/RN,2024-04-01,0.0,0.008496653877227596
MA/Government/RN,2024-05-01,0.0,0.011921124078670194
MA/Government/RN,2024-06-01,0.0,0.024663754475451827
MA/Government/RN,2024-07-01,0.0,0.015372303225885044
MA/Government/RN,2024-08-01,0.0,0.015552564253872692
MA/Government/RN,2024-09-01,0.023255813953488372,0.025255844568595483
MA/Government/RN,2024-10-01,0.022222222222222223,0.013315239617724038
MA/Government/RN,2024-11-01,0.043478260869565216,0.014225657211432395
MA/Government/RN,2024-12-01,0.0,0.031112688949193244
MA/Government/RN,2025-01-01,0.02127659574468085,0.013026403050448762
MA/Government/RN,2025-02-01,0.0,0.011416965794289954
MA/Government/RN,2025-03-01,0.08695652173913043,0.034663792190005836
MA/Non-Profit/CNA,2022-10-01,0.04844290657439446,0.05492662935707183
MA/Non-Profit/CNA,2022-11-01,0.04747706422018349,0.05046905317446041
MA/Non-Profit/CNA,2022-12-01,0.0759009009009009,0.0736452373983766
MA/Non-Profit/CNA,2023-01-01,0.05017921146953405,0.052999894936905025
MA/Non-Profit/CNA,2023-02-01,0.04679296964163433,0.051178866571465656
MA/Non-Profit/CNA,2023-03-01,0.06028368794326241,0.07178005566222141
MA/Non-Profit/CNA,2023-04-01,0.05385124696534981,0.0532695527694723
MA/Non-Profit/CNA,2023-05-01,0.0698125404007757,0.056947273277325176
MA/Non-Profit/CNA,2023-06-01,0.07889125799573561,0.07324743028618093
MA/Non-Profit/CNA,2023-07-01,0.06887862242755145,0.05799482102906789
MA/Non-Profit/CNA,2023-08-01,0.06476793248945148,0.06001905384353854
MA/Non-Profit/CNA,2023-09-01,0.06144294583600942,0.06908943391340704
MA/Non-Profit/CNA,2023-10-01,0.0556989247311828,0.055349465170420914
MA/Non-Profit/CNA,2023-11-01,0.05113636363636364,0.05064546544402644
MA/Non-Profit/CNA,2023-12-01,0.05530253741054001,0.07363970363994896
MA/Non-Profit/CNA,2024-01-01,0.04389189189189189,0.05314536699833509
MA/Non-Profit/CNA,2024-02-01,0.04236172080772607,0.0515407200497667
MA/Non-Profit/CNA,2024-03-01,0.08719811925625133,0.07241409794547987
MA/Non-Profit/CNA,2024-04-01,0.06501250240430852,0.053960104481549205
MA/Non-Profit/CNA,2024-05-01,0.04433497536945813,0.057328062064829356
MA/Non-Profit/CNA,2024-06-01,0.15482924785250365,0.0737035127023534
MA/Non-Profit/CNA,2024-07-01,0.0430064308681672,0.057529674621227773
MA/Non-Profit/CNA,2024-08-01,0.05018697106868727,0.05887284990886455
MA/Non-Profit/CNA,2024-09-01,0.08113054087027247,0.06754140471458023
MA/Non-Profit/CNA,2024-10-01,0.043568464730290454,0.053111906749373064
MA/Non-Profit/CNA,2024-11-01,0.04237811149969142,0.04797740889243575
MA/Non-Profit/CNA,2024-12-01,0.05362969004893964,0.07051565618636002
MA/Non-Profit/CNA,2025-01-01,0.04055714870954527,0.04939523001961543
MA/Non-Profit/CNA,2025-02-01,0.037230704873457435,0.04735638792180685
MA/Non-Profit/CNA,2025-03-01,0.05778688524590164,0.06765272998869364
MA/Non-Profit/LPN,2022-10-01,0.05207100591715976,0.05022395960806644
MA/Non-Profit/LPN,2022-11-01,0.049970255800118976,0.04558898682887048
MA/Non-Profit/LPN,2022-12-01,0.0691711389385808,0.06840900875269798
MA/Non-Profit/LPN,2023-01-01,0.03850710900473934,0.047231588719448894
MA/Non-Profit/LPN,2023-02-01,0.04513064133016627,0.04528667521285183
MA/Non-Profit/LPN,2023-03-01,0.04607206142941524,0.06524471529067428
MA/Non-Profit/LPN,2023-04-01,0.04079184163167367,0.046987123591598914
MA/Non-Profit/LPN,2023-05-01,0.047674418604651166,0.05047625846641967
MA/Non-Profit/LPN,2023-06-01,0.07063631056625802,0.06818778892979431
MA/Non-Profit/LPN,2023-07-01,0.04178928781636257,0.05166082532968522
MA/Non-Profit/LPN,2023-08-01,0.052077238150965474,0.05450969516143574
MA/Non-Profit/LPN,2023-09-01,0.06329849012775841,0.0642121361648562
MA/Non-Profit/LPN,2023-10-01,0.059873344847438115,0.05138904080241791
MA/Non-Profit/LPN,2023-11-01,0.05217391304347826,0.047099180755324106
MA/Non-Profit/LPN,2023-12-01,0.062209302325581396,0.07036908892390077
MA/Non-Profit/LPN,2024-01-01,0.04307334109429569,0.04982392412308043
MA/Non-Profit/LPN,2024-02-01,0.03882352941176471,0.04843696640268906
MA/Non-Profit/LPN,2024-03-01,0.08591466978375219,0.06911806445773179
MA/Non-Profit/LPN,2024-04-01,0.065206316861946,0.051103745109002535
MA/Non-Profit/LPN,2024-05-01,0.0421865715983363,0.05440181495291721
MA/Non-Profit/LPN,2024-06-01,0.18433734939759036,0.07209192945638744
MA/Non-Profit/LPN,2024-07-01,0.042220936957779065,0.054122287729842865
MA/Non-Profit/LPN,2024-08-01,0.04971751412429379,0.05559189952530594
MA/Non-Profit/LPN,2024-09-01,0.07171089779785432,0.0639998712967232
MA/Non-Profit/LPN,2024-10-01,0.03142857142857143,0.04957524244285465
MA/Non-Profit/LPN,2024-11-01,0.03540833809251856,0.04420144139475596
MA/Non-Profit/LPN,2024-12-01,0.05014084507042253,0.06649239653662316
MA/Non-Profit/LPN,2025-01-01,0.03951890034364261,0.04509005818383635
MA/Non-Profit/LPN,2025-02-01,0.030849825378346914,0.042802931710290044
MA/Non-Profit/LPN,2025-03-01,0.04207492795389049,0.06266901760945509
MA/Non-Profit/RN,2022-10-01,0.05845511482254697,0.058980447825131094
MA/Non-Profit/RN,2022-11-01,0.054378531073446326,0.05419414817270843
MA/Non-Profit/RN,2022-12-01,0.091164095371669,0.07753604690661402
MA/Non-Profit/RN,2023-01-01,0.05625,0.05630150733839808
MA/Non-Profit/RN,2023-02-01,0.056457304163726185,0.05448049936865527
MA/Non-Profit/RN,2023-03-01,0.07047216349541931,0.07530156803858568
MA/Non-Profit/RN,2023-04-01,0.04775687409551375,0.055362874859718955
MA/Non-Profit/RN,2023-05-01,0.060498220640569395,0.05826803371569333
MA/Non-Profit/RN,2023-06-01,0.07032348804500703,0.0741702852981503
MA/Non-Profit/RN,2023-07-01,0.04782298358315489,0.05910504456137544
MA/Non-Profit/RN,2023-08-01,0.06529453513129879,0.06211660691251189
MA/Non-Profit/RN,2023-09-01,0.06605113636363637,0.0712276825848392
MA/Non-Profit/RN,2023-10-01,0.06685837526959022,0.05808323477477835
MA/Non-Profit/RN,2023-11-01,0.05191059841384282,0.053444910619461154
MA/Non-Profit/RN,2023-12-01,0.07857142857142857,0.07689017592688566
MA/Non-Profit/RN,2024-01-01,0.045078888054094664,0.055973801209895126
MA/Non-Profit/RN,2024-02-01,0.04705003734129948,0.05442494322468761
MA/Non-Profit/RN,2024-03-01,0.1143717080511663,0.07577352414978958
MA/Non-Profit/RN,2024-04-01,0.07058823529411765,0.05590800020601158
MA/Non-Profit/RN,2024-05-01,0.03643410852713178,0.058410533311583634
MA/Non-Profit/RN,2024-06-01,0.13837920489296637,0.07425546246060985
MA/Non-Profit/RN,2024-07-01,0.04744525547445255,0.05821721308369922
MA/Non-Profit/RN,2024-08-01,0.061745919091554295,0.06027805420859947
MA/Non-Profit/RN,2024-09-01,0.08261494252873564,0.06846443574877609
MA/Non-Profit/RN,2024-10-01,0.03765387400434468,0.05405800791781915
MA/Non-Profit/RN,2024-11-01,0.0418168709444845,0.04855575826334105
MA/Non-Profit/RN,2024-12-01,0.04163623082542001,0.0712132818550985
MA/Non-Profit/RN,2025-01-01,0.047619047619047616,0.049943819527602455
MA/Non-Profit/RN,2025-02-01,0.036135693215339236,0.04796612052191004
MA/Non-Profit/RN,2025-03-01,0.05826656955571741,0.06894839202407722
MD/For-Profit/CNA,2022-10-01,0.15949911459650898,0.08224054745255108
MD/For-Profit/CNA,2022-11-01,0.06616022099447513,0.07471773002046322
MD/For-Profit/CNA,2022-12-01,0.08191268191268192,0.09772730593809041
MD/For-Profit/CNA,2023-01-01,0.08698620783831763,0.07727631719903266
MD/For-Profit/CNA,2023-02-01,0.08666030794386156,0.07479139377473862
MD/For-Profit/CNA,2023-03-01,0.10336374778700803,0.09385127047431235
MD/For-Profit/CNA,2023-04-01,0.08095637583892618,0.07404920274995125
MD/For-Profit/CNA,2023-05-01,0.07415881561238223,0.07663174113935989
MD/For-Profit/CNA,2023-06-01,0.08249312557286893,0.08898559402859571
MD/For-Profit/CNA,2023-07-01,0.07251858614842834,0.07595755741798965
MD/For-Profit/CNA,2023-08-01,0.07516254876462938,0.0775438554726874
MD/For-Profit/CNA,2023-09-01,0.10752404796415865,0.0865918133165339
MD/For-Profit/CNA,2023-10-01,0.05943536404160475,0.07380918867589652
MD/For-Profit/CNA,2023-11-01,0.06181281844998659,0.06619301679359357
MD/For-Profit/CNA,2023-12-01,0.07596629664303865,0.08894397138018403
MD/For-Profit/CNA,2024-01-01,0.06727789256198347,0.06847371461210691
MD/For-Profit/CNA,2024-02-01,0.06271054677377559,0.06603373326700035
MD/For-Profit/CNA,2024-03-01,0.0823649597752522,0.08527454334371112
MD/For-Profit/CNA,2024-04-01,0.0634184068058778,0.06577263183919002
MD/For-Profit/CNA,2024-05-01,0.05973394730110002,0.06873615367304697
MD/For-Profit/CNA,2024-06-01,0.07060156053360181,0.08167002392569601
MD/For-Profit/CNA,2024-07-01,0.06411201179071481,0.06941608940029072
MD/For-Profit/CNA,2024-08-01,0.07596634556761371,0.07155186500289001
MD/For-Profit/CNA,2024-09-01,0.08299669482188762,0.08111109103785814
MD/For-Profit/CNA,2024-10-01,0.0651224836284259,0.06914673867515359
MD/For-Profit/CNA,2024-11-01,0.0634727626459144,0.06222537007217164
MD/For-Profit/CNA,2024-12-01,0.08814258001939865,0.08551133742561698
MD/For-Profit/CNA,2025-01-01,0.06637276512368356,0.06531788605754758
MD/For-Profit/CNA,2025-02-01,0.0625,0.06318849823617692
MD/For-Profit/CNA,2025-03-01,0.06794467362290706,0.08269561585830389
MD/For-Profit/LPN,2022-10-01,0.18319029298609055,0.07329959135166375
MD/For-Profit/LPN,2022-11-01,0.052613713509843854,0.06397415513902804
MD/For-Profit/LPN,2022-12-01,0.06258503401360545,0.08620287016042326
MD/For-Profit/LPN,2023-01-01,0.06048387096774194,0.06531392639702696
MD/For-Profit/LPN,2023-02-01,0.07260940032414911,0.06307643111426002
MD/For-Profit/LPN,2023-03-01,0.09814754631134222,0.08214621608659124
MD/For-Profit/LPN,2023-04-01,0.07116727635517127,0.061785340901556275
MD/For-Profit/LPN,2023-05-01,0.05800837898807606,0.06414215413357811
MD/For-Profit/LPN,2023-06-01,0.06616494198808404,0.07614538258173358
MD/For-Profit/LPN,2023-07-01,0.062034739454094295,0.06297868059891179
MD/For-Profit/LPN,2023-08-01,0.057692307692307696,0.06416053096228405
MD/For-Profit/LPN,2023-09-01,0.08063511830635119,0.0722842594382675
MD/For-Profit/LPN,2023-10-01,0.04788557213930348,0.06115013052472843
MD/For-Profit/LPN,2023-11-01,0.04642525533890436,0.05231390764586281
MD/For-Profit/LPN,2023-12-01,0.06775485063135202,0.07485349440381216
MD/For-Profit/LPN,2024-01-01,0.051423324150596875,0.054076808946862905
MD/For-Profit/LPN,2024-02-01,0.051552607778112755,0.051907166219793265
MD/For-Profit/LPN,2024-03-01,0.0631704410011919,0.07120744747620023
MD/For-Profit/LPN,2024-04-01,0.045890821835632874,0.05146042335805315
MD/For-Profit/LPN,2024-05-01,0.0522740696987596,0.05458625129853513
MD/For-Profit/LPN,2024-06-01,0.061327776123846385,0.06726850616819223
MD/For-Profit/LPN,2024-07-01,0.04733901793590121,0.05479455195216337
MD/For-Profit/LPN,2024-08-01,0.05591334894613583,0.05678903027428642
MD/For-Profit/LPN,2024-09-01,0.06398591135896683,0.06563887790736983
MD/For-Profit/LPN,2024-10-01,0.04523050159466512,0.055267109642417045
MD/For-Profit/LPN,2024-11-01,0.04735778226970835,0.04725249250833073
MD/For-Profit/LPN,2024-12-01,0.06806433084434234,0.0705106747426753
MD/For-Profit/LPN,2025-01-01,0.056195965417867436,0.05041443835971295
MD/For-Profit/LPN,2025-02-01,0.050216450216450215,0.04877365542836953
MD/For-Profit/LPN,2025-03-01,0.06082036775106082,0.0685392847626763
MD/For-Profit/RN,2022-10-01,0.11325564457392572,0.0725761152287473
MD/For-Profit/RN,2022-11-01,0.055743879472693034,0.06578652405323379
MD/For-Profit/RN,2022-12-01,0.07796610169491526,0.08975103681143679
MD/For-Profit/RN,2023-01-01,0.06831831831831832,0.06905778177404269
MD/For-Profit/RN,2023-02-01,0.07552650689905592,0.06737650860896596
MD/For-Profit/RN,2023-03-01,0.10737764791818846,0.08820903587187554
MD/For-Profit/RN,2023-04-01,0.07966929725667042,0.06755726059757008
MD/For-Profit/RN,2023-05-01,0.06837606837606838,0.07061760634264866
MD/For-Profit/RN,2023-06-01,0.07142857142857142,0.08314334593398734
MD/For-Profit/RN,2023-07-01,0.06392857142857143,0.07037076706252417
MD/For-Profit/RN,2023-08-01,0.06451612903225806,0.07268837854953647
MD/For-Profit/RN,2023-09-01,0.10024708789269325,0.0818365527256792
MD/For-Profit/RN,2023-10-01,0.06543037088873338,0.06926410876654158
MD/For-Profit/RN,2023-11-01,0.05528511821974965,0.06249820070304522
MD/For-Profit/RN,2023-12-01,0.08403068340306834,0.08633795072027697
MD/For-Profit/RN,2024-01-01,0.0628053035589672,0.06541161934737352
MD/For-Profit/RN,2024-02-01,0.056357388316151204,0.06350650295559479
MD/For-Profit/RN,2024-03-01,0.09549795361527967,0.08433334762065664
MD/For-Profit/RN,2024-04-01,0.05364511691884457,0.06382475224603276
MD/For-Profit/RN,2024-05-01,0.06605691056910569,0.06732798859437
MD/For-Profit/RN,2024-06-01,0.07130787428185198,0.080268937202698
MD/For-Profit/RN,2024-07-01,0.05760905760905761,0.06793461146063826
MD/For-Profit/RN,2024-08-01,0.07395179927368768,0.07067095901707812
MD/For-Profit/RN,2024-09-01,0.079476861167002,0.08006698159355025
MD/For-Profit/RN,2024-10-01,0.06221198156682028,0.06800127513179939
MD/For-Profit/RN,2024-11-01,0.05826201448321264,0.061778769075164684
MD/For-Profit/RN,2024-12-01,0.090938406965495,0.0861357006763946
MD/For-Profit/RN,2025-01-01,0.07539300609560474,0.06563860690689143
MD/For-Profit/RN,2025-02-01,0.06513285806869734,0.06401590805281376
MD/For-Profit/RN,2025-03-01,0.08711025393764063,0.08488124665602947
MD/Government/CNA,2022-10-01,0.015384615384615385,0.03344905278475675
MD/Government/CNA,2022-11-01,0.023255813953488372,0.03213626601830587
MD/Government/CNA,2022-12-01,0.0234375,0.04893320587695818
MD/Government/CNA,2023-01-01,0.03125,0.03037109410961123
MD/Government/CNA,2023-02-01,0.047244094488188976,0.02942660213334407
MD/Government/CNA,2023-03-01,0.04065040650406504,0.048450540308451036
MD/Government/CNA,2023-04-01,0.03278688524590164,0.030807228569790648
MD/Government/CNA,2023-05-01,0.024390243902439025,0.03430727901015477
MD/Government/CNA,2023-06-01,0.0234375,0.04825187496417112
MD/Government/CNA,2023-07-01,0.015037593984962405,0.03468257708629395
MD/Government/CNA,2023-08-01,0.07194244604316546,0.04008259499428095
MD/Government/CNA,2023-09-01,0.024,0.04740906353189462
MD/Government/CNA,2023-10-01,0.046153846153846156,0.03611715983930526
MD/Government/CNA,2023-11-01,0.17307692307692307,0.03555852284932098
MD/Government/CNA,2023-12-01,0.015267175572519083,0.05104109483861155
MD/Government/CNA,2024-01-01,0.007518796992481203,0.0313351181699687
MD/Government/CNA,2024-02-01,0.007194244604316547,0.02976542311626795
MD/Government/CNA,2024-03-01,0.03355704697986577,0.04857807217258295
MD/Government/CNA,2024-04-01,0.03896103896103896,0.030821831427455763
MD/Government/CNA,2024-05-01,0.039735099337748346,0.03405485145211558
MD/Government/CNA,2024-06-01,0.08053691275167785,0.047532723285332
MD/Government/CNA,2024-07-01,0.006993006993006993,0.03274555313098601
MD/Government/CNA,2024-08-01,0.05,0.03704181030792008
MD/Government/CNA,2024-09-01,0.04316546762589928,0.04360242819164451
MD/Government/CNA,2024-10-01,0.051094890510948905,0.031157885983474302
MD/Government/CNA,2024-11-01,0.030303030303030304,0.029355738144119098
MD/Government/CNA,2024-12-01,0.0078125,0.04545370444210134
MD/Government/CNA,2025-01-01,0.022727272727272728,0.026355655256652805
MD/Government/CNA,2025-02-01,0.022222222222222223,0.02502852685722093
MD/Government/CNA,2025-03-01,0.030303030303030304,0.04388636793106691
MD/Government/LPN,2022-10-01,0.04878048780487805,0.04239031761622303
MD/Government/LPN,2022-11-01,0.023255813953488372,0.04550837463691116
MD/Government/LPN,2022-12-01,0.06818181818181818,0.06054241017687783
MD/Government/LPN,2023-01-01,0.023255813953488372,0.038702837660222984
MD/Government/LPN,2023-02-01,0.09090909090909091,0.04202254519715375
MD/Government/LPN,2023-03-01,0.075,0.0589533943174278
MD/Government/LPN,2023-04-01,0.0,0.036668215855593156
MD/Government/LPN,2023-05-01,0.02631578947368421,0.04176518474290504
MD/Government/LPN,2023-06-01,0.047619047619047616,0.05510951244713498
MD/Government/LPN,2023-07-01,0.021739130434782608,0.043085626078484714
MD/Government/LPN,2023-08-01,0.0425531914893617,0.0460377382420901
MD/Government/LPN,2023-09-01,0.0,0.05345565073276411
MD/Government/LPN,2023-10-01,0.02,0.0414736074730307
MD/Government/LPN,2023-11-01,0.3291139240506329,0.04628294949278887
MD/Government/LPN,2023-12-01,0.02,0.05880369071348721
MD/Government/LPN,2024-01-01,0.0,0.035258254156427554
MD/Government/LPN,2024-02-01,0.018518518518518517,0.03703579683558411
MD/Government/LPN,2024-03-01,0.019230769230769232,0.05338740731441237
MD/Government/LPN,2024-04-01,0.0,0.031185611380648955
MD/Government/LPN,2024-05-01,0.03571428571428571,0.036381059260220394
MD/Government/LPN,2024-06-01,0.037037037037037035,0.04947290075449078
MD/Government/LPN,2024-07-01,0.05660377358490566,0.03732419129710873
MD/Government/LPN,2024-08-01,0.06,0.03960324593307825
MD/Government/LPN,2024-09-01,0.058823529411764705,0.0459681908480394
MD/Government/LPN,2024-10-01,0.0,0.03199786707780233
MD/Government/LPN,2024-11-01,0.0,0.034955059464971856
MD/Government/LPN,2024-12-01,0.020833333333333332,0.05003124089574501
MD/Government/LPN,2025-01-01,0.0,0.028821337217020696
MD/Government/LPN,2025-02-01,0.08,0.032882840266553935
MD/Government/LPN,2025-03-01,0.06521739130434782,0.05065626812440553
MD/Government/RN,2022-10-01,0.024096385542168676,0.028924433426617154
MD/Government/RN,2022-11-01,0.012987012987012988,0.024056847344238255
MD/Government/RN,2022-12-01,0.024390243902439025,0.04655306953673696
MD/Government/RN,2023-01-01,0.023529411764705882,0.027169701006707687
MD/Government/RN,2023-02-01,0.011494252873563218,0.0242744023655382
MD/Government/RN,2023-03-01,0.02197802197802198,0.04420144208663601
MD/Government/RN,2023-04-01,0.02197802197802198,0.025607673166214675
MD/Government/RN,2023-05-01,0.021505376344086023,0.03006762828405917
MD/Government/RN,2023-06-01,0.0392156862745098,0.04335735598053744
MD/Government/RN,2023-07-01,0.061224489795918366,0.033136371020021864
MD/Government/RN,2023-08-01,0.06741573033707865,0.03520946827258146
MD/Government/RN,2023-09-01,0.03333333333333333,0.04501430517542651
MD/Government/RN,2023-10-01,0.036585365853658534,0.031203534778078836
MD/Government/RN,2023-11-01,0.0547945205479452,0.02683165559212195
MD/Government/RN,2023-12-01,0.04819277108433735,0.04924978177543714
MD/Government/RN,2024-01-01,0.07142857142857142,0.029567137170956815
MD/Government/RN,2024-02-01,0.024691358024691357,0.02567267257501369
MD/Government/RN,2024-03-01,0.06329113924050633,0.04447319594017096
MD/Government/RN,2024-04-01,0.0136986301369863,0.024249940842088567
MD/Government/RN,2024-05-01,0.02531645569620253,0.027120913503341743
MD/Government/RN,2024-06-01,0.0,0.0387990790691878
MD/Government/RN,2024-07-01,0.012987012987012988,0.027375530890041886
MD/Government/RN,2024-08-01,0.0,0.028903618043255003
MD/Government/RN,2024-09-01,0.08333333333333333,0.03886782194815583
MD/Government/RN,2024-10-01,0.023809523809523808,0.024510187431770816
MD/Government/RN,2024-11-01,0.012048192771084338,0.01966119029204251
MD/Government/RN,2024-12-01,0.037037037037037035,0.042192877065939625
MD/Government/RN,2025-01-01,0.012987012987012988,0.022555482883981362
MD/Government/RN,2025-02-01,0.024691358024691357,0.019385043539392854
MD/Government/RN,2025-03-01,0.023255813953488372,0.039008227781298685
MD/Non-Profit/CNA,2022-10-01,0.048417132216014895,0.04660055668965763
MD/Non-Profit/CNA,2022-11-01,0.03935040599625234,0.04236516579456433
MD/Non-Profit/CNA,2022-12-01,0.03748411689961881,0.06561070450988199
MD/Non-Profit/CNA,2023-01-01,0.04451219512195122,0.04435186045673669
MD/Non-Profit/CNA,2023-02-01,0.03843807199511898,0.04293593610584891
MD/Non-Profit/CNA,2023-03-01,0.06666666666666667,0.06319749390249049
MD/Non-Profit/CNA,2023-04-01,0.049906425452276984,0.044136452142716415
MD/Non-Profit/CNA,2023-05-01,0.04577240940877304,0.04774065639885717
MD/Non-Profit/CNA,2023-06-01,0.04038461538461539,0.060635111597684824
MD/Non-Profit/CNA,2023-07-01,0.042745334136062615,0.0490844328880836
MD/Non-Profit/CNA,2023-08-01,0.05015290519877676,0.05169364621024275
MD/Non-Profit/CNA,2023-09-01,0.0807147258163894,0.0621451556744868
MD/Non-Profit/CNA,2023-10-01,0.039603960396039604,0.04868538080905148
MD/Non-Profit/CNA,2023-11-01,0.04380952380952381,0.04509216934884222
MD/Non-Profit/CNA,2023-12-01,0.1185137732222934,0.06895710259535341
MD/Non-Profit/CNA,2024-01-01,0.0453153704837722,0.04726989714379624
MD/Non-Profit/CNA,2024-02-01,0.04592774035517452,0.04552035407612681
MD/Non-Profit/CNA,2024-03-01,0.07112462006079028,0.06528974879164762
MD/Non-Profit/CNA,2024-04-01,0.047875523638539794,0.04571276942042005
MD/Non-Profit/CNA,2024-05-01,0.043686415320167565,0.04896780219467231
MD/Non-Profit/CNA,2024-06-01,0.05108173076923077,0.06150492735223671
MD/Non-Profit/CNA,2024-07-01,0.042270531400966184,0.049538103152074145
MD/Non-Profit/CNA,2024-08-01,0.04580606781677573,0.0515798517184639
MD/Non-Profit/CNA,2024-09-01,0.06733608978145304,0.06156116311726686
MD/Non-Profit/CNA,2024-10-01,0.0487071557426338,0.047800600648990846
MD/Non-Profit/CNA,2024-11-01,0.05780691299165673,0.04378625675141997
MD/Non-Profit/CNA,2024-12-01,0.0544464609800363,0.06702415915867463
MD/Non-Profit/CNA,2025-01-01,0.042501517911353974,0.04545755258339346
MD/Non-Profit/CNA,2025-02-01,0.049601959583588484,0.04382083587072464
MD/Non-Profit/CNA,2025-03-01,0.05565749235474006,0.06373481012923472
MD/Non-Profit/LPN,2022-10-01,0.030944625407166124,0.04324547563317944
MD/Non-Profit/LPN,2022-11-01,0.03156146179401993,0.039044500757924205
MD/Non-Profit/LPN,2022-12-01,0.05509181969949917,0.06341810155977126
MD/Non-Profit/LPN,2023-01-01,0.048252911813643926,0.04248068244330985
MD/Non-Profit/LPN,2023-02-01,0.03727714748784441,0.04084593089108105
MD/Non-Profit/LPN,2023-03-01,0.07781456953642384,0.061103440431696604
MD/Non-Profit/LPN,2023-04-01,0.03819444444444445,0.04081529984517871
MD/Non-Profit/LPN,2023-05-01,0.04222972972972973,0.04509693482228687
MD/Non-Profit/LPN,2023-06-01,0.034013605442176874,0.057231137114709174
MD/Non-Profit/LPN,2023-07-01,0.051580698835274545,0.04603724217903039
MD/Non-Profit/LPN,2023-08-01,0.057432432432432436,0.048101673489462905
MD/Non-Profit/LPN,2023-09-01,0.07394957983193277,0.05731483074201429
MD/Non-Profit/LPN,2023-10-01,0.0285204991087344,0.04307917411138416
MD/Non-Profit/LPN,2023-11-01,0.03098106712564544,0.038966072855105616
MD/Non-Profit/LPN,2023-12-01,0.10321489001692047,0.06352478345421929
MD/Non-Profit/LPN,2024-01-01,0.038525963149078725,0.04208185450939802
MD/Non-Profit/LPN,2024-02-01,0.0462046204620462,0.04009924686729027
MD/Non-Profit/LPN,2024-03-01,0.06873977086743044,0.059739526014452385
MD/Non-Profit/LPN,2024-04-01,0.03189792663476874,0.039102091519286244
MD/Non-Profit/LPN,2024-05-01,0.054838709677419356,0.04302186838580519
MD/Non-Profit/LPN,2024-06-01,0.05016181229773463,0.05455708288346058
MD/Non-Profit/LPN,2024-07-01,0.03761755485893417,0.042637845106831086
MD/Non-Profit/LPN,2024-08-01,0.03610675039246468,0.04403594211225885
MD/Non-Profit/LPN,2024-09-01,0.03949447077409163,0.052790365518941444
MD/Non-Profit/LPN,2024-10-01,0.03265940902021773,0.03844648199721737
MD/Non-Profit/LPN,2024-11-01,0.03709428129829984,0.034155045407142634
MD/Non-Profit/LPN,2024-12-01,0.03582554517133956,0.05841120531727753
MD/Non-Profit/LPN,2025-01-01,0.045454545454545456,0.037589461052547256
MD/Non-Profit/LPN,2025-02-01,0.047619047619047616,0.03588314110538567
MD/Non-Profit/LPN,2025-03-01,0.04538087520259319,0.05584975035118651
MD/Non-Profit/RN,2022-10-01,0.04012841091492777,0.052767972822676465
MD/Non-Profit/RN,2022-11-01,0.02247191011235955,0.047879709152120205
MD/Non-Profit/RN,2022-12-01,0.04952076677316294,0.07209517366774226
MD/Non-Profit/RN,2023-01-01,0.04327666151468315,0.0517808226985552
MD/Non-Profit/RN,2023-02-01,0.03176470588235294,0.05077926694075
MD/Non-Profit/RN,2023-03-01,0.28004667444574094,0.07970286646719918
MD/Non-Profit/RN,2023-04-01,0.03821656050955414,0.050718612613529536
MD/Non-Profit/RN,2023-05-01,0.029411764705882353,0.05349980079104249
MD/Non-Profit/RN,2023-06-01,0.03514376996805112,0.06553663928192471
MD/Non-Profit/RN,2023-07-01,0.03787878787878788,0.05283315815935502
MD/Non-Profit/RN,2023-08-01,0.0374251497005988,0.054382764222941415
MD/Non-Profit/RN,2023-09-01,0.08,0.06419710738399059
MD/Non-Profit/RN,2023-10-01,0.0452418096723869,0.04962246192827622
MD/Non-Profit/RN,2023-11-01,0.03987730061349693,0.044333369825595804
MD/Non-Profit/RN,2023-12-01,0.08620689655172414,0.06781754787395901
MD/Non-Profit/RN,2024-01-01,0.03654970760233918,0.04623045359530545
MD/Non-Profit/RN,2024-02-01,0.03581661891117478,0.0438151218516678
MD/Non-Profit/RN,2024-03-01,0.11484593837535013,0.07128145779388836
MD/Non-Profit/RN,2024-04-01,0.021645021645021644,0.042970302913026434
MD/Non-Profit/RN,2024-05-01,0.04597701149425287,0.046577242513039206
MD/Non-Profit/RN,2024-06-01,0.053824362606232294,0.0591376556834061
MD/Non-Profit/RN,2024-07-01,0.0460431654676259,0.04659619387686152
MD/Non-Profit/RN,2024-08-01,0.04667609618104668,0.04811166565589049
MD/Non-Profit/RN,2024-09-01,0.06195965417867435,0.05766305919013508
MD/Non-Profit/RN,2024-10-01,0.03768115942028986,0.042941520728983884
MD/Non-Profit/RN,2024-11-01,0.037463976945244955,0.037368980356897424
MD/Non-Profit/RN,2024-12-01,0.04316546762589928,0.060672586726926714
MD/Non-Profit/RN,2025-01-01,0.03556187766714083,0.039405752969464705
MD/Non-Profit/RN,2025-02-01,0.03551136363636364,0.037320082744055044
MD/Non-Profit/RN,2025-03-01,0.04971590909090909,0.06498140007276358
ME/For-Profit/CNA,2022-10-01,0.07181136120042872,0.06921673218276223
ME/For-Profit/CNA,2022-11-01,0.06692265496434449,0.06486535248931723
ME/For-Profit/CNA,2022-12-01,0.06428957320367369,0.08776394065322529
ME/For-Profit/CNA,2023-01-01,0.06220095693779904,0.06758401745503344
ME/For-Profit/CNA,2023-02-01,0.053347849755035384,0.06610204952094856
ME/For-Profit/CNA,2023-03-01,0.08929532006455083,0.08713464052916922
ME/For-Profit/CNA,2023-04-01,0.05715871254162042,0.06798279324275816
ME/For-Profit/CNA,2023-05-01,0.06930157011369789,0.07372539589731558
ME/For-Profit/CNA,2023-06-01,0.1737551867219917,0.08973156260664515
ME/For-Profit/CNA,2023-07-01,0.08029925187032419,0.07523634290105344
ME/For-Profit/CNA,2023-08-01,0.07044334975369458,0.07664936285146387
ME/For-Profit/CNA,2023-09-01,0.07249255213505462,0.08487742978301649
ME/For-Profit/CNA,2023-10-01,0.07623318385650224,0.07257657722013616
ME/For-Profit/CNA,2023-11-01,0.07614725163893091,0.0679554017280325
ME/For-Profit/CNA,2023-12-01,0.10971313537996981,0.09044486266286492
ME/For-Profit/CNA,2024-01-01,0.06837186424003935,0.0692484133846893
ME/For-Profit/CNA,2024-02-01,0.0655,0.06671932907551792
ME/For-Profit/CNA,2024-03-01,0.0946542422756253,0.08657265736521756
ME/For-Profit/CNA,2024-04-01,0.051566265060240965,0.06617060244866332
ME/For-Profit/CNA,2024-05-01,0.08985641500694766,0.07069880386235547
ME/For-Profit/CNA,2024-06-01,0.06775700934579439,0.0851631836289806
ME/For-Profit/CNA,2024-07-01,0.07109665427509294,0.07051234635268681
ME/For-Profit/CNA,2024-08-01,0.07483930211202938,0.07175154964138848
ME/For-Profit/CNA,2024-09-01,0.07627906976744186,0.07986047418609468
ME/For-Profit/CNA,2024-10-01,0.06763059701492537,0.06721794456650348
ME/For-Profit/CNA,2024-11-01,0.06642402183803457,0.06235304741580988
ME/For-Profit/CNA,2024-12-01,0.06790402897238569,0.08461843231448692
ME/For-Profit/CNA,2025-01-01,0.0644434429923389,0.06359394733924509
ME/For-Profit/CNA,2025-02-01,0.056440600819299046,0.06136315603643501
ME/For-Profit/CNA,2025-03-01,0.06636971046770601,0.08148275899243848
ME/For-Profit/LPN,2022-10-01,0.10139860139860139,0.07251549052318956
ME/For-Profit/LPN,2022-11-01,0.061371841155234655,0.06600143274757934
ME/For-Profit/LPN,2022-12-01,0.06666666666666667,0.08932473222085681
ME/For-Profit/LPN,2023-01-01,0.05653710247349823,0.06762304512046609
ME/For-Profit/LPN,2023-02-01,0.04529616724738676,0.06652769683556092
ME/For-Profit/LPN,2023-03-01,0.09090909090909091,0.08770378001764931
ME/For-Profit/LPN,2023-04-01,0.06859205776173286,0.0691115363334672
ME/For-Profit/LPN,2023-05-01,0.09352517985611511,0.07428009032513183
ME/For-Profit/LPN,2023-06-01,0.14388489208633093,0.08811091411460309
ME/For-Profit/LPN,2023-07-01,0.08273381294964029,0.07384436354503418
ME/For-Profit/LPN,2023-08-01,0.07773851590106007,0.07582588506489499
ME/For-Profit/LPN,2023-09-01,0.046263345195729534,0.0815658756276578
ME/For-Profit/LPN,2023-10-01,0.0851063829787234,0.07241926108798628
ME/For-Profit/LPN,2023-11-01,0.072992700729927,0.06569879163861225
ME/For-Profit/LPN,2023-12-01,0.12681159420289856,0.08878131195046002
ME/For-Profit/LPN,2024-01-01,0.05574912891986063,0.06603322349587512
ME/For-Profit/LPN,2024-02-01,0.055944055944055944,0.0639489168367025
ME/For-Profit/LPN,2024-03-01,0.09090909090909091,0.08381962658740892
ME/For-Profit/LPN,2024-04-01,0.07368421052631578,0.06393599764133062
ME/For-Profit/LPN,2024-05-01,0.08041958041958042,0.06762133985703252
ME/For-Profit/LPN,2024-06-01,0.057971014492753624,0.08010053196869234
ME/For-Profit/LPN,2024-07-01,0.04929577464788732,0.06550104111842311
ME/For-Profit/LPN,2024-08-01,0.07586206896551724,0.0674495496177969
ME/For-Profit/LPN,2024-09-01,0.03900709219858156,0.07315234218150617
ME/For-Profit/LPN,2024-10-01,0.07947019867549669,0.06389005893370941
ME/For-Profit/LPN,2024-11-01,0.05536332179930796,0.05715547375696235
ME/For-Profit/LPN,2024-12-01,0.058823529411764705,0.0802145067075834
ME/For-Profit/LPN,2025-01-01,0.04778156996587031,0.05829703127696801
ME/For-Profit/LPN,2025-02-01,0.06666666666666667,0.05691589710463915
ME/For-Profit/LPN,2025-03-01,0.06666666666666667,0.07740070283603663
ME/For-Profit/RN,2022-10-01,0.0544,0.05799607968469077
ME/For-Profit/RN,2022-11-01,0.04936305732484077,0.05405579283083801
ME/For-Profit/RN,2022-12-01,0.08031496062992126,0.07789380831030934
ME/For-Profit/RN,2023-01-01,0.057692307692307696,0.05661264866740087
ME/For-Profit/RN,2023-02-01,0.05970149253731343,0.05465485387784273
ME/For-Profit/RN,2023-03-01,0.05466237942122187,0.0750068380304109
ME/For-Profit/RN,2023-04-01,0.049441786283891544,0.05549967120824531
ME/For-Profit/RN,2023-05-01,0.046583850931677016,0.05960417909562279
ME/For-Profit/RN,2023-06-01,0.16815476190476192,0.07659018657932112
ME/For-Profit/RN,2023-07-01,0.05192878338278932,0.06035487050965356
ME/For-Profit/RN,2023-08-01,0.06557377049180328,0.062487611683194395
ME/For-Profit/RN,2023-09-01,0.046546546546546545,0.06946617624728903
ME/For-Profit/RN,2023-10-01,0.05120481927710843,0.05681702157054166
ME/For-Profit/RN,2023-11-01,0.057057057057057055,0.05258846515509058
ME/For-Profit/RN,2023-12-01,0.10044977511244378,0.0759461987097117
ME/For-Profit/RN,2024-01-01,0.04644412191582003,0.05401828613350328
ME/For-Profit/RN,2024-02-01,0.04610951008645533,0.05142141591056306
ME/For-Profit/RN,2024-03-01,0.07759882869692533,0.07134658622975086
ME/For-Profit/RN,2024-04-01,0.041968162083936326,0.0511599273959123
ME/For-Profit/RN,2024-05-01,0.051893408134642355,0.05449559397497942
ME/For-Profit/RN,2024-06-01,0.06536856745479833,0.07074089764589825
ME/For-Profit/RN,2024-07-01,0.05234159779614325,0.05493317464295456
ME/For-Profit/RN,2024-08-01,0.06353591160220995,0.057416919221933
ME/For-Profit/RN,2024-09-01,0.05182072829131653,0.06470798477806544
ME/For-Profit/RN,2024-10-01,0.0445945945945946,0.05224918555205829
ME/For-Profit/RN,2024-11-01,0.057534246575342465,0.048215659184759826
ME/For-Profit/RN,2024-12-01,0.04871447902571042,0.07172635154105304
ME/For-Profit/RN,2025-01-01,0.05256064690026954,0.050517278343765175
ME/For-Profit/RN,2025-02-01,0.03961748633879782,0.048570728867725295
ME/For-Profit/RN,2025-03-01,0.08244680851063829,0.0690830518187539
ME/Government/CNA,2022-10-01,0.015151515151515152,0.0324361681588573
ME/Government/CNA,2022-11-01,0.05970149253731343,0.028693102819339962
ME/Government/CNA,2022-12-01,0.015151515151515152,0.048742397622159636
ME/Government/CNA,2023-01-01,0.015625,0.028268095409371065
ME/Government/CNA,2023-02-01,0.0,0.025480387191753395
ME/Government/CNA,2023-03-01,0.015384615384615385,0.04568279872512896
ME/Government/CNA,2023-04-01,0.046875,0.029737895101914574
ME/Government/CNA,2023-05-01,0.031746031746031744,0.03255801984022483
ME/Government/CNA,2023-06-01,0.06451612903225806,0.04770424726035824
ME/Government/CNA,2023-07-01,0.05084745762711865,0.03538619739214249
ME/Government/CNA,2023-08-01,0.03389830508474576,0.036504472027483026
ME/Government/CNA,2023-09-01,0.056338028169014086,0.047354621663712536
ME/Government/CNA,2023-10-01,0.027777777777777776,0.03356884591737329
ME/Government/CNA,2023-11-01,0.06756756756756757,0.03008887360197487
ME/Government/CNA,2023-12-01,0.04054054054054054,0.05040698462831182
ME/Government/CNA,2024-01-01,0.027777777777777776,0.029828836949861506
ME/Government/CNA,2024-02-01,0.028169014084507043,0.0269136449376645
ME/Government/CNA,2024-03-01,0.028985507246376812,0.046546725388421556
ME/Government/CNA,2024-04-01,0.043478260869565216,0.029830217313814605
ME/Government/CNA,2024-05-01,0.013157894736842105,0.03181756411079736
ME/Government/CNA,2024-06-01,0.04819277108433735,0.046559442402781676
ME/Government/CNA,2024-07-01,0.03529411764705882,0.03398531058221861
ME/Government/CNA,2024-08-01,0.02197802197802198,0.03496236729636017
ME/Government/CNA,2024-09-01,0.07692307692307693,0.04585175608899371
ME/Government/CNA,2024-10-01,0.06896551724137931,0.03191971947259215
ME/Government/CNA,2024-11-01,0.011904761904761904,0.027750215705844763
ME/Government/CNA,2024-12-01,0.0449438202247191,0.048061893088546
ME/Government/CNA,2025-01-01,0.022727272727272728,0.027243199225440107
ME/Government/CNA,2025-02-01,0.0,0.024132299566363008
ME/Government/CNA,2025-03-01,0.03409090909090909,0.04382182952936617
ME/Non-Profit/CNA,2022-10-01,0.06305170239596469,0.05320975910628882
ME/Non-Profit/CNA,2022-11-01,0.05025125628140704,0.048504947060472016
ME/Non-Profit/CNA,2022-12-01,0.0525,0.0700001685655147
ME/Non-Profit/CNA,2023-01-01,0.05133928571428571,0.050602917820827084
ME/Non-Profit/CNA,2023-02-01,0.05606407322654462,0.04875523634975652
ME/Non-Profit/CNA,2023-03-01,0.06136363636363636,0.06800675314941719
ME/Non-Profit/CNA,2023-04-01,0.053348467650397274,0.04904167874591979
ME/Non-Profit/CNA,2023-05-01,0.05537098560354374,0.05254538533597524
ME/Non-Profit/CNA,2023-06-01,0.061224489795918366,0.06540418629648188
ME/Non-Profit/CNA,2023-07-01,0.062360801781737196,0.05345701086810941
ME/Non-Profit/CNA,2023-08-01,0.04932735426008968,0.05533013877067573
ME/Non-Profit/CNA,2023-09-01,0.04004449388209121,0.06348064846529863
ME/Non-Profit/CNA,2023-10-01,0.049009384775808136,0.0518469341718246
ME/Non-Profit/CNA,2023-11-01,0.058884297520661155,0.047599702946571794
ME/Non-Profit/CNA,2023-12-01,0.060228452751817235,0.06942696887524494
ME/Non-Profit/CNA,2024-01-01,0.05726405090137858,0.050368211543238645
ME/Non-Profit/CNA,2024-02-01,0.043859649122807015,0.04870683747379359
ME/Non-Profit/CNA,2024-03-01,0.06680805938494168,0.06819547964271692
ME/Non-Profit/CNA,2024-04-01,0.052415210688591986,0.04947215744888635
ME/Non-Profit/CNA,2024-05-01,0.04843592330978809,0.05324597086849753
ME/Non-Profit/CNA,2024-06-01,0.05517241379310345,0.0665249341302349
ME/Non-Profit/CNA,2024-07-01,0.054490413723511606,0.05506906561240958
ME/Non-Profit/CNA,2024-08-01,0.06578947368421052,0.0574698957709262
ME/Non-Profit/CNA,2024-09-01,0.06964656964656965,0.0660259996213492
ME/Non-Profit/CNA,2024-10-01,0.06382978723404255,0.05440346674071676
ME/Non-Profit/CNA,2024-11-01,0.05656759348034516,0.049993043750462714
ME/Non-Profit/CNA,2024-12-01,0.05651340996168582,0.07186384487266673
ME/Non-Profit/CNA,2025-01-01,0.058768656716417914,0.05274416973708114
ME/Non-Profit/CNA,2025-02-01,0.0634765625,0.05112893076448612
ME/Non-Profit/CNA,2025-03-01,0.06679764243614932,0.07044321815356232
ME/Non-Profit/LPN,2022-10-01,0.04477611940298507,0.06166333818175301
ME/Non-Profit/LPN,2022-11-01,0.028985507246376812,0.05981766364725976
ME/Non-Profit/LPN,2022-12-01,0.11428571428571428,0.08458953766278825
ME/Non-Profit/LPN,2023-01-01,0.1038961038961039,0.06343496733211217
ME/Non-Profit/LPN,2023-02-01,0.06578947368421052,0.059608353558597955
ME/Non-Profit/LPN,2023-03-01,0.06493506493506493,0.08017767491768024
ME/Non-Profit/LPN,2023-04-01,0.08974358974358974,0.062256038863042616
ME/Non-Profit/LPN,2023-05-01,0.06172839506172839,0.06444598996581814
ME/Non-Profit/LPN,2023-06-01,0.06493506493506493,0.07670784649263715
ME/Non-Profit/LPN,2023-07-01,0.06756756756756757,0.06509612690340066
ME/Non-Profit/LPN,2023-08-01,0.06944444444444445,0.06690547694482513
ME/Non-Profit/LPN,2023-09-01,0.06944444444444445,0.07733793803615534
ME/Non-Profit/LPN,2023-10-01,0.028169014084507043,0.06040431208370372
ME/Non-Profit/LPN,2023-11-01,0.13333333333333333,0.05848842452000792
ME/Non-Profit/LPN,2023-12-01,0.07246376811594203,0.08174428000288335
ME/Non-Profit/LPN,2024-01-01,0.014285714285714285,0.05960581277407621
ME/Non-Profit/LPN,2024-02-01,0.014285714285714285,0.055932756929148286
ME/Non-Profit/LPN,2024-03-01,0.11538461538461539,0.07712734329167628
ME/Non-Profit/LPN,2024-04-01,0.060240963855421686,0.059282895537067545
ME/Non-Profit/LPN,2024-05-01,0.05747126436781609,0.0620010226154897
ME/Non-Profit/LPN,2024-06-01,0.056818181818181816,0.07467427858147353
ME/Non-Profit/LPN,2024-07-01,0.06521739130434782,0.0635512709567044
ME/Non-Profit/LPN,2024-08-01,0.06896551724137931,0.06580207972634332
ME/Non-Profit/LPN,2024-09-01,0.14606741573033707,0.07677308346999519
ME/Non-Profit/LPN,2024-10-01,0.04878048780487805,0.05931574281192004
ME/Non-Profit/LPN,2024-11-01,0.033707865168539325,0.056586583522631344
ME/Non-Profit/LPN,2024-12-01,0.08695652173913043,0.08027001444857616
ME/Non-Profit/LPN,2025-01-01,0.08163265306122448,0.05840850425698699
ME/Non-Profit/LPN,2025-02-01,0.0425531914893617,0.054042775919772607
ME/Non-Profit/LPN,2025-03-01,0.03125,0.07430369725289167
ME/Non-Profit/RN,2022-10-01,0.03514376996805112,0.043508955406414855
ME/Non-Profit/RN,2022-11-01,0.03785488958990536,0.038125879777350324
ME/Non-Profit/RN,2022-12-01,0.052795031055900624,0.06114654960165701
ME/Non-Profit/RN,2023-01-01,0.0821529745042493,0.043223722807017334
ME/Non-Profit/RN,2023-02-01,0.06744868035190615,0.0392222588465966
ME/Non-Profit/RN,2023-03-01,0.05309734513274336,0.056650084542433934
ME/Non-Profit/RN,2023-04-01,0.034383954154727794,0.03744524642326631
ME/Non-Profit/RN,2023-05-01,0.059154929577464786,0.04096840723249948
ME/Non-Profit/RN,2023-06-01,0.03812316715542522,0.051880305829135116
ME/Non-Profit/RN,2023-07-01,0.029411764705882353,0.03906873739079092
ME/Non-Profit/RN,2023-08-01,0.028328611898016998,0.040177777789949624
ME/Non-Profit/RN,2023-09-01,0.014326647564469915,0.048197094344359204
ME/Non-Profit/RN,2023-10-01,0.04904632152588556,0.036140684169946924
ME/Non-Profit/RN,2023-11-01,0.01928374655647383,0.030643043470947595
ME/Non-Profit/RN,2023-12-01,0.055248618784530384,0.05353755717377983
ME/Non-Profit/RN,2024-01-01,0.05,0.035468950053895436
ME/Non-Profit/RN,2024-02-01,0.02535211267605634,0.031622839020075795
ME/Non-Profit/RN,2024-03-01,0.036011080332409975,0.04969846618597676
ME/Non-Profit/RN,2024-04-01,0.032520325203252036,0.03126061288666761
ME/Non-Profit/RN,2024-05-01,0.032171581769437,0.035357777475014084
ME/Non-Profit/RN,2024-06-01,0.029333333333333333,0.047176289332180585
ME/Non-Profit/RN,2024-07-01,0.03551912568306011,0.03548309292461267
ME/Non-Profit/RN,2024-08-01,0.03504043126684636,0.03746017554576158
ME/Non-Profit/RN,2024-09-01,0.05249343832020997,0.046285762964820815
ME/Non-Profit/RN,2024-10-01,0.03571428571428571,0.034412722085921325
ME/Non-Profit/RN,2024-11-01,0.03535353535353535,0.029272292728890537
ME/Non-Profit/RN,2024-12-01,0.030379746835443037,0.05236319199654737
ME/Non-Profit/RN,2025-01-01,0.05867970660146699,0.034744202263325474
ME/Non-Profit/RN,2025-02-01,0.03526448362720403,0.031233624466688932
ME/Non-Profit/RN,2025-03-01,0.03571428571428571,0.04946735608078267
MI/For-Profit/CNA,2022-10-01,0.09542790152403283,0.09022977354399006
MI/For-Profit/CNA,2022-11-01,0.08378842253081605,0.08586370828702197
MI/For-Profit/CNA,2022-12-01,0.1026438569206843,0.10932011108634843
MI/For-Profit/CNA,2023-01-01,0.10076426504414929,0.09004958907312138
MI/For-Profit/CNA,2023-02-01,0.08878540346591343,0.08903991167968384
MI/For-Profit/CNA,2023-03-01,0.1249159506910721,0.10882117053795834
MI/For-Profit/CNA,2023-04-01,0.09393848009650181,0.09010087300725535
MI/For-Profit/CNA,2023-05-01,0.10090471326426383,0.09389878249389375
MI/For-Profit/CNA,2023-06-01,0.09688155705086463,0.10673134445661117
MI/For-Profit/CNA,2023-07-01,0.10087314545325478,0.09511799108456281
MI/For-Profit/CNA,2023-08-01,0.10646308303702154,0.09753016882033119
MI/For-Profit/CNA,2023-09-01,0.10930379303091917,0.10683072857867144
MI/For-Profit/CNA,2023-10-01,0.09424964936886396,0.0930334563272964
MI/For-Profit/CNA,2023-11-01,0.08830331487840774,0.08805648061145845
MI/For-Profit/CNA,2023-12-01,0.10430183356840621,0.11101879995209259
MI/For-Profit/CNA,2024-01-01,0.0943606923506421,0.09114663645730241
MI/For-Profit/CNA,2024-02-01,0.10785845276098621,0.08963545724530285
MI/For-Profit/CNA,2024-03-01,0.10693301997649823,0.10877436237786053
MI/For-Profit/CNA,2024-04-01,0.09374556800453836,0.08950463716176578
MI/For-Profit/CNA,2024-05-01,0.09100396576915049,0.09289367087216537
MI/For-Profit/CNA,2024-06-01,0.09212532926660197,0.10532561034354082
MI/For-Profit/CNA,2024-07-01,0.09234540997003542,0.09336056682889916
MI/For-Profit/CNA,2024-08-01,0.10334141740770682,0.09567433904293823
MI/For-Profit/CNA,2024-09-01,0.13387771906951212,0.10484800948769812
MI/For-Profit/CNA,2024-10-01,0.08656837549032868,0.09050488395042292
MI/For-Profit/CNA,2024-11-01,0.07907321344379335,0.08507756579000281
MI/For-Profit/CNA,2024-12-01,0.08953000135446296,0.10757686473271837
MI/For-Profit/CNA,2025-01-01,0.08573161690368673,0.08751265195725919
MI/For-Profit/CNA,2025-02-01,0.08642306402950051,0.08575663993894303
MI/For-Profit/CNA,2025-03-01,0.08648864089278598,0.10486604113092567
MI/For-Profit/LPN,2022-10-01,0.07683419988445984,0.07887305053976856
MI/For-Profit/LPN,2022-11-01,0.07296218886566597,0.07452812562283305
MI/For-Profit/LPN,2022-12-01,0.09113347256502753,0.0977496872845474
MI/For-Profit/LPN,2023-01-01,0.09488523405024399,0.07869702249608142
MI/For-Profit/LPN,2023-02-01,0.07403252944475602,0.07674045054600118
MI/For-Profit/LPN,2023-03-01,0.12126729788783686,0.0969561844100925
MI/For-Profit/LPN,2023-04-01,0.07390257455084275,0.07728918983531406
MI/For-Profit/LPN,2023-05-01,0.0754443235400798,0.08137739875920404
MI/For-Profit/LPN,2023-06-01,0.08446186742694227,0.09435001129663347
MI/For-Profit/LPN,2023-07-01,0.09073426573426574,0.08269807509618088
MI/For-Profit/LPN,2023-08-01,0.09064226519337017,0.08514152435651558
MI/For-Profit/LPN,2023-09-01,0.1019951840385277,0.09499024496082163
MI/For-Profit/LPN,2023-10-01,0.08445132438940489,0.08080144505676531
MI/For-Profit/LPN,2023-11-01,0.07693637621023514,0.07603562040131817
MI/For-Profit/LPN,2023-12-01,0.09929322530598172,0.0987547682410699
MI/For-Profit/LPN,2024-01-01,0.0854419410745234,0.07906914452252037
MI/For-Profit/LPN,2024-02-01,0.08965163934426229,0.07668179951039374
MI/For-Profit/LPN,2024-03-01,0.08833077054501964,0.09625891076760543
MI/For-Profit/LPN,2024-04-01,0.07045215562565721,0.07639978966505584
MI/For-Profit/LPN,2024-05-01,0.08733321781320395,0.08025992945572977
MI/For-Profit/LPN,2024-06-01,0.08421417431987524,0.0927058050428908
MI/For-Profit/LPN,2024-07-01,0.0730260928498814,0.0806400892660209
MI/For-Profit/LPN,2024-08-01,0.09021432131583319,0.08297771332229016
MI/For-Profit/LPN,2024-09-01,0.12409618294938625,0.09254129126557076
MI/For-Profit/LPN,2024-10-01,0.07647931432338882,0.07780135942454446
MI/For-Profit/LPN,2024-11-01,0.07353917662682603,0.07253920845581736
MI/For-Profit/LPN,2024-12-01,0.0707594513215122,0.0947604182231345
MI/For-Profit/LPN,2025-01-01,0.0695940347970174,0.07493985089849185
MI/For-Profit/LPN,2025-02-01,0.06985962014863749,0.07258539958109372
MI/For-Profit/LPN,2025-03-01,0.08095159425078473,0.09247684628718017
MI/For-Profit/RN,2022-10-01,0.07006874669487044,0.06876820348509692
MI/For-Profit/RN,2022-11-01,0.05583621377293273,0.06351812735076506
MI/For-Profit/RN,2022-12-01,0.07992614085993141,0.08788359698393983
MI/For-Profit/RN,2023-01-01,0.0791849368068094,0.06756504839285575
MI/For-Profit/RN,2023-02-01,0.06289308176100629,0.06622810877870419
MI/For-Profit/RN,2023-03-01,0.08992248062015504,0.08598557744016602
MI/For-Profit/RN,2023-04-01,0.05944963655244029,0.06673226038449277
MI/For-Profit/RN,2023-05-01,0.06281920326864147,0.07086660527587835
MI/For-Profit/RN,2023-06-01,0.07486765817998488,0.08461791541476942
MI/For-Profit/RN,2023-07-01,0.07294000497883993,0.07269747902537273
MI/For-Profit/RN,2023-08-01,0.07326635628522421,0.0753116899847976
MI/For-Profit/RN,2023-09-01,0.08619412200543344,0.08635602249391053
MI/For-Profit/RN,2023-10-01,0.07583859990277103,0.07280063998134309
MI/For-Profit/RN,2023-11-01,0.07168894289185905,0.06800475221517431
MI/For-Profit/RN,2023-12-01,0.11219274762715989,0.09259569343353666
MI/For-Profit/RN,2024-01-01,0.07177853993140618,0.07219546554338077
MI/For-Profit/RN,2024-02-01,0.09116475275369111,0.07098751718617564
MI/For-Profit/RN,2024-03-01,0.09003601440576231,0.090509451475525
MI/For-Profit/RN,2024-04-01,0.07358024691358024,0.07117866852654901
MI/For-Profit/RN,2024-05-01,0.07437210436478908,0.07487613952092104
MI/For-Profit/RN,2024-06-01,0.085693359375,0.0881389214644924
MI/For-Profit/RN,2024-07-01,0.06999522216913522,0.07557358005070126
MI/For-Profit/RN,2024-08-01,0.07245692707104083,0.07778222664555234
MI/For-Profit/RN,2024-09-01,0.1311436672967864,0.08840311350270325
MI/For-Profit/RN,2024-10-01,0.07334109429569266,0.07381431069274007
MI/For-Profit/RN,2024-11-01,0.0584932147870847,0.06813730358692138
MI/For-Profit/RN,2024-12-01,0.07548492638466932,0.09200366535927788
MI/For-Profit/RN,2025-01-01,0.06899745311414679,0.07128184951915717
MI/For-Profit/RN,2025-02-01,0.07287543655413271,0.06974335942869793
MI/For-Profit/RN,2025-03-01,0.0827906976744186,0.08909760637031623
MI/Government/CNA,2022-10-01,0.04521167283189478,0.046901547504616226
MI/Government/CNA,2022-11-01,0.03981937602627258,0.041981842191647356
MI/Government/CNA,2022-12-01,0.04438964241676942,0.0645862541311434
MI/Government/CNA,2023-01-01,0.031664527171587506,0.044270455118864994
MI/Government/CNA,2023-02-01,0.06815464328417696,0.04396365297677443
MI/Government/CNA,2023-03-01,0.04815745393634841,0.06316719596387449
MI/Government/CNA,2023-04-01,0.052485089463220676,0.04469852703605127
MI/Government/CNA,2023-05-01,0.04926499801350814,0.04820002778184923
MI/Government/CNA,2023-06-01,0.04600865119937082,0.06091915042899759
MI/Government/CNA,2023-07-01,0.053384912959381046,0.04911084488275908
MI/Government/CNA,2023-08-01,0.08560747663551402,0.05248603784708981
MI/Government/CNA,2023-09-01,0.05054858934169279,0.05950167144606744
MI/Government/CNA,2023-10-01,0.049679487179487176,0.047091021621019184
MI/Government/CNA,2023-11-01,0.04263093788063337,0.04216912178272574
MI/Government/CNA,2023-12-01,0.05076551168412571,0.06469967543513419
MI/Government/CNA,2024-01-01,0.04141566265060241,0.04420285671399628
MI/Government/CNA,2024-02-01,0.044765342960288806,0.04369505191247699
MI/Government/CNA,2024-03-01,0.06585724797645327,0.06294691035371515
MI/Government/CNA,2024-04-01,0.055513595166163145,0.04426801180820959
MI/Government/CNA,2024-05-01,0.05493273542600897,0.047497369226013955
MI/Government/CNA,2024-06-01,0.05899925317401045,0.0600622690819715
MI/Government/CNA,2024-07-01,0.045722713864306784,0.04778793979731416
MI/Government/CNA,2024-08-01,0.053545051698670604,0.050757949847263596
MI/Government/CNA,2024-09-01,0.045420699925539834,0.057750096066112144
MI/Government/CNA,2024-10-01,0.04080895630191405,0.04544579810133841
MI/Government/CNA,2024-11-01,0.038132573057733425,0.04068884114146524
MI/Government/CNA,2024-12-01,0.059992900248491306,0.0634111359717176
MI/Government/CNA,2025-01-01,0.04015636105188344,0.042950704178949584
MI/Government/CNA,2025-02-01,0.03789774758670004,0.042472505610060995
MI/Government/CNA,2025-03-01,0.07332624867162593,0.061953317866862465
MI/Government/LPN,2022-10-01,0.03484320557491289,0.041395453798667006
MI/Government/LPN,2022-11-01,0.02768166089965398,0.036589658559370415
MI/Government/LPN,2022-12-01,0.039723661485319514,0.0598643191745021
MI/Government/LPN,2023-01-01,0.03424657534246575,0.040391194833137994
MI/Government/LPN,2023-02-01,0.06622516556291391,0.039634855909546324
MI/Government/LPN,2023-03-01,0.054982817869415807,0.058323929400942734
MI/Government/LPN,2023-04-01,0.03225806451612903,0.03909860463696694
MI/Government/LPN,2023-05-01,0.0430622009569378,0.04348016296793178
MI/Government/LPN,2023-06-01,0.06060606060606061,0.057301145222902146
MI/Government/LPN,2023-07-01,0.04377104377104377,0.04403069918117638
MI/Government/LPN,2023-08-01,0.10426540284360189,0.048189143868006844
MI/Government/LPN,2023-09-01,0.047377326565143825,0.05417564853368975
MI/Government/LPN,2023-10-01,0.037606837606837605,0.040333013755674045
MI/Government/LPN,2023-11-01,0.03372681281618887,0.03510979184830265
MI/Government/LPN,2023-12-01,0.046822742474916385,0.05791859221593505
MI/Government/LPN,2024-01-01,0.05172413793103448,0.03773551674460597
MI/Government/LPN,2024-02-01,0.035493827160493825,0.036032165492716775
MI/Government/LPN,2024-03-01,0.03662420382165605,0.054137888929576494
MI/Government/LPN,2024-04-01,0.0336,0.03457391466088615
MI/Government/LPN,2024-05-01,0.03980891719745223,0.03840922764384712
MI/Government/LPN,2024-06-01,0.06528662420382166,0.05178633304509918
MI/Government/LPN,2024-07-01,0.027914614121510674,0.03785995803039456
MI/Government/LPN,2024-08-01,0.04462809917355372,0.04155469372371377
MI/Government/LPN,2024-09-01,0.03782894736842105,0.04779088457397563
MI/Government/LPN,2024-10-01,0.020766773162939296,0.03421071002140235
MI/Government/LPN,2024-11-01,0.014173228346456693,0.02943897555497972
MI/Government/LPN,2024-12-01,0.04636785162287481,0.05272388376094691
MI/Government/LPN,2025-01-01,0.030257186081694403,0.033086869240191275
MI/Government/LPN,2025-02-01,0.03625377643504532,0.03216127819747018
MI/Government/LPN,2025-03-01,0.053516819571865444,0.05099560857078943
MI/Government/RN,2022-10-01,0.04358974358974359,0.0349011585540635
MI/Government/RN,2022-11-01,0.022546419098143235,0.02883241433919637
MI/Government/RN,2022-12-01,0.04068241469816273,0.05174216825211185
MI/Government/RN,2023-01-01,0.035479632063074903,0.03121589604203463
MI/Government/RN,2023-02-01,0.05739795918367347,0.030082838625350612
MI/Government/RN,2023-03-01,0.04563758389261745,0.049090786943140875
MI/Government/RN,2023-04-01,0.015873015873015872,0.02800298132614807
MI/Government/RN,2023-05-01,0.027061855670103094,0.03147363731339839
MI/Government/RN,2023-06-01,0.027707808564231738,0.044644826929153614
MI/Government/RN,2023-07-01,0.034571062740076826,0.03259878881254456
MI/Government/RN,2023-08-01,0.04057591623036649,0.034211642503373614
MI/Government/RN,2023-09-01,0.03937007874015748,0.042466725018483045
MI/Government/RN,2023-10-01,0.03684210526315789,0.030035073504985074
MI/Government/RN,2023-11-01,0.02526595744680851,0.02414432532660056
MI/Government/RN,2023-12-01,0.028150134048257374,0.046971057017925436
MI/Government/RN,2024-01-01,0.026381909547738693,0.026551620330441117
MI/Government/RN,2024-02-01,0.02485207100591716,0.025601856273993858
MI/Government/RN,2024-03-01,0.04551045510455105,0.045294566341381244
MI/Government/RN,2024-04-01,0.0161090458488228,0.02482716155192885
MI/Government/RN,2024-05-01,0.020884520884520884,0.0288388798591881
MI/Government/RN,2024-06-01,0.05224787363304982,0.042534412788982616
MI/Government/RN,2024-07-01,0.03878787878787879,0.030649053735016096
MI/Government/RN,2024-08-01,0.02679658952496955,0.03228515246261608
MI/Government/RN,2024-09-01,0.033128834355828224,0.040797803474341296
MI/Government/RN,2024-10-01,0.025798525798525797,0.028649143671569247
MI/Government/RN,2024-11-01,0.016908212560386472,0.023132238121957468
MI/Government/RN,2024-12-01,0.04637336504161712,0.046614097803031815
MI/Government/RN,2025-01-01,0.021739130434782608,0.02641569716576925
MI/Government/RN,2025-02-01,0.024154589371980676,0.025777990233649545
MI/Government/RN,2025-03-01,0.06440281030444965,0.04586030249595796
MI/Non-Profit/CNA,2022-10-01,0.07260273972602739,0.0674665131747831
MI/Non-Profit/CNA,2022-11-01,0.0625287356321839,0.0627494166366281
MI/Non-Profit/CNA,2022-12-01,0.07681628875520592,0.08616607401990861
MI/Non-Profit/CNA,2023-01-01,0.07123655913978495,0.06594882521499731
MI/Non-Profit/CNA,2023-02-01,0.06690942193900774,0.06420243149975016
MI/Non-Profit/CNA,2023-03-01,0.07364685004436557,0.08444375309616267
MI/Non-Profit/CNA,2023-04-01,0.0933920704845815,0.06608716879981683
MI/Non-Profit/CNA,2023-05-01,0.07372654155495978,0.06932887331504373
MI/Non-Profit/CNA,2023-06-01,0.09006622516556291,0.08198360972084112
MI/Non-Profit/CNA,2023-07-01,0.059901654000894054,0.06917616965118895
MI/Non-Profit/CNA,2023-08-01,0.0672231985940246,0.07136848065756571
MI/Non-Profit/CNA,2023-09-01,0.06427304964539007,0.07938512956741021
MI/Non-Profit/CNA,2023-10-01,0.06427061310782241,0.06716759535410798
MI/Non-Profit/CNA,2023-11-01,0.06304437992534218,0.0625595877800202
MI/Non-Profit/CNA,2023-12-01,0.11097946287519747,0.08611904954040628
MI/Non-Profit/CNA,2024-01-01,0.061207944872314554,0.06547431615772198
MI/Non-Profit/CNA,2024-02-01,0.05765326837190418,0.06345163129559622
MI/Non-Profit/CNA,2024-03-01,0.110172899075191,0.08363815702598063
MI/Non-Profit/CNA,2024-04-01,0.06964573268921095,0.0646069453324885
MI/Non-Profit/CNA,2024-05-01,0.07890433360588717,0.06745928899859234
MI/Non-Profit/CNA,2024-06-01,0.06647750304012971,0.0796587319235248
MI/Non-Profit/CNA,2024-07-01,0.06745098039215686,0.06666616809031778
MI/Non-Profit/CNA,2024-08-01,0.07512650836901517,0.0684270132875219
MI/Non-Profit/CNA,2024-09-01,0.06861958266452649,0.07607338459405656
MI/Non-Profit/CNA,2024-10-01,0.06147220046985121,0.06334064440662729
MI/Non-Profit/CNA,2024-11-01,0.054945054945054944,0.05806949002543857
MI/Non-Profit/CNA,2024-12-01,0.0470633994554648,0.08104778713988522
MI/Non-Profit/CNA,2025-01-01,0.06573317775184753,0.06072171438025568
MI/Non-Profit/CNA,2025-02-01,0.0606550748079256,0.05882650642749587
MI/Non-Profit/CNA,2025-03-01,0.07154150197628459,0.07884584589153171
MI/Non-Profit/LPN,2022-10-01,0.037859007832898174,0.052553006983402255
MI/Non-Profit/LPN,2022-11-01,0.041343669250646,0.0477406458284888
MI/Non-Profit/LPN,2022-12-01,0.048051948051948054,0.07160657622841028
MI/Non-Profit/LPN,2023-01-01,0.029666254635352288,0.05154952890108095
MI/Non-Profit/LPN,2023-02-01,0.04528763769889841,0.049874407495692566
MI/Non-Profit/LPN,2023-03-01,0.07349397590361446,0.07175635578750152
MI/Non-Profit/LPN,2023-04-01,0.1048780487804878,0.05447742717742507
MI/Non-Profit/LPN,2023-05-01,0.05121638924455826,0.05646437029016157
MI/Non-Profit/LPN,2023-06-01,0.1034047919293821,0.070959380076655
MI/Non-Profit/LPN,2023-07-01,0.051181102362204724,0.05779290767516484
MI/Non-Profit/LPN,2023-08-01,0.05317769130998703,0.05902086925692356
MI/Non-Profit/LPN,2023-09-01,0.05725699067909454,0.06813474543075633
MI/Non-Profit/LPN,2023-10-01,0.06658739595719382,0.055291505394351445
MI/Non-Profit/LPN,2023-11-01,0.05463182897862233,0.050345086613285954
MI/Non-Profit/LPN,2023-12-01,0.09772727272727273,0.07383037574771278
MI/Non-Profit/LPN,2024-01-01,0.05542986425339366,0.05282555999348842
MI/Non-Profit/LPN,2024-02-01,0.03530751708428246,0.0499034373097616
MI/Non-Profit/LPN,2024-03-01,0.07607497243660419,0.0707483733886802
MI/Non-Profit/LPN,2024-04-01,0.05022321428571429,0.052274749132689736
MI/Non-Profit/LPN,2024-05-01,0.048478015783540024,0.05379740987694798
MI/Non-Profit/LPN,2024-06-01,0.05310734463276836,0.06796737054962315
MI/Non-Profit/LPN,2024-07-01,0.0664488017429194,0.055035494904399046
MI/Non-Profit/LPN,2024-08-01,0.04793756967670011,0.05630088617420229
MI/Non-Profit/LPN,2024-09-01,0.06994535519125683,0.065368696062924
MI/Non-Profit/LPN,2024-10-01,0.052915766738660906,0.05231989884554789
MI/Non-Profit/LPN,2024-11-01,0.035752979414951244,0.04717973906479884
MI/Non-Profit/LPN,2024-12-01,0.05155746509129968,0.07081005054654649
MI/Non-Profit/LPN,2025-01-01,0.07013815090329437,0.05050297382927048
MI/Non-Profit/LPN,2025-02-01,0.04194260485651214,0.048014921009726305
MI/Non-Profit/LPN,2025-03-01,0.07119741100323625,0.06913617142167941
MI/Non-Profit/RN,2022-10-01,0.04376657824933687,0.04841727099088036
MI/Non-Profit/RN,2022-11-01,0.04161073825503356,0.04469883341100707
MI/Non-Profit/RN,2022-12-01,0.05142083897158322,0.0677173522429714
MI/Non-Profit/RN,2023-01-01,0.043758043758043756,0.046754754059969136
MI/Non-Profit/RN,2023-02-01,0.049479166666666664,0.045649835793518195
MI/Non-Profit/RN,2023-03-01,0.06883116883116883,0.06694414072076327
MI/Non-Profit/RN,2023-04-01,0.06546854942233633,0.047158551087638806
MI/Non-Profit/RN,2023-05-01,0.04336399474375821,0.05018693544102596
MI/Non-Profit/RN,2023-06-01,0.07792207792207792,0.06311547894745662
MI/Non-Profit/RN,2023-07-01,0.0625,0.05073957521455499
MI/Non-Profit/RN,2023-08-01,0.03913630229419703,0.05168555646844002
MI/Non-Profit/RN,2023-09-01,0.06301369863013699,0.06103993122383046
MI/Non-Profit/RN,2023-10-01,0.03259452411994785,0.04713350311323054
MI/Non-Profit/RN,2023-11-01,0.038860103626943004,0.043461817000253616
MI/Non-Profit/RN,2023-12-01,0.08333333333333333,0.06666713216969025
MI/Non-Profit/RN,2024-01-01,0.04,0.04541574598435999
MI/Non-Profit/RN,2024-02-01,0.042067307692307696,0.04408603386453725
MI/Non-Profit/RN,2024-03-01,0.10265700483091787,0.0651698952295321
MI/Non-Profit/RN,2024-04-01,0.052884615384615384,0.044718638531806534
MI/Non-Profit/RN,2024-05-01,0.05644171779141104,0.04723530830343267
MI/Non-Profit/RN,2024-06-01,0.03291139240506329,0.0594041558686538
MI/Non-Profit/RN,2024-07-01,0.03664302600472813,0.04688517242658636
MI/Non-Profit/RN,2024-08-01,0.039568345323741004,0.04786472183129771
MI/Non-Profit/RN,2024-09-01,0.05263157894736842,0.057150488198678816
MI/Non-Profit/RN,2024-10-01,0.03294117647058824,0.04323127706860895
MI/Non-Profit/RN,2024-11-01,0.05535924617196702,0.039645865364619365
MI/Non-Profit/RN,2024-12-01,0.045508982035928146,0.06248036342255622
MI/Non-Profit/RN,2025-01-01,0.03481392557022809,0.04137843224223618
MI/Non-Profit/RN,2025-02-01,0.04151404151404151,0.04023297747808034
MI/Non-Profit/RN,2025-03-01,0.06451612903225806,0.06142045061942882
MN/For-Profit/CNA,2022-10-01,0.07844451894066376,0.08103166814025405
MN/For-Profit/CNA,2022-11-01,0.0822826808228268,0.077328050865233
MN/For-Profit/CNA,2022-12-01,0.18420211064918451,0.10392280805889495
MN/For-Profit/CNA,2023-01-01,0.06686827956989247,0.07885583939871224
MN/For-Profit/CNA,2023-02-01,0.05950752393980848,0.07688119759396214
MN/For-Profit/CNA,2023-03-01,0.08907951171230617,0.09581503509719727
MN/For-Profit/CNA,2023-04-01,0.07103064066852367,0.07736645994497832
MN/For-Profit/CNA,2023-05-01,0.08341511285574092,0.08139589462748828
MN/For-Profit/CNA,2023-06-01,0.07047308319738989,0.09373516590907284
MN/For-Profit/CNA,2023-07-01,0.08088467614533965,0.08221291851527465
MN/For-Profit/CNA,2023-08-01,0.09678398058252427,0.08454540704274999
MN/For-Profit/CNA,2023-09-01,0.08918406072106262,0.09258454108652785
MN/For-Profit/CNA,2023-10-01,0.08116577875274208,0.0799090006683555
MN/For-Profit/CNA,2023-11-01,0.07369062119366626,0.07581424281105993
MN/For-Profit/CNA,2023-12-01,0.12804515745692216,0.10214512950707667
MN/For-Profit/CNA,2024-01-01,0.07616707616707617,0.0774955325354074
MN/For-Profit/CNA,2024-02-01,0.0734428261543229,0.0757128388155271
MN/For-Profit/CNA,2024-03-01,0.0819523952997891,0.09456983443726877
MN/For-Profit/CNA,2024-04-01,0.07950530035335689,0.07626229140646335
MN/For-Profit/CNA,2024-05-01,0.08908685968819599,0.0803319806615594
MN/For-Profit/CNA,2024-06-01,0.09505280711506392,0.0925355100675184
MN/For-Profit/CNA,2024-07-01,0.0957683741648107,0.08055728587426148
MN/For-Profit/CNA,2024-08-01,0.08475048787287427,0.08220220608498369
MN/For-Profit/CNA,2024-09-01,0.07761366927309586,0.0897416857763253
MN/For-Profit/CNA,2024-10-01,0.07029674445404782,0.07663158696076817
MN/For-Profit/CNA,2024-11-01,0.07627357162960878,0.07223041739694552
MN/For-Profit/CNA,2024-12-01,0.08123093983920156,0.09816143842274325
MN/For-Profit/CNA,2025-01-01,0.07091611479028698,0.07370462237343095
MN/For-Profit/CNA,2025-02-01,0.08438463694981778,0.07217784871393686
MN/For-Profit/CNA,2025-03-01,0.07347620372947397,0.09111087092160619
MN/For-Profit/LPN,2022-10-01,0.054696789536266346,0.0691957103111932
MN/For-Profit/LPN,2022-11-01,0.06455542021924482,0.06608687147335768
MN/For-Profit/LPN,2022-12-01,0.20048309178743962,0.09246317954328523
MN/For-Profit/LPN,2023-01-01,0.0681265206812652,0.06820353122940681
MN/For-Profit/LPN,2023-02-01,0.05018359853121175,0.06427377478943096
MN/For-Profit/LPN,2023-03-01,0.0682095006090134,0.08246497840214592
MN/For-Profit/LPN,2023-04-01,0.04708798017348203,0.06375413598112085
MN/For-Profit/LPN,2023-05-01,0.041916167664670656,0.0665518849072331
MN/For-Profit/LPN,2023-06-01,0.06847697756788666,0.08100157769085439
MN/For-Profit/LPN,2023-07-01,0.07657657657657657,0.0682469179072056
MN/For-Profit/LPN,2023-08-01,0.051685393258426963,0.06883373005101871
MN/For-Profit/LPN,2023-09-01,0.07906458797327394,0.07860760074536088
MN/For-Profit/LPN,2023-10-01,0.0593505039193729,0.06575145839071338
MN/For-Profit/LPN,2023-11-01,0.0684326710816777,0.06245593406603061
MN/For-Profit/LPN,2023-12-01,0.09823399558498896,0.08856582212718879
MN/For-Profit/LPN,2024-01-01,0.08214676889375684,0.06546052925661847
MN/For-Profit/LPN,2024-02-01,0.07069555302166476,0.062462780912350704
MN/For-Profit/LPN,2024-03-01,0.07411630558722919,0.08124771150440042
MN/For-Profit/LPN,2024-04-01,0.07562076749435666,0.06293723785289615
MN/For-Profit/LPN,2024-05-01,0.06858407079646017,0.06580090822820076
MN/For-Profit/LPN,2024-06-01,0.10857763300760044,0.07997021204321955
MN/For-Profit/LPN,2024-07-01,0.0659217877094972,0.06642144372145706
MN/For-Profit/LPN,2024-08-01,0.04820627802690583,0.06630434757191184
MN/For-Profit/LPN,2024-09-01,0.05895196506550218,0.07532499329891014
MN/For-Profit/LPN,2024-10-01,0.06090808416389812,0.061995753605181156
MN/For-Profit/LPN,2024-11-01,0.0779510022271715,0.05814226754406659
MN/For-Profit/LPN,2024-12-01,0.0572737686139748,0.08344860289005473
MN/For-Profit/LPN,2025-01-01,0.06659267480577137,0.060087599610410415
MN/For-Profit/LPN,2025-02-01,0.04809843400447427,0.05683442002438152
MN/For-Profit/LPN,2025-03-01,0.05720572057205721,0.07571600974201476
MN/For-Profit/RN,2022-10-01,0.06270358306188925,0.07560624296151956
MN/For-Profit/RN,2022-11-01,0.08326394671107411,0.07270637954750736
MN/For-Profit/RN,2022-12-01,0.17772317772317772,0.09793318238865915
MN/For-Profit/RN,2023-01-01,0.06127659574468085,0.07371532790605259
MN/For-Profit/RN,2023-02-01,0.05187074829931973,0.07153718428494511
MN/For-Profit/RN,2023-03-01,0.1004149377593361,0.09015527282843275
MN/For-Profit/RN,2023-04-01,0.08028545941123996,0.07205504305974966
MN/For-Profit/RN,2023-05-01,0.06,0.07390536214495558
MN/For-Profit/RN,2023-06-01,0.059130434782608696,0.0866658046571451
MN/For-Profit/RN,2023-07-01,0.07191201353637902,0.07473829256232842
MN/For-Profit/RN,2023-08-01,0.06561461794019934,0.07636840281696397
MN/For-Profit/RN,2023-09-01,0.08613617719442165,0.08585317147942169
MN/For-Profit/RN,2023-10-01,0.07796610169491526,0.07303300538392447
MN/For-Profit/RN,2023-11-01,0.08936170212765958,0.06980293496622636
MN/For-Profit/RN,2023-12-01,0.11408815903197926,0.09463735878720694
MN/For-Profit/RN,2024-01-01,0.07777777777777778,0.07074466128289018
MN/For-Profit/RN,2024-02-01,0.06282271944922548,0.06870880268968911
MN/For-Profit/RN,2024-03-01,0.06564364876385337,0.08719212440675687
MN/For-Profit/RN,2024-04-01,0.0834710743801653,0.06944618565242962
MN/For-Profit/RN,2024-05-01,0.06704824202780049,0.07159975790673807
MN/For-Profit/RN,2024-06-01,0.08617886178861789,0.08457535616303173
MN/For-Profit/RN,2024-07-01,0.06760098928276999,0.07245778717169149
MN/For-Profit/RN,2024-08-01,0.06498781478472786,0.07379622417205915
MN/For-Profit/RN,2024-09-01,0.07741935483870968,0.08304565888163845
MN/For-Profit/RN,2024-10-01,0.06747967479674796,0.0700204434150298
MN/For-Profit/RN,2024-11-01,0.07377706495589414,0.06675877205804662
MN/For-Profit/RN,2024-12-01,0.07091633466135458,0.09163612073891178
MN/For-Profit/RN,2025-01-01,0.07263922518159806,0.06836384454468145
MN/For-Profit/RN,2025-02-01,0.09355345911949685,0.06694142512600909
MN/For-Profit/RN,2025-03-01,0.06819984139571768,0.0857849930926434
MN/Government/CNA,2022-10-01,0.03854875283446712,0.04085967999844739
MN/Government/CNA,2022-11-01,0.04318936877076412,0.03499845326811715
MN/Government/CNA,2022-12-01,0.05194805194805195,0.058292184728825205
MN/Government/CNA,2023-01-01,0.04185022026431718,0.03751937676686452
MN/Government/CNA,2023-02-01,0.027809965237543453,0.034382531705762234
MN/Government/CNA,2023-03-01,0.046857142857142854,0.05341998772995968
MN/Government/CNA,2023-04-01,0.028538812785388126,0.03450109793243952
MN/Government/CNA,2023-05-01,0.030235162374020158,0.03854857061404146
MN/Government/CNA,2023-06-01,0.05194805194805195,0.051946305539075865
MN/Government/CNA,2023-07-01,0.0416221985058698,0.03948175162017639
MN/Government/CNA,2023-08-01,0.04896626768226333,0.0420833573835908
MN/Government/CNA,2023-09-01,0.03211009174311927,0.0498660492707176
MN/Government/CNA,2023-10-01,0.04431818181818182,0.03863025516464368
MN/Government/CNA,2023-11-01,0.02254791431792559,0.0329972918760117
MN/Government/CNA,2023-12-01,0.06844919786096257,0.05685340716012545
MN/Government/CNA,2024-01-01,0.04525862068965517,0.03633678596492963
MN/Government/CNA,2024-02-01,0.02593010146561443,0.03341129158471439
MN/Government/CNA,2024-03-01,0.03285870755750274,0.0526907058177294
MN/Government/CNA,2024-04-01,0.029411764705882353,0.03427469576100069
MN/Government/CNA,2024-05-01,0.04118268215417107,0.03862489292475706
MN/Government/CNA,2024-06-01,0.042682926829268296,0.05226773524265916
MN/Government/CNA,2024-07-01,0.034764826175869123,0.04021021659666145
MN/Government/CNA,2024-08-01,0.050505050505050504,0.04334420063686045
MN/Government/CNA,2024-09-01,0.05460385438972163,0.05158136265689316
MN/Government/CNA,2024-10-01,0.068762278978389,0.04041721240926391
MN/Government/CNA,2024-11-01,0.04146100691016782,0.034650476089200334
MN/Government/CNA,2024-12-01,0.04807692307692308,0.058116093708540234
MN/Government/CNA,2025-01-01,0.043859649122807015,0.037534212979187645
MN/Government/CNA,2025-02-01,0.031408308004052685,0.0345404112463393
MN/Government/CNA,2025-03-01,0.042884990253411304,0.05381365480804137
MN/Government/LPN,2022-10-01,0.015306122448979591,0.027442218688261584
MN/Government/LPN,2022-11-01,0.005076142131979695,0.021502915806637986
MN/Government/LPN,2022-12-01,0.052884615384615384,0.04600763285780407
MN/Government/LPN,2023-01-01,0.0,0.022889239961418353
MN/Government/LPN,2023-02-01,0.00966183574879227,0.022142372237594077
MN/Government/LPN,2023-03-01,0.04739336492890995,0.04373774127866828
MN/Government/LPN,2023-04-01,0.010050251256281407,0.023059036370138595
MN/Government/LPN,2023-05-01,0.05263157894736842,0.02879502809668441
MN/Government/LPN,2023-06-01,0.03349282296650718,0.04164312138997019
MN/Government/LPN,2023-07-01,0.009523809523809525,0.02827605919291037
MN/Government/LPN,2023-08-01,0.02926829268292683,0.031227520841003043
MN/Government/LPN,2023-09-01,0.03827751196172249,0.04087931049690132
MN/Government/LPN,2023-10-01,0.024390243902439025,0.028753002811200246
MN/Government/LPN,2023-11-01,0.03431372549019608,0.02375819903248104
MN/Government/LPN,2023-12-01,0.075,0.04884466333642293
MN/Government/LPN,2024-01-01,0.028985507246376812,0.025945967846710966
MN/Government/LPN,2024-02-01,0.014492753623188406,0.02513188476725591
MN/Government/LPN,2024-03-01,0.05687203791469194,0.04659425163259938
MN/Government/LPN,2024-04-01,0.014778325123152709,0.025774393758137407
MN/Government/LPN,2024-05-01,0.03902439024390244,0.03135898483302392
MN/Government/LPN,2024-06-01,0.05527638190954774,0.04424080577339501
MN/Government/LPN,2024-07-01,0.025,0.030616247766606146
MN/Government/LPN,2024-08-01,0.02926829268292683,0.03325927728090766
MN/Government/LPN,2024-09-01,0.04591836734693878,0.04246387551321086
MN/Government/LPN,2024-10-01,0.05714285714285714,0.029713714136813455
MN/Government/LPN,2024-11-01,0.014563106796116505,0.023867017065715326
MN/Government/LPN,2024-12-01,0.032407407407407406,0.048293365039506445
MN/Government/LPN,2025-01-01,0.0,0.025318801891547806
MN/Government/LPN,2025-02-01,0.03636363636363636,0.024896363969965772
MN/Government/LPN,2025-03-01,0.05752212389380531,0.0463692153835267
MN/Government/RN,2022-10-01,0.020202020202020204,0.026474098983728062
MN/Government/RN,2022-11-01,0.019933554817275746,0.020903130296474417
MN/Government/RN,2022-12-01,0.04697986577181208,0.04388999483918997
MN/Government/RN,2023-01-01,0.026490066225165563,0.022984725459390253
MN/Government/RN,2023-02-01,0.026845637583892617,0.020671863341788763
MN/Government/RN,2023-03-01,0.0273972602739726,0.03830159097472072
MN/Government/RN,2023-04-01,0.016611295681063124,0.0196975949316633
MN/Government/RN,2023-05-01,0.023026315789473683,0.023127237084664153
MN/Government/RN,2023-06-01,0.03536977491961415,0.03625249784132022
MN/Government/RN,2023-07-01,0.023333333333333334,0.02323536950272658
MN/Government/RN,2023-08-01,0.010067114093959731,0.024424835892913582
MN/Government/RN,2023-09-01,0.019417475728155338,0.03353181608528645
MN/Government/RN,2023-10-01,0.022364217252396165,0.02134318235223255
MN/Government/RN,2023-11-01,0.009523809523809525,0.016160850975529994
MN/Government/RN,2023-12-01,0.040625,0.0397133669714331
MN/Government/RN,2024-01-01,0.02147239263803681,0.019336165572118286
MN/Government/RN,2024-02-01,0.025,0.017630199610930188
MN/Government/RN,2024-03-01,0.022435897435897436,0.035803182267722555
MN/Government/RN,2024-04-01,0.01639344262295082,0.017834047767566405
MN/Government/RN,2024-05-01,0.01929260450160772,0.02182982609822496
MN/Government/RN,2024-06-01,0.031746031746031744,0.03544030246749266
MN/Government/RN,2024-07-01,0.018461538461538463,0.02302240732750551
MN/Government/RN,2024-08-01,0.021021021021021023,0.024836853237651307
MN/Government/RN,2024-09-01,0.03951367781155015,0.03450649389089108
MN/Government/RN,2024-10-01,0.0446927374301676,0.022537301770724466
MN/Government/RN,2024-11-01,0.022857142857142857,0.017411750301771896
MN/Government/RN,2024-12-01,0.03188405797101449,0.040755148152218396
MN/Government/RN,2025-01-01,0.02932551319648094,0.020244463660745282
MN/Government/RN,2025-02-01,0.026392961876832845,0.01837277220114429
MN/Government/RN,2025-03-01,0.017191977077363897,0.03632977304570031
MN/Non-Profit/CNA,2022-10-01,0.06371993451706334,0.059314048682146465
MN/Non-Profit/CNA,2022-11-01,0.05538074260541221,0.054355752849284296
MN/Non-Profit/CNA,2022-12-01,0.07168326570761097,0.07711400894787702
MN/Non-Profit/CNA,2023-01-01,0.05700912145943351,0.056832381525334874
MN/Non-Profit/CNA,2023-02-01,0.05194000247923639,0.05479845293921996
MN/Non-Profit/CNA,2023-03-01,0.06378104653966724,0.07435263735904568
MN/Non-Profit/CNA,2023-04-01,0.058125154588177096,0.05589118905835269
MN/Non-Profit/CNA,2023-05-01,0.06340126325825289,0.06004561602418614
MN/Non-Profit/CNA,2023-06-01,0.07821424408439212,0.07329598222175857
MN/Non-Profit/CNA,2023-07-01,0.06882255389718077,0.061124345531413715
MN/Non-Profit/CNA,2023-08-01,0.07902484984100813,0.06363488640326767
MN/Non-Profit/CNA,2023-09-01,0.07179421551062196,0.07162259687479532
MN/Non-Profit/CNA,2023-10-01,0.06973383114536914,0.05869317093008598
MN/Non-Profit/CNA,2023-11-01,0.05659248624072745,0.05334524761192161
MN/Non-Profit/CNA,2023-12-01,0.07424189613105611,0.07584273640033534
MN/Non-Profit/CNA,2024-01-01,0.05754417761667422,0.0551718977028953
MN/Non-Profit/CNA,2024-02-01,0.05199813040430007,0.0526848097831489
MN/Non-Profit/CNA,2024-03-01,0.06371822637638208,0.07168889946977644
MN/Non-Profit/CNA,2024-04-01,0.053024994160242936,0.05263218538707774
MN/Non-Profit/CNA,2024-05-01,0.06074663132317208,0.05624412177242533
MN/Non-Profit/CNA,2024-06-01,0.057692307692307696,0.06894786120802443
MN/Non-Profit/CNA,2024-07-01,0.05391636595202717,0.05651476925844932
MN/Non-Profit/CNA,2024-08-01,0.06879194630872483,0.05885113743785215
MN/Non-Profit/CNA,2024-09-01,0.0655210643015521,0.06668241079238085
MN/Non-Profit/CNA,2024-10-01,0.04640371229698376,0.05372610524275461
MN/Non-Profit/CNA,2024-11-01,0.04834688346883469,0.048610759613608605
MN/Non-Profit/CNA,2024-12-01,0.054048370136698214,0.07124312683169635
MN/Non-Profit/CNA,2025-01-01,0.0538436933575008,0.050958510654453455
MN/Non-Profit/CNA,2025-02-01,0.04741521238063879,0.04888841365102775
MN/Non-Profit/CNA,2025-03-01,0.06357516828721017,0.06836952859686096
MN/Non-Profit/LPN,2022-10-01,0.04421052631578947,0.047499885411786416
MN/Non-Profit/LPN,2022-11-01,0.05223880597014925,0.04315090031440115
MN/Non-Profit/LPN,2022-12-01,0.05471289274106175,0.06546508699935401
MN/Non-Profit/LPN,2023-01-01,0.04177545691906005,0.04490255440082959
MN/Non-Profit/LPN,2023-02-01,0.046413502109704644,0.04324169738534767
MN/Non-Profit/LPN,2023-03-01,0.054125065685759324,0.06244735156359138
MN/Non-Profit/LPN,2023-04-01,0.041031036296685953,0.04370663987691853
MN/Non-Profit/LPN,2023-05-01,0.04409448818897638,0.04775228171255383
MN/Non-Profit/LPN,2023-06-01,0.07004704652378463,0.06166855230246774
MN/Non-Profit/LPN,2023-07-01,0.05299785867237687,0.04900369780620632
MN/Non-Profit/LPN,2023-08-01,0.05793991416309013,0.050834556195206146
MN/Non-Profit/LPN,2023-09-01,0.08664459161147903,0.060036472317415955
MN/Non-Profit/LPN,2023-10-01,0.05405405405405406,0.04608492409736681
MN/Non-Profit/LPN,2023-11-01,0.049342105263157895,0.04110494905092966
MN/Non-Profit/LPN,2023-12-01,0.06208425720620843,0.06295956552963512
MN/Non-Profit/LPN,2024-01-01,0.03939865215137377,0.04171329478987352
MN/Non-Profit/LPN,2024-02-01,0.03542094455852156,0.03950352347310612
MN/Non-Profit/LPN,2024-03-01,0.04251012145748988,0.05810565580388821
MN/Non-Profit/LPN,2024-04-01,0.032175689479060264,0.038833364536041505
MN/Non-Profit/LPN,2024-05-01,0.05015197568389058,0.042509667258238855
MN/Non-Profit/LPN,2024-06-01,0.05711371749107598,0.05580112190979568
MN/Non-Profit/LPN,2024-07-01,0.045771144278606964,0.04261351700166616
MN/Non-Profit/LPN,2024-08-01,0.03751875937968985,0.04399237327738739
MN/Non-Profit/LPN,2024-09-01,0.04116465863453815,0.052888955340585804
MN/Non-Profit/LPN,2024-10-01,0.035407182599898834,0.039204214676586524
MN/Non-Profit/LPN,2024-11-01,0.029307731177362305,0.0347926606033853
MN/Non-Profit/LPN,2024-12-01,0.04711779448621554,0.0572762481632724
MN/Non-Profit/LPN,2025-01-01,0.03989637305699482,0.036801853992436115
MN/Non-Profit/LPN,2025-02-01,0.03319502074688797,0.0350379026538388
MN/Non-Profit/LPN,2025-03-01,0.051203277009728626,0.05427319047676806
MN/Non-Profit/RN,2022-10-01,0.044727391446294486,0.04712431439512914
MN/Non-Profit/RN,2022-11-01,0.0436812270756919,0.04196352704011137
MN/Non-Profit/RN,2022-12-01,0.05931635388739946,0.06501541624107288
MN/Non-Profit/RN,2023-01-01,0.0400390625,0.043982166219859495
MN/Non-Profit/RN,2023-02-01,0.04150326797385621,0.04228779934137868
MN/Non-Profit/RN,2023-03-01,0.08357915437561456,0.06244748117669209
MN/Non-Profit/RN,2023-04-01,0.03871188763275094,0.0424811393157348
MN/Non-Profit/RN,2023-05-01,0.03939705378554299,0.045885890688156405
MN/Non-Profit/RN,2023-06-01,0.0627318718381113,0.058975821137052416
MN/Non-Profit/RN,2023-07-01,0.04325259515570934,0.04601654078720101
MN/Non-Profit/RN,2023-08-01,0.05266781411359724,0.048522060014344476
MN/Non-Profit/RN,2023-09-01,0.05578655578655579,0.056801495627090574
MN/Non-Profit/RN,2023-10-01,0.058081646199800864,0.04428011342244554
MN/Non-Profit/RN,2023-11-01,0.044906166219839144,0.038807469636589306
MN/Non-Profit/RN,2023-12-01,0.06756756756756757,0.06150257750045498
MN/Non-Profit/RN,2024-01-01,0.036513157894736845,0.03992341640633438
MN/Non-Profit/RN,2024-02-01,0.03057199211045365,0.03782225684121125
MN/Non-Profit/RN,2024-03-01,0.05505761843790013,0.057660236539344434
MN/Non-Profit/RN,2024-04-01,0.04024468770122344,0.037598142402357725
MN/Non-Profit/RN,2024-05-01,0.03744351194318916,0.04079823711581145
MN/Non-Profit/RN,2024-06-01,0.041157556270096464,0.053677408234815226
MN/Non-Profit/RN,2024-07-01,0.030122372136805773,0.04077661733693621
MN/Non-Profit/RN,2024-08-01,0.044027093596059115,0.04342556692671463
MN/Non-Profit/RN,2024-09-01,0.04939024390243903,0.05178797816860159
MN/Non-Profit/RN,2024-10-01,0.040270519520442666,0.03942578525437285
MN/Non-Profit/RN,2024-11-01,0.0333435301315387,0.03432848992416604
MN/Non-Profit/RN,2024-12-01,0.04616325282788138,0.057468777983656814
MN/Non-Profit/RN,2025-01-01,0.04102405922270204,0.03658475486311405
MN/Non-Profit/RN,2025-02-01,0.04244847739157182,0.03497817311544845
MN/Non-Profit/RN,2025-03-01,0.04354354354354354,0.05512711730338557
MO/For-Profit/CNA,2022-10-01,0.1277007145859605,0.12116660795024536
MO/For-Profit/CNA,2022-11-01,0.11774628879892038,0.11720426728431617
MO/For-Profit/CNA,2022-12-01,0.17701612903225805,0.14214834958747247
MO/For-Profit/CNA,2023-01-01,0.11891533294634712,0.12092280550069429
MO/For-Profit/CNA,2023-02-01,0.117304773148929,0.11955025010982445
MO/For-Profit/CNA,2023-03-01,0.14816034241501358,0.1414518258643272
MO/For-Profit/CNA,2023-04-01,0.1277087316762269,0.12145477922183492
MO/For-Profit/CNA,2023-05-01,0.1318612481403179,0.12615489142503422
MO/For-Profit/CNA,2023-06-01,0.14386810793996424,0.13923634433716967
MO/For-Profit/CNA,2023-07-01,0.12023926705534943,0.1270378641838649
MO/For-Profit/CNA,2023-08-01,0.13575298745639428,0.12965273662902096
MO/For-Profit/CNA,2023-09-01,0.13859226951421266,0.1386002798027161
MO/For-Profit/CNA,2023-10-01,0.13130650335374744,0.12595337908818174
MO/For-Profit/CNA,2023-11-01,0.12384677836002657,0.1212771116074605
MO/For-Profit/CNA,2023-12-01,0.13680612320725274,0.14545288863856154
MO/For-Profit/CNA,2024-01-01,0.1220229344310497,0.12401287413807935
MO/For-Profit/CNA,2024-02-01,0.11952688803996474,0.12244206520176623
MO/For-Profit/CNA,2024-03-01,0.16296296296296298,0.14417883364493034
MO/For-Profit/CNA,2024-04-01,0.12095160453568517,0.12371512453030126
MO/For-Profit/CNA,2024-05-01,0.13329440105117163,0.12813114142856363
MO/For-Profit/CNA,2024-06-01,0.13574169260841237,0.14100796846507085
MO/For-Profit/CNA,2024-07-01,0.13441433752933646,0.1286353415139369
MO/For-Profit/CNA,2024-08-01,0.13581645659255062,0.13102133322578863
MO/For-Profit/CNA,2024-09-01,0.14080871809578435,0.1396780969059619
MO/For-Profit/CNA,2024-10-01,0.12316447691983419,0.12681604129158278
MO/For-Profit/CNA,2024-11-01,0.12137054044507241,0.12200919604919665
MO/For-Profit/CNA,2024-12-01,0.13497275394718458,0.14604469188612207
MO/For-Profit/CNA,2025-01-01,0.1282580290213878,0.12449316959981759
MO/For-Profit/CNA,2025-02-01,0.12032669154404,0.12272264088144222
MO/For-Profit/CNA,2025-03-01,0.15207028057749933,0.1443685718492947
MO/For-Profit/LPN,2022-10-01,0.09628378378378379,0.09173464273540394
MO/For-Profit/LPN,2022-11-01,0.09341283361726292,0.08760313847202203
MO/For-Profit/LPN,2022-12-01,0.14727621133315083,0.11258870057131397
MO/For-Profit/LPN,2023-01-01,0.08633093525179857,0.09042905345107853
MO/For-Profit/LPN,2023-02-01,0.09182789488882472,0.08803717281319623
MO/For-Profit/LPN,2023-03-01,0.10744985673352435,0.10920332383282243
MO/For-Profit/LPN,2023-04-01,0.08938077892967218,0.08874574137040542
MO/For-Profit/LPN,2023-05-01,0.08361297539149888,0.09274336278055459
MO/For-Profit/LPN,2023-06-01,0.11033714126497632,0.10675524403021425
MO/For-Profit/LPN,2023-07-01,0.09225700164744646,0.09380604633281381
MO/For-Profit/LPN,2023-08-01,0.08872058425750609,0.09569085276072457
MO/For-Profit/LPN,2023-09-01,0.10310391363022942,0.10473573156197816
MO/For-Profit/LPN,2023-10-01,0.092660072878709,0.09235717795405846
MO/For-Profit/LPN,2023-11-01,0.09121976866456362,0.08787504799472115
MO/For-Profit/LPN,2023-12-01,0.11969417347745848,0.11255971907887558
MO/For-Profit/LPN,2024-01-01,0.09026315789473684,0.09038325434257025
MO/For-Profit/LPN,2024-02-01,0.08183525623826134,0.08808097274734167
MO/For-Profit/LPN,2024-03-01,0.13012987012987012,0.10935065371662017
MO/For-Profit/LPN,2024-04-01,0.07609282245008095,0.08871517173418317
MO/For-Profit/LPN,2024-05-01,0.09799196787148594,0.09280323533265353
MO/For-Profit/LPN,2024-06-01,0.11332271762208068,0.10656082195070254
MO/For-Profit/LPN,2024-07-01,0.0931909212283044,0.09340573767838847
MO/For-Profit/LPN,2024-08-01,0.09554655870445344,0.09511043965551422
MO/For-Profit/LPN,2024-09-01,0.09874900186318872,0.10382927865403144
MO/For-Profit/LPN,2024-10-01,0.08945014469876349,0.09125172275511886
MO/For-Profit/LPN,2024-11-01,0.08780357619428876,0.0865439687124084
MO/For-Profit/LPN,2024-12-01,0.10149881672363924,0.11097976108155347
MO/For-Profit/LPN,2025-01-01,0.09263657957244656,0.08893535889050361
MO/For-Profit/LPN,2025-02-01,0.07589524318546231,0.08655920709525272
MO/For-Profit/LPN,2025-03-01,0.11399897066392177,0.10788263974679581
MO/For-Profit/RN,2022-10-01,0.08212996389891697,0.08870504011064433
MO/For-Profit/RN,2022-11-01,0.08374830239927569,0.08525743684538421
MO/For-Profit/RN,2022-12-01,0.13121361397223466,0.10975138489971312
MO/For-Profit/RN,2023-01-01,0.08536585365853659,0.08803923172075478
MO/For-Profit/RN,2023-02-01,0.07769652650822668,0.0870558613461073
MO/For-Profit/RN,2023-03-01,0.11536728255971158,0.10908176059297504
MO/For-Profit/RN,2023-04-01,0.09329829172141918,0.08847884419454308
MO/For-Profit/RN,2023-05-01,0.09519650655021834,0.09291601583575262
MO/For-Profit/RN,2023-06-01,0.13263525305410123,0.10696677827352166
MO/For-Profit/RN,2023-07-01,0.07376691401134876,0.09325327444404785
MO/For-Profit/RN,2023-08-01,0.0956484274019819,0.09612137341449617
MO/For-Profit/RN,2023-09-01,0.1247795414462081,0.10601703448440727
MO/For-Profit/RN,2023-10-01,0.0853932584269663,0.09231868068329672
MO/For-Profit/RN,2023-11-01,0.09900130264871906,0.08832092883680565
MO/For-Profit/RN,2023-12-01,0.10535714285714286,0.11199072266579245
MO/For-Profit/RN,2024-01-01,0.08026030368763558,0.08996374162724989
MO/For-Profit/RN,2024-02-01,0.09178321678321678,0.08871098914098302
MO/For-Profit/RN,2024-03-01,0.14556163230963398,0.11025530202611171
MO/For-Profit/RN,2024-04-01,0.07699037620297462,0.08884489850375163
MO/For-Profit/RN,2024-05-01,0.0905579399141631,0.09265182999964605
MO/For-Profit/RN,2024-06-01,0.09360034828036569,0.10616364576931234
MO/For-Profit/RN,2024-07-01,0.07860824742268041,0.09246127077207503
MO/For-Profit/RN,2024-08-01,0.08930075821398484,0.09525026446540534
MO/For-Profit/RN,2024-09-01,0.10559796437659033,0.1050977888635233
MO/For-Profit/RN,2024-10-01,0.09392945036915505,0.09167178493550017
MO/For-Profit/RN,2024-11-01,0.08511513157894737,0.08783677893686423
MO/For-Profit/RN,2024-12-01,0.11370143149284254,0.11199718991039209
MO/For-Profit/RN,2025-01-01,0.08778467908902692,0.09012815014590717
MO/For-Profit/RN,2025-02-01,0.09410801963993454,0.08909774716397956
MO/For-Profit/RN,2025-03-01,0.12016129032258065,0.11080573151048273
MO/Government/CNA,2022-10-01,0.09649122807017543,0.08064607145691896
MO/Government/CNA,2022-11-01,0.06810035842293907,0.07481759053950415
MO/Government/CNA,2022-12-01,0.10851419031719532,0.1013895559873761
MO/Government/CNA,2023-01-01,0.08952702702702703,0.07888085181290311
MO/Government/CNA,2023-02-01,0.0663265306122449,0.07551988061909656
MO/Government/CNA,2023-03-01,0.08013355592654424,0.09674528629619239
MO/Government/CNA,2023-04-01,0.08453237410071943,0.07796061886370492
MO/Government/CNA,2023-05-01,0.07871198568872988,0.08266596779862498
MO/Government/CNA,2023-06-01,0.0936936936936937,0.09497723744620729
MO/Government/CNA,2023-07-01,0.07954545454545454,0.08386809399113099
MO/Government/CNA,2023-08-01,0.10161290322580645,0.08657537886023746
MO/Government/CNA,2023-09-01,0.08006279434850863,0.09611382912721206
MO/Government/CNA,2023-10-01,0.10785824345146379,0.08302931417156394
MO/Government/CNA,2023-11-01,0.061191626409017714,0.07715176160167199
MO/Government/CNA,2023-12-01,0.08598726114649681,0.10380564070878667
MO/Government/CNA,2024-01-01,0.09350237717908082,0.08171239594275366
MO/Government/CNA,2024-02-01,0.06557377049180328,0.07870356430694533
MO/Government/CNA,2024-03-01,0.07859531772575251,0.10029299945258843
MO/Government/CNA,2024-04-01,0.07236842105263158,0.08215186416699498
MO/Government/CNA,2024-05-01,0.11442786069651742,0.08765131653846853
MO/Government/CNA,2024-06-01,0.0728476821192053,0.10035556889106266
MO/Government/CNA,2024-07-01,0.09951845906902086,0.08993324140271805
MO/Government/CNA,2024-08-01,0.096,0.09317771733841962
MO/Government/CNA,2024-09-01,0.15251572327044025,0.10340595210151446
MO/Government/CNA,2024-10-01,0.06050420168067227,0.0900966022528146
MO/Government/CNA,2024-11-01,0.0749185667752443,0.08469838119193157
MO/Government/CNA,2024-12-01,0.1776,0.11186959790259482
MO/Government/CNA,2025-01-01,0.07445008460236886,0.08905084856388568
MO/Government/CNA,2025-02-01,0.060240963855421686,0.08574509987414042
MO/Government/CNA,2025-03-01,0.1323529411764706,0.10723660055522916
MO/Government/LPN,2022-10-01,0.0759493670886076,0.06643571752716024
MO/Government/LPN,2022-11-01,0.03225806451612903,0.05932374000304456
MO/Government/LPN,2022-12-01,0.0963855421686747,0.0863095798511322
MO/Government/LPN,2023-01-01,0.08280254777070063,0.06485485713135908
MO/Government/LPN,2023-02-01,0.0472972972972973,0.0626320694164586
MO/Government/LPN,2023-03-01,0.0784313725490196,0.082698269280215
MO/Government/LPN,2023-04-01,0.06569343065693431,0.06494045970642269
MO/Government/LPN,2023-05-01,0.05970149253731343,0.06919231732074804
MO/Government/LPN,2023-06-01,0.0948905109489051,0.08197902557153981
MO/Government/LPN,2023-07-01,0.059602649006622516,0.0704266774675341
MO/Government/LPN,2023-08-01,0.08053691275167785,0.07154517144300955
MO/Government/LPN,2023-09-01,0.0763888888888889,0.08066985309827776
MO/Government/LPN,2023-10-01,0.09154929577464789,0.06851441411226887
MO/Government/LPN,2023-11-01,0.045112781954887216,0.061322586278811445
MO/Government/LPN,2023-12-01,0.031496062992125984,0.08813038981628218
MO/Government/LPN,2024-01-01,0.05303030303030303,0.06740467348776034
MO/Government/LPN,2024-02-01,0.06766917293233082,0.06627742875816643
MO/Government/LPN,2024-03-01,0.05303030303030303,0.0872682178917602
MO/Government/LPN,2024-04-01,0.09929078014184398,0.07086226587255777
MO/Government/LPN,2024-05-01,0.12142857142857143,0.07599357108498353
MO/Government/LPN,2024-06-01,0.07801418439716312,0.08897417283804203
MO/Government/LPN,2024-07-01,0.12162162162162163,0.07811489448716755
MO/Government/LPN,2024-08-01,0.06382978723404255,0.07905226167682079
MO/Government/LPN,2024-09-01,0.08108108108108109,0.0881877136697106
MO/Government/LPN,2024-10-01,0.051470588235294115,0.07618214567772041
MO/Government/LPN,2024-11-01,0.03759398496240601,0.06976864879267436
MO/Government/LPN,2024-12-01,0.16551724137931034,0.09756288339721919
MO/Government/LPN,2025-01-01,0.072992700729927,0.07614784096237559
MO/Government/LPN,2025-02-01,0.07352941176470588,0.0742381091207325
MO/Government/LPN,2025-03-01,0.11594202898550725,0.09453336840328072
MO/Government/RN,2022-10-01,0.05982905982905983,0.05687955069264791
MO/Government/RN,2022-11-01,0.05128205128205128,0.051860630034214754
MO/Government/RN,2022-12-01,0.09166666666666666,0.07967671357352235
MO/Government/RN,2023-01-01,0.0603448275862069,0.0554442819857885
MO/Government/RN,2023-02-01,0.017699115044247787,0.05182934658436761
MO/Government/RN,2023-03-01,0.07377049180327869,0.07410686865297975
MO/Government/RN,2023-04-01,0.038461538461538464,0.05279147082358492
MO/Government/RN,2023-05-01,0.02727272727272727,0.058942315347531256
MO/Government/RN,2023-06-01,0.0990990990990991,0.07224513728052265
MO/Government/RN,2023-07-01,0.07874015748031496,0.06097271096102429
MO/Government/RN,2023-08-01,0.10236220472440945,0.06433692577380817
MO/Government/RN,2023-09-01,0.02702702702702703,0.07081871534950214
MO/Government/RN,2023-10-01,0.05263157894736842,0.058075833041905375
MO/Government/RN,2023-11-01,0.03305785123966942,0.05361689885106855
MO/Government/RN,2023-12-01,0.06666666666666667,0.08221808916670645
MO/Government/RN,2024-01-01,0.10344827586206896,0.05918846390366174
MO/Government/RN,2024-02-01,0.0625,0.056176607935544715
MO/Government/RN,2024-03-01,0.043859649122807015,0.07837943706607337
MO/Government/RN,2024-04-01,0.026785714285714284,0.05750588012564412
MO/Government/RN,2024-05-01,0.11403508771929824,0.06430055146246813
MO/Government/RN,2024-06-01,0.03389830508474576,0.07715955568142982
MO/Government/RN,2024-07-01,0.05737704918032787,0.06638197916611847
MO/Government/RN,2024-08-01,0.08,0.07068010593620624
MO/Government/RN,2024-09-01,0.09523809523809523,0.07834281933324665
MO/Government/RN,2024-10-01,0.034482758620689655,0.06589873058577209
MO/Government/RN,2024-11-01,0.040983606557377046,0.06221267313860891
MO/Government/RN,2024-12-01,0.19672131147540983,0.09154357605595634
MO/Government/RN,2025-01-01,0.026785714285714284,0.06767236830956248
MO/Government/RN,2025-02-01,0.05217391304347826,0.06497408530047522
MO/Government/RN,2025-03-01,0.1452991452991453,0.08784587238386693
MO/Non-Profit/CNA,2022-10-01,0.09342301943198804,0.089315570278476
MO/Non-Profit/CNA,2022-11-01,0.08580622095101895,0.08469214386089434
MO/Non-Profit/CNA,2022-12-01,0.1179564237415477,0.11046905634260518
MO/Non-Profit/CNA,2023-01-01,0.08067473414008068,0.08799338960976838
MO/Non-Profit/CNA,2023-02-01,0.08175399479747306,0.08657158148637036
MO/Non-Profit/CNA,2023-03-01,0.10674157303370786,0.10797920032537472
MO/Non-Profit/CNA,2023-04-01,0.08658008658008658,0.08847366407760462
MO/Non-Profit/CNA,2023-05-01,0.09228383094222567,0.09306794585707595
MO/Non-Profit/CNA,2023-06-01,0.11818181818181818,0.10737350153785183
MO/Non-Profit/CNA,2023-07-01,0.09839650145772595,0.09470695183176128
MO/Non-Profit/CNA,2023-08-01,0.10260014054813774,0.0972002200643461
MO/Non-Profit/CNA,2023-09-01,0.11589522784355938,0.10649492470017807
MO/Non-Profit/CNA,2023-10-01,0.08918732782369146,0.09357774950943092
MO/Non-Profit/CNA,2023-11-01,0.08116438356164384,0.08869273794043431
MO/Non-Profit/CNA,2023-12-01,0.15199729180771834,0.11425507517875844
MO/Non-Profit/CNA,2024-01-01,0.0905069751616196,0.09126487902952823
MO/Non-Profit/CNA,2024-02-01,0.08333333333333333,0.08925539808437181
MO/Non-Profit/CNA,2024-03-01,0.12722390063779793,0.11011177958039094
MO/Non-Profit/CNA,2024-04-01,0.08342322905429701,0.08986533051611001
MO/Non-Profit/CNA,2024-05-01,0.1007994438651373,0.09365225853656539
MO/Non-Profit/CNA,2024-06-01,0.10944741532976827,0.10703483394537847
MO/Non-Profit/CNA,2024-07-01,0.08945260347129506,0.09368418914081035
MO/Non-Profit/CNA,2024-08-01,0.09237487403426269,0.0953348139293595
MO/Non-Profit/CNA,2024-09-01,0.0987612989621694,0.10412332431243072
MO/Non-Profit/CNA,2024-10-01,0.09177516671959352,0.09073101418042553
MO/Non-Profit/CNA,2024-11-01,0.07780979827089338,0.08534249399172317
MO/Non-Profit/CNA,2024-12-01,0.10481317289423686,0.11047458850809821
MO/Non-Profit/CNA,2025-01-01,0.08188428706923806,0.0875633484661185
MO/Non-Profit/CNA,2025-02-01,0.08279639175257732,0.08571298958043413
MO/Non-Profit/CNA,2025-03-01,0.10566276494780133,0.10669702151096636
MO/Non-Profit/LPN,2022-10-01,0.07224770642201835,0.07158261915848414
MO/Non-Profit/LPN,2022-11-01,0.0861504907306434,0.06717701538748895
MO/Non-Profit/LPN,2022-12-01,0.09144893111638955,0.09149563875423539
MO/Non-Profit/LPN,2023-01-01,0.060570071258907364,0.06957396963290657
MO/Non-Profit/LPN,2023-02-01,0.08224076281287247,0.06804199108463918
MO/Non-Profit/LPN,2023-03-01,0.07515151515151515,0.08739547851138758
MO/Non-Profit/LPN,2023-04-01,0.06483790523690773,0.06775209401706009
MO/Non-Profit/LPN,2023-05-01,0.07537688442211055,0.07261729078408807
MO/Non-Profit/LPN,2023-06-01,0.09261576971214018,0.08543574336893181
MO/Non-Profit/LPN,2023-07-01,0.06985294117647059,0.07261527857358452
MO/Non-Profit/LPN,2023-08-01,0.06153846153846154,0.07441794946031181
MO/Non-Profit/LPN,2023-09-01,0.07656065959952886,0.08406642921654336
MO/Non-Profit/LPN,2023-10-01,0.07906458797327394,0.07175928965061529
MO/Non-Profit/LPN,2023-11-01,0.054461181923522596,0.06733339602346387
MO/Non-Profit/LPN,2023-12-01,0.1303344867358708,0.09207256886277526
MO/Non-Profit/LPN,2024-01-01,0.08156424581005586,0.06999168920423258
MO/Non-Profit/LPN,2024-02-01,0.06904487917146145,0.06802501544078772
MO/Non-Profit/LPN,2024-03-01,0.09427609427609428,0.08716620361036799
MO/Non-Profit/LPN,2024-04-01,0.053003533568904596,0.06708939899117838
MO/Non-Profit/LPN,2024-05-01,0.08554913294797688,0.07171338827422762
MO/Non-Profit/LPN,2024-06-01,0.06867469879518072,0.08402030892761472
MO/Non-Profit/LPN,2024-07-01,0.05909090909090909,0.07098215836791806
MO/Non-Profit/LPN,2024-08-01,0.06307339449541284,0.07263376286406314
MO/Non-Profit/LPN,2024-09-01,0.08680947012401354,0.08223016977015256
MO/Non-Profit/LPN,2024-10-01,0.06570155902004454,0.06968023556290612
MO/Non-Profit/LPN,2024-11-01,0.072480181200453,0.0650488458171242
MO/Non-Profit/LPN,2024-12-01,0.08660508083140878,0.08939503781617797
MO/Non-Profit/LPN,2025-01-01,0.0683371298405467,0.06740771385540908
MO/Non-Profit/LPN,2025-02-01,0.06025492468134415,0.06573447170753478
MO/Non-Profit/LPN,2025-03-01,0.08314350797266515,0.08523843668282327
MO/Non-Profit/RN,2022-10-01,0.08427876823338736,0.06476888121220115
MO/Non-Profit/RN,2022-11-01,0.0592,0.05888724097534027
MO/Non-Profit/RN,2022-12-01,0.09570957095709572,0.08473621189927925
MO/Non-Profit/RN,2023-01-01,0.0642504118616145,0.062064394251423474
MO/Non-Profit/RN,2023-02-01,0.0472972972972973,0.05904983292519449
MO/Non-Profit/RN,2023-03-01,0.08896210873146623,0.08065231955506708
MO/Non-Profit/RN,2023-04-01,0.04634581105169341,0.05976018088401373
MO/Non-Profit/RN,2023-05-01,0.03873239436619718,0.0625111736528645
MO/Non-Profit/RN,2023-06-01,0.08900523560209424,0.07810984662250402
MO/Non-Profit/RN,2023-07-01,0.05602716468590832,0.06479252759474663
MO/Non-Profit/RN,2023-08-01,0.05704697986577181,0.06646015183885334
MO/Non-Profit/RN,2023-09-01,0.08237232289950576,0.0771540418311507
MO/Non-Profit/RN,2023-10-01,0.05705229793977813,0.0637034995987362
MO/Non-Profit/RN,2023-11-01,0.04426229508196721,0.058267516621182056
MO/Non-Profit/RN,2023-12-01,0.13162118780096307,0.08479254714610386
MO/Non-Profit/RN,2024-01-01,0.05977382875605816,0.06217623175440217
MO/Non-Profit/RN,2024-02-01,0.05040650406504065,0.059418372644419716
MO/Non-Profit/RN,2024-03-01,0.10177705977382875,0.08124393663692922
MO/Non-Profit/RN,2024-04-01,0.06228956228956229,0.060417152056261206
MO/Non-Profit/RN,2024-05-01,0.048414023372287146,0.06315958235331731
MO/Non-Profit/RN,2024-06-01,0.0945273631840796,0.07846899053472745
MO/Non-Profit/RN,2024-07-01,0.06754530477759473,0.06479437947690597
MO/Non-Profit/RN,2024-08-01,0.05365853658536585,0.06592491282278473
MO/Non-Profit/RN,2024-09-01,0.09794628751974724,0.07610680250026446
MO/Non-Profit/RN,2024-10-01,0.05331179321486268,0.06195151256025823
MO/Non-Profit/RN,2024-11-01,0.04225352112676056,0.05587728256443032
MO/Non-Profit/RN,2024-12-01,0.06782334384858044,0.0815826140758684
MO/Non-Profit/RN,2025-01-01,0.05855161787365177,0.05923060172070065
MO/Non-Profit/RN,2025-02-01,0.047987616099071206,0.056565823768252324
MO/Non-Profit/RN,2025-03-01,0.08256880733944955,0.07849616659671947
MS/For-Profit/CNA,2022-10-01,0.08296047725577926,0.08051553992773824
MS/For-Profit/CNA,2022-11-01,0.07034508911642018,0.07547657764271741
MS/For-Profit/CNA,2022-12-01,0.08015768725361366,0.09975847600280255
MS/For-Profit/CNA,2023-01-01,0.0803637713437268,0.07967614736738808
MS/For-Profit/CNA,2023-02-01,0.07348784624081402,0.0792167443047927
MS/For-Profit/CNA,2023-03-01,0.10988013076643662,0.09997910993049719
MS/For-Profit/CNA,2023-04-01,0.08005718370264475,0.08067333047346921
MS/For-Profit/CNA,2023-05-01,0.08340498710232158,0.08534894677713264
MS/For-Profit/CNA,2023-06-01,0.09278002699055331,0.09841015662626287
MS/For-Profit/CNA,2023-07-01,0.10359301544660846,0.08795095312883114
MS/For-Profit/CNA,2023-08-01,0.09803273268308811,0.08996145331726349
MS/For-Profit/CNA,2023-09-01,0.10746417860713095,0.099221364461327
MS/For-Profit/CNA,2023-10-01,0.08556597454789015,0.08641789888919553
MS/For-Profit/CNA,2023-11-01,0.07502517623363544,0.08125315644338874
MS/For-Profit/CNA,2023-12-01,0.11291139240506329,0.105521063100858
MS/For-Profit/CNA,2024-01-01,0.0835593220338983,0.08500638863362037
MS/For-Profit/CNA,2024-02-01,0.08837998303647158,0.08411680194942878
MS/For-Profit/CNA,2024-03-01,0.10698689956331878,0.10427664570685688
MS/For-Profit/CNA,2024-04-01,0.08295625942684766,0.08454082089795073
MS/For-Profit/CNA,2024-05-01,0.09494290375203915,0.08883908157290688
MS/For-Profit/CNA,2024-06-01,0.08488745980707396,0.10138752121476921
MS/For-Profit/CNA,2024-07-01,0.09640043256604357,0.09065280830679878
MS/For-Profit/CNA,2024-08-01,0.09164588528678304,0.09247153975562905
MS/For-Profit/CNA,2024-09-01,0.10020322025949664,0.10169637912996984
MS/For-Profit/CNA,2024-10-01,0.08961888056131398,0.08883062224964573
MS/For-Profit/CNA,2024-11-01,0.07844080846968239,0.08360838688812097
MS/For-Profit/CNA,2024-12-01,0.10592872392839547,0.1078743332435487
MS/For-Profit/CNA,2025-01-01,0.08712302537099091,0.08739997018986934
MS/For-Profit/CNA,2025-02-01,0.10732403297400127,0.08664840739535047
MS/For-Profit/CNA,2025-03-01,0.10938981979133734,0.1067216594934157
MS/For-Profit/LPN,2022-10-01,0.05742971887550201,0.05892278070885122
MS/For-Profit/LPN,2022-11-01,0.05434782608695652,0.05386413089422695
MS/For-Profit/LPN,2022-12-01,0.05918119173084718,0.07746080611968971
MS/For-Profit/LPN,2023-01-01,0.05157936825269892,0.05709598989330276
MS/For-Profit/LPN,2023-02-01,0.051040439733019236,0.056385986164632876
MS/For-Profit/LPN,2023-03-01,0.08893203883495146,0.07644103264489457
MS/For-Profit/LPN,2023-04-01,0.05376766091051805,0.05697391685505382
MS/For-Profit/LPN,2023-05-01,0.05873379099923722,0.06128842633157636
MS/For-Profit/LPN,2023-06-01,0.06449165402124431,0.07416178267662962
MS/For-Profit/LPN,2023-07-01,0.07203861864092091,0.06317054262255634
MS/For-Profit/LPN,2023-08-01,0.07398141529664046,0.0654233852751323
MS/For-Profit/LPN,2023-09-01,0.07925493060628196,0.0744473733898775
MS/For-Profit/LPN,2023-10-01,0.06896551724137931,0.061537988013724614
MS/For-Profit/LPN,2023-11-01,0.04737421961072347,0.05650118524504742
MS/For-Profit/LPN,2023-12-01,0.084491587417703,0.08018542391733736
MS/For-Profit/LPN,2024-01-01,0.06497797356828194,0.05965968363069166
MS/For-Profit/LPN,2024-02-01,0.05886681383370125,0.05852220797580196
MS/For-Profit/LPN,2024-03-01,0.06748911465892599,0.07816990528912443
MS/For-Profit/LPN,2024-04-01,0.05237919586868314,0.058579262970850976
MS/For-Profit/LPN,2024-05-01,0.07294721407624634,0.06283587796418788
MS/For-Profit/LPN,2024-06-01,0.06415929203539823,0.07551010363475902
MS/For-Profit/LPN,2024-07-01,0.06466763005780347,0.06432101565814224
MS/For-Profit/LPN,2024-08-01,0.06549295774647887,0.06658051971949189
MS/For-Profit/LPN,2024-09-01,0.07467870788468219,0.07571793716495774
MS/For-Profit/LPN,2024-10-01,0.06294452347083926,0.06300994925713671
MS/For-Profit/LPN,2024-11-01,0.05284111473036555,0.058178392254920094
MS/For-Profit/LPN,2024-12-01,0.07420880320116406,0.08204328137405346
MS/For-Profit/LPN,2025-01-01,0.059282925097621585,0.06192401058720927
MS/For-Profit/LPN,2025-02-01,0.09175577785443256,0.06134154750247568
MS/For-Profit/LPN,2025-03-01,0.08438375350140057,0.08098263174441614
MS/For-Profit/RN,2022-10-01,0.06008902077151335,0.06184362990156823
MS/For-Profit/RN,2022-11-01,0.056018168054504165,0.056668464025578236
MS/For-Profit/RN,2022-12-01,0.07121212121212121,0.08066141241783131
MS/For-Profit/RN,2023-01-01,0.05082212257100149,0.059679434508624424
MS/For-Profit/RN,2023-02-01,0.05128205128205128,0.05891558174918463
MS/For-Profit/RN,2023-03-01,0.08924652523774688,0.07931049296567844
MS/For-Profit/RN,2023-04-01,0.059334298118668596,0.05984242780648336
MS/For-Profit/RN,2023-05-01,0.07245337159253945,0.06421573244107229
MS/For-Profit/RN,2023-06-01,0.07257501744591766,0.07728688512105679
MS/For-Profit/RN,2023-07-01,0.06515775034293553,0.06544849844938648
MS/For-Profit/RN,2023-08-01,0.08046767537826685,0.06849390585649126
MS/For-Profit/RN,2023-09-01,0.07638402242466713,0.07630962088284869
MS/For-Profit/RN,2023-10-01,0.06323024054982818,0.06413702082744342
MS/For-Profit/RN,2023-11-01,0.056016597510373446,0.059011796290044084
MS/For-Profit/RN,2023-12-01,0.08497191011235955,0.08302923736946045
MS/For-Profit/RN,2024-01-01,0.06853146853146853,0.061996193496573974
MS/For-Profit/RN,2024-02-01,0.062154696132596686,0.06100242392098386
MS/For-Profit/RN,2024-03-01,0.06896551724137931,0.08092409958024767
MS/For-Profit/RN,2024-04-01,0.06170212765957447,0.061451552863479475
MS/For-Profit/RN,2024-05-01,0.06616643929058663,0.06567141748781026
MS/For-Profit/RN,2024-06-01,0.0676841406768414,0.07862979618215497
MS/For-Profit/RN,2024-07-01,0.06328279499011207,0.06669981001818334
MS/For-Profit/RN,2024-08-01,0.08181818181818182,0.069804702941967
MS/For-Profit/RN,2024-09-01,0.06402640264026403,0.07777591570793732
MS/For-Profit/RN,2024-10-01,0.07180500658761528,0.0658326822821571
MS/For-Profit/RN,2024-11-01,0.05548216644649934,0.060927441121715165
MS/For-Profit/RN,2024-12-01,0.08666666666666667,0.08509063736531224
MS/For-Profit/RN,2025-01-01,0.05924950625411455,0.06419259817169637
MS/For-Profit/RN,2025-02-01,0.08414239482200647,0.06355223655777549
MS/For-Profit/RN,2025-03-01,0.09174311926605505,0.0836716518231186
MS/Government/CNA,2022-10-01,0.06166666666666667,0.06422597187585188
MS/Government/CNA,2022-11-01,0.06583072100313479,0.05966484957850582
MS/Government/CNA,2022-12-01,0.06732348111658457,0.08463622335539032
MS/Government/CNA,2023-01-01,0.053125,0.06132823626562363
MS/Government/CNA,2023-02-01,0.05451713395638629,0.060573876298632805
MS/Government/CNA,2023-03-01,0.08426073131955485,0.08228928405894542
MS/Government/CNA,2023-04-01,0.05306799336650083,0.06202792926811258
MS/Government/CNA,2023-05-01,0.05203252032520325,0.06585049688408044
MS/Government/CNA,2023-06-01,0.0713128038897893,0.07992895326845002
MS/Government/CNA,2023-07-01,0.06420765027322405,0.06876900496411616
MS/Government/CNA,2023-08-01,0.059639389736477116,0.07156348085765876
MS/Government/CNA,2023-09-01,0.07063711911357341,0.08122429081017671
MS/Government/CNA,2023-10-01,0.08672086720867209,0.07090845894331689
MS/Government/CNA,2023-11-01,0.06930693069306931,0.06726381342554913
MS/Government/CNA,2023-12-01,0.15781487101669195,0.0931564506311188
MS/Government/CNA,2024-01-01,0.07194244604316546,0.0696503633383036
MS/Government/CNA,2024-02-01,0.07225433526011561,0.06863006552101096
MS/Government/CNA,2024-03-01,0.11220196353436185,0.08997556592259724
MS/Government/CNA,2024-04-01,0.0725925925925926,0.06905580169072437
MS/Government/CNA,2024-05-01,0.06268221574344024,0.07212171645799437
MS/Government/CNA,2024-06-01,0.06647398843930635,0.08531891290654028
MS/Government/CNA,2024-07-01,0.06368563685636856,0.07335216870713548
MS/Government/CNA,2024-08-01,0.07258064516129033,0.07560930248398387
MS/Government/CNA,2024-09-01,0.06740027510316368,0.08448457373851427
MS/Government/CNA,2024-10-01,0.08198924731182795,0.07341738482517851
MS/Government/CNA,2024-11-01,0.08265582655826559,0.0691183367927817
MS/Government/CNA,2024-12-01,0.10689170182841069,0.09428789661358992
MS/Government/CNA,2025-01-01,0.05524079320113314,0.070716914994974
MS/Government/CNA,2025-02-01,0.07152875175315568,0.069892806108878
MS/Government/CNA,2025-03-01,0.10668563300142248,0.09141557748011199
MS/Government/LPN,2022-10-01,0.046153846153846156,0.04220256103449799
MS/Government/LPN,2022-11-01,0.04924242424242424,0.037359825680605946
MS/Government/LPN,2022-12-01,0.038314176245210725,0.06208176882821008
MS/Government/LPN,2023-01-01,0.02962962962962963,0.03985278634076135
MS/Government/LPN,2023-02-01,0.03663003663003663,0.03761177608390781
MS/Government/LPN,2023-03-01,0.04150943396226415,0.05685474164426616
MS/Government/LPN,2023-04-01,0.03501945525291829,0.03842526886963156
MS/Government/LPN,2023-05-01,0.02681992337164751,0.042093360156202256
MS/Government/LPN,2023-06-01,0.046511627906976744,0.05587207944368894
MS/Government/LPN,2023-07-01,0.04377104377104377,0.044734776900010584
MS/Government/LPN,2023-08-01,0.03322259136212625,0.046284111269523635
MS/Government/LPN,2023-09-01,0.04234527687296417,0.05582183113988275
MS/Government/LPN,2023-10-01,0.044585987261146494,0.04496516150909286
MS/Government/LPN,2023-11-01,0.029508196721311476,0.041381015738095675
MS/Government/LPN,2023-12-01,0.14184397163120568,0.06766274584621557
MS/Government/LPN,2024-01-01,0.04918032786885246,0.04556206093954361
MS/Government/LPN,2024-02-01,0.0436241610738255,0.0435134389165873
MS/Government/LPN,2024-03-01,0.06312292358803986,0.06278678826903386
MS/Government/LPN,2024-04-01,0.04844290657439446,0.04415604084496574
MS/Government/LPN,2024-05-01,0.04878048780487805,0.04755605475068453
MS/Government/LPN,2024-06-01,0.04827586206896552,0.06085047087688262
MS/Government/LPN,2024-07-01,0.05704697986577181,0.04933431694230461
MS/Government/LPN,2024-08-01,0.03436426116838488,0.05023365944430369
MS/Government/LPN,2024-09-01,0.03934426229508197,0.05921835529612311
MS/Government/LPN,2024-10-01,0.044585987261146494,0.04788598202931971
MS/Government/LPN,2024-11-01,0.049079754601226995,0.043905184629463086
MS/Government/LPN,2024-12-01,0.07453416149068323,0.069511302588379
MS/Government/LPN,2025-01-01,0.07098765432098765,0.04779559444630268
MS/Government/LPN,2025-02-01,0.059006211180124224,0.04579687567387526
MS/Government/LPN,2025-03-01,0.05956112852664577,0.06505792271831831
MS/Government/RN,2022-10-01,0.030303030303030304,0.040392573113702174
MS/Government/RN,2022-11-01,0.017142857142857144,0.03550385525707331
MS/Government/RN,2022-12-01,0.006172839506172839,0.05846868710244987
MS/Government/RN,2023-01-01,0.0427807486631016,0.040077923452312744
MS/Government/RN,2023-02-01,0.03910614525139665,0.03814468949452517
MS/Government/RN,2023-03-01,0.09523809523809523,0.05935337247542696
MS/Government/RN,2023-04-01,0.04790419161676647,0.04011858020512116
MS/Government/RN,2023-05-01,0.052941176470588235,0.04421464342277428
MS/Government/RN,2023-06-01,0.0625,0.05752427416764484
MS/Government/RN,2023-07-01,0.024154589371980676,0.04370940465517767
MS/Government/RN,2023-08-01,0.06698564593301436,0.04757972010717014
MS/Government/RN,2023-09-01,0.052884615384615384,0.05622994195523476
MS/Government/RN,2023-10-01,0.029411764705882353,0.04304567239834489
MS/Government/RN,2023-11-01,0.046153846153846156,0.038513739329495936
MS/Government/RN,2023-12-01,0.07407407407407407,0.061533432908218555
MS/Government/RN,2024-01-01,0.07179487179487179,0.04233376153328971
MS/Government/RN,2024-02-01,0.015706806282722512,0.03911998743210476
MS/Government/RN,2024-03-01,0.03482587064676617,0.05947871709282656
MS/Government/RN,2024-04-01,0.039603960396039604,0.04018683023293117
MS/Government/RN,2024-05-01,0.0430622009569378,0.04429637244128612
MS/Government/RN,2024-06-01,0.057692307692307696,0.057795923694297355
MS/Government/RN,2024-07-01,0.028985507246376812,0.044245435665413405
MS/Government/RN,2024-08-01,0.04225352112676056,0.04821384377036346
MS/Government/RN,2024-09-01,0.06363636363636363,0.05741966121358821
MS/Government/RN,2024-10-01,0.06132075471698113,0.04463170860155094
MS/Government/RN,2024-11-01,0.04020100502512563,0.04002814325901495
MS/Government/RN,2024-12-01,0.06532663316582915,0.0630571162373489
MS/Government/RN,2025-01-01,0.03864734299516908,0.04397795323035589
MS/Government/RN,2025-02-01,0.05714285714285714,0.04151240454233019
MS/Government/RN,2025-03-01,0.059907834101382486,0.06198797090594902
MS/Non-Profit/CNA,2022-10-01,0.05131128848346636,0.057841283688470316
MS/Non-Profit/CNA,2022-11-01,0.043478260869565216,0.05367158117191055
MS/Non-Profit/CNA,2022-12-01,0.08860759493670886,0.07797541448450147
MS/Non-Profit/CNA,2023-01-01,0.044340723453908985,0.055772193350149435
MS/Non-Profit/CNA,2023-02-01,0.04171494785631518,0.05473066432854424
MS/Non-Profit/CNA,2023-03-01,0.05714285714285714,0.0778469520789926
MS/Non-Profit/CNA,2023-04-01,0.0586283185840708,0.056405529174116675
MS/Non-Profit/CNA,2023-05-01,0.06378378378378378,0.06123242684390234
MS/Non-Profit/CNA,2023-06-01,0.07296137339055794,0.07496894835874397
MS/Non-Profit/CNA,2023-07-01,0.06096256684491978,0.06344320625287718
MS/Non-Profit/CNA,2023-08-01,0.061780104712041886,0.06602343560747351
MS/Non-Profit/CNA,2023-09-01,0.07588357588357589,0.07754830881291908
MS/Non-Profit/CNA,2023-10-01,0.06604747162022703,0.06358801235212015
MS/Non-Profit/CNA,2023-11-01,0.06038894575230297,0.060071321919614826
MS/Non-Profit/CNA,2023-12-01,0.08333333333333333,0.08481805568521497
MS/Non-Profit/CNA,2024-01-01,0.04909284951974386,0.06330942232395532
MS/Non-Profit/CNA,2024-02-01,0.0536480686695279,0.06293967992713057
MS/Non-Profit/CNA,2024-03-01,0.19622245540398742,0.08675519692423199
MS/Non-Profit/CNA,2024-04-01,0.044372294372294376,0.06416315004117401
MS/Non-Profit/CNA,2024-05-01,0.05938494167550371,0.06823693588731952
MS/Non-Profit/CNA,2024-06-01,0.060860440713536204,0.08126014921319774
MS/Non-Profit/CNA,2024-07-01,0.059356136820925554,0.0693078710781681
MS/Non-Profit/CNA,2024-08-01,0.06686332350049164,0.0716024370689128
MS/Non-Profit/CNA,2024-09-01,0.13524185587364265,0.08282333380066356
MS/Non-Profit/CNA,2024-10-01,0.05734406438631791,0.06785396344174424
MS/Non-Profit/CNA,2024-11-01,0.07058823529411765,0.06342867940079638
MS/Non-Profit/CNA,2024-12-01,0.08118811881188119,0.08723556129346963
MS/Non-Profit/CNA,2025-01-01,0.061764705882352944,0.06487806339325078
MS/Non-Profit/CNA,2025-02-01,0.06831683168316832,0.06341987345815331
MS/Non-Profit/CNA,2025-03-01,0.07100591715976332,0.08597700296510075
MS/Non-Profit/LPN,2022-10-01,0.03582089552238806,0.043985379590310875
MS/Non-Profit/LPN,2022-11-01,0.027439024390243903,0.0389367791563741
MS/Non-Profit/LPN,2022-12-01,0.06441717791411043,0.06329446040008753
MS/Non-Profit/LPN,2023-01-01,0.0391566265060241,0.041777281114610584
MS/Non-Profit/LPN,2023-02-01,0.04573170731707317,0.04077097980617577
MS/Non-Profit/LPN,2023-03-01,0.05029585798816568,0.06410211821770379
MS/Non-Profit/LPN,2023-04-01,0.03550295857988166,0.04117047841032011
MS/Non-Profit/LPN,2023-05-01,0.03614457831325301,0.045264462273944
MS/Non-Profit/LPN,2023-06-01,0.0658682634730539,0.05865673281672709
MS/Non-Profit/LPN,2023-07-01,0.02694610778443114,0.04621770958729463
MS/Non-Profit/LPN,2023-08-01,0.02849002849002849,0.04911765801419616
MS/Non-Profit/LPN,2023-09-01,0.030303030303030304,0.061159669982560186
MS/Non-Profit/LPN,2023-10-01,0.0446927374301676,0.047373811065525476
MS/Non-Profit/LPN,2023-11-01,0.041666666666666664,0.043789671573720365
MS/Non-Profit/LPN,2023-12-01,0.06162464985994398,0.0693874250088689
MS/Non-Profit/LPN,2024-01-01,0.042492917847025496,0.04928777245307213
MS/Non-Profit/LPN,2024-02-01,0.05322128851540616,0.049610756143192235
MS/Non-Profit/LPN,2024-03-01,0.2084507042253521,0.07436081275575754
MS/Non-Profit/LPN,2024-04-01,0.039660056657223795,0.0508608174066508
MS/Non-Profit/LPN,2024-05-01,0.049586776859504134,0.05450906918734343
MS/Non-Profit/LPN,2024-06-01,0.03581267217630854,0.06731354041852505
MS/Non-Profit/LPN,2024-07-01,0.04120879120879121,0.05491138797005014
MS/Non-Profit/LPN,2024-08-01,0.05291005291005291,0.057663026520244604
MS/Non-Profit/LPN,2024-09-01,0.1518324607329843,0.06943878998689758
MS/Non-Profit/LPN,2024-10-01,0.046511627906976744,0.053929465491248656
MS/Non-Profit/LPN,2024-11-01,0.038860103626943004,0.04861355611723939
MS/Non-Profit/LPN,2024-12-01,0.07518796992481203,0.07265196716927882
MS/Non-Profit/LPN,2025-01-01,0.04221635883905013,0.050907949757639626
MS/Non-Profit/LPN,2025-02-01,0.04533333333333334,0.0495777191207854
MS/Non-Profit/LPN,2025-03-01,0.06068601583113457,0.07271319515704648
MS/Non-Profit/RN,2022-10-01,0.043668122270742356,0.044508100232413715
MS/Non-Profit/RN,2022-11-01,0.04524886877828054,0.04056756387005346
MS/Non-Profit/RN,2022-12-01,0.07391304347826087,0.06371108923812056
MS/Non-Profit/RN,2023-01-01,0.013953488372093023,0.04093117223670775
MS/Non-Profit/RN,2023-02-01,0.05217391304347826,0.03956888956428686
MS/Non-Profit/RN,2023-03-01,0.02643171806167401,0.06145671045400268
MS/Non-Profit/RN,2023-04-01,0.02531645569620253,0.04018200925493138
MS/Non-Profit/RN,2023-05-01,0.03896103896103896,0.0450233983853803
MS/Non-Profit/RN,2023-06-01,0.0425531914893617,0.05843982828575879
MS/Non-Profit/RN,2023-07-01,0.0379746835443038,0.04659059032428912
MS/Non-Profit/RN,2023-08-01,0.02092050209205021,0.04905716234020753
MS/Non-Profit/RN,2023-09-01,0.07083333333333333,0.06227405600802584
MS/Non-Profit/RN,2023-10-01,0.036734693877551024,0.0479376664522387
MS/Non-Profit/RN,2023-11-01,0.044715447154471545,0.045464042687306486
MS/Non-Profit/RN,2023-12-01,0.07755102040816327,0.07015225672732972
MS/Non-Profit/RN,2024-01-01,0.04897959183673469,0.04895839589915591
MS/Non-Profit/RN,2024-02-01,0.04048582995951417,0.04886857473567994
MS/Non-Profit/RN,2024-03-01,0.176,0.07227058876963122
MS/Non-Profit/RN,2024-04-01,0.04597701149425287,0.05061854883330803
MS/Non-Profit/RN,2024-05-01,0.060836501901140684,0.05500241972376563
MS/Non-Profit/RN,2024-06-01,0.06614785992217899,0.0678777557010238
MS/Non-Profit/RN,2024-07-01,0.04247104247104247,0.05524564327984954
MS/Non-Profit/RN,2024-08-01,0.056818181818181816,0.056914156952822766
MS/Non-Profit/RN,2024-09-01,0.12749003984063745,0.06898876838859913
MS/Non-Profit/RN,2024-10-01,0.048,0.0528748445937042
MS/Non-Profit/RN,2024-11-01,0.061068702290076333,0.04850100056164086
MS/Non-Profit/RN,2024-12-01,0.06048387096774194,0.07110236401368764
MS/Non-Profit/RN,2025-01-01,0.038461538461538464,0.04803895670428808
MS/Non-Profit/RN,2025-02-01,0.01984126984126984,0.04621084849219599
MS/Non-Profit/RN,2025-03-01,0.05058365758754864,0.06802870363686747
MT/For-Profit/CNA,2022-10-01,0.12202380952380952,0.10375578701476984
MT/For-Profit/CNA,2022-11-01,0.07860262008733625,0.0991993688107576
MT/For-Profit/CNA,2022-12-01,0.1303724928366762,0.12818989967132668
MT/For-Profit/CNA,2023-01-01,0.09251700680272108,0.10508827816694641
MT/For-Profit/CNA,2023-02-01,0.10483870967741936,0.10401260532255346
MT/For-Profit/CNA,2023-03-01,0.10654685494223363,0.12394982263471929
MT/For-Profit/CNA,2023-04-01,0.12734584450402145,0.1075929791899979
MT/For-Profit/CNA,2023-05-01,0.12817089452603472,0.11245368148484569
MT/For-Profit/CNA,2023-06-01,0.2320730117340287,0.12891206475189682
MT/For-Profit/CNA,2023-07-01,0.09987819732034105,0.11263278080728141
MT/For-Profit/CNA,2023-08-01,0.1057810578105781,0.1141350018266121
MT/For-Profit/CNA,2023-09-01,0.12729498164014688,0.12244936671635959
MT/For-Profit/CNA,2023-10-01,0.07793764988009592,0.10793837790183175
MT/For-Profit/CNA,2023-11-01,0.08525345622119816,0.10268542801198877
MT/For-Profit/CNA,2023-12-01,0.24860022396416573,0.13103005284253622
MT/For-Profit/CNA,2024-01-01,0.11245865490628446,0.10571040067659218
MT/For-Profit/CNA,2024-02-01,0.10201793721973094,0.10215850118607236
MT/For-Profit/CNA,2024-03-01,0.0922722029988466,0.11960731298252097
MT/For-Profit/CNA,2024-04-01,0.1,0.10093777416357819
MT/For-Profit/CNA,2024-05-01,0.10602678571428571,0.10373939023202486
MT/For-Profit/CNA,2024-06-01,0.11495535714285714,0.1184100990726757
MT/For-Profit/CNA,2024-07-01,0.11342592592592593,0.10165855624971495
MT/For-Profit/CNA,2024-08-01,0.11045828437132785,0.10248091372011502
MT/For-Profit/CNA,2024-09-01,0.09454545454545454,0.10979293195875406
MT/For-Profit/CNA,2024-10-01,0.06511627906976744,0.094594997823821
MT/For-Profit/CNA,2024-11-01,0.07134767836919592,0.08885950906903806
MT/For-Profit/CNA,2024-12-01,0.0835214446952596,0.11654937577051061
MT/For-Profit/CNA,2025-01-01,0.09466811751904244,0.09257124999489619
MT/For-Profit/CNA,2025-02-01,0.07973421926910298,0.09043058199546071
MT/For-Profit/CNA,2025-03-01,0.10848549946294307,0.10944467890334708
MT/For-Profit/LPN,2022-10-01,0.10526315789473684,0.08366467725451052
MT/For-Profit/LPN,2022-11-01,0.047058823529411764,0.07663660043076528
MT/For-Profit/LPN,2022-12-01,0.16477272727272727,0.10667255623529653
MT/For-Profit/LPN,2023-01-01,0.05747126436781609,0.08090450881333025
MT/For-Profit/LPN,2023-02-01,0.06896551724137931,0.0793316567838964
MT/For-Profit/LPN,2023-03-01,0.05263157894736842,0.0981890072593687
MT/For-Profit/LPN,2023-04-01,0.08947368421052632,0.0814655669144338
MT/For-Profit/LPN,2023-05-01,0.07407407407407407,0.0853315641213263
MT/For-Profit/LPN,2023-06-01,0.22797927461139897,0.1040789494262889
MT/For-Profit/LPN,2023-07-01,0.08121827411167512,0.08754530389248125
MT/For-Profit/LPN,2023-08-01,0.07575757575757576,0.08827508109274775
MT/For-Profit/LPN,2023-09-01,0.10784313725490197,0.09716135008923124
MT/For-Profit/LPN,2023-10-01,0.0761904761904762,0.0838976544290196
MT/For-Profit/LPN,2023-11-01,0.04878048780487805,0.07613788530318374
MT/For-Profit/LPN,2023-12-01,0.2175925925925926,0.10545967573011224
MT/For-Profit/LPN,2024-01-01,0.08256880733944955,0.0781915028801882
MT/For-Profit/LPN,2024-02-01,0.07981220657276995,0.07469732760755707
MT/For-Profit/LPN,2024-03-01,0.08095238095238096,0.09148907313448046
MT/For-Profit/LPN,2024-04-01,0.05365853658536585,0.07213377626075346
MT/For-Profit/LPN,2024-05-01,0.05314009661835749,0.07376892345164368
MT/For-Profit/LPN,2024-06-01,0.07692307692307693,0.09041780345121755
MT/For-Profit/LPN,2024-07-01,0.08823529411764706,0.07367264328729453
MT/For-Profit/LPN,2024-08-01,0.06930693069306931,0.07391190211106864
MT/For-Profit/LPN,2024-09-01,0.075,0.08222541909439122
MT/For-Profit/LPN,2024-10-01,0.07106598984771574,0.0686313585452362
MT/For-Profit/LPN,2024-11-01,0.05128205128205128,0.060501680663956586
MT/For-Profit/LPN,2024-12-01,0.04639175257731959,0.08908673631421246
MT/For-Profit/LPN,2025-01-01,0.06091370558375635,0.063220498422491
MT/For-Profit/LPN,2025-02-01,0.04568527918781726,0.06113642330322294
MT/For-Profit/LPN,2025-03-01,0.06796116504854369,0.0795661627445957
MT/For-Profit/RN,2022-10-01,0.07194244604316546,0.07837651432774005
MT/For-Profit/RN,2022-11-01,0.10181818181818182,0.07600966110011552
MT/For-Profit/RN,2022-12-01,0.10384615384615385,0.10020985057703011
MT/For-Profit/RN,2023-01-01,0.06060606060606061,0.07627052374920287
MT/For-Profit/RN,2023-02-01,0.06463878326996197,0.07560024558250339
MT/For-Profit/RN,2023-03-01,0.04887218045112782,0.09531582040323254
MT/For-Profit/RN,2023-04-01,0.057034220532319393,0.07696780942300377
MT/For-Profit/RN,2023-05-01,0.11913357400722022,0.08353084953252723
MT/For-Profit/RN,2023-06-01,0.23134328358208955,0.10019405704427009
MT/For-Profit/RN,2023-07-01,0.05714285714285714,0.0820923224125659
MT/For-Profit/RN,2023-08-01,0.07420494699646643,0.08429820500064672
MT/For-Profit/RN,2023-09-01,0.09621993127147767,0.09365463683714012
MT/For-Profit/RN,2023-10-01,0.07142857142857142,0.07990150046810353
MT/For-Profit/RN,2023-11-01,0.07829181494661921,0.07672374582902722
MT/For-Profit/RN,2023-12-01,0.1840277777777778,0.10043952375356138
MT/For-Profit/RN,2024-01-01,0.06143344709897611,0.07492429412864593
MT/For-Profit/RN,2024-02-01,0.09090909090909091,0.0727364316072191
MT/For-Profit/RN,2024-03-01,0.10273972602739725,0.09052479086813082
MT/For-Profit/RN,2024-04-01,0.05944055944055944,0.0694204869476754
MT/For-Profit/RN,2024-05-01,0.058419243986254296,0.0731204827093667
MT/For-Profit/RN,2024-06-01,0.05964912280701754,0.08753375432141897
MT/For-Profit/RN,2024-07-01,0.03985507246376811,0.06929427089276564
MT/For-Profit/RN,2024-08-01,0.04844290657439446,0.07137927206278855
MT/For-Profit/RN,2024-09-01,0.07432432432432433,0.08088001145112533
MT/For-Profit/RN,2024-10-01,0.06645569620253164,0.06738680694959753
MT/For-Profit/RN,2024-11-01,0.08411214953271028,0.0643656143404577
MT/For-Profit/RN,2024-12-01,0.06363636363636363,0.08803967495858973
MT/For-Profit/RN,2025-01-01,0.05864197530864197,0.06386966331269066
MT/For-Profit/RN,2025-02-01,0.04938271604938271,0.06281795487591571
MT/For-Profit/RN,2025-03-01,0.08708708708708708,0.08222677491503166
MT/Government/CNA,2022-10-01,0.08496732026143791,0.0924707893533345
MT/Government/CNA,2022-11-01,0.09271523178807947,0.08755771485002145
MT/Government/CNA,2022-12-01,0.1870967741935484,0.11360425846731316
MT/Government/CNA,2023-01-01,0.06944444444444445,0.08906665666314126
MT/Government/CNA,2023-02-01,0.08333333333333333,0.08678060553069991
MT/Government/CNA,2023-03-01,0.11764705882352941,0.10761857955344323
MT/Government/CNA,2023-04-01,0.06578947368421052,0.08810040890603775
MT/Government/CNA,2023-05-01,0.1038961038961039,0.09234859542149869
MT/Government/CNA,2023-06-01,0.09815950920245399,0.10581797818717886
MT/Government/CNA,2023-07-01,0.09202453987730061,0.09210871889201641
MT/Government/CNA,2023-08-01,0.08917197452229299,0.09474139299132059
MT/Government/CNA,2023-09-01,0.0650887573964497,0.10308404316922384
MT/Government/CNA,2023-10-01,0.12643678160919541,0.09308661676133936
MT/Government/CNA,2023-11-01,0.12429378531073447,0.08776430071820485
MT/Government/CNA,2023-12-01,0.11176470588235295,0.11291512735111679
MT/Government/CNA,2024-01-01,0.08823529411764706,0.08847355335407432
MT/Government/CNA,2024-02-01,0.06179775280898876,0.08596715846679633
MT/Government/CNA,2024-03-01,0.10795454545454546,0.10684009018444268
MT/Government/CNA,2024-04-01,0.1092896174863388,0.08758856268078143
MT/Government/CNA,2024-05-01,0.0898876404494382,0.09147306196989025
MT/Government/CNA,2024-06-01,0.1256544502617801,0.10474801647530128
MT/Government/CNA,2024-07-01,0.06629834254143646,0.09040318950726906
MT/Government/CNA,2024-08-01,0.08808290155440414,0.09270348954673628
MT/Government/CNA,2024-09-01,0.10945273631840796,0.10069905076152545
MT/Government/CNA,2024-10-01,0.1111111111111111,0.08977748029790489
MT/Government/CNA,2024-11-01,0.05851063829787234,0.08366567768782948
MT/Government/CNA,2024-12-01,0.11282051282051282,0.10884620829569096
MT/Government/CNA,2025-01-01,0.08021390374331551,0.08435112343914694
MT/Government/CNA,2025-02-01,0.07368421052631578,0.08189964321387272
MT/Government/CNA,2025-03-01,0.08673469387755102,0.10267782421597112
MT/Government/RN,2022-10-01,0.014705882352941176,0.05315994295836262
MT/Government/RN,2022-11-01,0.04285714285714286,0.04939723174752565
MT/Government/RN,2022-12-01,0.1388888888888889,0.07633147171369835
MT/Government/RN,2023-01-01,0.03225806451612903,0.0543343044704736
MT/Government/RN,2023-02-01,0.01694915254237288,0.049812467852916854
MT/Government/RN,2023-03-01,0.057971014492753624,0.07248080473677483
MT/Government/RN,2023-04-01,0.07246376811594203,0.05397601002683508
MT/Government/RN,2023-05-01,0.04285714285714286,0.056529957399712755
MT/Government/RN,2023-06-01,0.08108108108108109,0.07202630967757084
MT/Government/RN,2023-07-01,0.05555555555555555,0.059984309618329214
MT/Government/RN,2023-08-01,0.05194805194805195,0.06164071325177914
MT/Government/RN,2023-09-01,0.05128205128205128,0.07222480144441545
MT/Government/RN,2023-10-01,0.06329113924050633,0.0582039888519194
MT/Government/RN,2023-11-01,0.04938271604938271,0.054833362469491054
MT/Government/RN,2023-12-01,0.08974358974358974,0.08217605209574044
MT/Government/RN,2024-01-01,0.10843373493975904,0.061355737159652916
MT/Government/RN,2024-02-01,0.04,0.05709948138731901
MT/Government/RN,2024-03-01,0.10526315789473684,0.07974549081150345
MT/Government/RN,2024-04-01,0.06578947368421052,0.06065430033103145
MT/Government/RN,2024-05-01,0.041666666666666664,0.06286666479951493
MT/Government/RN,2024-06-01,0.08,0.07806192086778814
MT/Government/RN,2024-07-01,0.08974358974358974,0.06590776001274462
MT/Government/RN,2024-08-01,0.06329113924050633,0.06694839918149564
MT/Government/RN,2024-09-01,0.11627906976744186,0.07694457021605668
MT/Government/RN,2024-10-01,0.04878048780487805,0.061525779653764594
MT/Government/RN,2024-11-01,0.03488372093023256,0.05698535814105777
MT/Government/RN,2024-12-01,0.06976744186046512,0.08331335802471652
MT/Government/RN,2025-01-01,0.07142857142857142,0.06176616641945727
MT/Government/RN,2025-02-01,0.05063291139240506,0.05741133599758696
MT/Government/RN,2025-03-01,0.08641975308641975,0.07967264496537046
MT/Non-Profit/CNA,2022-10-01,0.044444444444444446,0.06437710447844253
MT/Non-Profit/CNA,2022-11-01,0.037444933920704845,0.060803400849086864
MT/Non-Profit/CNA,2022-12-01,0.07186858316221766,0.08583062689191473
MT/Non-Profit/CNA,2023-01-01,0.08286252354048965,0.06600853069292481
MT/Non-Profit/CNA,2023-02-01,0.08118811881188119,0.0648058090863616
MT/Non-Profit/CNA,2023-03-01,0.05964214711729622,0.08540876042188056
MT/Non-Profit/CNA,2023-04-01,0.07007575757575757,0.06659165413752452
MT/Non-Profit/CNA,2023-05-01,0.08152173913043478,0.07151386364615345
MT/Non-Profit/CNA,2023-06-01,0.10344827586206896,0.08584450694204518
MT/Non-Profit/CNA,2023-07-01,0.09482758620689655,0.0740366183374983
MT/Non-Profit/CNA,2023-08-01,0.11149825783972125,0.0764097995372507
MT/Non-Profit/CNA,2023-09-01,0.07393715341959335,0.08273981541864003
MT/Non-Profit/CNA,2023-10-01,0.05772811918063315,0.06885926736930377
MT/Non-Profit/CNA,2023-11-01,0.06801470588235294,0.06486864102305687
MT/Non-Profit/CNA,2023-12-01,0.08216432865731463,0.08910580458811862
MT/Non-Profit/CNA,2024-01-01,0.041811846689895474,0.06843781761077947
MT/Non-Profit/CNA,2024-02-01,0.053604436229205174,0.06689282972424267
MT/Non-Profit/CNA,2024-03-01,0.07054673721340388,0.08749182948397592
MT/Non-Profit/CNA,2024-04-01,0.061619718309859156,0.06857469022245713
MT/Non-Profit/CNA,2024-05-01,0.07830342577487764,0.07370856686253882
MT/Non-Profit/CNA,2024-06-01,0.09682539682539683,0.0883143908812834
MT/Non-Profit/CNA,2024-07-01,0.09235668789808917,0.076674894886115
MT/Non-Profit/CNA,2024-08-01,0.08401976935749589,0.07936001815294583
MT/Non-Profit/CNA,2024-09-01,0.06172839506172839,0.08647380960263605
MT/Non-Profit/CNA,2024-10-01,0.05317324185248713,0.073633003289943
MT/Non-Profit/CNA,2024-11-01,0.06143344709897611,0.07067702152841689
MT/Non-Profit/CNA,2024-12-01,0.11129032258064517,0.09619472160814725
MT/Non-Profit/CNA,2025-01-01,0.09105960264900662,0.0765166252755527
MT/Non-Profit/CNA,2025-02-01,0.08006814310051108,0.07537869278622861
MT/Non-Profit/CNA,2025-03-01,0.14545454545454545,0.09617545094947585
MT/Non-Profit/LPN,2022-10-01,0.022988505747126436,0.04851185522467937
MT/Non-Profit/LPN,2022-11-01,0.056818181818181816,0.04493685742107614
MT/Non-Profit/LPN,2022-12-01,0.03529411764705882,0.06712954950870494
MT/Non-Profit/LPN,2023-01-01,0.041666666666666664,0.0488603159800698
MT/Non-Profit/LPN,2023-02-01,0.056179775280898875,0.048280474908672336
MT/Non-Profit/LPN,2023-03-01,0.041237113402061855,0.06639181129704508
MT/Non-Profit/LPN,2023-04-01,0.00980392156862745,0.047116928767093266
MT/Non-Profit/LPN,2023-05-01,0.06666666666666667,0.053700071791248576
MT/Non-Profit/LPN,2023-06-01,0.04672897196261682,0.06861471225834359
MT/Non-Profit/LPN,2023-07-01,0.10714285714285714,0.05897060063748906
MT/Non-Profit/LPN,2023-08-01,0.0594059405940594,0.05922399753920212
MT/Non-Profit/LPN,2023-09-01,0.12264150943396226,0.07062291739173793
MT/Non-Profit/LPN,2023-10-01,0.08333333333333333,0.05624582236349099
MT/Non-Profit/LPN,2023-11-01,0.04854368932038835,0.05223851709066114
MT/Non-Profit/LPN,2023-12-01,0.06593406593406594,0.07418977244495956
MT/Non-Profit/LPN,2024-01-01,0.06930693069306931,0.055274539335122226
MT/Non-Profit/LPN,2024-02-01,0.061224489795918366,0.05380653309628787
MT/Non-Profit/LPN,2024-03-01,0.07526881720430108,0.07105647383537257
MT/Non-Profit/LPN,2024-04-01,0.03125,0.050561198365751056
MT/Non-Profit/LPN,2024-05-01,0.042105263157894736,0.05565341639182815
MT/Non-Profit/LPN,2024-06-01,0.10309278350515463,0.06934523404113105
MT/Non-Profit/LPN,2024-07-01,0.06422018348623854,0.05776928076874091
MT/Non-Profit/LPN,2024-08-01,0.02727272727272727,0.05659966330561634
MT/Non-Profit/LPN,2024-09-01,0.03669724770642202,0.06698997433107856
MT/Non-Profit/LPN,2024-10-01,0.02608695652173913,0.052757573152189756
MT/Non-Profit/LPN,2024-11-01,0.04424778761061947,0.049560179377073056
MT/Non-Profit/LPN,2024-12-01,0.0625,0.07234098983093543
MT/Non-Profit/LPN,2025-01-01,0.07964601769911504,0.054288010277407046
MT/Non-Profit/LPN,2025-02-01,0.09090909090909091,0.053646851729910815
MT/Non-Profit/LPN,2025-03-01,0.06363636363636363,0.07123442404237114
MT/Non-Profit/RN,2022-10-01,0.018633540372670808,0.04049621946395384
MT/Non-Profit/RN,2022-11-01,0.018633540372670808,0.03523663647563605
MT/Non-Profit/RN,2022-12-01,0.02976190476190476,0.05966675163995806
MT/Non-Profit/RN,2023-01-01,0.041237113402061855,0.03880518269827657
MT/Non-Profit/RN,2023-02-01,0.04591836734693878,0.03929609960653169
MT/Non-Profit/RN,2023-03-01,0.0625,0.058373936336374006
MT/Non-Profit/RN,2023-04-01,0.03535353535353535,0.039419985308553174
MT/Non-Profit/RN,2023-05-01,0.05025125628140704,0.0445540188445899
MT/Non-Profit/RN,2023-06-01,0.07462686567164178,0.05828083033128396
MT/Non-Profit/RN,2023-07-01,0.034653465346534656,0.04618377861559096
MT/Non-Profit/RN,2023-08-01,0.06435643564356436,0.04893304979362733
MT/Non-Profit/RN,2023-09-01,0.06372549019607843,0.057152433934616505
MT/Non-Profit/RN,2023-10-01,0.06310679611650485,0.04426305045318032
MT/Non-Profit/RN,2023-11-01,0.035175879396984924,0.03888111555344809
MT/Non-Profit/RN,2023-12-01,0.060109289617486336,0.06290697089905946
MT/Non-Profit/RN,2024-01-01,0.028846153846153848,0.04138290152732174
MT/Non-Profit/RN,2024-02-01,0.0380952380952381,0.04131311160975443
MT/Non-Profit/RN,2024-03-01,0.03414634146341464,0.05991066114306987
MT/Non-Profit/RN,2024-04-01,0.02336448598130841,0.04099718805022534
MT/Non-Profit/RN,2024-05-01,0.04932735426008968,0.046351686366405
MT/Non-Profit/RN,2024-06-01,0.04484304932735426,0.06025693196067883
MT/Non-Profit/RN,2024-07-01,0.07203389830508475,0.048858652962489306
MT/Non-Profit/RN,2024-08-01,0.0641025641025641,0.0517032063595941
MT/Non-Profit/RN,2024-09-01,0.048034934497816595,0.060042003494878315
MT/Non-Profit/RN,2024-10-01,0.04201680672268908,0.047647236710532004
MT/Non-Profit/RN,2024-11-01,0.03879310344827586,0.043068485177380295
MT/Non-Profit/RN,2024-12-01,0.09051724137931035,0.06792794494020625
MT/Non-Profit/RN,2025-01-01,0.035555555555555556,0.04684060152921139
MT/Non-Profit/RN,2025-02-01,0.07758620689655173,0.04725143133084053
MT/Non-Profit/RN,2025-03-01,0.07142857142857142,0.06586094917823412
NC/For-Profit/CNA,2022-10-01,0.09518891470866683,0.08633957979484044
NC/For-Profit/CNA,2022-11-01,0.08141546980446444,0.08165341603859827
NC/For-Profit/CNA,2022-12-01,0.08868134692828378,0.10534429284209726
NC/For-Profit/CNA,2023-01-01,0.09517579721995094,0.08577290073118975
NC/For-Profit/CNA,2023-02-01,0.08730552797087057,0.08387186010666406
NC/For-Profit/CNA,2023-03-01,0.10001617076326003,0.10358761167646677
NC/For-Profit/CNA,2023-04-01,0.08962533670720757,0.08551140499162255
NC/For-Profit/CNA,2023-05-01,0.0911354969258308,0.0901695913964374
NC/For-Profit/CNA,2023-06-01,0.10694056340155578,0.10334901928988291
NC/For-Profit/CNA,2023-07-01,0.09715146731721318,0.09127361777990202
NC/For-Profit/CNA,2023-08-01,0.10529590707964602,0.09419243463343238
NC/For-Profit/CNA,2023-09-01,0.09906646231015745,0.10260659277536995
NC/For-Profit/CNA,2023-10-01,0.09082158817463046,0.09018457002866177
NC/For-Profit/CNA,2023-11-01,0.08597847088048578,0.08534099527390587
NC/For-Profit/CNA,2023-12-01,0.12485886962874411,0.10875775533323459
NC/For-Profit/CNA,2024-01-01,0.08905644996943142,0.08855878788028687
NC/For-Profit/CNA,2024-02-01,0.08857474561223792,0.08629182368779542
NC/For-Profit/CNA,2024-03-01,0.09396154887625237,0.10550815574074811
NC/For-Profit/CNA,2024-04-01,0.08970976253298153,0.08706055383198166
NC/For-Profit/CNA,2024-05-01,0.10652129748764136,0.0913205338133237
NC/For-Profit/CNA,2024-06-01,0.09592736364234489,0.10386870287493634
NC/For-Profit/CNA,2024-07-01,0.0910783055198973,0.09135224561912544
NC/For-Profit/CNA,2024-08-01,0.10306919997458219,0.09385456051573386
NC/For-Profit/CNA,2024-09-01,0.10478272049370017,0.10191318975416855
NC/For-Profit/CNA,2024-10-01,0.09318006678653995,0.0891604440663836
NC/For-Profit/CNA,2024-11-01,0.08277824484252733,0.0838088023288952
NC/For-Profit/CNA,2024-12-01,0.09135019732160186,0.10688801501078701
NC/For-Profit/CNA,2025-01-01,0.09134677108743099,0.08673211322373076
NC/For-Profit/CNA,2025-02-01,0.07820136852394917,0.08441151869078259
NC/For-Profit/CNA,2025-03-01,0.09832272990167727,0.10372081176160194
NC/For-Profit/LPN,2022-10-01,0.08512931034482758,0.07581397558794674
NC/For-Profit/LPN,2022-11-01,0.07582730659653737,0.07080826578926062
NC/For-Profit/LPN,2022-12-01,0.07884532529082292,0.093915502208201
NC/For-Profit/LPN,2023-01-01,0.08652037617554859,0.07427763897650856
NC/For-Profit/LPN,2023-02-01,0.06914212548015365,0.07216768985296344
NC/For-Profit/LPN,2023-03-01,0.08114961961115807,0.09094017536705393
NC/For-Profit/LPN,2023-04-01,0.0732545649838883,0.07284349455893269
NC/For-Profit/LPN,2023-05-01,0.07695542472666106,0.07762656611090507
NC/For-Profit/LPN,2023-06-01,0.09865940511101802,0.09102755016744647
NC/For-Profit/LPN,2023-07-01,0.07882280304589422,0.07860552861317463
NC/For-Profit/LPN,2023-08-01,0.07576366559485531,0.08050087766712707
NC/For-Profit/LPN,2023-09-01,0.07724467449731236,0.08960647581433105
NC/For-Profit/LPN,2023-10-01,0.08390511664379534,0.07774302417273746
NC/For-Profit/LPN,2023-11-01,0.0693699065792089,0.07297591394043822
NC/For-Profit/LPN,2023-12-01,0.10702661305762971,0.09639853274177469
NC/For-Profit/LPN,2024-01-01,0.0801094177413052,0.0767341700079721
NC/For-Profit/LPN,2024-02-01,0.07954767011113277,0.07468727963592627
NC/For-Profit/LPN,2024-03-01,0.07524557956777995,0.09345554391900793
NC/For-Profit/LPN,2024-04-01,0.07475708903430497,0.0755143316067524
NC/For-Profit/LPN,2024-05-01,0.09911330049261084,0.08046160777061498
NC/For-Profit/LPN,2024-06-01,0.09378046402807565,0.09359850154251585
NC/For-Profit/LPN,2024-07-01,0.08554286820205148,0.08112042598239372
NC/For-Profit/LPN,2024-08-01,0.08604427333974976,0.08287346068625065
NC/For-Profit/LPN,2024-09-01,0.09845153890269547,0.09166382258982803
NC/For-Profit/LPN,2024-10-01,0.08389069367475635,0.0793779069492692
NC/For-Profit/LPN,2024-11-01,0.07923444976076555,0.07415035848063341
NC/For-Profit/LPN,2024-12-01,0.08433965880774391,0.09692834893347282
NC/For-Profit/LPN,2025-01-01,0.08078892471079083,0.07692986912157422
NC/For-Profit/LPN,2025-02-01,0.07668711656441718,0.0746037070210004
NC/For-Profit/LPN,2025-03-01,0.08119575699132112,0.09315066677177737
NC/For-Profit/RN,2022-10-01,0.08480443059882312,0.07974057002850962
NC/For-Profit/RN,2022-11-01,0.07618062736987245,0.07497104242198994
NC/For-Profit/RN,2022-12-01,0.09380349195481,0.09947345320691772
NC/For-Profit/RN,2023-01-01,0.078,0.07792339595368436
NC/For-Profit/RN,2023-02-01,0.07505070993914807,0.0764362769849943
NC/For-Profit/RN,2023-03-01,0.09130003307972213,0.09610275383795908
NC/For-Profit/RN,2023-04-01,0.07941274607941275,0.07789339714539031
NC/For-Profit/RN,2023-05-01,0.08701384311140409,0.08265166520489234
NC/For-Profit/RN,2023-06-01,0.10852713178294573,0.0961335725730841
NC/For-Profit/RN,2023-07-01,0.07165605095541401,0.08313353205482611
NC/For-Profit/RN,2023-08-01,0.08624354691770422,0.08574784515132051
NC/For-Profit/RN,2023-09-01,0.0869431643625192,0.09469271253746171
NC/For-Profit/RN,2023-10-01,0.08187838651414811,0.08280773895101196
NC/For-Profit/RN,2023-11-01,0.07349397590361446,0.07821606596886344
NC/For-Profit/RN,2023-12-01,0.10908018867924528,0.10299420737517681
NC/For-Profit/RN,2024-01-01,0.08214285714285714,0.08160540903373541
NC/For-Profit/RN,2024-02-01,0.07868852459016394,0.0802380944244369
NC/For-Profit/RN,2024-03-01,0.08281573498964803,0.09996384128544014
NC/For-Profit/RN,2024-04-01,0.08420424007166319,0.08204310080780775
NC/For-Profit/RN,2024-05-01,0.1014792899408284,0.08706470451224056
NC/For-Profit/RN,2024-06-01,0.0942468921653657,0.10054036165097667
NC/For-Profit/RN,2024-07-01,0.08640226628895184,0.08784763741051303
NC/For-Profit/RN,2024-08-01,0.0922085201793722,0.09069625672153889
NC/For-Profit/RN,2024-09-01,0.10033444816053512,0.09994930978089508
NC/For-Profit/RN,2024-10-01,0.09769484083424808,0.08819936602997298
NC/For-Profit/RN,2024-11-01,0.09170676478913105,0.08354687202521777
NC/For-Profit/RN,2024-12-01,0.1270921985815603,0.10806551133822803
NC/For-Profit/RN,2025-01-01,0.08785529715762273,0.08625545064894742
NC/For-Profit/RN,2025-02-01,0.08418891170431211,0.08443402553740849
NC/For-Profit/RN,2025-03-01,0.10124746156077749,0.10376611479996622
NC/Government/CNA,2022-10-01,0.07450980392156863,0.07455337969518792
NC/Government/CNA,2022-11-01,0.043478260869565216,0.0685732177042419
NC/Government/CNA,2022-12-01,0.137546468401487,0.1030968466086779
NC/Government/CNA,2023-01-01,0.06372549019607843,0.07232210453289574
NC/Government/CNA,2023-02-01,0.039647577092511016,0.07092066031298463
NC/Government/CNA,2023-03-01,0.04524886877828054,0.08999223111956738
NC/Government/CNA,2023-04-01,0.07234042553191489,0.07452729149439788
NC/Government/CNA,2023-05-01,0.0743801652892562,0.07854523663897507
NC/Government/CNA,2023-06-01,0.06349206349206349,0.09250755630386087
NC/Government/CNA,2023-07-01,0.09523809523809523,0.08292672887485082
NC/Government/CNA,2023-08-01,0.1,0.08715440264758205
NC/Government/CNA,2023-09-01,0.11450381679389313,0.09791045128332893
NC/Government/CNA,2023-10-01,0.10112359550561797,0.08587929944238505
NC/Government/CNA,2023-11-01,0.08383233532934131,0.0806480244697548
NC/Government/CNA,2023-12-01,0.20817843866171004,0.115505786604646
NC/Government/CNA,2024-01-01,0.0784313725490196,0.0844217795042969
NC/Government/CNA,2024-02-01,0.09236947791164658,0.08253847075355147
NC/Government/CNA,2024-03-01,0.0873015873015873,0.10057508786492517
NC/Government/CNA,2024-04-01,0.0946969696969697,0.08369540663657372
NC/Government/CNA,2024-05-01,0.055776892430278883,0.08603927656435453
NC/Government/CNA,2024-06-01,0.06584362139917696,0.09867121805876503
NC/Government/CNA,2024-07-01,0.05504587155963303,0.08783676082340622
NC/Government/CNA,2024-08-01,0.07692307692307693,0.09138791629913795
NC/Government/CNA,2024-09-01,0.10185185185185185,0.10192006082002472
NC/Government/CNA,2024-10-01,0.08,0.08989559484704973
NC/Government/CNA,2024-11-01,0.06191950464396285,0.08491978378963058
NC/Government/CNA,2024-12-01,0.2878787878787879,0.12037999991506754
NC/Government/CNA,2025-01-01,0.06746031746031746,0.08876421078835384
NC/Government/CNA,2025-02-01,0.07818930041152264,0.0866585057630091
NC/Government/CNA,2025-03-01,0.07983193277310924,0.10483929057908267
NC/Government/LPN,2022-10-01,0.044444444444444446,0.05641999340004677
NC/Government/LPN,2022-11-01,0.05128205128205128,0.053284921586345284
NC/Government/LPN,2022-12-01,0.047619047619047616,0.08101693660124604
NC/Government/LPN,2023-01-01,0.012345679012345678,0.05727309080387846
NC/Government/LPN,2023-02-01,0.08333333333333333,0.05533046182045252
NC/Government/LPN,2023-03-01,0.07317073170731707,0.07799533057706354
NC/Government/LPN,2023-04-01,0.07228915662650602,0.05938736444531444
NC/Government/LPN,2023-05-01,0.05063291139240506,0.06370247823825201
NC/Government/LPN,2023-06-01,0.05813953488372093,0.07782210182953345
NC/Government/LPN,2023-07-01,0.06593406593406594,0.06734296086532365
NC/Government/LPN,2023-08-01,0.044444444444444446,0.06838251934451849
NC/Government/LPN,2023-09-01,0.09375,0.08056324278077034
NC/Government/LPN,2023-10-01,0.05102040816326531,0.06724725674295329
NC/Government/LPN,2023-11-01,0.07216494845360824,0.06549859623436514
NC/Government/LPN,2023-12-01,0.22,0.0943937513367004
NC/Government/LPN,2024-01-01,0.08139534883720931,0.06977182388092693
NC/Government/LPN,2024-02-01,0.03571428571428571,0.06621027676685537
NC/Government/LPN,2024-03-01,0.09302325581395349,0.08795353520088423
NC/Government/LPN,2024-04-01,0.058823529411764705,0.06830266924933365
NC/Government/LPN,2024-05-01,0.08536585365853659,0.07197981100655346
NC/Government/LPN,2024-06-01,0.09876543209876543,0.08505564885356486
NC/Government/LPN,2024-07-01,0.09433962264150944,0.07311368685710504
NC/Government/LPN,2024-08-01,0.04,0.0723357656191541
NC/Government/LPN,2024-09-01,0.07407407407407407,0.0828665688220461
NC/Government/LPN,2024-10-01,0.03896103896103896,0.0681055719128585
NC/Government/LPN,2024-11-01,0.047619047619047616,0.06513936622049667
NC/Government/LPN,2024-12-01,0.11494252873563218,0.09314544311567455
NC/Government/LPN,2025-01-01,0.10975609756097561,0.06904291728288625
NC/Government/LPN,2025-02-01,0.02631578947368421,0.06557612486593191
NC/Government/LPN,2025-03-01,0.1038961038961039,0.08752282662242634
NC/Government/RN,2022-10-01,0.02531645569620253,0.0527629857253408
NC/Government/RN,2022-11-01,0.020833333333333332,0.050119874860510276
NC/Government/RN,2022-12-01,0.09195402298850575,0.08489445481111704
NC/Government/RN,2023-01-01,0.014925373134328358,0.05470973223569046
NC/Government/RN,2023-02-01,0.1095890410958904,0.05624637045032959
NC/Government/RN,2023-03-01,0.1111111111111111,0.07424934718215258
NC/Government/RN,2023-04-01,0.014285714285714285,0.05721970452334909
NC/Government/RN,2023-05-01,0.03896103896103896,0.05882746760079569
NC/Government/RN,2023-06-01,0.0625,0.07449002993570321
NC/Government/RN,2023-07-01,0.06097560975609756,0.063665631073554
NC/Government/RN,2023-08-01,0.06578947368421052,0.0654046653091078
NC/Government/RN,2023-09-01,0.039473684210526314,0.0730674342554254
NC/Government/RN,2023-10-01,0.018018018018018018,0.06142159898082308
NC/Government/RN,2023-11-01,0.07207207207207207,0.060465651351413484
NC/Government/RN,2023-12-01,0.14666666666666667,0.09643912930177238
NC/Government/RN,2024-01-01,0.05063291139240506,0.06691880234523757
NC/Government/RN,2024-02-01,0.08333333333333333,0.06855601496729773
NC/Government/RN,2024-03-01,0.07792207792207792,0.08735211934020684
NC/Government/RN,2024-04-01,0.1566265060240964,0.07168151432100402
NC/Government/RN,2024-05-01,0.04,0.07296346212394668
NC/Government/RN,2024-06-01,0.0958904109589041,0.08837270000832854
NC/Government/RN,2024-07-01,0.1016949152542373,0.0771605963650736
NC/Government/RN,2024-08-01,0.05172413793103448,0.07810288292059916
NC/Government/RN,2024-09-01,0.01818181818181818,0.08532178235208053
NC/Government/RN,2024-10-01,0.038461538461538464,0.07366201765191607
NC/Government/RN,2024-11-01,0.041666666666666664,0.07260559337712762
NC/Government/RN,2024-12-01,0.3448275862068966,0.10895336886546084
NC/Government/RN,2025-01-01,0.10588235294117647,0.07736452718641879
NC/Government/RN,2025-02-01,0.05128205128205128,0.0763966125727994
NC/Government/RN,2025-03-01,0.02531645569620253,0.09307617545313791
NC/Non-Profit/CNA,2022-10-01,0.06344135098128709,0.06255937169953357
NC/Non-Profit/CNA,2022-11-01,0.05077767612076853,0.057571509086621085
NC/Non-Profit/CNA,2022-12-01,0.12202781516375057,0.0825862840295597
NC/Non-Profit/CNA,2023-01-01,0.0584958217270195,0.060896698274810056
NC/Non-Profit/CNA,2023-02-01,0.055791962174940896,0.05832494708999604
NC/Non-Profit/CNA,2023-03-01,0.0654076462459696,0.07744929235145125
NC/Non-Profit/CNA,2023-04-01,0.05834464043419267,0.058559552432520486
NC/Non-Profit/CNA,2023-05-01,0.06048906048906049,0.06252834414429834
NC/Non-Profit/CNA,2023-06-01,0.08209570957095709,0.07594435325679846
NC/Non-Profit/CNA,2023-07-01,0.060408163265306125,0.06278964530721799
NC/Non-Profit/CNA,2023-08-01,0.08161616161616161,0.06517127733006091
NC/Non-Profit/CNA,2023-09-01,0.059800664451827246,0.07276136810276064
NC/Non-Profit/CNA,2023-10-01,0.05731707317073171,0.05992750817173721
NC/Non-Profit/CNA,2023-11-01,0.054339010543390104,0.054707110909856624
NC/Non-Profit/CNA,2023-12-01,0.0649452269170579,0.07929973718679297
NC/Non-Profit/CNA,2024-01-01,0.06550907655880031,0.05788337710022559
NC/Non-Profit/CNA,2024-02-01,0.05152514427040396,0.0556516032768141
NC/Non-Profit/CNA,2024-03-01,0.07462686567164178,0.07507074506681466
NC/Non-Profit/CNA,2024-04-01,0.04721549636803874,0.05625193032841309
NC/Non-Profit/CNA,2024-05-01,0.07066719305171733,0.060395280051146596
NC/Non-Profit/CNA,2024-06-01,0.08085277554304103,0.07390906572418353
NC/Non-Profit/CNA,2024-07-01,0.061068702290076333,0.06074795052077681
NC/Non-Profit/CNA,2024-08-01,0.0654490106544901,0.06311764344232995
NC/Non-Profit/CNA,2024-09-01,0.0660377358490566,0.070916630388355
NC/Non-Profit/CNA,2024-10-01,0.05551272166538165,0.05811070183564881
NC/Non-Profit/CNA,2024-11-01,0.04625382262996942,0.05290744655120186
NC/Non-Profit/CNA,2024-12-01,0.07092198581560284,0.07769468149823883
NC/Non-Profit/CNA,2025-01-01,0.061498322773015285,0.0564845582914267
NC/Non-Profit/CNA,2025-02-01,0.06007067137809187,0.05431487032217958
NC/Non-Profit/CNA,2025-03-01,0.0670802636680884,0.07364037062593724
NC/Non-Profit/LPN,2022-10-01,0.04864864864864865,0.05232552637006206
NC/Non-Profit/LPN,2022-11-01,0.04249667994687915,0.048306502512059875
NC/Non-Profit/LPN,2022-12-01,0.09894459102902374,0.07202749037054514
NC/Non-Profit/LPN,2023-01-01,0.04657534246575343,0.05077710532326509
NC/Non-Profit/LPN,2023-02-01,0.04576043068640646,0.0477197065539262
NC/Non-Profit/LPN,2023-03-01,0.06455862977602109,0.06840529570440329
NC/Non-Profit/LPN,2023-04-01,0.04342105263157895,0.04854117792081137
NC/Non-Profit/LPN,2023-05-01,0.04118404118404118,0.05202445844390291
NC/Non-Profit/LPN,2023-06-01,0.07731305449936629,0.06649481439726161
NC/Non-Profit/LPN,2023-07-01,0.05121638924455826,0.052907740898562046
NC/Non-Profit/LPN,2023-08-01,0.06295399515738499,0.05494934112967647
NC/Non-Profit/LPN,2023-09-01,0.0530209617755857,0.062609045331751
NC/Non-Profit/LPN,2023-10-01,0.03855421686746988,0.04997590304407609
NC/Non-Profit/LPN,2023-11-01,0.058056872037914695,0.04605734469298924
NC/Non-Profit/LPN,2023-12-01,0.06748466257668712,0.06964583099935828
NC/Non-Profit/LPN,2024-01-01,0.04945717732207479,0.04857630788544658
NC/Non-Profit/LPN,2024-02-01,0.03308823529411765,0.045678737006850385
NC/Non-Profit/LPN,2024-03-01,0.07345971563981042,0.06673617553258991
NC/Non-Profit/LPN,2024-04-01,0.047841306884480746,0.04702679007850953
NC/Non-Profit/LPN,2024-05-01,0.05146198830409357,0.05061656704837126
NC/Non-Profit/LPN,2024-06-01,0.0843520782396088,0.06503994292424631
NC/Non-Profit/LPN,2024-07-01,0.055288461538461536,0.05141538316596529
NC/Non-Profit/LPN,2024-08-01,0.051094890510948905,0.05330274600148972
NC/Non-Profit/LPN,2024-09-01,0.04151404151404151,0.06083060036430103
NC/Non-Profit/LPN,2024-10-01,0.046706586826347304,0.04831139498334383
NC/Non-Profit/LPN,2024-11-01,0.046762589928057555,0.04430205305469205
NC/Non-Profit/LPN,2024-12-01,0.053462940461725394,0.06794858777611207
NC/Non-Profit/LPN,2025-01-01,0.061371841155234655,0.0471617444140963
NC/Non-Profit/LPN,2025-02-01,0.035578144853875476,0.04441528331343809
NC/Non-Profit/LPN,2025-03-01,0.06900726392251816,0.06540541878484801
NC/Non-Profit/RN,2022-10-01,0.04792332268370607,0.047981226041689716
NC/Non-Profit/RN,2022-11-01,0.03776683087027915,0.043724322959664184
NC/Non-Profit/RN,2022-12-01,0.08388157894736842,0.06703998992669834
NC/Non-Profit/RN,2023-01-01,0.06030150753768844,0.04641059668596355
NC/Non-Profit/RN,2023-02-01,0.033783783783783786,0.04286440263759134
NC/Non-Profit/RN,2023-03-01,0.07641196013289037,0.06302231150447975
NC/Non-Profit/RN,2023-04-01,0.04251700680272109,0.0431017811221381
NC/Non-Profit/RN,2023-05-01,0.041666666666666664,0.04639171745408678
NC/Non-Profit/RN,2023-06-01,0.06050955414012739,0.05954161261168051
NC/Non-Profit/RN,2023-07-01,0.03803486529318542,0.04583571828808941
NC/Non-Profit/RN,2023-08-01,0.040625,0.04768049087019787
NC/Non-Profit/RN,2023-09-01,0.03379416282642089,0.05582910301506734
NC/Non-Profit/RN,2023-10-01,0.035398230088495575,0.04341779517693591
NC/Non-Profit/RN,2023-11-01,0.04532163742690058,0.03945554554641935
NC/Non-Profit/RN,2023-12-01,0.06386066763425254,0.06298005912506452
NC/Non-Profit/RN,2024-01-01,0.0471976401179941,0.04276294477068409
NC/Non-Profit/RN,2024-02-01,0.04035874439461883,0.03954637600415805
NC/Non-Profit/RN,2024-03-01,0.056129985228951254,0.060082897017936274
NC/Non-Profit/RN,2024-04-01,0.04185351270553064,0.0407298579674331
NC/Non-Profit/RN,2024-05-01,0.04852941176470588,0.044461354596976865
NC/Non-Profit/RN,2024-06-01,0.06230529595015576,0.05796710837546451
NC/Non-Profit/RN,2024-07-01,0.0391304347826087,0.04467269900261224
NC/Non-Profit/RN,2024-08-01,0.04836415362731152,0.04684947494928094
NC/Non-Profit/RN,2024-09-01,0.049062049062049064,0.0551731512859206
NC/Non-Profit/RN,2024-10-01,0.040345821325648415,0.04276515229240076
NC/Non-Profit/RN,2024-11-01,0.05635838150289017,0.03873316955314063
NC/Non-Profit/RN,2024-12-01,0.04484304932735426,0.06194761549583278
NC/Non-Profit/RN,2025-01-01,0.050073637702503684,0.04176159494437555
NC/Non-Profit/RN,2025-02-01,0.03697996918335902,0.03853656382600596
NC/Non-Profit/RN,2025-03-01,0.05200594353640416,0.059016579360387574
ND/For-Profit/CNA,2022-10-01,0.13793103448275862,0.08710367297461741
ND/For-Profit/CNA,2022-11-01,0.12941176470588237,0.08202521107934584
ND/For-Profit/CNA,2022-12-01,0.0641025641025641,0.10204251871038446
ND/For-Profit/CNA,2023-01-01,0.05333333333333334,0.0784131399201853
ND/For-Profit/CNA,2023-02-01,0.043478260869565216,0.07741174502669572
ND/For-Profit/CNA,2023-03-01,0.1111111111111111,0.09929637071859365
ND/For-Profit/CNA,2023-04-01,0.09090909090909091,0.08104605350493636
ND/For-Profit/CNA,2023-05-01,0.1111111111111111,0.08624211610819604
ND/For-Profit/CNA,2023-06-01,0.1,0.09772406137050049
ND/For-Profit/CNA,2023-07-01,0.12,0.08463538535661404
ND/For-Profit/CNA,2023-08-01,0.07142857142857142,0.0872202001468351
ND/For-Profit/CNA,2023-09-01,0.05970149253731343,0.09350559213176833
ND/For-Profit/CNA,2023-10-01,0.06666666666666667,0.08407113097746699
ND/For-Profit/CNA,2023-11-01,0.1111111111111111,0.0794257335738675
ND/For-Profit/CNA,2023-12-01,0.136986301369863,0.10021631482231846
ND/For-Profit/CNA,2024-01-01,0.05555555555555555,0.07630116373168658
ND/For-Profit/CNA,2024-02-01,0.0273972602739726,0.07483514663664664
ND/For-Profit/CNA,2024-03-01,0.08860759493670886,0.09658891831759253
ND/For-Profit/CNA,2024-04-01,0.08641975308641975,0.07843525145369099
ND/For-Profit/CNA,2024-05-01,0.1188118811881188,0.0836568229267647
ND/For-Profit/CNA,2024-06-01,0.09375,0.0950188947958531
ND/For-Profit/CNA,2024-07-01,0.038461538461538464,0.08190567852532288
ND/For-Profit/CNA,2024-08-01,0.1326530612244898,0.08553014804606107
ND/For-Profit/CNA,2024-09-01,0.08791208791208792,0.09196756672746195
ND/For-Profit/CNA,2024-10-01,0.12359550561797752,0.08238969123124448
ND/For-Profit/CNA,2024-11-01,0.07526881720430108,0.07683077397998385
ND/For-Profit/CNA,2024-12-01,0.07777777777777778,0.0969826280364372
ND/For-Profit/CNA,2025-01-01,0.028169014084507043,0.0731975483807395
ND/For-Profit/CNA,2025-02-01,0.08974358974358974,0.07216278089196489
ND/For-Profit/CNA,2025-03-01,0.07792207792207792,0.09360130627817495
ND/For-Profit/RN,2022-10-01,0.05,0.06196385144872721
ND/For-Profit/RN,2022-11-01,0.1388888888888889,0.060340559542112045
ND/For-Profit/RN,2022-12-01,0.05714285714285714,0.08178710522640771
ND/For-Profit/RN,2023-01-01,0.0,0.06184380864555706
ND/For-Profit/RN,2023-02-01,0.0,0.05689746904927822
ND/For-Profit/RN,2023-03-01,0.08333333333333333,0.07855310298598234
ND/For-Profit/RN,2023-04-01,0.13636363636363635,0.06322651497783445
ND/For-Profit/RN,2023-05-01,0.19047619047619047,0.0699964670472169
ND/For-Profit/RN,2023-06-01,0.1,0.07843743675618327
ND/For-Profit/RN,2023-07-01,0.027777777777777776,0.06298908476916482
ND/For-Profit/RN,2023-08-01,0.0,0.06279419382204147
ND/For-Profit/RN,2023-09-01,0.05405405405405406,0.07282297591477814
ND/For-Profit/RN,2023-10-01,0.0,0.05740231478951964
ND/For-Profit/RN,2023-11-01,0.02702702702702703,0.05603570843622187
ND/For-Profit/RN,2023-12-01,0.02702702702702703,0.07918911643193421
ND/For-Profit/RN,2024-01-01,0.11428571428571428,0.06137749427451798
ND/For-Profit/RN,2024-02-01,0.0625,0.05691455232889131
ND/For-Profit/RN,2024-03-01,0.058823529411764705,0.07819669804633692
ND/For-Profit/RN,2024-04-01,0.029411764705882353,0.0629247315610629
ND/For-Profit/RN,2024-05-01,0.08571428571428572,0.0712022589754155
ND/For-Profit/RN,2024-06-01,0.07894736842105263,0.08251548214873475
ND/For-Profit/RN,2024-07-01,0.09090909090909091,0.0702942001989499
ND/For-Profit/RN,2024-08-01,0.09302325581395349,0.07259934787932427
ND/For-Profit/RN,2024-09-01,0.11627906976744186,0.08396800158883237
ND/For-Profit/RN,2024-10-01,0.07692307692307693,0.06923313526233821
ND/For-Profit/RN,2024-11-01,0.05128205128205128,0.067606030451857
ND/For-Profit/RN,2024-12-01,0.15384615384615385,0.09027417108921461
ND/For-Profit/RN,2025-01-01,0.12,0.07040602351303074
ND/For-Profit/RN,2025-02-01,0.03333333333333333,0.06404792444554842
ND/For-Profit/RN,2025-03-01,0.03333333333333333,0.08388148382589775
ND/Government/CNA,2022-10-01,0.011904761904761904,0.037638955439220495
ND/Government/CNA,2022-11-01,0.056818181818181816,0.0333959051872293
ND/Government/CNA,2022-12-01,0.02247191011235955,0.05908340873020483
ND/Government/CNA,2023-01-01,0.0,0.036525397719889593
ND/Government/CNA,2023-02-01,0.024096385542168676,0.03492790226219859
ND/Government/CNA,2023-03-01,0.11627906976744186,0.06182290304001446
ND/Government/CNA,2023-04-01,0.011627906976744186,0.035971466910035804
ND/Government/CNA,2023-05-01,0.0,0.04016846398747639
ND/Government/CNA,2023-06-01,0.06,0.05553332491198833
ND/Government/CNA,2023-07-01,0.08,0.04514045226543603
ND/Government/CNA,2023-08-01,0.05,0.0482405033246647
ND/Government/CNA,2023-09-01,0.07894736842105263,0.05696562493281246
ND/Government/CNA,2023-10-01,0.04,0.04240779460107607
ND/Government/CNA,2023-11-01,0.01282051282051282,0.03827397365295537
ND/Government/CNA,2023-12-01,0.125,0.06470566504094777
ND/Government/CNA,2024-01-01,0.0297029702970297,0.04151342264469544
ND/Government/CNA,2024-02-01,0.04081632653061224,0.03912661687254981
ND/Government/CNA,2024-03-01,0.15151515151515152,0.06497706388725986
ND/Government/CNA,2024-04-01,0.0,0.037657545095982445
ND/Government/CNA,2024-05-01,0.022727272727272728,0.04059975440764812
ND/Government/CNA,2024-06-01,0.023255813953488372,0.054334862435119466
ND/Government/CNA,2024-07-01,0.020833333333333332,0.042823198723116566
ND/Government/CNA,2024-08-01,0.07142857142857142,0.045478776365839385
ND/Government/CNA,2024-09-01,0.04395604395604396,0.05357541482723298
ND/Government/CNA,2024-10-01,0.021505376344086023,0.03871939029159065
ND/Government/CNA,2024-11-01,0.0,0.034543187710132754
ND/Government/CNA,2024-12-01,0.07446808510638298,0.06112883449608404
ND/Government/CNA,2025-01-01,0.06666666666666667,0.03877579407829313
ND/Government/CNA,2025-02-01,0.011111111111111112,0.036575771304605834
ND/Government/CNA,2025-03-01,0.08791208791208792,0.06295418660433304
ND/Non-Profit/CNA,2022-10-01,0.05672268907563025,0.05574289065111449
ND/Non-Profit/CNA,2022-11-01,0.05373342637822749,0.050801386332518954
ND/Non-Profit/CNA,2022-12-01,0.05407279029462738,0.0726700120782374
ND/Non-Profit/CNA,2023-01-01,0.0570940170940171,0.053600221731160455
ND/Non-Profit/CNA,2023-02-01,0.04411764705882353,0.05126615550532502
ND/Non-Profit/CNA,2023-03-01,0.07246867592279038,0.07144083035844266
ND/Non-Profit/CNA,2023-04-01,0.050340136054421766,0.05260851002846304
ND/Non-Profit/CNA,2023-05-01,0.06382275132275132,0.05713180909303429
ND/Non-Profit/CNA,2023-06-01,0.06479690522243714,0.06971931034992628
ND/Non-Profit/CNA,2023-07-01,0.05467260012714558,0.05792018144011222
ND/Non-Profit/CNA,2023-08-01,0.080248833592535,0.06103067766278464
ND/Non-Profit/CNA,2023-09-01,0.05917159763313609,0.0683110209865264
ND/Non-Profit/CNA,2023-10-01,0.05847373637264618,0.056624341342917675
ND/Non-Profit/CNA,2023-11-01,0.05159128978224456,0.05181304079301721
ND/Non-Profit/CNA,2023-12-01,0.05927152317880795,0.07382247921895256
ND/Non-Profit/CNA,2024-01-01,0.05880409646514701,0.05472918614704236
ND/Non-Profit/CNA,2024-02-01,0.05107794361525705,0.05258287139744935
ND/Non-Profit/CNA,2024-03-01,0.06033376123234917,0.07272108248910311
ND/Non-Profit/CNA,2024-04-01,0.05822873082287308,0.05418395506893148
ND/Non-Profit/CNA,2024-05-01,0.06972846128059002,0.058799296850098166
ND/Non-Profit/CNA,2024-06-01,0.06133333333333333,0.0715795432822148
ND/Non-Profit/CNA,2024-07-01,0.06641952425084956,0.059971157496507915
ND/Non-Profit/CNA,2024-08-01,0.07740130556419024,0.06317236262236028
ND/Non-Profit/CNA,2024-09-01,0.06209150326797386,0.07060734222023293
ND/Non-Profit/CNA,2024-10-01,0.07113104774110862,0.05892097713603257
ND/Non-Profit/CNA,2024-11-01,0.0618051013734467,0.053985222153984394
ND/Non-Profit/CNA,2024-12-01,0.06203554119547657,0.075879384152608
ND/Non-Profit/CNA,2025-01-01,0.06543569808875932,0.05666854591234804
ND/Non-Profit/CNA,2025-02-01,0.05066225165562914,0.0542636368416035
ND/Non-Profit/CNA,2025-03-01,0.0733204134366925,0.07417572688400888
ND/Non-Profit/LPN,2022-10-01,0.040145985401459854,0.047677392210574134
ND/Non-Profit/LPN,2022-11-01,0.03770197486535009,0.04271989661389492
ND/Non-Profit/LPN,2022-12-01,0.04159132007233273,0.06524939605312624
ND/Non-Profit/LPN,2023-01-01,0.055350553505535055,0.04596447128456437
ND/Non-Profit/LPN,2023-02-01,0.036053130929791274,0.043966249975083894
ND/Non-Profit/LPN,2023-03-01,0.075046904315197,0.06423745845774581
ND/Non-Profit/LPN,2023-04-01,0.05794392523364486,0.04565192961738114
ND/Non-Profit/LPN,2023-05-01,0.06641366223908918,0.05029558598772961
ND/Non-Profit/LPN,2023-06-01,0.0838095238095238,0.06313870454748013
ND/Non-Profit/LPN,2023-07-01,0.048828125,0.04914106374289906
ND/Non-Profit/LPN,2023-08-01,0.04206500956022945,0.050307027928752246
ND/Non-Profit/LPN,2023-09-01,0.03925233644859813,0.058211991471100205
ND/Non-Profit/LPN,2023-10-01,0.04291044776119403,0.04608317028235552
ND/Non-Profit/LPN,2023-11-01,0.043560606060606064,0.041035002929305286
ND/Non-Profit/LPN,2023-12-01,0.05927342256214149,0.06353463450837812
ND/Non-Profit/LPN,2024-01-01,0.03682170542635659,0.043960823216482495
ND/Non-Profit/LPN,2024-02-01,0.05,0.04176907099983542
ND/Non-Profit/LPN,2024-03-01,0.05202312138728324,0.06171070897210215
ND/Non-Profit/LPN,2024-04-01,0.04602510460251046,0.04304947169206519
ND/Non-Profit/LPN,2024-05-01,0.07322175732217573,0.04770748455767757
ND/Non-Profit/LPN,2024-06-01,0.07017543859649122,0.06043783864239337
ND/Non-Profit/LPN,2024-07-01,0.04703476482617587,0.046417037883899906
ND/Non-Profit/LPN,2024-08-01,0.04397705544933078,0.0476614408550474
ND/Non-Profit/LPN,2024-09-01,0.0419047619047619,0.0555797827773787
ND/Non-Profit/LPN,2024-10-01,0.05333333333333334,0.043426910749462706
ND/Non-Profit/LPN,2024-11-01,0.03065134099616858,0.038155863836177625
ND/Non-Profit/LPN,2024-12-01,0.04222648752399232,0.06059294952678278
ND/Non-Profit/LPN,2025-01-01,0.047080979284369114,0.041054615972665465
ND/Non-Profit/LPN,2025-02-01,0.03435114503816794,0.03867755382815847
ND/Non-Profit/LPN,2025-03-01,0.05222437137330754,0.05866812578237865
ND/Non-Profit/RN,2022-10-01,0.033205619412515965,0.0367129757145702
ND/Non-Profit/RN,2022-11-01,0.029754204398447608,0.03232751409453445
ND/Non-Profit/RN,2022-12-01,0.036939313984168866,0.05416738026154303
ND/Non-Profit/RN,2023-01-01,0.03234152652005175,0.03393054550718707
ND/Non-Profit/RN,2023-02-01,0.02457956015523933,0.03230060413179357
ND/Non-Profit/RN,2023-03-01,0.057766367137355584,0.05288998811439102
ND/Non-Profit/RN,2023-04-01,0.03088803088803089,0.03314423332899859
ND/Non-Profit/RN,2023-05-01,0.031725888324873094,0.037114625050182384
ND/Non-Profit/RN,2023-06-01,0.03955500618046971,0.04983549527793959
ND/Non-Profit/RN,2023-07-01,0.040097205346294046,0.03884532094868998
ND/Non-Profit/RN,2023-08-01,0.041112454655380895,0.04109995348701968
ND/Non-Profit/RN,2023-09-01,0.05507955936352509,0.04961476045034667
ND/Non-Profit/RN,2023-10-01,0.03540903540903541,0.03699330157409682
ND/Non-Profit/RN,2023-11-01,0.0392638036809816,0.0331319046078124
ND/Non-Profit/RN,2023-12-01,0.053987730061349694,0.055440018597805334
ND/Non-Profit/RN,2024-01-01,0.03190184049079755,0.035342073174826044
ND/Non-Profit/RN,2024-02-01,0.041463414634146344,0.033892709792624126
ND/Non-Profit/RN,2024-03-01,0.06015037593984962,0.05445635040673186
ND/Non-Profit/RN,2024-04-01,0.032171581769437,0.03462611963365177
ND/Non-Profit/RN,2024-05-01,0.04666666666666667,0.03856841739936058
ND/Non-Profit/RN,2024-06-01,0.034210526315789476,0.051041742753779075
ND/Non-Profit/RN,2024-07-01,0.05773955773955774,0.039883712756697054
ND/Non-Profit/RN,2024-08-01,0.05766871165644172,0.04180263296827404
ND/Non-Profit/RN,2024-09-01,0.03345724907063197,0.04968542176628937
ND/Non-Profit/RN,2024-10-01,0.036231884057971016,0.03678132165262647
ND/Non-Profit/RN,2024-11-01,0.045508982035928146,0.03269552055722869
ND/Non-Profit/RN,2024-12-01,0.036275695284159616,0.054604227236540175
ND/Non-Profit/RN,2025-01-01,0.027878787878787878,0.034301163212022145
ND/Non-Profit/RN,2025-02-01,0.032926829268292684,0.0328220887867328
ND/Non-Profit/RN,2025-03-01,0.05601907032181168,0.05328512616615816
NE/For-Profit/CNA,2022-10-01,0.09765258215962441,0.09887485090475415
NE/For-Profit/CNA,2022-11-01,0.08806818181818182,0.09520612174902146
NE/For-Profit/CNA,2022-12-01,0.18157058556513844,0.12025542830352848
NE/For-Profit/CNA,2023-01-01,0.09949794614331356,0.09753938392422232
NE/For-Profit/CNA,2023-02-01,0.08459357277882798,0.09573197395346264
NE/For-Profit/CNA,2023-03-01,0.09149130832570906,0.1149277552687454
NE/For-Profit/CNA,2023-04-01,0.08378378378378379,0.0971294701450303
NE/For-Profit/CNA,2023-05-01,0.09424307036247334,0.10134755400666728
NE/For-Profit/CNA,2023-06-01,0.10683760683760683,0.11480531422718863
NE/For-Profit/CNA,2023-07-01,0.12462397937258272,0.10436207936919305
NE/For-Profit/CNA,2023-08-01,0.11888667992047713,0.10664086672238417
NE/For-Profit/CNA,2023-09-01,0.12344689378757515,0.11632645655584734
NE/For-Profit/CNA,2023-10-01,0.1230188679245283,0.10297177344685858
NE/For-Profit/CNA,2023-11-01,0.14032496307237813,0.09856763565788645
NE/For-Profit/CNA,2023-12-01,0.12244109694862881,0.12220476726862428
NE/For-Profit/CNA,2024-01-01,0.09624413145539906,0.09893670708894606
NE/For-Profit/CNA,2024-02-01,0.09248327430145611,0.09663855505867985
NE/For-Profit/CNA,2024-03-01,0.10542756735650137,0.11525498658977879
NE/For-Profit/CNA,2024-04-01,0.10803324099722991,0.09656463414739093
NE/For-Profit/CNA,2024-05-01,0.1024653312788906,0.09978337782286911
NE/For-Profit/CNA,2024-06-01,0.0972644376899696,0.11205707703255138
NE/For-Profit/CNA,2024-07-01,0.09958970533383066,0.10046075174362515
NE/For-Profit/CNA,2024-08-01,0.10459469555472543,0.10194502608959322
NE/For-Profit/CNA,2024-09-01,0.13188073394495411,0.11084271346618405
NE/For-Profit/CNA,2024-10-01,0.08655687476062811,0.0966026734774919
NE/For-Profit/CNA,2024-11-01,0.07967975600457491,0.09174960281191705
NE/For-Profit/CNA,2024-12-01,0.0919802356518434,0.11561509280762335
NE/For-Profit/CNA,2025-01-01,0.08161044613710555,0.0928003979919746
NE/For-Profit/CNA,2025-02-01,0.09370424597364568,0.0911044950365299
NE/For-Profit/CNA,2025-03-01,0.10653665583243048,0.11018910106184424
NE/For-Profit/LPN,2022-10-01,0.06573705179282868,0.07777674727044
NE/For-Profit/LPN,2022-11-01,0.06374501992031872,0.07461249653293464
NE/For-Profit/LPN,2022-12-01,0.1464354527938343,0.10009858238533864
NE/For-Profit/LPN,2023-01-01,0.08834586466165413,0.0776812111706975
NE/For-Profit/LPN,2023-02-01,0.07984790874524715,0.07480376564392131
NE/For-Profit/LPN,2023-03-01,0.06451612903225806,0.09404831378563622
NE/For-Profit/LPN,2023-04-01,0.07344632768361582,0.07636228211409675
NE/For-Profit/LPN,2023-05-01,0.06390977443609022,0.07991136245484008
NE/For-Profit/LPN,2023-06-01,0.08921933085501858,0.0927114924990151
NE/For-Profit/LPN,2023-07-01,0.0974264705882353,0.08208081385809948
NE/For-Profit/LPN,2023-08-01,0.08581436077057793,0.08395848641764603
NE/For-Profit/LPN,2023-09-01,0.07347670250896057,0.09303130228126208
NE/For-Profit/LPN,2023-10-01,0.09967845659163987,0.08047607308596916
NE/For-Profit/LPN,2023-11-01,0.08881578947368421,0.07708557542611852
NE/For-Profit/LPN,2023-12-01,0.1390284757118928,0.1020803029172869
NE/For-Profit/LPN,2024-01-01,0.10196779964221825,0.07931444920119575
NE/For-Profit/LPN,2024-02-01,0.06273062730627306,0.07588374405465194
NE/For-Profit/LPN,2024-03-01,0.09706959706959707,0.09482813488353495
NE/For-Profit/LPN,2024-04-01,0.09671532846715329,0.0765402318468854
NE/For-Profit/LPN,2024-05-01,0.09568480300187618,0.07912480816741183
NE/For-Profit/LPN,2024-06-01,0.062135922330097085,0.09048023054317178
NE/For-Profit/LPN,2024-07-01,0.07076350093109869,0.07861480411680459
NE/For-Profit/LPN,2024-08-01,0.06946983546617916,0.07960877775645311
NE/For-Profit/LPN,2024-09-01,0.10091743119266056,0.08805013570696499
NE/For-Profit/LPN,2024-10-01,0.05405405405405406,0.07440535256973618
NE/For-Profit/LPN,2024-11-01,0.0970873786407767,0.0704236724394934
NE/For-Profit/LPN,2024-12-01,0.07010309278350516,0.09453128113626565
NE/For-Profit/LPN,2025-01-01,0.054820415879017016,0.07179927399450106
NE/For-Profit/LPN,2025-02-01,0.0616822429906542,0.06889639214084803
NE/For-Profit/LPN,2025-03-01,0.08333333333333333,0.08830321600955526
NE/For-Profit/RN,2022-10-01,0.10526315789473684,0.08132329061134824
NE/For-Profit/RN,2022-11-01,0.10086956521739131,0.07661219358875093
NE/For-Profit/RN,2022-12-01,0.1310592459605027,0.10050430458115613
NE/For-Profit/RN,2023-01-01,0.06099815157116451,0.07714676183130995
NE/For-Profit/RN,2023-02-01,0.06727272727272728,0.07597977533004506
NE/For-Profit/RN,2023-03-01,0.062385321100917435,0.09399081267493582
NE/For-Profit/RN,2023-04-01,0.06115107913669065,0.07572646224384313
NE/For-Profit/RN,2023-05-01,0.08833922261484099,0.08031210639062354
NE/For-Profit/RN,2023-06-01,0.0994671403197158,0.09339187444165366
NE/For-Profit/RN,2023-07-01,0.07924528301886792,0.08066626716595603
NE/For-Profit/RN,2023-08-01,0.0935374149659864,0.08320797168762024
NE/For-Profit/RN,2023-09-01,0.08747855917667238,0.0933366185486657
NE/For-Profit/RN,2023-10-01,0.08265802269043761,0.07965501281420545
NE/For-Profit/RN,2023-11-01,0.08,0.07488842520264923
NE/For-Profit/RN,2023-12-01,0.09752066115702479,0.09903050982910871
NE/For-Profit/RN,2024-01-01,0.06303236797274275,0.07640286402547225
NE/For-Profit/RN,2024-02-01,0.08460236886632826,0.07574943132096151
NE/For-Profit/RN,2024-03-01,0.10084033613445378,0.09410590857148077
NE/For-Profit/RN,2024-04-01,0.08620689655172414,0.07568090117219747
NE/For-Profit/RN,2024-05-01,0.08145580589254767,0.07976624212096127
NE/For-Profit/RN,2024-06-01,0.07908611599297012,0.0924698591611213
NE/For-Profit/RN,2024-07-01,0.06902356902356903,0.07950138872069354
NE/For-Profit/RN,2024-08-01,0.07131011608623548,0.08198911392034691
NE/For-Profit/RN,2024-09-01,0.13993174061433447,0.0923373265108987
NE/For-Profit/RN,2024-10-01,0.0636042402826855,0.07820916152606183
NE/For-Profit/RN,2024-11-01,0.050699300699300696,0.07317403614767312
NE/For-Profit/RN,2024-12-01,0.0944055944055944,0.0974628103346765
NE/For-Profit/RN,2025-01-01,0.08333333333333333,0.07496396581255965
NE/For-Profit/RN,2025-02-01,0.0905982905982906,0.07422216890970396
NE/For-Profit/RN,2025-03-01,0.07308377896613191,0.09238981619984536
NE/Government/CNA,2022-10-01,0.05361930294906166,0.055304828687247336
NE/Government/CNA,2022-11-01,0.04289544235924933,0.051066297446822444
NE/Government/CNA,2022-12-01,0.05851755526657997,0.07323141707598092
NE/Government/CNA,2023-01-01,0.05667506297229219,0.05372421747347173
NE/Government/CNA,2023-02-01,0.04920212765957447,0.051829941420515016
NE/Government/CNA,2023-03-01,0.08072916666666667,0.07309757691324865
NE/Government/CNA,2023-04-01,0.07449856733524356,0.0548429033201836
NE/Government/CNA,2023-05-01,0.07244318181818182,0.05724297807877039
NE/Government/CNA,2023-06-01,0.04155124653739612,0.06953484345011816
NE/Government/CNA,2023-07-01,0.04988399071925754,0.05808924914199104
NE/Government/CNA,2023-08-01,0.06164383561643835,0.059978232617708675
NE/Government/CNA,2023-09-01,0.06009615384615385,0.06907997677806847
NE/Government/CNA,2023-10-01,0.06962785114045618,0.05633858077282187
NE/Government/CNA,2023-11-01,0.048292108362779744,0.05215795958383226
NE/Government/CNA,2023-12-01,0.06447963800904978,0.07444703990986375
NE/Government/CNA,2024-01-01,0.06866002214839424,0.05486725038139477
NE/Government/CNA,2024-02-01,0.04487917146144994,0.05274386570768478
NE/Government/CNA,2024-03-01,0.0757238307349666,0.0739514128134663
NE/Government/CNA,2024-04-01,0.08622620380739082,0.05574392826763938
NE/Government/CNA,2024-05-01,0.052127659574468084,0.05800287979729121
NE/Government/CNA,2024-06-01,0.06574761399787911,0.07037701982364342
NE/Government/CNA,2024-07-01,0.07267144319344933,0.0587489601187813
NE/Government/CNA,2024-08-01,0.05037513397642015,0.06029188708019542
NE/Government/CNA,2024-09-01,0.0756578947368421,0.06918736029385879
NE/Government/CNA,2024-10-01,0.03875968992248062,0.056067246169741125
NE/Government/CNA,2024-11-01,0.07639680729760548,0.05199269276842549
NE/Government/CNA,2024-12-01,0.05496828752642706,0.07379769241823622
NE/Government/CNA,2025-01-01,0.03982777179763186,0.05395029846325565
NE/Government/CNA,2025-02-01,0.04939626783754116,0.051813577152299256
NE/Government/CNA,2025-03-01,0.08333333333333333,0.07301868198736688
NE/Government/LPN,2022-10-01,0.05732484076433121,0.041359218161722125
NE/Government/LPN,2022-11-01,0.013245033112582781,0.036420851278263576
NE/Government/LPN,2022-12-01,0.05660377358490566,0.05769789498771493
NE/Government/LPN,2023-01-01,0.03614457831325301,0.03766492324392338
NE/Government/LPN,2023-02-01,0.030303030303030304,0.0355016609185833
NE/Government/LPN,2023-03-01,0.0658682634730539,0.05697221157516295
NE/Government/LPN,2023-04-01,0.0472972972972973,0.03770386299604594
NE/Government/LPN,2023-05-01,0.0457516339869281,0.0404182350906087
NE/Government/LPN,2023-06-01,0.05063291139240506,0.05303416943018497
NE/Government/LPN,2023-07-01,0.02857142857142857,0.040136820375290136
NE/Government/LPN,2023-08-01,0.03888888888888889,0.04202105787594851
NE/Government/LPN,2023-09-01,0.05084745762711865,0.05102579858989738
NE/Government/LPN,2023-10-01,0.036585365853658534,0.038188319735167064
NE/Government/LPN,2023-11-01,0.03592814371257485,0.03357976772752541
NE/Government/LPN,2023-12-01,0.018072289156626505,0.05490563103349047
NE/Government/LPN,2024-01-01,0.017857142857142856,0.03533217766287342
NE/Government/LPN,2024-02-01,0.029585798816568046,0.03391516629580514
NE/Government/LPN,2024-03-01,0.03389830508474576,0.05615095384432761
NE/Government/LPN,2024-04-01,0.062146892655367235,0.038061950734700686
NE/Government/LPN,2024-05-01,0.04597701149425287,0.04176314672043044
NE/Government/LPN,2024-06-01,0.045714285714285714,0.055200859424855975
NE/Government/LPN,2024-07-01,0.0449438202247191,0.04334940978348519
NE/Government/LPN,2024-08-01,0.03954802259887006,0.046071380968339584
NE/Government/LPN,2024-09-01,0.06077348066298342,0.05603110896080677
NE/Government/LPN,2024-10-01,0.03977272727272727,0.044111803543911164
NE/Government/LPN,2024-11-01,0.08287292817679558,0.040498676460872754
NE/Government/LPN,2024-12-01,0.04371584699453552,0.0621034682581476
NE/Government/LPN,2025-01-01,0.04678362573099415,0.042558757568311824
NE/Government/LPN,2025-02-01,0.023529411764705882,0.040833731933763356
NE/Government/LPN,2025-03-01,0.10404624277456648,0.06295773053333639
NE/Government/RN,2022-10-01,0.05181347150259067,0.037464272747994166
NE/Government/RN,2022-11-01,0.020618556701030927,0.03210551899220477
NE/Government/RN,2022-12-01,0.030927835051546393,0.053504266762899794
NE/Government/RN,2023-01-01,0.015151515151515152,0.0336462065369644
NE/Government/RN,2023-02-01,0.03608247422680412,0.032194377046498704
NE/Government/RN,2023-03-01,0.05102040816326531,0.051172605718388775
NE/Government/RN,2023-04-01,0.036585365853658534,0.03426970043712878
NE/Government/RN,2023-05-01,0.029940119760479042,0.03617848613573939
NE/Government/RN,2023-06-01,0.07222222222222222,0.05054620218278483
NE/Government/RN,2023-07-01,0.02843601895734597,0.03747722465633628
NE/Government/RN,2023-08-01,0.023148148148148147,0.039520012247310735
NE/Government/RN,2023-09-01,0.061946902654867256,0.05002777108417916
NE/Government/RN,2023-10-01,0.046511627906976744,0.03695630665857898
NE/Government/RN,2023-11-01,0.03686635944700461,0.03204608266015474
NE/Government/RN,2023-12-01,0.05116279069767442,0.053785539257946526
NE/Government/RN,2024-01-01,0.037209302325581395,0.033934091104360894
NE/Government/RN,2024-02-01,0.026785714285714284,0.03204320310525691
NE/Government/RN,2024-03-01,0.03508771929824561,0.050835556473348184
NE/Government/RN,2024-04-01,0.06726457399103139,0.03395482782385869
NE/Government/RN,2024-05-01,0.013574660633484163,0.03555819591901299
NE/Government/RN,2024-06-01,0.02727272727272727,0.04977138308312218
NE/Government/RN,2024-07-01,0.029166666666666667,0.03716452699688342
NE/Government/RN,2024-08-01,0.04219409282700422,0.03961181302759624
NE/Government/RN,2024-09-01,0.06967213114754098,0.05025065740367979
NE/Government/RN,2024-10-01,0.03404255319148936,0.03716165468956875
NE/Government/RN,2024-11-01,0.05829596412556054,0.03258291565984468
NE/Government/RN,2024-12-01,0.034934497816593885,0.05421262570596481
NE/Government/RN,2025-01-01,0.05263157894736842,0.03448730101292078
NE/Government/RN,2025-02-01,0.035398230088495575,0.03260315276775144
NE/Government/RN,2025-03-01,0.03153153153153153,0.05112181148449248
NE/Non-Profit/CNA,2022-10-01,0.05592841163310962,0.056508117248517724
NE/Non-Profit/CNA,2022-11-01,0.05344373353406097,0.051856870552175
NE/Non-Profit/CNA,2022-12-01,0.08073394495412844,0.07471406757747977
NE/Non-Profit/CNA,2023-01-01,0.05361733382298935,0.05440937939102648
NE/Non-Profit/CNA,2023-02-01,0.04531490015360983,0.05210593627229217
NE/Non-Profit/CNA,2023-03-01,0.05957137667998547,0.07160980537774934
NE/Non-Profit/CNA,2023-04-01,0.05472822040208489,0.05293454543693832
NE/Non-Profit/CNA,2023-05-01,0.06626506024096386,0.05764770114780756
NE/Non-Profit/CNA,2023-06-01,0.06483095155106308,0.07064043964726122
NE/Non-Profit/CNA,2023-07-01,0.07140393239047947,0.0585958109174561
NE/Non-Profit/CNA,2023-08-01,0.08792742498255408,0.06122766214428576
NE/Non-Profit/CNA,2023-09-01,0.040907400520639646,0.06807385718162506
NE/Non-Profit/CNA,2023-10-01,0.05184916606236403,0.05576006031337268
NE/Non-Profit/CNA,2023-11-01,0.05120056497175141,0.051167837113832895
NE/Non-Profit/CNA,2023-12-01,0.0649171270718232,0.07404470763355474
NE/Non-Profit/CNA,2024-01-01,0.05625436757512229,0.05392513524751203
NE/Non-Profit/CNA,2024-02-01,0.05324157913799348,0.05180338291609447
NE/Non-Profit/CNA,2024-03-01,0.0728952772073922,0.071475511493183
NE/Non-Profit/CNA,2024-04-01,0.04738504738504738,0.05272257756823205
NE/Non-Profit/CNA,2024-05-01,0.06679764243614932,0.05742993235179171
NE/Non-Profit/CNA,2024-06-01,0.07707317073170732,0.07040110287294482
NE/Non-Profit/CNA,2024-07-01,0.060206961429915336,0.05807868159010437
NE/Non-Profit/CNA,2024-08-01,0.06965326787358085,0.06069164205209206
NE/Non-Profit/CNA,2024-09-01,0.0705026873221625,0.06766710904053619
NE/Non-Profit/CNA,2024-10-01,0.058435438265786996,0.0552584597330004
NE/Non-Profit/CNA,2024-11-01,0.053316800991940486,0.05033959111848948
NE/Non-Profit/CNA,2024-12-01,0.05422794117647059,0.07288677777173472
NE/Non-Profit/CNA,2025-01-01,0.05618320610687023,0.05261800757339663
NE/Non-Profit/CNA,2025-02-01,0.04764851485148515,0.050170129929485316
NE/Non-Profit/CNA,2025-03-01,0.05906921241050119,0.06953975700378642
NE/Non-Profit/LPN,2022-10-01,0.03595890410958904,0.037761854513849676
NE/Non-Profit/LPN,2022-11-01,0.027586206896551724,0.031790514615159984
NE/Non-Profit/LPN,2022-12-01,0.043782837127845885,0.05401193346025118
NE/Non-Profit/LPN,2023-01-01,0.025466893039049237,0.03354565640081933
NE/Non-Profit/LPN,2023-02-01,0.03945111492281304,0.03248773492082704
NE/Non-Profit/LPN,2023-03-01,0.06217616580310881,0.05209035036291029
NE/Non-Profit/LPN,2023-04-01,0.027874564459930314,0.032830791960011076
NE/Non-Profit/LPN,2023-05-01,0.029259896729776247,0.035978493782542975
NE/Non-Profit/LPN,2023-06-01,0.03709949409780776,0.04983961660982168
NE/Non-Profit/LPN,2023-07-01,0.036303630363036306,0.037190014486093194
NE/Non-Profit/LPN,2023-08-01,0.04208754208754209,0.03902157554618011
NE/Non-Profit/LPN,2023-09-01,0.034904013961605584,0.04810065521837636
NE/Non-Profit/LPN,2023-10-01,0.05201342281879195,0.036477891931357156
NE/Non-Profit/LPN,2023-11-01,0.029616724738675958,0.030757113337641646
NE/Non-Profit/LPN,2023-12-01,0.030612244897959183,0.053236940709786094
NE/Non-Profit/LPN,2024-01-01,0.029209621993127148,0.03329795112523057
NE/Non-Profit/LPN,2024-02-01,0.039655172413793106,0.03276528443344276
NE/Non-Profit/LPN,2024-03-01,0.042662116040955635,0.05279993353794431
NE/Non-Profit/LPN,2024-04-01,0.04833333333333333,0.03424636247681358
NE/Non-Profit/LPN,2024-05-01,0.03571428571428571,0.03779386461064102
NE/Non-Profit/LPN,2024-06-01,0.07357859531772576,0.052065539652462606
NE/Non-Profit/LPN,2024-07-01,0.04146730462519936,0.039268800219080024
NE/Non-Profit/LPN,2024-08-01,0.034976152623211444,0.04099344716893795
NE/Non-Profit/LPN,2024-09-01,0.056782334384858045,0.050081938977924345
NE/Non-Profit/LPN,2024-10-01,0.05909797822706065,0.03820889724711744
NE/Non-Profit/LPN,2024-11-01,0.031446540880503145,0.0321140454349359
NE/Non-Profit/LPN,2024-12-01,0.04081632653061224,0.05434891051296586
NE/Non-Profit/LPN,2025-01-01,0.02875399361022364,0.03385466653054148
NE/Non-Profit/LPN,2025-02-01,0.028938906752411574,0.032802462024708205
NE/Non-Profit/LPN,2025-03-01,0.047021943573667714,0.05242226470091316
NE/Non-Profit/RN,2022-10-01,0.04657179818887452,0.04116196678476895
NE/Non-Profit/RN,2022-11-01,0.03896103896103896,0.036212108495106705
NE/Non-Profit/RN,2022-12-01,0.054901960784313725,0.05854431971260461
NE/Non-Profit/RN,2023-01-01,0.03978779840848806,0.03832246825042677
NE/Non-Profit/RN,2023-02-01,0.036048064085447265,0.03705432345265834
NE/Non-Profit/RN,2023-03-01,0.029850746268656716,0.05483609067435655
NE/Non-Profit/RN,2023-04-01,0.036988110964332896,0.03620593757464162
NE/Non-Profit/RN,2023-05-01,0.038461538461538464,0.03981544768603497
NE/Non-Profit/RN,2023-06-01,0.033810143042912875,0.05266604905977075
NE/Non-Profit/RN,2023-07-01,0.03598014888337469,0.04099581329236969
NE/Non-Profit/RN,2023-08-01,0.07760814249363868,0.04422183049276343
NE/Non-Profit/RN,2023-09-01,0.040522875816993466,0.051867416013834745
NE/Non-Profit/RN,2023-10-01,0.03670886075949367,0.039377105044623696
NE/Non-Profit/RN,2023-11-01,0.028277634961439587,0.03490577269683472
NE/Non-Profit/RN,2023-12-01,0.0493046776232617,0.05784792745367485
NE/Non-Profit/RN,2024-01-01,0.029792746113989636,0.038144616595971084
NE/Non-Profit/RN,2024-02-01,0.04483695652173913,0.037585103989624925
NE/Non-Profit/RN,2024-03-01,0.04113110539845758,0.056131573710577844
NE/Non-Profit/RN,2024-04-01,0.03855721393034826,0.037909579598905174
NE/Non-Profit/RN,2024-05-01,0.03841229193341869,0.04201680946625599
NE/Non-Profit/RN,2024-06-01,0.05,0.05541133653252774
NE/Non-Profit/RN,2024-07-01,0.0438489646772229,0.043963642045259654
NE/Non-Profit/RN,2024-08-01,0.039711191335740074,0.04755073717646803
NE/Non-Profit/RN,2024-09-01,0.05263157894736842,0.05593291816570033
NE/Non-Profit/RN,2024-10-01,0.041617122473246136,0.04429461477729699
NE/Non-Profit/RN,2024-11-01,0.049516908212560384,0.04062424909929996
NE/Non-Profit/RN,2024-12-01,0.046341463414634146,0.06401003136370212
NE/Non-Profit/RN,2025-01-01,0.062206572769953054,0.04506710667613009
NE/Non-Profit/RN,2025-02-01,0.07755581668625147,0.04489682539530914
NE/Non-Profit/RN,2025-03-01,0.08204518430439953,0.06333979288844903
NH/For-Profit/CNA,2022-10-01,0.08712363869314542,0.08026087998718671
NH/For-Profit/CNA,2022-11-01,0.10095238095238095,0.07650861240498377
NH/For-Profit/CNA,2022-12-01,0.11010362694300518,0.09943883865853373
NH/For-Profit/CNA,2023-01-01,0.08160621761658031,0.0780822178384103
NH/For-Profit/CNA,2023-02-01,0.09383202099737532,0.0768985178399257
NH/For-Profit/CNA,2023-03-01,0.09108527131782945,0.0951782795912936
NH/For-Profit/CNA,2023-04-01,0.06914893617021277,0.07594057345745281
NH/For-Profit/CNA,2023-05-01,0.07755359394703656,0.07969367951336949
NH/For-Profit/CNA,2023-06-01,0.09169764560099132,0.0916274167119569
NH/For-Profit/CNA,2023-07-01,0.07085146053449347,0.07888770283914279
NH/For-Profit/CNA,2023-08-01,0.08585247883917775,0.0821257054327145
NH/For-Profit/CNA,2023-09-01,0.08486383787207093,0.0904449474812214
NH/For-Profit/CNA,2023-10-01,0.07797878976918278,0.07712707835949831
NH/For-Profit/CNA,2023-11-01,0.07256097560975609,0.07287309851174967
NH/For-Profit/CNA,2023-12-01,0.11097560975609756,0.09577228737250308
NH/For-Profit/CNA,2024-01-01,0.0659679408138101,0.07427412237264708
NH/For-Profit/CNA,2024-02-01,0.08879363135333741,0.07303303388188334
NH/For-Profit/CNA,2024-03-01,0.07563546187228766,0.09134085590730336
NH/For-Profit/CNA,2024-04-01,0.07870081199250469,0.07220099043040043
NH/For-Profit/CNA,2024-05-01,0.09017912291537987,0.07594230680529232
NH/For-Profit/CNA,2024-06-01,0.05945604048070841,0.08750221557982085
NH/For-Profit/CNA,2024-07-01,0.05761067313523347,0.07483426180826701
NH/For-Profit/CNA,2024-08-01,0.09583333333333334,0.07840077134342666
NH/For-Profit/CNA,2024-09-01,0.10144020037570445,0.08673798449283562
NH/For-Profit/CNA,2024-10-01,0.06841432225063938,0.07312142477965262
NH/For-Profit/CNA,2024-11-01,0.06862133499688085,0.06874409218975158
NH/For-Profit/CNA,2024-12-01,0.06288156288156288,0.09133684931049915
NH/For-Profit/CNA,2025-01-01,0.07526881720430108,0.07025749289088809
NH/For-Profit/CNA,2025-02-01,0.05846153846153846,0.06927584536155751
NH/For-Profit/CNA,2025-03-01,0.09363525091799266,0.08816150708009228
NH/For-Profit/LPN,2022-10-01,0.08224299065420561,0.07771140987480295
NH/For-Profit/LPN,2022-11-01,0.08333333333333333,0.07376737956166164
NH/For-Profit/LPN,2022-12-01,0.10982658959537572,0.09707372186493612
NH/For-Profit/LPN,2023-01-01,0.07034220532319392,0.07508107937353907
NH/For-Profit/LPN,2023-02-01,0.07360861759425494,0.07370377762169666
NH/For-Profit/LPN,2023-03-01,0.09314586994727592,0.09399871330169923
NH/For-Profit/LPN,2023-04-01,0.09821428571428571,0.07535248797347126
NH/For-Profit/LPN,2023-05-01,0.09009009009009009,0.0790785301900984
NH/For-Profit/LPN,2023-06-01,0.12614259597806216,0.09182370358629839
NH/For-Profit/LPN,2023-07-01,0.07037037037037037,0.07771485064029977
NH/For-Profit/LPN,2023-08-01,0.05688073394495413,0.07873827340480424
NH/For-Profit/LPN,2023-09-01,0.10931899641577061,0.08860340557733928
NH/For-Profit/LPN,2023-10-01,0.07706093189964158,0.07422636083862658
NH/For-Profit/LPN,2023-11-01,0.0677361853832442,0.06924971098692795
NH/For-Profit/LPN,2023-12-01,0.11071428571428571,0.09171722603603832
NH/For-Profit/LPN,2024-01-01,0.060218978102189784,0.06870082475344888
NH/For-Profit/LPN,2024-02-01,0.04788213627992634,0.06636718641911227
NH/For-Profit/LPN,2024-03-01,0.08185053380782918,0.08586269555779
NH/For-Profit/LPN,2024-04-01,0.05786618444846293,0.06651310646593124
NH/For-Profit/LPN,2024-05-01,0.07567567567567568,0.0699467997853013
NH/For-Profit/LPN,2024-06-01,0.05656934306569343,0.08258495462915344
NH/For-Profit/LPN,2024-07-01,0.06678383128295255,0.06916607438060093
NH/For-Profit/LPN,2024-08-01,0.07295373665480427,0.0708311830343724
NH/For-Profit/LPN,2024-09-01,0.09040590405904059,0.08101444828930794
NH/For-Profit/LPN,2024-10-01,0.0659536541889483,0.06708133690349627
NH/For-Profit/LPN,2024-11-01,0.07360861759425494,0.06255086333383453
NH/For-Profit/LPN,2024-12-01,0.055357142857142855,0.08527802071857371
NH/For-Profit/LPN,2025-01-01,0.054385964912280704,0.06322753531306041
NH/For-Profit/LPN,2025-02-01,0.06394316163410302,0.06181600317678269
NH/For-Profit/LPN,2025-03-01,0.0784313725490196,0.08194713355420138
NH/For-Profit/RN,2022-10-01,0.04809619238476954,0.06705045414457757
NH/For-Profit/RN,2022-11-01,0.0658682634730539,0.06335377892244515
NH/For-Profit/RN,2022-12-01,0.09881422924901186,0.0876222259293389
NH/For-Profit/RN,2023-01-01,0.06639839034205232,0.06643385696060113
NH/For-Profit/RN,2023-02-01,0.05060728744939271,0.06363533509883551
NH/For-Profit/RN,2023-03-01,0.06500956022944551,0.08383341444624648
NH/For-Profit/RN,2023-04-01,0.05970149253731343,0.06573365867749506
NH/For-Profit/RN,2023-05-01,0.08302583025830258,0.07156882696097885
NH/For-Profit/RN,2023-06-01,0.06605504587155964,0.08389026489651882
NH/For-Profit/RN,2023-07-01,0.07233273056057866,0.07278746652427229
NH/For-Profit/RN,2023-08-01,0.0847750865051903,0.07713809753991431
NH/For-Profit/RN,2023-09-01,0.1188118811881188,0.08744643281747534
NH/For-Profit/RN,2023-10-01,0.07853403141361257,0.07274661023505076
NH/For-Profit/RN,2023-11-01,0.07665505226480836,0.0688863722066981
NH/For-Profit/RN,2023-12-01,0.13381555153707053,0.09282495454404033
NH/For-Profit/RN,2024-01-01,0.08582089552238806,0.07097951951226622
NH/For-Profit/RN,2024-02-01,0.0600375234521576,0.0673145143618808
NH/For-Profit/RN,2024-03-01,0.07156308851224105,0.08661498530122116
NH/For-Profit/RN,2024-04-01,0.05113636363636364,0.06758364737970668
NH/For-Profit/RN,2024-05-01,0.08828828828828829,0.07262489741345123
NH/For-Profit/RN,2024-06-01,0.06630824372759857,0.08397009424953536
NH/For-Profit/RN,2024-07-01,0.06283662477558348,0.07206657770660882
NH/For-Profit/RN,2024-08-01,0.10499139414802065,0.07561912138034438
NH/For-Profit/RN,2024-09-01,0.11270125223613596,0.08482279350821059
NH/For-Profit/RN,2024-10-01,0.07208872458410351,0.06908204415601214
NH/For-Profit/RN,2024-11-01,0.06493506493506493,0.06417484636716081
NH/For-Profit/RN,2024-12-01,0.050724637681159424,0.08723781951873633
NH/For-Profit/RN,2025-01-01,0.056140350877192984,0.06550895124932643
NH/For-Profit/RN,2025-02-01,0.051056338028169015,0.062292404356736435
NH/For-Profit/RN,2025-03-01,0.07586206896551724,0.08207652806563803
NH/Government/CNA,2022-10-01,0.030837004405286344,0.030410132661335305
NH/Government/CNA,2022-11-01,0.023529411764705882,0.0247023424917952
NH/Government/CNA,2022-12-01,0.024817518248175182,0.05046428945659971
NH/Government/CNA,2023-01-01,0.02600780234070221,0.027129181573428456
NH/Government/CNA,2023-02-01,0.023746701846965697,0.025341138575019857
NH/Government/CNA,2023-03-01,0.029792746113989636,0.04384357556542945
NH/Government/CNA,2023-04-01,0.026881720430107527,0.026164229382949503
NH/Government/CNA,2023-05-01,0.025065963060686015,0.030282609647940193
NH/Government/CNA,2023-06-01,0.04387096774193548,0.044282923614398076
NH/Government/CNA,2023-07-01,0.02600780234070221,0.031215261124391682
NH/Government/CNA,2023-08-01,0.03483870967741935,0.03380962864021102
NH/Government/CNA,2023-09-01,0.034255599472990776,0.04300801472627221
NH/Government/CNA,2023-10-01,0.038560411311053984,0.030613957192733438
NH/Government/CNA,2023-11-01,0.02077922077922078,0.025654926907085523
NH/Government/CNA,2023-12-01,0.0299625468164794,0.05217726944863135
NH/Government/CNA,2024-01-01,0.027202072538860103,0.029630563078363488
NH/Government/CNA,2024-02-01,0.034974093264248704,0.028564866924469304
NH/Government/CNA,2024-03-01,0.026888604353393086,0.047734811346491636
NH/Government/CNA,2024-04-01,0.027061855670103094,0.03075722594357003
NH/Government/CNA,2024-05-01,0.04182509505703422,0.0356714117250686
NH/Government/CNA,2024-06-01,0.06472081218274112,0.05027991915060845
NH/Government/CNA,2024-07-01,0.0295159386068477,0.03762151575012862
NH/Government/CNA,2024-08-01,0.04055619930475087,0.040823185528335304
NH/Government/CNA,2024-09-01,0.05112960760998811,0.05040816305375701
NH/Government/CNA,2024-10-01,0.02913907284768212,0.038376906544834125
NH/Government/CNA,2024-11-01,0.02349869451697128,0.03402099656452172
NH/Government/CNA,2024-12-01,0.17480719794344474,0.061239553545828565
NH/Government/CNA,2025-01-01,0.031638418079096044,0.03753739809493118
NH/Government/CNA,2025-02-01,0.02402745995423341,0.03535253845892519
NH/Government/CNA,2025-03-01,0.03135498320268757,0.0536330679251095
NH/Government/LPN,2022-10-01,0.06976744186046512,0.03130996173061555
NH/Government/LPN,2022-11-01,0.032520325203252036,0.024403451965002973
NH/Government/LPN,2022-12-01,0.04310344827586207,0.047997607978561736
NH/Government/LPN,2023-01-01,0.03676470588235294,0.025590106455501634
NH/Government/LPN,2023-02-01,0.015151515151515152,0.021273498543838754
NH/Government/LPN,2023-03-01,0.022222222222222223,0.03942267314660568
NH/Government/LPN,2023-04-01,0.021897810218978103,0.020172710975434834
NH/Government/LPN,2023-05-01,0.0072992700729927005,0.022867037025225585
NH/Government/LPN,2023-06-01,0.007407407407407408,0.03589983337026524
NH/Government/LPN,2023-07-01,0.02877697841726619,0.024359279905790496
NH/Government/LPN,2023-08-01,0.007042253521126761,0.024125780612259437
NH/Government/LPN,2023-09-01,0.027586206896551724,0.033738079492876556
NH/Government/LPN,2023-10-01,0.027972027972027972,0.022297767347493946
NH/Government/LPN,2023-11-01,0.0,0.016246338016485555
NH/Government/LPN,2023-12-01,0.014285714285714285,0.041056804320481685
NH/Government/LPN,2024-01-01,0.040268456375838924,0.020162058305487604
NH/Government/LPN,2024-02-01,0.013888888888888888,0.01719266198206377
NH/Government/LPN,2024-03-01,0.02702702702702703,0.036653172785328356
NH/Government/LPN,2024-04-01,0.0,0.018641793865448092
NH/Government/LPN,2024-05-01,0.019736842105263157,0.022845327891288278
NH/Government/LPN,2024-06-01,0.052980132450331126,0.03719389698084419
NH/Government/LPN,2024-07-01,0.05228758169934641,0.026426293964585693
NH/Government/LPN,2024-08-01,0.006578947368421052,0.02666856295054302
NH/Government/LPN,2024-09-01,0.031055900621118012,0.03669616562830852
NH/Government/LPN,2024-10-01,0.02142857142857143,0.02573122966097596
NH/Government/LPN,2024-11-01,0.028169014084507043,0.020322782675468845
NH/Government/LPN,2024-12-01,0.10638297872340426,0.04535046477647908
NH/Government/LPN,2025-01-01,0.01744186046511628,0.02355573591133386
NH/Government/LPN,2025-02-01,0.011695906432748537,0.020057332255088475
NH/Government/LPN,2025-03-01,0.01744186046511628,0.03897046097783632
NH/Government/RN,2022-10-01,0.004761904761904762,0.02299469911057407
NH/Government/RN,2022-11-01,0.023255813953488372,0.018453639993770345
NH/Government/RN,2022-12-01,0.04186046511627907,0.044602492420871706
NH/Government/RN,2023-01-01,0.024489795918367346,0.020628521671304655
NH/Government/RN,2023-02-01,0.012096774193548387,0.01794661450567024
NH/Government/RN,2023-03-01,0.03187250996015936,0.036924904100631366
NH/Government/RN,2023-04-01,0.02,0.018764743071053316
NH/Government/RN,2023-05-01,0.028,0.02244683129200526
NH/Government/RN,2023-06-01,0.02459016393442623,0.035487521594597365
NH/Government/RN,2023-07-01,0.024291497975708502,0.02262556430265731
NH/Government/RN,2023-08-01,0.019762845849802372,0.024478786299870235
NH/Government/RN,2023-09-01,0.024390243902439025,0.03291562668547585
NH/Government/RN,2023-10-01,0.0041841004184100415,0.019793792126847246
NH/Government/RN,2023-11-01,0.0,0.015646280471092518
NH/Government/RN,2023-12-01,0.0311284046692607,0.0425853553781354
NH/Government/RN,2024-01-01,0.0199203187250996,0.019447105903441023
NH/Government/RN,2024-02-01,0.020242914979757085,0.017648114656353173
NH/Government/RN,2024-03-01,0.012,0.037434179120527857
NH/Government/RN,2024-04-01,0.01593625498007968,0.020325398747247828
NH/Government/RN,2024-05-01,0.024,0.025194573381200965
NH/Government/RN,2024-06-01,0.05138339920948617,0.0394202324777284
NH/Government/RN,2024-07-01,0.02074688796680498,0.02750336432614544
NH/Government/RN,2024-08-01,0.028925619834710745,0.030356174884379427
NH/Government/RN,2024-09-01,0.029535864978902954,0.0398052300135273
NH/Government/RN,2024-10-01,0.039603960396039604,0.02776944530594251
NH/Government/RN,2024-11-01,0.02564102564102564,0.024285204720887032
NH/Government/RN,2024-12-01,0.14893617021276595,0.0517908384331265
NH/Government/RN,2025-01-01,0.020242914979757085,0.02763503487536788
NH/Government/RN,2025-02-01,0.011811023622047244,0.02493633598566914
NH/Government/RN,2025-03-01,0.02766798418972332,0.04404345212057668
NH/Non-Profit/CNA,2022-10-01,0.07317073170731707,0.057767225193177466
NH/Non-Profit/CNA,2022-11-01,0.03178484107579462,0.05217545807642738
NH/Non-Profit/CNA,2022-12-01,0.06537530266343826,0.07693958491525188
NH/Non-Profit/CNA,2023-01-01,0.06205250596658711,0.05499378491971371
NH/Non-Profit/CNA,2023-02-01,0.03950617283950617,0.05339233396730797
NH/Non-Profit/CNA,2023-03-01,0.07092198581560284,0.07340818497748192
NH/Non-Profit/CNA,2023-04-01,0.04926108374384237,0.05453507701347461
NH/Non-Profit/CNA,2023-05-01,0.046511627906976744,0.05816632889265246
NH/Non-Profit/CNA,2023-06-01,0.05726872246696035,0.07227602239746551
NH/Non-Profit/CNA,2023-07-01,0.061946902654867256,0.06144854009043527
NH/Non-Profit/CNA,2023-08-01,0.06444444444444444,0.06327410295483218
NH/Non-Profit/CNA,2023-09-01,0.05687203791469194,0.0731395266962014
NH/Non-Profit/CNA,2023-10-01,0.07125890736342043,0.06220099478656847
NH/Non-Profit/CNA,2023-11-01,0.07709251101321586,0.05762225480490331
NH/Non-Profit/CNA,2023-12-01,0.14655172413793102,0.08289807539811538
NH/Non-Profit/CNA,2024-01-01,0.05660377358490566,0.060488300409635654
NH/Non-Profit/CNA,2024-02-01,0.07371007371007371,0.05857039213006298
NH/Non-Profit/CNA,2024-03-01,0.07021791767554479,0.07803462601678024
NH/Non-Profit/CNA,2024-04-01,0.06279069767441861,0.05849015135634809
NH/Non-Profit/CNA,2024-05-01,0.05307855626326964,0.06124281550313797
NH/Non-Profit/CNA,2024-06-01,0.07083333333333333,0.07452484218719195
NH/Non-Profit/CNA,2024-07-01,0.07414829659318638,0.06271499587243587
NH/Non-Profit/CNA,2024-08-01,0.043568464730290454,0.06344661744220538
NH/Non-Profit/CNA,2024-09-01,0.07802874743326489,0.0724323494110459
NH/Non-Profit/CNA,2024-10-01,0.060263653483992465,0.060391163541999617
NH/Non-Profit/CNA,2024-11-01,0.053406998158379376,0.05482263075904754
NH/Non-Profit/CNA,2024-12-01,0.06296296296296296,0.07945126385256472
NH/Non-Profit/CNA,2025-01-01,0.053763440860215055,0.057363981235086875
NH/Non-Profit/CNA,2025-02-01,0.05938697318007663,0.05577992059882008
NH/Non-Profit/CNA,2025-03-01,0.07924528301886792,0.07559117849596407
NH/Non-Profit/LPN,2022-10-01,0.07462686567164178,0.05177465760857056
NH/Non-Profit/LPN,2022-11-01,0.056451612903225805,0.045663897018200464
NH/Non-Profit/LPN,2022-12-01,0.03225806451612903,0.06798886268439003
NH/Non-Profit/LPN,2023-01-01,0.06766917293233082,0.04844332553297068
NH/Non-Profit/LPN,2023-02-01,0.045454545454545456,0.04584021396505025
NH/Non-Profit/LPN,2023-03-01,0.025210084033613446,0.06485458261343448
NH/Non-Profit/LPN,2023-04-01,0.047244094488188976,0.04603463732021928
NH/Non-Profit/LPN,2023-05-01,0.047619047619047616,0.05055796866554442
NH/Non-Profit/LPN,2023-06-01,0.08943089430894309,0.06518199211281786
NH/Non-Profit/LPN,2023-07-01,0.05737704918032787,0.0515267918378272
NH/Non-Profit/LPN,2023-08-01,0.05084745762711865,0.05267831017298762
NH/Non-Profit/LPN,2023-09-01,0.05263157894736842,0.06105969599902207
NH/Non-Profit/LPN,2023-10-01,0.04424778761061947,0.049606230060837565
NH/Non-Profit/LPN,2023-11-01,0.02654867256637168,0.04397244195181443
NH/Non-Profit/LPN,2023-12-01,0.09243697478991597,0.06718897362977179
NH/Non-Profit/LPN,2024-01-01,0.03389830508474576,0.0476278377841356
NH/Non-Profit/LPN,2024-02-01,0.03333333333333333,0.04554770999052065
NH/Non-Profit/LPN,2024-03-01,0.09523809523809523,0.0651429331958151
NH/Non-Profit/LPN,2024-04-01,0.03597122302158273,0.045993494504546074
NH/Non-Profit/LPN,2024-05-01,0.06164383561643835,0.050423144159834996
NH/Non-Profit/LPN,2024-06-01,0.08333333333333333,0.06467884066726731
NH/Non-Profit/LPN,2024-07-01,0.05185185185185185,0.05064142594282923
NH/Non-Profit/LPN,2024-08-01,0.03546099290780142,0.0515701848388795
NH/Non-Profit/LPN,2024-09-01,0.043478260869565216,0.05991684717232798
NH/Non-Profit/LPN,2024-10-01,0.05517241379310345,0.04846760808559608
NH/Non-Profit/LPN,2024-11-01,0.041379310344827586,0.042761385243660535
NH/Non-Profit/LPN,2024-12-01,0.04081632653061224,0.06565949557783214
NH/Non-Profit/LPN,2025-01-01,0.060810810810810814,0.046461091149901705
NH/Non-Profit/LPN,2025-02-01,0.06206896551724138,0.04430643178590782
NH/Non-Profit/LPN,2025-03-01,0.050359712230215826,0.0634977775249273
NH/Non-Profit/RN,2022-10-01,0.04477611940298507,0.053267378219776465
NH/Non-Profit/RN,2022-11-01,0.03816793893129771,0.05028049841093585
NH/Non-Profit/RN,2022-12-01,0.08823529411764706,0.07364936512929152
NH/Non-Profit/RN,2023-01-01,0.05223880597014925,0.05055658744446849
NH/Non-Profit/RN,2023-02-01,0.04477611940298507,0.049513971608741075
NH/Non-Profit/RN,2023-03-01,0.0962962962962963,0.07213661461086682
NH/Non-Profit/RN,2023-04-01,0.022388059701492536,0.04937014064824211
NH/Non-Profit/RN,2023-05-01,0.06338028169014084,0.05452550677160315
NH/Non-Profit/RN,2023-06-01,0.051094890510948905,0.0669700845927802
NH/Non-Profit/RN,2023-07-01,0.05263157894736842,0.055769879553599876
NH/Non-Profit/RN,2023-08-01,0.07142857142857142,0.05836431284975374
NH/Non-Profit/RN,2023-09-01,0.05303030303030303,0.06579033906851658
NH/Non-Profit/RN,2023-10-01,0.0364963503649635,0.053933958599053984
NH/Non-Profit/RN,2023-11-01,0.10416666666666667,0.051342874597316415
NH/Non-Profit/RN,2023-12-01,0.1111111111111111,0.07426719903670964
NH/Non-Profit/RN,2024-01-01,0.03333333333333333,0.05046508987381226
NH/Non-Profit/RN,2024-02-01,0.024390243902439025,0.048788417590296784
NH/Non-Profit/RN,2024-03-01,0.09022556390977443,0.07115425482890522
NH/Non-Profit/RN,2024-04-01,0.03937007874015748,0.04821814908002671
NH/Non-Profit/RN,2024-05-01,0.044444444444444446,0.05296993848876832
NH/Non-Profit/RN,2024-06-01,0.050359712230215826,0.06525210242934767
NH/Non-Profit/RN,2024-07-01,0.060810810810810814,0.053791028259266044
NH/Non-Profit/RN,2024-08-01,0.06040268456375839,0.0559857966835009
NH/Non-Profit/RN,2024-09-01,0.043795620437956206,0.06318315123361448
NH/Non-Profit/RN,2024-10-01,0.06666666666666667,0.05110093504162423
NH/Non-Profit/RN,2024-11-01,0.05405405405405406,0.04790179497689373
NH/Non-Profit/RN,2024-12-01,0.0472972972972973,0.07086332120567096
NH/Non-Profit/RN,2025-01-01,0.020833333333333332,0.047871022622934675
NH/Non-Profit/RN,2025-02-01,0.05844155844155844,0.04734712722419646
NH/Non-Profit/RN,2025-03-01,0.09395973154362416,0.07029606980448533
NJ/For-Profit/CNA,2022-10-01,0.05255201849546506,0.05517821909233464
NJ/For-Profit/CNA,2022-11-01,0.04797080811676753,0.05046521350173023
NJ/For-Profit/CNA,2022-12-01,0.07646109716744352,0.07440525718219462
NJ/For-Profit/CNA,2023-01-01,0.056195965417867436,0.053275794819727905
NJ/For-Profit/CNA,2023-02-01,0.050678407763500764,0.05151649008817676
NJ/For-Profit/CNA,2023-03-01,0.08341476414675313,0.07178949652472974
NJ/For-Profit/CNA,2023-04-01,0.05369551484523057,0.05213116345696407
NJ/For-Profit/CNA,2023-05-01,0.053390282968499736,0.05519503841719391
NJ/For-Profit/CNA,2023-06-01,0.055143815069701785,0.06811333655377917
NJ/For-Profit/CNA,2023-07-01,0.051379891738397375,0.055815124635343334
NJ/For-Profit/CNA,2023-08-01,0.05530035335689046,0.05817169998903105
NJ/For-Profit/CNA,2023-09-01,0.0754365747717401,0.06748626155198102
NJ/For-Profit/CNA,2023-10-01,0.0530580909323552,0.05431330234559338
NJ/For-Profit/CNA,2023-11-01,0.05026070604325156,0.04943948261535866
NJ/For-Profit/CNA,2023-12-01,0.07746298039887016,0.07332470141561016
NJ/For-Profit/CNA,2024-01-01,0.05082592121982211,0.052098527187773025
NJ/For-Profit/CNA,2024-02-01,0.057660073751257125,0.05031002768799005
NJ/For-Profit/CNA,2024-03-01,0.07885304659498207,0.07031137007906357
NJ/For-Profit/CNA,2024-04-01,0.05358037055583375,0.05057323744030597
NJ/For-Profit/CNA,2024-05-01,0.04812701562887621,0.05342815752224726
NJ/For-Profit/CNA,2024-06-01,0.057056812632264364,0.06632100481120422
NJ/For-Profit/CNA,2024-07-01,0.051062124248496994,0.05399553401728736
NJ/For-Profit/CNA,2024-08-01,0.0563570069752695,0.056210344804954765
NJ/For-Profit/CNA,2024-09-01,0.0609516319307904,0.06531911888594658
NJ/For-Profit/CNA,2024-10-01,0.05390191239975324,0.05214792950211169
NJ/For-Profit/CNA,2024-11-01,0.04801298902118448,0.04732029315360189
NJ/For-Profit/CNA,2024-12-01,0.07000307031010132,0.07105611761515197
NJ/For-Profit/CNA,2025-01-01,0.051260439813041146,0.04981812933762413
NJ/For-Profit/CNA,2025-02-01,0.047589900535577656,0.04804948339830588
NJ/For-Profit/CNA,2025-03-01,0.05979891956782713,0.06821860650930352
NJ/For-Profit/LPN,2022-10-01,0.060199456029011784,0.060339474803366794
NJ/For-Profit/LPN,2022-11-01,0.058362210468721504,0.055776330592541445
NJ/For-Profit/LPN,2022-12-01,0.09025997803002563,0.0795466259057596
NJ/For-Profit/LPN,2023-01-01,0.06093924711144241,0.05829524342969955
NJ/For-Profit/LPN,2023-02-01,0.05426356589147287,0.056483566413652014
NJ/For-Profit/LPN,2023-03-01,0.08233369683751363,0.07672665504417626
NJ/For-Profit/LPN,2023-04-01,0.056728474389572243,0.056499852670878044
NJ/For-Profit/LPN,2023-05-01,0.051436939410580265,0.05983090193038944
NJ/For-Profit/LPN,2023-06-01,0.062351868732907934,0.07292246329671703
NJ/For-Profit/LPN,2023-07-01,0.058520426941479575,0.060874000266233484
NJ/For-Profit/LPN,2023-08-01,0.06558866279069768,0.06303927954878057
NJ/For-Profit/LPN,2023-09-01,0.07724539989069047,0.07221862532383855
NJ/For-Profit/LPN,2023-10-01,0.05490533562822719,0.059109855402371576
NJ/For-Profit/LPN,2023-11-01,0.05675213675213675,0.054546858143729976
NJ/For-Profit/LPN,2023-12-01,0.08121212121212121,0.07829905200226465
NJ/For-Profit/LPN,2024-01-01,0.05320247933884298,0.05711482384104982
NJ/For-Profit/LPN,2024-02-01,0.06133514063029481,0.05536780769018349
NJ/For-Profit/LPN,2024-03-01,0.09312977099236641,0.07572512042141255
NJ/For-Profit/LPN,2024-04-01,0.0526493990181141,0.05541848916735227
NJ/For-Profit/LPN,2024-05-01,0.05678022712090848,0.0586220529965331
NJ/For-Profit/LPN,2024-06-01,0.05870546914199699,0.071561602465292
NJ/For-Profit/LPN,2024-07-01,0.054692663582286846,0.05934226281774726
NJ/For-Profit/LPN,2024-08-01,0.057777777777777775,0.06150130053596165
NJ/For-Profit/LPN,2024-09-01,0.06862586791538834,0.07073541933388294
NJ/For-Profit/LPN,2024-10-01,0.06301587301587301,0.05780909148436736
NJ/For-Profit/LPN,2024-11-01,0.052,0.05318650135486711
NJ/For-Profit/LPN,2024-12-01,0.06763208147676639,0.07702212052201099
NJ/For-Profit/LPN,2025-01-01,0.06512210394489668,0.05608548648341141
NJ/For-Profit/LPN,2025-02-01,0.05550269584522677,0.05447934187240744
NJ/For-Profit/LPN,2025-03-01,0.07247964934251722,0.07480405972130495
NJ/For-Profit/RN,2022-10-01,0.05754738524777346,0.06430370998361593
NJ/For-Profit/RN,2022-11-01,0.05673758865248227,0.05991159076867813
NJ/For-Profit/RN,2022-12-01,0.10289017341040463,0.08458704498882641
NJ/For-Profit/RN,2023-01-01,0.07132801501642422,0.06317018957103254
NJ/For-Profit/RN,2023-02-01,0.05897556390977444,0.061038237995936134
NJ/For-Profit/RN,2023-03-01,0.09951174145547548,0.08194004330847487
NJ/For-Profit/RN,2023-04-01,0.06323185011709602,0.061353274855941456
NJ/For-Profit/RN,2023-05-01,0.06662007919869554,0.0647672794639349
NJ/For-Profit/RN,2023-06-01,0.07949497311199438,0.07829309487285357
NJ/For-Profit/RN,2023-07-01,0.05652173913043478,0.06450720628370196
NJ/For-Profit/RN,2023-08-01,0.061686746987951804,0.0663043888581889
NJ/For-Profit/RN,2023-09-01,0.08658948383984563,0.07561156543877584
NJ/For-Profit/RN,2023-10-01,0.05407303370786517,0.06177809435881321
NJ/For-Profit/RN,2023-11-01,0.051180182285580744,0.05690950871107556
NJ/For-Profit/RN,2023-12-01,0.08234473133286811,0.08115065384854833
NJ/For-Profit/RN,2024-01-01,0.055037525585626565,0.05960691526718333
NJ/For-Profit/RN,2024-02-01,0.05779569892473118,0.057470053687477575
NJ/For-Profit/RN,2024-03-01,0.09272848565710473,0.07835152965042282
NJ/For-Profit/RN,2024-04-01,0.05357142857142857,0.05763351000393815
NJ/For-Profit/RN,2024-05-01,0.05696063338464922,0.06100160395737202
NJ/For-Profit/RN,2024-06-01,0.08396436525612472,0.07461842873944526
NJ/For-Profit/RN,2024-07-01,0.05078929306794784,0.06081554323022832
NJ/For-Profit/RN,2024-08-01,0.049278019711207884,0.06252446510859887
NJ/For-Profit/RN,2024-09-01,0.06442133815551537,0.07196676375125453
NJ/For-Profit/RN,2024-10-01,0.05615982241953385,0.05848792794510462
NJ/For-Profit/RN,2024-11-01,0.05424792647388478,0.05388420039363718
NJ/For-Profit/RN,2024-12-01,0.07277987981304251,0.07837170172228217
NJ/For-Profit/RN,2025-01-01,0.060379021595416485,0.05712327536265377
NJ/For-Profit/RN,2025-02-01,0.05531914893617021,0.05519484087632198
NJ/For-Profit/RN,2025-03-01,0.07729257641921397,0.07620664771912863
NJ/Government/CNA,2022-10-01,0.0180623973727422,0.025280363817651984
NJ/Government/CNA,2022-11-01,0.019672131147540985,0.0200411424415421
NJ/Government/CNA,2022-12-01,0.08482871125611746,0.043951594494474354
NJ/Government/CNA,2023-01-01,0.012965964343598054,0.021258715947395986
NJ/Government/CNA,2023-02-01,0.013157894736842105,0.018741638853672207
NJ/Government/CNA,2023-03-01,0.023026315789473683,0.03618522831961457
NJ/Government/CNA,2023-04-01,0.014900662251655629,0.017942822539891046
NJ/Government/CNA,2023-05-01,0.018302828618968387,0.02123147183011631
NJ/Government/CNA,2023-06-01,0.016611295681063124,0.033038591754604094
NJ/Government/CNA,2023-07-01,0.024671052631578948,0.021303808570817526
NJ/Government/CNA,2023-08-01,0.02280130293159609,0.022665458443210468
NJ/Government/CNA,2023-09-01,0.03114754098360656,0.031197825278967257
NJ/Government/CNA,2023-10-01,0.031096563011456628,0.018129968148051206
NJ/Government/CNA,2023-11-01,0.011532125205930808,0.012707478603337187
NJ/Government/CNA,2023-12-01,0.024390243902439025,0.03651759427939108
NJ/Government/CNA,2024-01-01,0.014563106796116505,0.014499531823181581
NJ/Government/CNA,2024-02-01,0.025806451612903226,0.012522239816031573
NJ/Government/CNA,2024-03-01,0.006557377049180328,0.03022020397660509
NJ/Government/CNA,2024-04-01,0.02073365231259968,0.012341064615304848
NJ/Government/CNA,2024-05-01,0.027552674230145867,0.01585845178198305
NJ/Government/CNA,2024-06-01,0.013223140495867768,0.02767002079018495
NJ/Government/CNA,2024-07-01,0.01652892561983471,0.01595604816497994
NJ/Government/CNA,2024-08-01,0.013223140495867768,0.01728374852719055
NJ/Government/CNA,2024-09-01,0.022950819672131147,0.02599622245433556
NJ/Government/CNA,2024-10-01,0.008237232289950576,0.013131368816984373
NJ/Government/CNA,2024-11-01,0.009836065573770493,0.00816204380281503
NJ/Government/CNA,2024-12-01,0.025,0.032338722267322276
NJ/Government/CNA,2025-01-01,0.018145161290322582,0.010541948052259713
NJ/Government/CNA,2025-02-01,0.008264462809917356,0.00880728888793171
NJ/Government/CNA,2025-03-01,0.013201320132013201,0.026871099128499193
NJ/Government/LPN,2022-10-01,0.03636363636363636,0.03967365026790962
NJ/Government/LPN,2022-11-01,0.049773755656108594,0.03544306796484556
NJ/Government/LPN,2022-12-01,0.12093023255813953,0.05985244044363571
NJ/Government/LPN,2023-01-01,0.02857142857142857,0.03584386775312661
NJ/Government/LPN,2023-02-01,0.02926829268292683,0.03318485927186536
NJ/Government/LPN,2023-03-01,0.034482758620689655,0.05072199207027221
NJ/Government/LPN,2023-04-01,0.019230769230769232,0.0312578653114547
NJ/Government/LPN,2023-05-01,0.04186046511627907,0.03451629136935938
NJ/Government/LPN,2023-06-01,0.023809523809523808,0.04626121188713776
NJ/Government/LPN,2023-07-01,0.033816425120772944,0.03384503594848339
NJ/Government/LPN,2023-08-01,0.035,0.034585203967054445
NJ/Government/LPN,2023-09-01,0.04,0.043156025278276805
NJ/Government/LPN,2023-10-01,0.02040816326530612,0.030304229025392385
NJ/Government/LPN,2023-11-01,0.03608247422680412,0.02589813192094753
NJ/Government/LPN,2023-12-01,0.02577319587628866,0.050249377397177775
NJ/Government/LPN,2024-01-01,0.02030456852791878,0.02738562401660772
NJ/Government/LPN,2024-02-01,0.03398058252427184,0.02583196814592673
NJ/Government/LPN,2024-03-01,0.04477611940298507,0.0442981303864252
NJ/Government/LPN,2024-04-01,0.035897435897435895,0.025513244330695642
NJ/Government/LPN,2024-05-01,0.02072538860103627,0.029169758257985852
NJ/Government/LPN,2024-06-01,0.035897435897435895,0.04154360465722186
NJ/Government/LPN,2024-07-01,0.025906735751295335,0.029603536608637335
NJ/Government/LPN,2024-08-01,0.0,0.030719496237664408
NJ/Government/LPN,2024-09-01,0.02512562814070352,0.04003987934559412
NJ/Government/LPN,2024-10-01,0.03414634146341464,0.028088200128218947
NJ/Government/LPN,2024-11-01,0.015,0.02455067793227953
NJ/Government/LPN,2024-12-01,0.07246376811594203,0.0500244819665806
NJ/Government/LPN,2025-01-01,0.045714285714285714,0.02759231620297314
NJ/Government/LPN,2025-02-01,0.03571428571428571,0.02614644221645821
NJ/Government/LPN,2025-03-01,0.031578947368421054,0.044684417976515456
NJ/Government/RN,2022-10-01,0.020491803278688523,0.033197263358152346
NJ/Government/RN,2022-11-01,0.028,0.02853030339386982
NJ/Government/RN,2022-12-01,0.1220472440944882,0.05360599545460168
NJ/Government/RN,2023-01-01,0.024193548387096774,0.029306993678606272
NJ/Government/RN,2023-02-01,0.024691358024691357,0.02667589764791664
NJ/Government/RN,2023-03-01,0.024896265560165973,0.044174844256044704
NJ/Government/RN,2023-04-01,0.03278688524590164,0.025995933290444095
NJ/Government/RN,2023-05-01,0.025423728813559324,0.028281581370467736
NJ/Government/RN,2023-06-01,0.02066115702479339,0.04013771589630555
NJ/Government/RN,2023-07-01,0.016666666666666666,0.02685490247695152
NJ/Government/RN,2023-08-01,0.03017241379310345,0.02889349099617497
NJ/Government/RN,2023-09-01,0.034334763948497854,0.037525981949755136
NJ/Government/RN,2023-10-01,0.0211864406779661,0.02405091480436937
NJ/Government/RN,2023-11-01,0.02553191489361702,0.019224406342829133
NJ/Government/RN,2023-12-01,0.03463203463203463,0.04407859065494729
NJ/Government/RN,2024-01-01,0.004405286343612335,0.02056168700852839
NJ/Government/RN,2024-02-01,0.01702127659574468,0.018788082039434557
NJ/Government/RN,2024-03-01,0.029535864978902954,0.03720425387276765
NJ/Government/RN,2024-04-01,0.029914529914529916,0.019915591353682767
NJ/Government/RN,2024-05-01,0.02564102564102564,0.02300246057785498
NJ/Government/RN,2024-06-01,0.034934497816593885,0.035549750364375944
NJ/Government/RN,2024-07-01,0.009009009009009009,0.022625969001589752
NJ/Government/RN,2024-08-01,0.013392857142857142,0.025029265408520074
NJ/Government/RN,2024-09-01,0.03508771929824561,0.034263872961277704
NJ/Government/RN,2024-10-01,0.030837004405286344,0.021374579035445852
NJ/Government/RN,2024-11-01,0.01762114537444934,0.01700490454773816
NJ/Government/RN,2024-12-01,0.04329004329004329,0.042364803489731644
NJ/Government/RN,2025-01-01,0.03225806451612903,0.01915846017296155
NJ/Government/RN,2025-02-01,0.017699115044247787,0.017393347661130383
NJ/Government/RN,2025-03-01,0.017937219730941704,0.035855564254457316
NJ/Non-Profit/CNA,2022-10-01,0.03409726103968697,0.040713291645616725
NJ/Non-Profit/CNA,2022-11-01,0.029379157427937917,0.03576427095887852
NJ/Non-Profit/CNA,2022-12-01,0.09715242881072027,0.06151604794503253
NJ/Non-Profit/CNA,2023-01-01,0.03223981900452489,0.03771187662891989
NJ/Non-Profit/CNA,2023-02-01,0.024705221785513758,0.03504072931107339
NJ/Non-Profit/CNA,2023-03-01,0.05030071077091307,0.0558014656077936
NJ/Non-Profit/CNA,2023-04-01,0.024471635150166853,0.03532816381228936
NJ/Non-Profit/CNA,2023-05-01,0.03589177250138045,0.039349560158354606
NJ/Non-Profit/CNA,2023-06-01,0.06526548672566372,0.05295747379366742
NJ/Non-Profit/CNA,2023-07-01,0.030236393622869707,0.039738353038111005
NJ/Non-Profit/CNA,2023-08-01,0.040415073730202075,0.041891377616857364
NJ/Non-Profit/CNA,2023-09-01,0.03827227993439038,0.05068155574810741
NJ/Non-Profit/CNA,2023-10-01,0.0457516339869281,0.037837970963151925
NJ/Non-Profit/CNA,2023-11-01,0.031771674744211095,0.03293393685841596
NJ/Non-Profit/CNA,2023-12-01,0.06764866339334424,0.058681256666081365
NJ/Non-Profit/CNA,2024-01-01,0.03536452665941241,0.03523599837067713
NJ/Non-Profit/CNA,2024-02-01,0.01894150417827298,0.032910090025427344
NJ/Non-Profit/CNA,2024-03-01,0.07467532467532467,0.054008291928423886
NJ/Non-Profit/CNA,2024-04-01,0.02961038961038961,0.03364443241884631
NJ/Non-Profit/CNA,2024-05-01,0.036654620547238,0.03765320156979958
NJ/Non-Profit/CNA,2024-06-01,0.04069119286510591,0.051199991451236375
NJ/Non-Profit/CNA,2024-07-01,0.032192130812468064,0.03814732311085486
NJ/Non-Profit/CNA,2024-08-01,0.036391594054331115,0.04050417721585041
NJ/Non-Profit/CNA,2024-09-01,0.05609382967873534,0.04943042090387201
NJ/Non-Profit/CNA,2024-10-01,0.03121852970795569,0.036506614632351386
NJ/Non-Profit/CNA,2024-11-01,0.03128153380423814,0.031644141872940415
NJ/Non-Profit/CNA,2024-12-01,0.07222787385554426,0.05746374858392382
NJ/Non-Profit/CNA,2025-01-01,0.027548209366391185,0.034110632621304586
NJ/Non-Profit/CNA,2025-02-01,0.03160762942779292,0.03193590427583109
NJ/Non-Profit/CNA,2025-03-01,0.04823151125401929,0.05293647904059938
NJ/Non-Profit/LPN,2022-10-01,0.043859649122807015,0.04507565945046124
NJ/Non-Profit/LPN,2022-11-01,0.03869047619047619,0.04044429734440778
NJ/Non-Profit/LPN,2022-12-01,0.09422492401215805,0.0652862220740758
NJ/Non-Profit/LPN,2023-01-01,0.03389830508474576,0.041815142788464946
NJ/Non-Profit/LPN,2023-02-01,0.01732283464566929,0.03838442594509299
NJ/Non-Profit/LPN,2023-03-01,0.05740181268882175,0.06042151482866327
NJ/Non-Profit/LPN,2023-04-01,0.027649769585253458,0.0396881715933652
NJ/Non-Profit/LPN,2023-05-01,0.03288490284005979,0.04337667012029594
NJ/Non-Profit/LPN,2023-06-01,0.06485671191553545,0.057254241522060954
NJ/Non-Profit/LPN,2023-07-01,0.03483309143686502,0.04483067099915702
NJ/Non-Profit/LPN,2023-08-01,0.05689900426742532,0.048025746819818985
NJ/Non-Profit/LPN,2023-09-01,0.04154727793696275,0.055288077568570106
NJ/Non-Profit/LPN,2023-10-01,0.05367231638418079,0.04352505525870716
NJ/Non-Profit/LPN,2023-11-01,0.04397163120567376,0.03918198621302346
NJ/Non-Profit/LPN,2023-12-01,0.06149341142020498,0.06431976553567018
NJ/Non-Profit/LPN,2024-01-01,0.045845272206303724,0.041461478281793654
NJ/Non-Profit/LPN,2024-02-01,0.02335766423357664,0.03845169712745853
NJ/Non-Profit/LPN,2024-03-01,0.09243697478991597,0.06096061319853063
NJ/Non-Profit/LPN,2024-04-01,0.03337969401947149,0.040085491269334084
NJ/Non-Profit/LPN,2024-05-01,0.03234880450070324,0.04363651609205884
NJ/Non-Profit/LPN,2024-06-01,0.03982300884955752,0.05741613765662063
NJ/Non-Profit/LPN,2024-07-01,0.049723756906077346,0.04507015049486618
NJ/Non-Profit/LPN,2024-08-01,0.06275579809004093,0.04833493575703456
NJ/Non-Profit/LPN,2024-09-01,0.041379310344827586,0.05568094638860087
NJ/Non-Profit/LPN,2024-10-01,0.038926174496644296,0.043957992929958126
NJ/Non-Profit/LPN,2024-11-01,0.04249667994687915,0.03977844354289326
NJ/Non-Profit/LPN,2024-12-01,0.09491978609625669,0.06507674856218762
NJ/Non-Profit/LPN,2025-01-01,0.03907380607814761,0.042045310802297245
NJ/Non-Profit/LPN,2025-02-01,0.02844950213371266,0.03895422449417776
NJ/Non-Profit/LPN,2025-03-01,0.06142857142857143,0.06128011460785203
NJ/Non-Profit/RN,2022-10-01,0.027315914489311165,0.04076461436819343
NJ/Non-Profit/RN,2022-11-01,0.023142509135200974,0.03594664468376214
NJ/Non-Profit/RN,2022-12-01,0.12102689486552567,0.06277038364617314
NJ/Non-Profit/RN,2023-01-01,0.028503562945368172,0.03803562545017878
NJ/Non-Profit/RN,2023-02-01,0.03423848878394333,0.03615463222257413
NJ/Non-Profit/RN,2023-03-01,0.05076741440377804,0.05581186985034954
NJ/Non-Profit/RN,2023-04-01,0.02491103202846975,0.03586313165443401
NJ/Non-Profit/RN,2023-05-01,0.027906976744186046,0.03888094769008097
NJ/Non-Profit/RN,2023-06-01,0.09090909090909091,0.05340885915548693
NJ/Non-Profit/RN,2023-07-01,0.02883506343713956,0.03903956675020985
NJ/Non-Profit/RN,2023-08-01,0.03436426116838488,0.040598951406781617
NJ/Non-Profit/RN,2023-09-01,0.029850746268656716,0.049103624279449615
NJ/Non-Profit/RN,2023-10-01,0.0335195530726257,0.03574723628368126
NJ/Non-Profit/RN,2023-11-01,0.029900332225913623,0.03083727878651546
NJ/Non-Profit/RN,2023-12-01,0.057777777777777775,0.05735879787549937
NJ/Non-Profit/RN,2024-01-01,0.021372328458942633,0.033278508448047875
NJ/Non-Profit/RN,2024-02-01,0.030133928571428572,0.0319904444318907
NJ/Non-Profit/RN,2024-03-01,0.07335490830636461,0.05223708652723717
NJ/Non-Profit/RN,2024-04-01,0.04670912951167728,0.03247342918215029
NJ/Non-Profit/RN,2024-05-01,0.03007518796992481,0.03540694696038692
NJ/Non-Profit/RN,2024-06-01,0.03755868544600939,0.04960157577864494
NJ/Non-Profit/RN,2024-07-01,0.035218783351120594,0.03569330880535576
NJ/Non-Profit/RN,2024-08-01,0.03167898627243928,0.03752771892195211
NJ/Non-Profit/RN,2024-09-01,0.04909284951974386,0.04627210705136871
NJ/Non-Profit/RN,2024-10-01,0.02620545073375262,0.032907438948946786
NJ/Non-Profit/RN,2024-11-01,0.017671517671517672,0.028076996948039293
NJ/Non-Profit/RN,2024-12-01,0.07112970711297072,0.05487969968595178
NJ/Non-Profit/RN,2025-01-01,0.036026200873362446,0.03077813714152359
NJ/Non-Profit/RN,2025-02-01,0.02768549280177187,0.029248405027890327
NJ/Non-Profit/RN,2025-03-01,0.034403669724770644,0.04935497673919953
NM/For-Profit/CNA,2022-10-01,0.08517188301693177,0.08503486931634603
NM/For-Profit/CNA,2022-11-01,0.08952187182095625,0.08056449800673546
NM/For-Profit/CNA,2022-12-01,0.11710323574730354,0.10447624639683924
NM/For-Profit/CNA,2023-01-01,0.07885484681064792,0.08370369356037088
NM/For-Profit/CNA,2023-02-01,0.09990059642147117,0.08296752678847823
NM/For-Profit/CNA,2023-03-01,0.2071599045346062,0.10487151679407183
NM/For-Profit/CNA,2023-04-01,0.07783578547698149,0.08165370338240104
NM/For-Profit/CNA,2023-05-01,0.07297551789077213,0.08393269343608989
NM/For-Profit/CNA,2023-06-01,0.10528778661675246,0.09688670245258225
NM/For-Profit/CNA,2023-07-01,0.07837713231904103,0.08239266572018913
NM/For-Profit/CNA,2023-08-01,0.08806173399909215,0.08327239178301041
NM/For-Profit/CNA,2023-09-01,0.08513575701794754,0.09074303523356667
NM/For-Profit/CNA,2023-10-01,0.06583793738489871,0.07706166357479105
NM/For-Profit/CNA,2023-11-01,0.05560747663551402,0.0710460227708051
NM/For-Profit/CNA,2023-12-01,0.05961182994454713,0.09378415024487777
NM/For-Profit/CNA,2024-01-01,0.06414922656960874,0.07251332026324894
NM/For-Profit/CNA,2024-02-01,0.06629578117756142,0.07118333459172331
NM/For-Profit/CNA,2024-03-01,0.08024118738404452,0.09293314034267897
NM/For-Profit/CNA,2024-04-01,0.07510431154381085,0.07094726971630165
NM/For-Profit/CNA,2024-05-01,0.07315936626281454,0.07437264297131949
NM/For-Profit/CNA,2024-06-01,0.08976744186046512,0.08837931332851996
NM/For-Profit/CNA,2024-07-01,0.06961429915333961,0.07504299565244635
NM/For-Profit/CNA,2024-08-01,0.06612749762131304,0.07714970327942641
NM/For-Profit/CNA,2024-09-01,0.07743785850860421,0.08610146088444412
NM/For-Profit/CNA,2024-10-01,0.08286252354048965,0.07386984902916977
NM/For-Profit/CNA,2024-11-01,0.06635514018691589,0.06896790568908998
NM/For-Profit/CNA,2024-12-01,0.098531501657982,0.09271003167567082
NM/For-Profit/CNA,2025-01-01,0.07732949087415947,0.07187378193174317
NM/For-Profit/CNA,2025-02-01,0.07780979827089338,0.07082048476078985
NM/For-Profit/CNA,2025-03-01,0.08099094807050977,0.09268598340484448
NM/For-Profit/LPN,2022-10-01,0.08450704225352113,0.09122391904459023
NM/For-Profit/LPN,2022-11-01,0.07624113475177305,0.08614262890669949
NM/For-Profit/LPN,2022-12-01,0.14385964912280702,0.1118042118015161
NM/For-Profit/LPN,2023-01-01,0.0782608695652174,0.09032050901044442
NM/For-Profit/LPN,2023-02-01,0.12014134275618374,0.0896594830981366
NM/For-Profit/LPN,2023-03-01,0.24253075571177504,0.11287508602122968
NM/For-Profit/LPN,2023-04-01,0.08029197080291971,0.0889076974500396
NM/For-Profit/LPN,2023-05-01,0.07092198581560284,0.09018860245157445
NM/For-Profit/LPN,2023-06-01,0.0979381443298969,0.10272479487791347
NM/For-Profit/LPN,2023-07-01,0.07439446366782007,0.08900818519572747
NM/For-Profit/LPN,2023-08-01,0.09166666666666666,0.09005018456717388
NM/For-Profit/LPN,2023-09-01,0.10304054054054054,0.09826028732351991
NM/For-Profit/LPN,2023-10-01,0.07452339688041594,0.0843116294720368
NM/For-Profit/LPN,2023-11-01,0.06565656565656566,0.07764480744626767
NM/For-Profit/LPN,2023-12-01,0.08809135399673736,0.10168285581355288
NM/For-Profit/LPN,2024-01-01,0.08429752066115702,0.07928522535989993
NM/For-Profit/LPN,2024-02-01,0.05583756345177665,0.07732861660681764
NM/For-Profit/LPN,2024-03-01,0.07704918032786885,0.10004196384383797
NM/For-Profit/LPN,2024-04-01,0.09539473684210527,0.07765910669930681
NM/For-Profit/LPN,2024-05-01,0.07166666666666667,0.08010458366445698
NM/For-Profit/LPN,2024-06-01,0.08445945945945946,0.09378633403132858
NM/For-Profit/LPN,2024-07-01,0.08488964346349745,0.08118374108926084
NM/For-Profit/LPN,2024-08-01,0.06993006993006994,0.08309801668577323
NM/For-Profit/LPN,2024-09-01,0.09278350515463918,0.09248928649835794
NM/For-Profit/LPN,2024-10-01,0.0979381443298969,0.07969409036188571
NM/For-Profit/LPN,2024-11-01,0.06984667802385008,0.07372495315257473
NM/For-Profit/LPN,2024-12-01,0.09013605442176871,0.09842734780805235
NM/For-Profit/LPN,2025-01-01,0.07859531772575251,0.07659436831048147
NM/For-Profit/LPN,2025-02-01,0.06996587030716724,0.07535338070741554
NM/For-Profit/LPN,2025-03-01,0.09586776859504133,0.09849791661504848
NM/For-Profit/RN,2022-10-01,0.06938775510204082,0.08643221048679842
NM/For-Profit/RN,2022-11-01,0.0872210953346856,0.08190741012869973
NM/For-Profit/RN,2022-12-01,0.1148936170212766,0.10553436404867643
NM/For-Profit/RN,2023-01-01,0.07889125799573561,0.08544390776059407
NM/For-Profit/RN,2023-02-01,0.09465020576131687,0.08415677781612212
NM/For-Profit/RN,2023-03-01,0.19322709163346613,0.107456316950193
NM/For-Profit/RN,2023-04-01,0.07984031936127745,0.08486984537490541
NM/For-Profit/RN,2023-05-01,0.06,0.08737711009167118
NM/For-Profit/RN,2023-06-01,0.13443830570902393,0.10220268679808364
NM/For-Profit/RN,2023-07-01,0.06859205776173286,0.08748545722309053
NM/For-Profit/RN,2023-08-01,0.07958477508650519,0.08874796173625223
NM/For-Profit/RN,2023-09-01,0.10086956521739131,0.0981237469408753
NM/For-Profit/RN,2023-10-01,0.09168081494057725,0.08533376068668395
NM/For-Profit/RN,2023-11-01,0.0735042735042735,0.0796908682280492
NM/For-Profit/RN,2023-12-01,0.06914893617021277,0.10229881364210243
NM/For-Profit/RN,2024-01-01,0.0831889081455806,0.0818366850331593
NM/For-Profit/RN,2024-02-01,0.07785467128027682,0.08002362287805995
NM/For-Profit/RN,2024-03-01,0.08576329331046312,0.10292967772696261
NM/For-Profit/RN,2024-04-01,0.08443708609271523,0.08131122407128986
NM/For-Profit/RN,2024-05-01,0.0926517571884984,0.08478164598306509
NM/For-Profit/RN,2024-06-01,0.10272873194221509,0.10011990047977236
NM/For-Profit/RN,2024-07-01,0.09151414309484193,0.08616956978367213
NM/For-Profit/RN,2024-08-01,0.06937394247038917,0.08801233320715196
NM/For-Profit/RN,2024-09-01,0.09899328859060402,0.09808196671347179
NM/For-Profit/RN,2024-10-01,0.1092436974789916,0.08594209644450092
NM/For-Profit/RN,2024-11-01,0.08333333333333333,0.0807284241810227
NM/For-Profit/RN,2024-12-01,0.10409556313993173,0.10384813823613512
NM/For-Profit/RN,2025-01-01,0.08247422680412371,0.08321504357828789
NM/For-Profit/RN,2025-02-01,0.06451612903225806,0.08135718205109614
NM/For-Profit/RN,2025-03-01,0.11844331641285956,0.10436981727873053
NM/Government/CNA,2022-10-01,0.0,0.036119591458615104
NM/Government/CNA,2022-11-01,0.06837606837606838,0.033894033663094646
NM/Government/CNA,2022-12-01,0.034782608695652174,0.05447632581199652
NM/Government/CNA,2023-01-01,0.034782608695652174,0.03503540748837439
NM/Government/CNA,2023-02-01,0.00847457627118644,0.03203331342474827
NM/Government/CNA,2023-03-01,0.008620689655172414,0.05064369197839089
NM/Government/CNA,2023-04-01,0.024390243902439025,0.03497280715383752
NM/Government/CNA,2023-05-01,0.04819277108433735,0.04064741792542077
NM/Government/CNA,2023-06-01,0.07926829268292683,0.05612371720262016
NM/Government/CNA,2023-07-01,0.05042016806722689,0.04227303972436688
NM/Government/CNA,2023-08-01,0.09401709401709402,0.046530194284677834
NM/Government/CNA,2023-09-01,0.05504587155963303,0.052839301876125934
NM/Government/CNA,2023-10-01,0.02830188679245283,0.03915387972600189
NM/Government/CNA,2023-11-01,0.05357142857142857,0.03665149944829603
NM/Government/CNA,2023-12-01,0.027522935779816515,0.057235390307612204
NM/Government/CNA,2024-01-01,0.06,0.03780700637546964
NM/Government/CNA,2024-02-01,0.032679738562091505,0.03464864137838143
NM/Government/CNA,2024-03-01,0.02040816326530612,0.05281653961440081
NM/Government/CNA,2024-04-01,0.04827586206896552,0.03658727825770819
NM/Government/CNA,2024-05-01,0.06802721088435375,0.041277614677729446
NM/Government/CNA,2024-06-01,0.10294117647058823,0.055635839229666494
NM/Government/CNA,2024-07-01,0.038461538461538464,0.04029884661602762
NM/Government/CNA,2024-08-01,0.056074766355140186,0.043062775759724864
NM/Government/CNA,2024-09-01,0.027522935779816515,0.048575336450159885
NM/Government/CNA,2024-10-01,0.046296296296296294,0.03442837368856726
NM/Government/CNA,2024-11-01,0.01904761904761905,0.03109007846084071
NM/Government/CNA,2024-12-01,0.047619047619047616,0.051070302677078155
NM/Government/CNA,2025-01-01,0.007407407407407408,0.030843969470535814
NM/Government/CNA,2025-02-01,0.014492753623188406,0.027415954431448432
NM/Government/CNA,2025-03-01,0.024242424242424242,0.045541866712208015
NM/Government/RN,2022-10-01,0.046511627906976744,0.02714006171338186
NM/Government/RN,2022-11-01,0.0,0.018492139133874125
NM/Government/RN,2022-12-01,0.0,0.04265248486932728
NM/Government/RN,2023-01-01,0.02127659574468085,0.022051202630731452
NM/Government/RN,2023-02-01,0.0,0.02035095527406822
NM/Government/RN,2023-03-01,0.0,0.041773059646592586
NM/Government/RN,2023-04-01,0.03333333333333333,0.022832764865951465
NM/Government/RN,2023-05-01,0.03389830508474576,0.028557421541150756
NM/Government/RN,2023-06-01,0.13559322033898305,0.04376155439599012
NM/Government/RN,2023-07-01,0.0,0.027142418130764907
NM/Government/RN,2023-08-01,0.0,0.030016013792236177
NM/Government/RN,2023-09-01,0.0,0.037500120257994984
NM/Government/RN,2023-10-01,0.05555555555555555,0.028223768411910235
NM/Government/RN,2023-11-01,0.0,0.020674456263791576
NM/Government/RN,2023-12-01,0.03636363636363636,0.04588975480442517
NM/Government/RN,2024-01-01,0.016129032258064516,0.02590791550493827
NM/Government/RN,2024-02-01,0.03125,0.025005179677590098
NM/Government/RN,2024-03-01,0.0967741935483871,0.04697667286260049
NM/Government/RN,2024-04-01,0.01818181818181818,0.027349941036741085
NM/Government/RN,2024-05-01,0.07017543859649122,0.03261110466698705
NM/Government/RN,2024-06-01,0.03636363636363636,0.04694225484516529
NM/Government/RN,2024-07-01,0.02127659574468085,0.030690912766208583
NM/Government/RN,2024-08-01,0.061224489795918366,0.03372707829905437
NM/Government/RN,2024-09-01,0.022222222222222223,0.040680598924360926
NM/Government/RN,2024-10-01,0.023809523809523808,0.030582661065559045
NM/Government/RN,2024-11-01,0.0,0.022729385624869005
NM/Government/RN,2024-12-01,0.06976744186046512,0.0475928424027464
NM/Government/RN,2025-01-01,0.019230769230769232,0.026825016062271285
NM/Government/RN,2025-02-01,0.02040816326530612,0.025037420497863578
NM/Government/RN,2025-03-01,0.05555555555555555,0.046386735262120324
NM/Non-Profit/CNA,2022-10-01,0.06306306306306306,0.06901436922981857
NM/Non-Profit/CNA,2022-11-01,0.05963302752293578,0.06409438861016535
NM/Non-Profit/CNA,2022-12-01,0.04504504504504504,0.08916211680691757
NM/Non-Profit/CNA,2023-01-01,0.09090909090909091,0.06814178322456156
NM/Non-Profit/CNA,2023-02-01,0.05069124423963134,0.06552140262239797
NM/Non-Profit/CNA,2023-03-01,0.06896551724137931,0.08611786078318465
NM/Non-Profit/CNA,2023-04-01,0.06607929515418502,0.06819667476996069
NM/Non-Profit/CNA,2023-05-01,0.09623430962343096,0.07392531268995611
NM/Non-Profit/CNA,2023-06-01,0.06276150627615062,0.08639742019237791
NM/Non-Profit/CNA,2023-07-01,0.11428571428571428,0.07722046999900103
NM/Non-Profit/CNA,2023-08-01,0.061946902654867256,0.07808002101115713
NM/Non-Profit/CNA,2023-09-01,0.1016949152542373,0.08817396085060851
NM/Non-Profit/CNA,2023-10-01,0.0743801652892562,0.07712788564508452
NM/Non-Profit/CNA,2023-11-01,0.10330578512396695,0.07260232721913475
NM/Non-Profit/CNA,2023-12-01,0.10775862068965517,0.0975936665742468
NM/Non-Profit/CNA,2024-01-01,0.07727272727272727,0.07577952885205946
NM/Non-Profit/CNA,2024-02-01,0.0639269406392694,0.0727337578221456
NM/Non-Profit/CNA,2024-03-01,0.08333333333333333,0.09270352709499213
NM/Non-Profit/CNA,2024-04-01,0.06074766355140187,0.0740639761439834
NM/Non-Profit/CNA,2024-05-01,0.06818181818181818,0.07911016289603107
NM/Non-Profit/CNA,2024-06-01,0.06726457399103139,0.0914336740854096
NM/Non-Profit/CNA,2024-07-01,0.0761904761904762,0.08225029874000644
NM/Non-Profit/CNA,2024-08-01,0.0761904761904762,0.08363745934362138
NM/Non-Profit/CNA,2024-09-01,0.07177033492822966,0.09418477167227017
NM/Non-Profit/CNA,2024-10-01,0.11914893617021277,0.08389026228410765
NM/Non-Profit/CNA,2024-11-01,0.06912442396313365,0.07971119638042301
NM/Non-Profit/CNA,2024-12-01,0.1889400921658986,0.10559089022297242
NM/Non-Profit/CNA,2025-01-01,0.08374384236453201,0.08358422161651555
NM/Non-Profit/CNA,2025-02-01,0.0784313725490196,0.08035885228047288
NM/Non-Profit/CNA,2025-03-01,0.0990990990990991,0.10026787928520751
NM/Non-Profit/LPN,2022-10-01,0.1388888888888889,0.08895812443659576
NM/Non-Profit/LPN,2022-11-01,0.06060606060606061,0.08318650867948432
NM/Non-Profit/LPN,2022-12-01,0.10810810810810811,0.10961163778601499
NM/Non-Profit/LPN,2023-01-01,0.058823529411764705,0.0860559952315538
NM/Non-Profit/LPN,2023-02-01,0.0,0.07939259262074184
NM/Non-Profit/LPN,2023-03-01,0.05263157894736842,0.10664079939206503
NM/Non-Profit/LPN,2023-04-01,0.1388888888888889,0.09272592524133838
NM/Non-Profit/LPN,2023-05-01,0.08108108108108109,0.09466393272040274
NM/Non-Profit/LPN,2023-06-01,0.1111111111111111,0.10925245065057798
NM/Non-Profit/LPN,2023-07-01,0.15384615384615385,0.10200740923809629
NM/Non-Profit/LPN,2023-08-01,0.16279069767441862,0.10360852396161557
NM/Non-Profit/LPN,2023-09-01,0.18604651162790697,0.11396905100784865
NM/Non-Profit/LPN,2023-10-01,0.05128205128205128,0.09909123505325379
NM/Non-Profit/LPN,2023-11-01,0.10256410256410256,0.09342987481829804
NM/Non-Profit/LPN,2023-12-01,0.10810810810810811,0.11966792133656434
NM/Non-Profit/LPN,2024-01-01,0.08571428571428572,0.09602914776367451
NM/Non-Profit/LPN,2024-02-01,0.0,0.08895908717610378
NM/Non-Profit/LPN,2024-03-01,0.15151515151515152,0.11611731645242089
NM/Non-Profit/LPN,2024-04-01,0.15151515151515152,0.10060421060767563
NM/Non-Profit/LPN,2024-05-01,0.0967741935483871,0.10116932326242467
NM/Non-Profit/LPN,2024-06-01,0.06896551724137931,0.11415037983294293
NM/Non-Profit/LPN,2024-07-01,0.12,0.10586496988407113
NM/Non-Profit/LPN,2024-08-01,0.06666666666666667,0.10707914818911196
NM/Non-Profit/LPN,2024-09-01,0.10344827586206896,0.11827686925138109
NM/Non-Profit/LPN,2024-10-01,0.11627906976744186,0.10543034530161742
NM/Non-Profit/LPN,2024-11-01,0.1,0.1010135525468383
NM/Non-Profit/LPN,2024-12-01,0.21052631578947367,0.1286136985252766
NM/Non-Profit/LPN,2025-01-01,0.1282051282051282,0.10516554111513701
NM/Non-Profit/LPN,2025-02-01,0.07317073170731707,0.09787593856409214
NM/Non-Profit/LPN,2025-03-01,0.13636363636363635,0.12381855131725067
NM/Non-Profit/RN,2022-10-01,0.11267605633802817,0.09433730611692065
NM/Non-Profit/RN,2022-11-01,0.05333333333333334,0.08849390619712852
NM/Non-Profit/RN,2022-12-01,0.06172839506172839,0.11203718405235025
NM/Non-Profit/RN,2023-01-01,0.136986301369863,0.09298249234656517
NM/Non-Profit/RN,2023-02-01,0.09836065573770492,0.0947391723790183
NM/Non-Profit/RN,2023-03-01,0.15384615384615385,0.1138556178708244
NM/Non-Profit/RN,2023-04-01,0.14285714285714285,0.09654668873582883
NM/Non-Profit/RN,2023-05-01,0.08955223880597014,0.10023777841348586
NM/Non-Profit/RN,2023-06-01,0.16417910447761194,0.1135932251158508
NM/Non-Profit/RN,2023-07-01,0.14084507042253522,0.09867420570515169
NM/Non-Profit/RN,2023-08-01,0.09230769230769231,0.09792446020044712
NM/Non-Profit/RN,2023-09-01,0.09375,0.10509225014516638
NM/Non-Profit/RN,2023-10-01,0.11940298507462686,0.09335409393797447
NM/Non-Profit/RN,2023-11-01,0.04838709677419355,0.08559641180401609
NM/Non-Profit/RN,2023-12-01,0.1,0.1072689269256891
NM/Non-Profit/RN,2024-01-01,0.06896551724137931,0.08585542786446665
NM/Non-Profit/RN,2024-02-01,0.11666666666666667,0.08599164180524801
NM/Non-Profit/RN,2024-03-01,0.03278688524590164,0.10317649005137955
NM/Non-Profit/RN,2024-04-01,0.09090909090909091,0.08536879727982762
NM/Non-Profit/RN,2024-05-01,0.15384615384615385,0.08913179991634218
NM/Non-Profit/RN,2024-06-01,0.11290322580645161,0.10158585788467615
NM/Non-Profit/RN,2024-07-01,0.05357142857142857,0.08616682811708679
NM/Non-Profit/RN,2024-08-01,0.05555555555555555,0.08605281824879657
NM/Non-Profit/RN,2024-09-01,0.057692307692307696,0.09421150732788988
NM/Non-Profit/RN,2024-10-01,0.06153846153846154,0.08373097973346266
NM/Non-Profit/RN,2024-11-01,0.12857142857142856,0.0778648063441724
NM/Non-Profit/RN,2024-12-01,0.1,0.10023423835143058
NM/Non-Profit/RN,2025-01-01,0.016666666666666666,0.07941304767829595
NM/Non-Profit/RN,2025-02-01,0.09375,0.08079868166532023
NM/Non-Profit/RN,2025-03-01,0.12307692307692308,0.09945039405317879
NV/For-Profit/CNA,2022-10-01,0.11497797356828193,0.08979541448700587
NV/For-Profit/CNA,2022-11-01,0.10437556973564266,0.0849276428476993
NV/For-Profit/CNA,2022-12-01,0.12596401028277635,0.10823221281300117
NV/For-Profit/CNA,2023-01-01,0.10056350238404854,0.08749314155121067
NV/For-Profit/CNA,2023-02-01,0.08147174770039421,0.08502861024318062
NV/For-Profit/CNA,2023-03-01,0.10287891617273497,0.10464255193694913
NV/For-Profit/CNA,2023-04-01,0.09521812080536912,0.08468500253463052
NV/For-Profit/CNA,2023-05-01,0.08513289036544851,0.08779033662643407
NV/For-Profit/CNA,2023-06-01,0.08959537572254335,0.10021079931180868
NV/For-Profit/CNA,2023-07-01,0.09868682849184242,0.08853923848573786
NV/For-Profit/CNA,2023-08-01,0.09766706207987347,0.08926883603134794
NV/For-Profit/CNA,2023-09-01,0.089540412044374,0.0976782623597979
NV/For-Profit/CNA,2023-10-01,0.08438985736925515,0.08469172880841644
NV/For-Profit/CNA,2023-11-01,0.07202881152460984,0.07914190665246897
NV/For-Profit/CNA,2023-12-01,0.08805790108564536,0.10212966014391708
NV/For-Profit/CNA,2024-01-01,0.07756232686980609,0.08151367766834478
NV/For-Profit/CNA,2024-02-01,0.07753164556962025,0.07928564409996135
NV/For-Profit/CNA,2024-03-01,0.12124711316397228,0.09927121897887749
NV/For-Profit/CNA,2024-04-01,0.075,0.07928772731325442
NV/For-Profit/CNA,2024-05-01,0.08505154639175258,0.08270821388152427
NV/For-Profit/CNA,2024-06-01,0.0886415963161934,0.09521058422568593
NV/For-Profit/CNA,2024-07-01,0.09606824925816024,0.08359450805102486
NV/For-Profit/CNA,2024-08-01,0.07837338262476895,0.08429643905393458
NV/For-Profit/CNA,2024-09-01,0.09795918367346938,0.09296953509444321
NV/For-Profit/CNA,2024-10-01,0.06743238236383846,0.07990526838294544
NV/For-Profit/CNA,2024-11-01,0.06429906542056074,0.07456317309124744
NV/For-Profit/CNA,2024-12-01,0.08022388059701492,0.09780799568759538
NV/For-Profit/CNA,2025-01-01,0.08214676889375684,0.07756479020416207
NV/For-Profit/CNA,2025-02-01,0.08778901734104046,0.07565902761897253
NV/For-Profit/CNA,2025-03-01,0.08287495416208288,0.09556918356587946
NV/For-Profit/LPN,2022-10-01,0.07076350093109869,0.0737855995461481
NV/For-Profit/LPN,2022-11-01,0.07188940092165899,0.06903345139036046
NV/For-Profit/LPN,2022-12-01,0.1232876712328767,0.09208106226226599
NV/For-Profit/LPN,2023-01-01,0.0706618962432916,0.0710376823341891
NV/For-Profit/LPN,2023-02-01,0.0603290676416819,0.07020876983393268
NV/For-Profit/LPN,2023-03-01,0.1002661934338953,0.08960293716497389
NV/For-Profit/LPN,2023-04-01,0.08098591549295775,0.07012051183435888
NV/For-Profit/LPN,2023-05-01,0.07904085257548846,0.07377186182460967
NV/For-Profit/LPN,2023-06-01,0.07104795737122557,0.08560115314867565
NV/For-Profit/LPN,2023-07-01,0.06573181419807186,0.07366360896072983
NV/For-Profit/LPN,2023-08-01,0.08585858585858586,0.07609105293569693
NV/For-Profit/LPN,2023-09-01,0.07154882154882154,0.08420652221005097
NV/For-Profit/LPN,2023-10-01,0.09398186314921682,0.07219502299137412
NV/For-Profit/LPN,2023-11-01,0.07112616426756986,0.0667689091504509
NV/For-Profit/LPN,2023-12-01,0.061418685121107264,0.08915739265021948
NV/For-Profit/LPN,2024-01-01,0.059082892416225746,0.06832860304060966
NV/For-Profit/LPN,2024-02-01,0.06550218340611354,0.06771891123279845
NV/For-Profit/LPN,2024-03-01,0.10860121633362294,0.08729759284459994
NV/For-Profit/LPN,2024-04-01,0.06462882096069869,0.06784222837364245
NV/For-Profit/LPN,2024-05-01,0.08138528138528138,0.07171463095738412
NV/For-Profit/LPN,2024-06-01,0.06589492430988424,0.08370122496901002
NV/For-Profit/LPN,2024-07-01,0.07929515418502203,0.0720287937733043
NV/For-Profit/LPN,2024-08-01,0.07739130434782608,0.07450168504481476
NV/For-Profit/LPN,2024-09-01,0.08348294434470377,0.0826151633722059
NV/For-Profit/LPN,2024-10-01,0.07792207792207792,0.07049044393505877
NV/For-Profit/LPN,2024-11-01,0.07042253521126761,0.0652305550990359
NV/For-Profit/LPN,2024-12-01,0.06001765225066196,0.08764883453417091
NV/For-Profit/LPN,2025-01-01,0.05917667238421955,0.066939905145131
NV/For-Profit/LPN,2025-02-01,0.1043910521955261,0.06651756445029323
NV/For-Profit/LPN,2025-03-01,0.058159722222222224,0.0856367876491412
NV/For-Profit/RN,2022-10-01,0.07436918990703852,0.06937488022246725
NV/For-Profit/RN,2022-11-01,0.058423913043478264,0.06521487724211947
NV/For-Profit/RN,2022-12-01,0.10196078431372549,0.08877132552937525
NV/For-Profit/RN,2023-01-01,0.07044198895027624,0.06746180703223652
NV/For-Profit/RN,2023-02-01,0.06155950752393981,0.06688040243268638
NV/For-Profit/RN,2023-03-01,0.08695652173913043,0.0865374142013952
NV/For-Profit/RN,2023-04-01,0.06812339331619537,0.06713585031758629
NV/For-Profit/RN,2023-05-01,0.07858048162230671,0.07135774588769288
NV/For-Profit/RN,2023-06-01,0.07870967741935483,0.0840300611874262
NV/For-Profit/RN,2023-07-01,0.07206068268015171,0.07171153245280289
NV/For-Profit/RN,2023-08-01,0.06487148102815178,0.07379559917629679
NV/For-Profit/RN,2023-09-01,0.07057416267942583,0.08218490261686703
NV/For-Profit/RN,2023-10-01,0.06939704209328783,0.070046832933904
NV/For-Profit/RN,2023-11-01,0.07692307692307693,0.06612477718477298
NV/For-Profit/RN,2023-12-01,0.0908004778972521,0.08965318246506254
NV/For-Profit/RN,2024-01-01,0.056220095693779906,0.06838799459908876
NV/For-Profit/RN,2024-02-01,0.05226480836236934,0.06801288793885413
NV/For-Profit/RN,2024-03-01,0.10884353741496598,0.08810664487299147
NV/For-Profit/RN,2024-04-01,0.07096069868995633,0.06879441211453415
NV/For-Profit/RN,2024-05-01,0.07860262008733625,0.07316142933105475
NV/For-Profit/RN,2024-06-01,0.08577878103837472,0.08603981518495186
NV/For-Profit/RN,2024-07-01,0.07243243243243243,0.07379216007078071
NV/For-Profit/RN,2024-08-01,0.08519701810436635,0.07597464591401466
NV/For-Profit/RN,2024-09-01,0.0755939524838013,0.0841887343216649
NV/For-Profit/RN,2024-10-01,0.06673511293634497,0.07185817583117549
NV/For-Profit/RN,2024-11-01,0.07172131147540983,0.06770618811287289
NV/For-Profit/RN,2024-12-01,0.06882168925964546,0.09113793516785967
NV/For-Profit/RN,2025-01-01,0.06345957011258956,0.07016870377180637
NV/For-Profit/RN,2025-02-01,0.11304347826086956,0.07002269449115298
NV/For-Profit/RN,2025-03-01,0.08083832335329341,0.08954378394748666
NV/Government/CNA,2022-10-01,0.036585365853658534,0.03242388666252646
NV/Government/CNA,2022-11-01,0.01282051282051282,0.026742557733972543
NV/Government/CNA,2022-12-01,0.012048192771084338,0.048121892328824974
NV/Government/CNA,2023-01-01,0.07058823529411765,0.03009540888557037
NV/Government/CNA,2023-02-01,0.0,0.026350069863123805
NV/Government/CNA,2023-03-01,0.03614457831325301,0.049943506234033264
NV/Government/CNA,2023-04-01,0.047058823529411764,0.028642116017245475
NV/Government/CNA,2023-05-01,0.0379746835443038,0.03150463023626422
NV/Government/CNA,2023-06-01,0.012658227848101266,0.044988067205572815
NV/Government/CNA,2023-07-01,0.047058823529411764,0.03485617169632246
NV/Government/CNA,2023-08-01,0.022988505747126436,0.03524466463635016
NV/Government/CNA,2023-09-01,0.010869565217391304,0.04332889445973569
NV/Government/CNA,2023-10-01,0.056179775280898875,0.03241135943524766
NV/Government/CNA,2023-11-01,0.03529411764705882,0.027572604099142913
NV/Government/CNA,2023-12-01,0.03333333333333333,0.04955961299365792
NV/Government/CNA,2024-01-01,0.021739130434782608,0.03178134729124155
NV/Government/CNA,2024-02-01,0.033707865168539325,0.029132580054546768
NV/Government/CNA,2024-03-01,0.11702127659574468,0.05329942947464446
NV/Government/CNA,2024-04-01,0.022222222222222223,0.03156206398492642
NV/Government/CNA,2024-05-01,0.011111111111111112,0.03428231951609581
NV/Government/CNA,2024-06-01,0.06666666666666667,0.04810061223138777
NV/Government/CNA,2024-07-01,0.07954545454545454,0.037552558975208386
NV/Government/CNA,2024-08-01,0.046511627906976744,0.03720087918624711
NV/Government/CNA,2024-09-01,0.03614457831325301,0.04435513264082286
NV/Government/CNA,2024-10-01,0.012048192771084338,0.03226840891573067
NV/Government/CNA,2024-11-01,0.023529411764705882,0.026731674827066697
NV/Government/CNA,2024-12-01,0.023529411764705882,0.04806810449728709
NV/Government/CNA,2025-01-01,0.012195121951219513,0.02984774838077121
NV/Government/CNA,2025-02-01,0.012345679012345678,0.026730644670167558
NV/Government/CNA,2025-03-01,0.08139534883720931,0.05081213311679865
NV/Non-Profit/CNA,2022-10-01,0.0547945205479452,0.044333505792879147
NV/Non-Profit/CNA,2022-11-01,0.02631578947368421,0.03770914450449822
NV/Non-Profit/CNA,2022-12-01,0.02702702702702703,0.06145149437957814
NV/Non-Profit/CNA,2023-01-01,0.04,0.04341574954091906
NV/Non-Profit/CNA,2023-02-01,0.03896103896103896,0.04129485587114755
NV/Non-Profit/CNA,2023-03-01,0.05333333333333334,0.06697905894685453
NV/Non-Profit/CNA,2023-04-01,0.027777777777777776,0.041216881631202865
NV/Non-Profit/CNA,2023-05-01,0.013513513513513514,0.04636219556626628
NV/Non-Profit/CNA,2023-06-01,0.05333333333333334,0.05991112237340055
NV/Non-Profit/CNA,2023-07-01,0.05194805194805195,0.050211831415278636
NV/Non-Profit/CNA,2023-08-01,0.039473684210526314,0.052230500712338354
NV/Non-Profit/CNA,2023-09-01,0.0547945205479452,0.06447644592001135
NV/Non-Profit/CNA,2023-10-01,0.05357142857142857,0.05185685235795483
NV/Non-Profit/CNA,2023-11-01,0.0,0.04711887320654928
NV/Non-Profit/CNA,2023-12-01,0.06779661016949153,0.07317601020228083
NV/Non-Profit/CNA,2024-01-01,0.0547945205479452,0.05713147180924073
NV/Non-Profit/CNA,2024-02-01,0.06578947368421052,0.056902170129876146
NV/Non-Profit/CNA,2024-03-01,0.2987012987012987,0.08426592894838411
NV/Non-Profit/CNA,2024-04-01,0.02857142857142857,0.05718176714945268
NV/Non-Profit/CNA,2024-05-01,0.07407407407407407,0.061238659299396245
NV/Non-Profit/CNA,2024-06-01,0.0273972602739726,0.0731769277438568
NV/Non-Profit/CNA,2024-07-01,0.0625,0.06242454112886194
NV/Non-Profit/CNA,2024-08-01,0.0375,0.06325589278445937
NV/Non-Profit/CNA,2024-09-01,0.10975609756097561,0.07446626935521358
NV/Non-Profit/CNA,2024-10-01,0.03571428571428571,0.060258949119200086
NV/Non-Profit/CNA,2024-11-01,0.047058823529411764,0.05425251519901586
NV/Non-Profit/CNA,2024-12-01,0.05813953488372093,0.0784774113296241
NV/Non-Profit/CNA,2025-01-01,0.10227272727272728,0.06078091108714999
NV/Non-Profit/CNA,2025-02-01,0.06578947368421052,0.058423647479887125
NV/Non-Profit/CNA,2025-03-01,0.0759493670886076,0.08364599971364081
NV/Non-Profit/RN,2022-10-01,0.08333333333333333,0.059521512530427846
NV/Non-Profit/RN,2022-11-01,0.06060606060606061,0.054565746944794984
NV/Non-Profit/RN,2022-12-01,0.034482758620689655,0.07560259134965581
NV/Non-Profit/RN,2023-01-01,0.15625,0.060757397532789935
NV/Non-Profit/RN,2023-02-01,0.034482758620689655,0.05337974007252228
NV/Non-Profit/RN,2023-03-01,0.0,0.07617406646969879
NV/Non-Profit/RN,2023-04-01,0.03333333333333333,0.05357986525068846
NV/Non-Profit/RN,2023-05-01,0.03125,0.05835077138780224
NV/Non-Profit/RN,2023-06-01,0.058823529411764705,0.0704703759659032
NV/Non-Profit/RN,2023-07-01,0.0,0.05787034674848528
NV/Non-Profit/RN,2023-08-01,0.08823529411764706,0.06399829103135454
NV/Non-Profit/RN,2023-09-01,0.06060606060606061,0.07526982602875702
NV/Non-Profit/RN,2023-10-01,0.03571428571428571,0.06384590028733636
NV/Non-Profit/RN,2023-11-01,0.07142857142857142,0.06117352307566328
NV/Non-Profit/RN,2023-12-01,0.034482758620689655,0.08449208360779847
NV/Non-Profit/RN,2024-01-01,0.0975609756097561,0.07193450337972913
NV/Non-Profit/RN,2024-02-01,0.10256410256410256,0.06788746128883577
NV/Non-Profit/RN,2024-03-01,0.3023255813953488,0.09334207790638974
NV/Non-Profit/RN,2024-04-01,0.07894736842105263,0.0694668507304944
NV/Non-Profit/RN,2024-05-01,0.10810810810810811,0.07253928589044206
NV/Non-Profit/RN,2024-06-01,0.030303030303030304,0.08207756972199375
NV/Non-Profit/RN,2024-07-01,0.029411764705882353,0.06753388647963486
NV/Non-Profit/RN,2024-08-01,0.030303030303030304,0.07154104546220404
NV/Non-Profit/RN,2024-09-01,0.10810810810810811,0.08140806001982943
NV/Non-Profit/RN,2024-10-01,0.08108108108108109,0.06798943540030095
NV/Non-Profit/RN,2024-11-01,0.05555555555555555,0.06277722141833032
NV/Non-Profit/RN,2024-12-01,0.10526315789473684,0.08375399954844065
NV/Non-Profit/RN,2025-01-01,0.07894736842105263,0.06797967330497567
NV/Non-Profit/RN,2025-02-01,0.027777777777777776,0.06096663028409521
NV/Non-Profit/RN,2025-03-01,0.05405405405405406,0.08421977932293259
NY/For-Profit/CNA,2022-10-01,0.04759882643607165,0.050693868527707325
NY/For-Profit/CNA,2022-11-01,0.04537176953775815,0.04576676408179908
NY/For-Profit/CNA,2022-12-01,0.061825774272126204,0.06872305143773695
NY/For-Profit/CNA,2023-01-01,0.04906166219839142,0.04865072228314691
NY/For-Profit/CNA,2023-02-01,0.045743865030674846,0.046679565243689713
NY/For-Profit/CNA,2023-03-01,0.07123318469666878,0.06619987899860533
NY/For-Profit/CNA,2023-04-01,0.05174910448898712,0.04741559419037099
NY/For-Profit/CNA,2023-05-01,0.04863827866385796,0.05087592360561214
NY/For-Profit/CNA,2023-06-01,0.06002383080131069,0.06402451995015665
NY/For-Profit/CNA,2023-07-01,0.05045752602526581,0.051672314211976746
NY/For-Profit/CNA,2023-08-01,0.053222210037650326,0.053556841711007885
NY/For-Profit/CNA,2023-09-01,0.06311314584695879,0.062337864643834895
NY/For-Profit/CNA,2023-10-01,0.05127551948760872,0.04971249089683559
NY/For-Profit/CNA,2023-11-01,0.047653718737485896,0.04487098590260166
NY/For-Profit/CNA,2023-12-01,0.0626632801161103,0.06784465108574461
NY/For-Profit/CNA,2024-01-01,0.050993117712085013,0.04778273607092121
NY/For-Profit/CNA,2024-02-01,0.04784877072612922,0.045788953944547926
NY/For-Profit/CNA,2024-03-01,0.05573677492554248,0.06527227277768446
NY/For-Profit/CNA,2024-04-01,0.05080602302922941,0.046666092184416925
NY/For-Profit/CNA,2024-05-01,0.05311535223126579,0.05023333169358257
NY/For-Profit/CNA,2024-06-01,0.057763240308998536,0.06337662126295622
NY/For-Profit/CNA,2024-07-01,0.05295714629368707,0.05120947142098121
NY/For-Profit/CNA,2024-08-01,0.05622875974048265,0.053250948151303
NY/For-Profit/CNA,2024-09-01,0.05593634829332139,0.06204164212116225
NY/For-Profit/CNA,2024-10-01,0.05462458448990782,0.049512682389520946
NY/For-Profit/CNA,2024-11-01,0.048911739502999145,0.04466566223916408
NY/For-Profit/CNA,2024-12-01,0.05861572232130608,0.06763223071406754
NY/For-Profit/CNA,2025-01-01,0.05529467809990472,0.04764881360282894
NY/For-Profit/CNA,2025-02-01,0.04851206801974767,0.045793105451218674
NY/For-Profit/CNA,2025-03-01,0.06168306158199704,0.06538864491794676
NY/For-Profit/LPN,2022-10-01,0.044310789247575796,0.04674770639261612
NY/For-Profit/LPN,2022-11-01,0.03912010998625172,0.04214544704115598
NY/For-Profit/LPN,2022-12-01,0.06153462879920279,0.06492514876149516
NY/For-Profit/LPN,2023-01-01,0.04500494559841741,0.044653319875911306
NY/For-Profit/LPN,2023-02-01,0.04189978863608106,0.042510164193662006
NY/For-Profit/LPN,2023-03-01,0.05608166277210675,0.062041674026200685
NY/For-Profit/LPN,2023-04-01,0.049491441329694866,0.04341681594868468
NY/For-Profit/LPN,2023-05-01,0.044774273345701915,0.04668895372119867
NY/For-Profit/LPN,2023-06-01,0.051616839536302625,0.05990803112816745
NY/For-Profit/LPN,2023-07-01,0.049192187123221605,0.047811342830590464
NY/For-Profit/LPN,2023-08-01,0.04550927040693475,0.049729539432059704
NY/For-Profit/LPN,2023-09-01,0.05055575475080674,0.05850815778249417
NY/For-Profit/LPN,2023-10-01,0.049230407707672424,0.046182404621913954
NY/For-Profit/LPN,2023-11-01,0.048236393366035975,0.04191425668164635
NY/For-Profit/LPN,2023-12-01,0.06336633663366337,0.06482717703704031
NY/For-Profit/LPN,2024-01-01,0.04636980784719825,0.04468244967159619
NY/For-Profit/LPN,2024-02-01,0.038536753709881515,0.042661746311757724
NY/For-Profit/LPN,2024-03-01,0.05624220433155687,0.062337394513213906
NY/For-Profit/LPN,2024-04-01,0.051387461459403906,0.04397125181980202
NY/For-Profit/LPN,2024-05-01,0.04539217928195747,0.047407982525338
NY/For-Profit/LPN,2024-06-01,0.060109289617486336,0.06081680281993377
NY/For-Profit/LPN,2024-07-01,0.05027743177443098,0.048784789595513245
NY/For-Profit/LPN,2024-08-01,0.052697473252902347,0.05063004379877568
NY/For-Profit/LPN,2024-09-01,0.05513156395944868,0.05943389352068569
NY/For-Profit/LPN,2024-10-01,0.05009590432133589,0.04703289819912811
NY/For-Profit/LPN,2024-11-01,0.04593042890915231,0.04269112752480596
NY/For-Profit/LPN,2024-12-01,0.05442866801893171,0.06565240403442152
NY/For-Profit/LPN,2025-01-01,0.05337204108977222,0.04564436944029676
NY/For-Profit/LPN,2025-02-01,0.049266599484940096,0.043668237714167404
NY/For-Profit/LPN,2025-03-01,0.06162867891126356,0.06316558919898702
NY/For-Profit/RN,2022-10-01,0.05096021086983808,0.05562752917486602
NY/For-Profit/RN,2022-11-01,0.04980456436767117,0.05103591720979442
NY/For-Profit/RN,2022-12-01,0.07135614702154626,0.0741045871429946
NY/For-Profit/RN,2023-01-01,0.05358923230309073,0.053511210330907354
NY/For-Profit/RN,2023-02-01,0.05898456943753111,0.05237338994570488
NY/For-Profit/RN,2023-03-01,0.07258763780502911,0.07189760675248558
NY/For-Profit/RN,2023-04-01,0.05463722397476341,0.05263206549803191
NY/For-Profit/RN,2023-05-01,0.058333333333333334,0.05631117092423924
NY/For-Profit/RN,2023-06-01,0.07120098039215686,0.06946577822420334
NY/For-Profit/RN,2023-07-01,0.05415556094015023,0.05677642176607897
NY/For-Profit/RN,2023-08-01,0.048470305938812235,0.05858349004740403
NY/For-Profit/RN,2023-09-01,0.06500773901654959,0.0677649362987196
NY/For-Profit/RN,2023-10-01,0.05489824893516328,0.05524796603133225
NY/For-Profit/RN,2023-11-01,0.05155367231638418,0.05078912573602068
NY/For-Profit/RN,2023-12-01,0.07260257774624572,0.073883020141386
NY/For-Profit/RN,2024-01-01,0.04929165203137806,0.05343862017472263
NY/For-Profit/RN,2024-02-01,0.05856276248250117,0.05247823058537087
NY/For-Profit/RN,2024-03-01,0.062151486988847586,0.07198745604509584
NY/For-Profit/RN,2024-04-01,0.05406970012735904,0.05300955740676312
NY/For-Profit/RN,2024-05-01,0.05591766723842195,0.05689749840331591
NY/For-Profit/RN,2024-06-01,0.06629329066178992,0.07039838891700298
NY/For-Profit/RN,2024-07-01,0.05667878237164925,0.058104589525882745
NY/For-Profit/RN,2024-08-01,0.05984839914017423,0.06023397423613426
NY/For-Profit/RN,2024-09-01,0.06576293972664127,0.06959477352169005
NY/For-Profit/RN,2024-10-01,0.061709211986681466,0.057342231592278074
NY/For-Profit/RN,2024-11-01,0.05992884144985546,0.05311442765376915
NY/For-Profit/RN,2024-12-01,0.0655958665618331,0.07628042057449724
NY/For-Profit/RN,2025-01-01,0.06359406159982274,0.056007076910603915
NY/For-Profit/RN,2025-02-01,0.06023962724650544,0.05502492744297942
NY/For-Profit/RN,2025-03-01,0.08222609453278153,0.07462584177932068
NY/Government/CNA,2022-10-01,0.02472952086553323,0.034263978055971964
NY/Government/CNA,2022-11-01,0.0313588850174216,0.029794936107234698
NY/Government/CNA,2022-12-01,0.045774647887323945,0.052009741962301376
NY/Government/CNA,2023-01-01,0.0361074416556583,0.03224769197662426
NY/Government/CNA,2023-02-01,0.028268551236749116,0.02953962872668751
NY/Government/CNA,2023-03-01,0.04894179894179894,0.04869429067431383
NY/Government/CNA,2023-04-01,0.0314615690959777,0.02982092369391898
NY/Government/CNA,2023-05-01,0.03373015873015873,0.03333232044844343
NY/Government/CNA,2023-06-01,0.03514376996805112,0.046019483948689134
NY/Government/CNA,2023-07-01,0.030003947887879984,0.03363910955188673
NY/Government/CNA,2023-08-01,0.0385951370127364,0.03578711586179456
NY/Government/CNA,2023-09-01,0.03543913713405239,0.04417831779712447
NY/Government/CNA,2023-10-01,0.031037093111279335,0.03148101922481192
NY/Government/CNA,2023-11-01,0.030485509973654498,0.027331143784377357
NY/Government/CNA,2023-12-01,0.039311119430924746,0.049823020068643704
NY/Government/CNA,2024-01-01,0.03588785046728972,0.030448969566152822
NY/Government/CNA,2024-02-01,0.032879818594104306,0.02798972486592261
NY/Government/CNA,2024-03-01,0.030476190476190476,0.04733977551892655
NY/Government/CNA,2024-04-01,0.03113278319579895,0.028944715083377943
NY/Government/CNA,2024-05-01,0.037630402384500744,0.03292284318839635
NY/Government/CNA,2024-06-01,0.04380103934669636,0.04595641616810298
NY/Government/CNA,2024-07-01,0.035982008995502246,0.033903031288339436
NY/Government/CNA,2024-08-01,0.03864382063434196,0.0362164511511598
NY/Government/CNA,2024-09-01,0.04321209938782859,0.04477314143033401
NY/Government/CNA,2024-10-01,0.033072546230440966,0.03220070692953597
NY/Government/CNA,2024-11-01,0.032986733596271064,0.0281978421384867
NY/Government/CNA,2024-12-01,0.03913963328631876,0.05080114036156728
NY/Government/CNA,2025-01-01,0.046240734204024005,0.03148493196364781
NY/Government/CNA,2025-02-01,0.02859211002533478,0.02906776264929895
NY/Government/CNA,2025-03-01,0.04605030109812257,0.04852968073056143
NY/Government/LPN,2022-10-01,0.03608847497089639,0.03227422178689984
NY/Government/LPN,2022-11-01,0.03546099290780142,0.027153747795104207
NY/Government/LPN,2022-12-01,0.037259615384615384,0.04843013447025896
NY/Government/LPN,2023-01-01,0.020460358056265986,0.028325333493951957
NY/Government/LPN,2023-02-01,0.03717948717948718,0.026720107122580286
NY/Government/LPN,2023-03-01,0.02987012987012987,0.044783777532522315
NY/Government/LPN,2023-04-01,0.029832935560859187,0.026259625154503124
NY/Government/LPN,2023-05-01,0.02962085308056872,0.029187899835300603
NY/Government/LPN,2023-06-01,0.028605482717520857,0.04199507180251394
NY/Government/LPN,2023-07-01,0.02631578947368421,0.029704840373837586
NY/Government/LPN,2023-08-01,0.030624263839811542,0.03180463392718788
NY/Government/LPN,2023-09-01,0.040236686390532544,0.040423892283056706
NY/Government/LPN,2023-10-01,0.036556603773584904,0.02830130345624406
NY/Government/LPN,2023-11-01,0.029726516052318668,0.023467188758964374
NY/Government/LPN,2023-12-01,0.025149700598802394,0.04510814861186002
NY/Government/LPN,2024-01-01,0.030952380952380953,0.025462096341536275
NY/Government/LPN,2024-02-01,0.03143893591293833,0.024059830497678677
NY/Government/LPN,2024-03-01,0.043373493975903614,0.04247706519096153
NY/Government/LPN,2024-04-01,0.026993865030674847,0.024031212326321844
NY/Government/LPN,2024-05-01,0.018115942028985508,0.0271133748575961
NY/Government/LPN,2024-06-01,0.02916160388821385,0.04011519210016075
NY/Government/LPN,2024-07-01,0.025454545454545455,0.028021299777859224
NY/Government/LPN,2024-08-01,0.031668696711327646,0.03037704169286924
NY/Government/LPN,2024-09-01,0.031026252983293555,0.03902091934591714
NY/Government/LPN,2024-10-01,0.03317535545023697,0.0271582511698801
NY/Government/LPN,2024-11-01,0.028639618138424822,0.0226015550980522
NY/Government/LPN,2024-12-01,0.03345280764635603,0.04437968132084069
NY/Government/LPN,2025-01-01,0.037484885126964934,0.02486228952500786
NY/Government/LPN,2025-02-01,0.02822085889570552,0.023486314277942736
NY/Government/LPN,2025-03-01,0.03182374541003672,0.04191017669778262
NY/Government/RN,2022-10-01,0.02715466351829988,0.029026872684678413
NY/Government/RN,2022-11-01,0.020214030915576695,0.024541417935026243
NY/Government/RN,2022-12-01,0.05696969696969697,0.046831644615186824
NY/Government/RN,2023-01-01,0.017518248175182483,0.02601969591485855
NY/Government/RN,2023-02-01,0.029154518950437316,0.02404583985990065
NY/Government/RN,2023-03-01,0.027496382054992764,0.04183508721093311
NY/Government/RN,2023-04-01,0.02784503631961259,0.023535246365988353
NY/Government/RN,2023-05-01,0.02909090909090909,0.027181057679775363
NY/Government/RN,2023-06-01,0.031862745098039214,0.03967474036835596
NY/Government/RN,2023-07-01,0.020481927710843374,0.02720272100224746
NY/Government/RN,2023-08-01,0.02609727164887307,0.028949603358260446
NY/Government/RN,2023-09-01,0.04074505238649592,0.03787558345785068
NY/Government/RN,2023-10-01,0.018626309662398137,0.024774132958813342
NY/Government/RN,2023-11-01,0.03333333333333333,0.02065354033271764
NY/Government/RN,2023-12-01,0.031652989449003514,0.04316986636004414
NY/Government/RN,2024-01-01,0.026345933562428408,0.022822695666625675
NY/Government/RN,2024-02-01,0.02054794520547945,0.021159772996697374
NY/Government/RN,2024-03-01,0.02598870056497175,0.03934227750354149
NY/Government/RN,2024-04-01,0.02242152466367713,0.02138511999653312
NY/Government/RN,2024-05-01,0.03128491620111732,0.025461762537264
NY/Government/RN,2024-06-01,0.034292035398230086,0.03828073837697955
NY/Government/RN,2024-07-01,0.026845637583892617,0.02604943859193829
NY/Government/RN,2024-08-01,0.024498886414253896,0.02808008499856527
NY/Government/RN,2024-09-01,0.02832244008714597,0.0371450369909709
NY/Government/RN,2024-10-01,0.023429179978700747,0.02434421060498215
NY/Government/RN,2024-11-01,0.03125,0.020485802019204684
NY/Government/RN,2024-12-01,0.03046218487394958,0.043208473454026286
NY/Government/RN,2025-01-01,0.03854166666666667,0.023139665906147074
NY/Government/RN,2025-02-01,0.030687830687830688,0.02157375271846465
NY/Government/RN,2025-03-01,0.02830188679245283,0.03974025132237555
NY/Non-Profit/CNA,2022-10-01,0.04623853211009174,0.047723099030118406
NY/Non-Profit/CNA,2022-11-01,0.04020656584286241,0.04326049099088367
NY/Non-Profit/CNA,2022-12-01,0.05419953596287703,0.06523496803628794
NY/Non-Profit/CNA,2023-01-01,0.04384635950450049,0.04535546852083305
NY/Non-Profit/CNA,2023-02-01,0.04297120301426393,0.04392458512551486
NY/Non-Profit/CNA,2023-03-01,0.049256672040121796,0.06367147231165078
NY/Non-Profit/CNA,2023-04-01,0.046536796536796536,0.044817750383816114
NY/Non-Profit/CNA,2023-05-01,0.047704287120737494,0.048928499816764615
NY/Non-Profit/CNA,2023-06-01,0.06798892164745823,0.06279780235885987
NY/Non-Profit/CNA,2023-07-01,0.045769026077700906,0.050097284599543296
NY/Non-Profit/CNA,2023-08-01,0.051350154935812305,0.052352524552476555
NY/Non-Profit/CNA,2023-09-01,0.05201194869091548,0.06178441416012335
NY/Non-Profit/CNA,2023-10-01,0.05076011337284205,0.049053129289287054
NY/Non-Profit/CNA,2023-11-01,0.05044028383346157,0.04507254143177666
NY/Non-Profit/CNA,2023-12-01,0.055970149253731345,0.06741967639801971
NY/Non-Profit/CNA,2024-01-01,0.045552583901302734,0.04784952815827707
NY/Non-Profit/CNA,2024-02-01,0.04924924924924925,0.04677299759449555
NY/Non-Profit/CNA,2024-03-01,0.07625383828045036,0.06697379048837666
NY/Non-Profit/CNA,2024-04-01,0.050121401318071454,0.04817721720391009
NY/Non-Profit/CNA,2024-05-01,0.05268586162440911,0.05215954596701507
NY/Non-Profit/CNA,2024-06-01,0.06958011996572408,0.06608180433035032
NY/Non-Profit/CNA,2024-07-01,0.05556490991749453,0.053499960421928006
NY/Non-Profit/CNA,2024-08-01,0.05662227306152463,0.05564158242175874
NY/Non-Profit/CNA,2024-09-01,0.08190668009399127,0.06502716371993945
NY/Non-Profit/CNA,2024-10-01,0.050166666666666665,0.05180511160146053
NY/Non-Profit/CNA,2024-11-01,0.05645956607495069,0.04750265273615421
NY/Non-Profit/CNA,2024-12-01,0.05293383270911361,0.06944698410991035
NY/Non-Profit/CNA,2025-01-01,0.050801701570680625,0.04963967487985259
NY/Non-Profit/CNA,2025-02-01,0.05270526229103187,0.0481715388487597
NY/Non-Profit/CNA,2025-03-01,0.0657388456815391,0.06787214845481357
NY/Non-Profit/LPN,2022-10-01,0.037541713014460514,0.04203935878193199
NY/Non-Profit/LPN,2022-11-01,0.03625209146681539,0.03785840530039443
NY/Non-Profit/LPN,2022-12-01,0.05400056545094713,0.06077468865100453
NY/Non-Profit/LPN,2023-01-01,0.033527292878913824,0.03976175873785379
NY/Non-Profit/LPN,2023-02-01,0.036013400335008376,0.03802912247392262
NY/Non-Profit/LPN,2023-03-01,0.043137254901960784,0.057775787402303394
NY/Non-Profit/LPN,2023-04-01,0.034753363228699555,0.03883285777326199
NY/Non-Profit/LPN,2023-05-01,0.04081632653061224,0.042830596154341746
NY/Non-Profit/LPN,2023-06-01,0.050304035378662244,0.0564048580222641
NY/Non-Profit/LPN,2023-07-01,0.041938997821350764,0.04469430610717151
NY/Non-Profit/LPN,2023-08-01,0.04735152487961477,0.04696764443974112
NY/Non-Profit/LPN,2023-09-01,0.050865512649800264,0.056733233068726546
NY/Non-Profit/LPN,2023-10-01,0.03925567167983686,0.04359278531015545
NY/Non-Profit/LPN,2023-11-01,0.04613841524573721,0.0401635864505987
NY/Non-Profit/LPN,2023-12-01,0.08341683366733467,0.06366272442848792
NY/Non-Profit/LPN,2024-01-01,0.042746113989637305,0.043029091186576246
NY/Non-Profit/LPN,2024-02-01,0.0433991683991684,0.04153706607493451
NY/Non-Profit/LPN,2024-03-01,0.06262886597938144,0.06152796972435513
NY/Non-Profit/LPN,2024-04-01,0.043512658227848104,0.04247826376831573
NY/Non-Profit/LPN,2024-05-01,0.04553781732530751,0.046341078550690085
NY/Non-Profit/LPN,2024-06-01,0.055541000785957556,0.05967235632780313
NY/Non-Profit/LPN,2024-07-01,0.05446177448222961,0.04774878078832838
NY/Non-Profit/LPN,2024-08-01,0.04810064134188456,0.04959495121886516
NY/Non-Profit/LPN,2024-09-01,0.0733502538071066,0.05915972290840637
NY/Non-Profit/LPN,2024-10-01,0.042752339994940554,0.04547025816690591
NY/Non-Profit/LPN,2024-11-01,0.05009970089730808,0.041589295853361
NY/Non-Profit/LPN,2024-12-01,0.04037582529202641,0.06455061645617156
NY/Non-Profit/LPN,2025-01-01,0.05038471084636386,0.043852727491174
NY/Non-Profit/LPN,2025-02-01,0.04318353000251067,0.04234741643690605
NY/Non-Profit/LPN,2025-03-01,0.06666666666666667,0.06232647273187458
NY/Non-Profit/RN,2022-10-01,0.04051228437009932,0.04075761501637562
NY/Non-Profit/RN,2022-11-01,0.03716304632295211,0.03565254149599434
NY/Non-Profit/RN,2022-12-01,0.05436223813312119,0.058241306396497175
NY/Non-Profit/RN,2023-01-01,0.03625,0.03774231386089098
NY/Non-Profit/RN,2023-02-01,0.03445674044265593,0.03557441032842844
NY/Non-Profit/RN,2023-03-01,0.037945863900834806,0.05475529992567421
NY/Non-Profit/RN,2023-04-01,0.02943396226415094,0.03605836239086482
NY/Non-Profit/RN,2023-05-01,0.03751233958538993,0.03992188176014156
NY/Non-Profit/RN,2023-06-01,0.053293856402664694,0.05421944888404023
NY/Non-Profit/RN,2023-07-01,0.03604481246955674,0.04139350986445397
NY/Non-Profit/RN,2023-08-01,0.04475457170356112,0.04345297763003192
NY/Non-Profit/RN,2023-09-01,0.044790652385589096,0.05263083991838817
NY/Non-Profit/RN,2023-10-01,0.045355850422195414,0.040239455402212826
NY/Non-Profit/RN,2023-11-01,0.03583453583453584,0.03565428453000353
NY/Non-Profit/RN,2023-12-01,0.056043695084303013,0.05869800047599502
NY/Non-Profit/RN,2024-01-01,0.040577545431914365,0.03870034795184817
NY/Non-Profit/RN,2024-02-01,0.03419870194707938,0.03694805096872704
NY/Non-Profit/RN,2024-03-01,0.053832795832299676,0.05650402212796887
NY/Non-Profit/RN,2024-04-01,0.03693867696764848,0.038185586524047466
NY/Non-Profit/RN,2024-05-01,0.03641186399807089,0.042228098529031866
NY/Non-Profit/RN,2024-06-01,0.0787515006002401,0.05685262461856086
NY/Non-Profit/RN,2024-07-01,0.05246615087040619,0.04400954823954732
NY/Non-Profit/RN,2024-08-01,0.04271297817413753,0.04578827440242088
NY/Non-Profit/RN,2024-09-01,0.06527541858772143,0.05484460689961129
NY/Non-Profit/RN,2024-10-01,0.04509090909090909,0.04210230777851218
NY/Non-Profit/RN,2024-11-01,0.04250181115672543,0.03714208923264768
NY/Non-Profit/RN,2024-12-01,0.04106280193236715,0.059718297281461594
NY/Non-Profit/RN,2025-01-01,0.04226020892687559,0.039490486020631294
NY/Non-Profit/RN,2025-02-01,0.04060913705583756,0.03743363185903635
NY/Non-Profit/RN,2025-03-01,0.04820707670387082,0.05662201116877901
OH/For-Profit/CNA,2022-10-01,0.12725841369809093,0.10924159313431367
OH/For-Profit/CNA,2022-11-01,0.11322115384615385,0.10478585902910371
OH/For-Profit/CNA,2022-12-01,0.13960181352257048,0.12873183910247588
OH/For-Profit/CNA,2023-01-01,0.11889289069840275,0.10818546649102476
OH/For-Profit/CNA,2023-02-01,0.10082511571744818,0.10617714393283953
OH/For-Profit/CNA,2023-03-01,0.12890425490119042,0.1267231584852783
OH/For-Profit/CNA,2023-04-01,0.11693942116158262,0.10790480457817045
OH/For-Profit/CNA,2023-05-01,0.1165577763173155,0.11154896679145646
OH/For-Profit/CNA,2023-06-01,0.13225275136632478,0.12519446312797655
OH/For-Profit/CNA,2023-07-01,0.1146261881117889,0.11238758154791972
OH/For-Profit/CNA,2023-08-01,0.11894718493986405,0.11446577149153708
OH/For-Profit/CNA,2023-09-01,0.12103195668329972,0.1232171953898652
OH/For-Profit/CNA,2023-10-01,0.10906470774313733,0.11056099279513903
OH/For-Profit/CNA,2023-11-01,0.1037254490808695,0.1054977918656767
OH/For-Profit/CNA,2023-12-01,0.1314767062059481,0.1289066967553548
OH/For-Profit/CNA,2024-01-01,0.10598473598784404,0.10791176104035965
OH/For-Profit/CNA,2024-02-01,0.10536317567567567,0.10557317807489305
OH/For-Profit/CNA,2024-03-01,0.1374006221914967,0.125712943051474
OH/For-Profit/CNA,2024-04-01,0.10446042161105681,0.10654030685353384
OH/For-Profit/CNA,2024-05-01,0.10847156802512117,0.10985262554035616
OH/For-Profit/CNA,2024-06-01,0.12512654383478436,0.12322118550612594
OH/For-Profit/CNA,2024-07-01,0.10967248036213553,0.11025016313615721
OH/For-Profit/CNA,2024-08-01,0.11456252497003595,0.11218039171712268
OH/For-Profit/CNA,2024-09-01,0.12731755091013475,0.12074065630049714
OH/For-Profit/CNA,2024-10-01,0.10941781966446093,0.10785419315386666
OH/For-Profit/CNA,2024-11-01,0.1006615776081425,0.10252874494896172
OH/For-Profit/CNA,2024-12-01,0.10997608472839085,0.1257085542529293
OH/For-Profit/CNA,2025-01-01,0.10526139185289578,0.10471880156644096
OH/For-Profit/CNA,2025-02-01,0.10204706202393907,0.10241310654275358
OH/For-Profit/CNA,2025-03-01,0.1123021438589461,0.12260558938586952
OH/For-Profit/LPN,2022-10-01,0.09472248273510103,0.08887370466634677
OH/For-Profit/LPN,2022-11-01,0.09152224024588064,0.0845468185178744
OH/For-Profit/LPN,2022-12-01,0.11580022122011402,0.10833212671203238
OH/For-Profit/LPN,2023-01-01,0.09299762631400475,0.08773909489965682
OH/For-Profit/LPN,2023-02-01,0.08415244007587515,0.08591734281100763
OH/For-Profit/LPN,2023-03-01,0.10911403136922425,0.10615839180149789
OH/For-Profit/LPN,2023-04-01,0.09395859738065061,0.08702348678589875
OH/For-Profit/LPN,2023-05-01,0.09049235993208829,0.09071583348671824
OH/For-Profit/LPN,2023-06-01,0.11423813488759367,0.10467832515546951
OH/For-Profit/LPN,2023-07-01,0.09535015824068814,0.09190058994447547
OH/For-Profit/LPN,2023-08-01,0.09438528557599225,0.09350846383934605
OH/For-Profit/LPN,2023-09-01,0.09255795038633591,0.10225697523685173
OH/For-Profit/LPN,2023-10-01,0.08806137126418412,0.08966381436946111
OH/For-Profit/LPN,2023-11-01,0.08750198507225664,0.0850127767079624
OH/For-Profit/LPN,2023-12-01,0.1123091452856918,0.10842090005154634
OH/For-Profit/LPN,2024-01-01,0.08656526240344031,0.0875314362181141
OH/For-Profit/LPN,2024-02-01,0.08683044703987113,0.08550287162746661
OH/For-Profit/LPN,2024-03-01,0.11688105447038272,0.1054733968970078
OH/For-Profit/LPN,2024-04-01,0.08373796067818197,0.0859812732441462
OH/For-Profit/LPN,2024-05-01,0.08556660039761431,0.08936048325639098
OH/For-Profit/LPN,2024-06-01,0.1079428117553614,0.10301779460910833
OH/For-Profit/LPN,2024-07-01,0.08978914949064203,0.0900467720895346
OH/For-Profit/LPN,2024-08-01,0.08890124731866211,0.091621338370962
OH/For-Profit/LPN,2024-09-01,0.10570390267024807,0.10039163603560365
OH/For-Profit/LPN,2024-10-01,0.09313109085193336,0.08753587154973738
OH/For-Profit/LPN,2024-11-01,0.07989464442493416,0.08245884773562302
OH/For-Profit/LPN,2024-12-01,0.09181460358261707,0.10560678509228208
OH/For-Profit/LPN,2025-01-01,0.08525852585258525,0.08463096018067881
OH/For-Profit/LPN,2025-02-01,0.08117964166798795,0.08268865889101676
OH/For-Profit/LPN,2025-03-01,0.09217679035688962,0.10263549705551249
OH/For-Profit/RN,2022-10-01,0.08393900527290865,0.08415205995064266
OH/For-Profit/RN,2022-11-01,0.07956006284816455,0.08000676796790127
OH/For-Profit/RN,2022-12-01,0.1099199542595769,0.10412270962243808
OH/For-Profit/RN,2023-01-01,0.08139372822299652,0.08303704240493595
OH/For-Profit/RN,2023-02-01,0.09011507001247747,0.0820844414500034
OH/For-Profit/RN,2023-03-01,0.11990245224224359,0.10315686640784322
OH/For-Profit/RN,2023-04-01,0.09562421361666433,0.083236580307674
OH/For-Profit/RN,2023-05-01,0.08285190925743272,0.08652536105507698
OH/For-Profit/RN,2023-06-01,0.0962671905697446,0.09979748428343915
OH/For-Profit/RN,2023-07-01,0.0869392616117507,0.08718891389321623
OH/For-Profit/RN,2023-08-01,0.08544761403970028,0.0891814170616042
OH/For-Profit/RN,2023-09-01,0.10126413838988689,0.09858052764355446
OH/For-Profit/RN,2023-10-01,0.08660806618407446,0.08530782704252692
OH/For-Profit/RN,2023-11-01,0.08309380715965509,0.08075551679509413
OH/For-Profit/RN,2023-12-01,0.10718937223235217,0.10445247076263994
OH/For-Profit/RN,2024-01-01,0.07324053596981918,0.0828256675225499
OH/For-Profit/RN,2024-02-01,0.08114404037789569,0.08154164637263894
OH/For-Profit/RN,2024-03-01,0.11950723901447803,0.10236389567927989
OH/For-Profit/RN,2024-04-01,0.08067184120117063,0.0821411341655164
OH/For-Profit/RN,2024-05-01,0.08213655832703452,0.08535577512577741
OH/For-Profit/RN,2024-06-01,0.09786967418546366,0.09875617427363337
OH/For-Profit/RN,2024-07-01,0.08206083178150217,0.08623127516099167
OH/For-Profit/RN,2024-08-01,0.08872573419611747,0.08818283763062898
OH/For-Profit/RN,2024-09-01,0.10322742684917745,0.09752792229401934
OH/For-Profit/RN,2024-10-01,0.08426132145508537,0.08414890049596452
OH/For-Profit/RN,2024-11-01,0.08139243676433759,0.07938974028671089
OH/For-Profit/RN,2024-12-01,0.09268664296597258,0.10298577819986107
OH/For-Profit/RN,2025-01-01,0.08341511285574092,0.08151428364545893
OH/For-Profit/RN,2025-02-01,0.07838334353949786,0.08014651953627283
OH/For-Profit/RN,2025-03-01,0.09946498054474708,0.10100028199338354
OH/Government/CNA,2022-10-01,0.07709251101321586,0.07191803604269009
OH/Government/CNA,2022-11-01,0.059496567505720827,0.06707971970073687
OH/Government/CNA,2022-12-01,0.08588957055214724,0.08943351082708542
OH/Government/CNA,2023-01-01,0.07505070993914807,0.06912841402161746
OH/Government/CNA,2023-02-01,0.06860706860706861,0.0677556902499621
OH/Government/CNA,2023-03-01,0.08151093439363817,0.08812891724814746
OH/Government/CNA,2023-04-01,0.08829174664107485,0.0702530580057858
OH/Government/CNA,2023-05-01,0.07992565055762081,0.07305679438379598
OH/Government/CNA,2023-06-01,0.14285714285714285,0.0878980848529193
OH/Government/CNA,2023-07-01,0.06016597510373444,0.07296876960285087
OH/Government/CNA,2023-08-01,0.08906882591093117,0.07638515917825796
OH/Government/CNA,2023-09-01,0.04477611940298507,0.08242037361495211
OH/Government/CNA,2023-10-01,0.07155635062611806,0.07047095740160464
OH/Government/CNA,2023-11-01,0.08141592920353982,0.06520238683928337
OH/Government/CNA,2023-12-01,0.08540925266903915,0.08676256663559068
OH/Government/CNA,2024-01-01,0.054249547920433995,0.06562633133179309
OH/Government/CNA,2024-02-01,0.05301645338208409,0.0636652343157464
OH/Government/CNA,2024-03-01,0.08035714285714286,0.08369695922627421
OH/Government/CNA,2024-04-01,0.07063197026022305,0.06538119710528936
OH/Government/CNA,2024-05-01,0.056179775280898875,0.0679498225990394
OH/Government/CNA,2024-06-01,0.06678700361010831,0.08276020677323989
OH/Government/CNA,2024-07-01,0.06403940886699508,0.06888156833421066
OH/Government/CNA,2024-08-01,0.11165048543689321,0.07321066475101501
OH/Government/CNA,2024-09-01,0.10051107325383304,0.0798212656415809
OH/Government/CNA,2024-10-01,0.08468468468468468,0.06761133455168362
OH/Government/CNA,2024-11-01,0.06545454545454546,0.06181419215742148
OH/Government/CNA,2024-12-01,0.04891304347826087,0.08317093311991011
OH/Government/CNA,2025-01-01,0.04642857142857143,0.06221109584916744
OH/Government/CNA,2025-02-01,0.05169340463458111,0.060448148854682096
OH/Government/CNA,2025-03-01,0.07652173913043478,0.08067168597047428
OH/Government/LPN,2022-10-01,0.04954954954954955,0.04403328020859519
OH/Government/LPN,2022-11-01,0.02358490566037736,0.0397373525251396
OH/Government/LPN,2022-12-01,0.045454545454545456,0.06312888361902468
OH/Government/LPN,2023-01-01,0.03773584905660377,0.04209366582117466
OH/Government/LPN,2023-02-01,0.028037383177570093,0.04076880040734791
OH/Government/LPN,2023-03-01,0.02702702702702703,0.0603192992760913
OH/Government/LPN,2023-04-01,0.05042016806722689,0.04352542874137996
OH/Government/LPN,2023-05-01,0.08786610878661087,0.0482646329708525
OH/Government/LPN,2023-06-01,0.0970464135021097,0.0620239530309135
OH/Government/LPN,2023-07-01,0.04390243902439024,0.04871461439053762
OH/Government/LPN,2023-08-01,0.038461538461538464,0.05036110415691036
OH/Government/LPN,2023-09-01,0.024509803921568627,0.05829413999144349
OH/Government/LPN,2023-10-01,0.03404255319148936,0.04600911365135568
OH/Government/LPN,2023-11-01,0.045454545454545456,0.04256142354257023
OH/Government/LPN,2023-12-01,0.07818930041152264,0.06660020720434674
OH/Government/LPN,2024-01-01,0.0546218487394958,0.04590822761464321
OH/Government/LPN,2024-02-01,0.0546218487394958,0.04463605030234348
OH/Government/LPN,2024-03-01,0.07112970711297072,0.06397672395753312
OH/Government/LPN,2024-04-01,0.059322033898305086,0.04623981110746736
OH/Government/LPN,2024-05-01,0.03389830508474576,0.05009406381939592
OH/Government/LPN,2024-06-01,0.059574468085106386,0.06379745355228704
OH/Government/LPN,2024-07-01,0.0694980694980695,0.0509511477798725
OH/Government/LPN,2024-08-01,0.07114624505928854,0.05267578580791429
OH/Government/LPN,2024-09-01,0.0642570281124498,0.06029660169911511
OH/Government/LPN,2024-10-01,0.032520325203252036,0.047293038010280175
OH/Government/LPN,2024-11-01,0.05905511811023622,0.043033908129596364
OH/Government/LPN,2024-12-01,0.05952380952380952,0.06593822787774284
OH/Government/LPN,2025-01-01,0.02766798418972332,0.044450896323358455
OH/Government/LPN,2025-02-01,0.042801556420233464,0.04282361236780408
OH/Government/LPN,2025-03-01,0.05303030303030303,0.061872426824714215
OH/Government/RN,2022-10-01,0.04065040650406504,0.03558747084665242
OH/Government/RN,2022-11-01,0.02459016393442623,0.02911130870532702
OH/Government/RN,2022-12-01,0.032,0.04928369033495458
OH/Government/RN,2023-01-01,0.03333333333333333,0.03226795174028656
OH/Government/RN,2023-02-01,0.025210084033613446,0.02840099977943209
OH/Government/RN,2023-03-01,0.024193548387096774,0.04611532612011732
OH/Government/RN,2023-04-01,0.05185185185185185,0.029670843686308745
OH/Government/RN,2023-05-01,0.029850746268656716,0.03280415954337394
OH/Government/RN,2023-06-01,0.04477611940298507,0.04524084644701895
OH/Government/RN,2023-07-01,0.008130081300813009,0.03175881964998818
OH/Government/RN,2023-08-01,0.047244094488188976,0.03585893040947829
OH/Government/RN,2023-09-01,0.031746031746031744,0.043642306033610315
OH/Government/RN,2023-10-01,0.022727272727272728,0.03383635792526189
OH/Government/RN,2023-11-01,0.06060606060606061,0.028204730077834424
OH/Government/RN,2023-12-01,0.015151515151515152,0.04881347110544813
OH/Government/RN,2024-01-01,0.05555555555555555,0.03231285372728529
OH/Government/RN,2024-02-01,0.022222222222222223,0.028709565096052218
OH/Government/RN,2024-03-01,0.035211267605633804,0.04677511496889622
OH/Government/RN,2024-04-01,0.028368794326241134,0.030508287311758208
OH/Government/RN,2024-05-01,0.039735099337748346,0.03412507488459528
OH/Government/RN,2024-06-01,0.02040816326530612,0.0469652024133384
OH/Government/RN,2024-07-01,0.0136986301369863,0.03432413279533273
OH/Government/RN,2024-08-01,0.04054054054054054,0.03913107200978044
OH/Government/RN,2024-09-01,0.03424657534246575,0.04778611369639769
OH/Government/RN,2024-10-01,0.11538461538461539,0.03886463265134049
OH/Government/RN,2024-11-01,0.034013605442176874,0.03285765986062997
OH/Government/RN,2024-12-01,0.027586206896551724,0.05343607475942551
OH/Government/RN,2025-01-01,0.0821917808219178,0.03696236222225624
OH/Government/RN,2025-02-01,0.04225352112676056,0.032957329207724456
OH/Government/RN,2025-03-01,0.02040816326530612,0.05052011048207518
OH/Non-Profit/CNA,2022-10-01,0.08473118279569893,0.09287743047698369
OH/Non-Profit/CNA,2022-11-01,0.076340830449827,0.08826006154013338
OH/Non-Profit/CNA,2022-12-01,0.10139935414424112,0.11286946048234156
OH/Non-Profit/CNA,2023-01-01,0.082122552116235,0.089781602540484
OH/Non-Profit/CNA,2023-02-01,0.09128978224455611,0.08915752343221939
OH/Non-Profit/CNA,2023-03-01,0.10774692002505742,0.1106091639525864
OH/Non-Profit/CNA,2023-04-01,0.07926565874730021,0.09170122932053254
OH/Non-Profit/CNA,2023-05-01,0.09766277128547579,0.09728506621949273
OH/Non-Profit/CNA,2023-06-01,0.0782340862422998,0.1105648433035919
OH/Non-Profit/CNA,2023-07-01,0.08232733029883238,0.10014991648319527
OH/Non-Profit/CNA,2023-08-01,0.09288767975126312,0.10461716439153661
OH/Non-Profit/CNA,2023-09-01,0.09311023622047244,0.11523121260182576
OH/Non-Profit/CNA,2023-10-01,0.20937446148543856,0.10851299382338947
OH/Non-Profit/CNA,2023-11-01,0.19132697311361666,0.10425803414702621
OH/Non-Profit/CNA,2023-12-01,0.23689974726200505,0.1277873467032876
OH/Non-Profit/CNA,2024-01-01,0.09509143407122234,0.10219191326043486
OH/Non-Profit/CNA,2024-02-01,0.08949112887502438,0.09896389713429347
OH/Non-Profit/CNA,2024-03-01,0.13245800347557443,0.11790061150143354
OH/Non-Profit/CNA,2024-04-01,0.08479244540625615,0.09626197516528738
OH/Non-Profit/CNA,2024-05-01,0.08864906533050684,0.09906249037006903
OH/Non-Profit/CNA,2024-06-01,0.08959757023538345,0.10978408432392024
OH/Non-Profit/CNA,2024-07-01,0.0776461740928746,0.09660516820425727
OH/Non-Profit/CNA,2024-08-01,0.0910268270120259,0.09836214369528887
OH/Non-Profit/CNA,2024-09-01,0.09270774448841153,0.1062328621908691
OH/Non-Profit/CNA,2024-10-01,0.09220123433701141,0.09656965226560232
OH/Non-Profit/CNA,2024-11-01,0.08756633813495072,0.09082625991785652
OH/Non-Profit/CNA,2024-12-01,0.09255796559461481,0.11412837031024958
OH/Non-Profit/CNA,2025-01-01,0.08820182094081942,0.0899118369089329
OH/Non-Profit/CNA,2025-02-01,0.08507286333202048,0.08810387205387807
OH/Non-Profit/CNA,2025-03-01,0.10031225604996097,0.1084365728647652
OH/Non-Profit/LPN,2022-10-01,0.07760416666666667,0.08239194291847193
OH/Non-Profit/LPN,2022-11-01,0.059168443496801705,0.07863842217790153
OH/Non-Profit/LPN,2022-12-01,0.10554951033732318,0.10289779863097653
OH/Non-Profit/LPN,2023-01-01,0.07354497354497354,0.07908468509234681
OH/Non-Profit/LPN,2023-02-01,0.05974165769644779,0.07792325578353668
OH/Non-Profit/LPN,2023-03-01,0.10507056978567694,0.09999361327728531
OH/Non-Profit/LPN,2023-04-01,0.06998359759431383,0.08011297296327703
OH/Non-Profit/LPN,2023-05-01,0.08288770053475936,0.08509422181317627
OH/Non-Profit/LPN,2023-06-01,0.07241014799154334,0.09945478677208473
OH/Non-Profit/LPN,2023-07-01,0.06631578947368422,0.08870311081702362
OH/Non-Profit/LPN,2023-08-01,0.07384615384615385,0.09245627203781098
OH/Non-Profit/LPN,2023-09-01,0.06753246753246753,0.10237441637888607
OH/Non-Profit/LPN,2023-10-01,0.19939836699613236,0.09613129056059375
OH/Non-Profit/LPN,2023-11-01,0.21256454388984508,0.0929299414398746
OH/Non-Profit/LPN,2023-12-01,0.23795180722891565,0.11599038976760104
OH/Non-Profit/LPN,2024-01-01,0.07650273224043716,0.08937636551529311
OH/Non-Profit/LPN,2024-02-01,0.07856787667826952,0.08539304510250326
OH/Non-Profit/LPN,2024-03-01,0.10861983059292477,0.10443729687699807
OH/Non-Profit/LPN,2024-04-01,0.05864509605662285,0.08179514950144642
OH/Non-Profit/LPN,2024-05-01,0.05981216015818092,0.08410257252125877
OH/Non-Profit/LPN,2024-06-01,0.08146341463414634,0.09603023283869255
OH/Non-Profit/LPN,2024-07-01,0.07569141193595343,0.08270526740875102
OH/Non-Profit/LPN,2024-08-01,0.07212475633528265,0.08373506327637532
OH/Non-Profit/LPN,2024-09-01,0.07062285434036292,0.09088378818403073
OH/Non-Profit/LPN,2024-10-01,0.06429615197272284,0.08157030684567323
OH/Non-Profit/LPN,2024-11-01,0.07635467980295567,0.0769216812717357
OH/Non-Profit/LPN,2024-12-01,0.06712395884370406,0.10011839515267404
OH/Non-Profit/LPN,2025-01-01,0.07655272026961964,0.07580209635730081
OH/Non-Profit/LPN,2025-02-01,0.07603222557905337,0.07390400281569687
OH/Non-Profit/LPN,2025-03-01,0.09547738693467336,0.09503236089340808
OH/Non-Profit/RN,2022-10-01,0.058823529411764705,0.07422036769147045
OH/Non-Profit/RN,2022-11-01,0.057034220532319393,0.0699092074688604
OH/Non-Profit/RN,2022-12-01,0.09929632525410477,0.09491678309129202
OH/Non-Profit/RN,2023-01-01,0.05996884735202492,0.07066305918009425
OH/Non-Profit/RN,2023-02-01,0.05629397967161845,0.06941151542358824
OH/Non-Profit/RN,2023-03-01,0.08540372670807453,0.09098359505104181
OH/Non-Profit/RN,2023-04-01,0.06853582554517133,0.07215658704937247
OH/Non-Profit/RN,2023-05-01,0.0722521137586472,0.07685180166910915
OH/Non-Profit/RN,2023-06-01,0.0696594427244582,0.09115566306967579
OH/Non-Profit/RN,2023-07-01,0.05847076461769116,0.08018578603743434
OH/Non-Profit/RN,2023-08-01,0.06310319227913883,0.08409090240887264
OH/Non-Profit/RN,2023-09-01,0.08383233532934131,0.09477065594843748
OH/Non-Profit/RN,2023-10-01,0.18523316062176165,0.08677013247734196
OH/Non-Profit/RN,2023-11-01,0.17569352708058125,0.08283435417273682
OH/Non-Profit/RN,2023-12-01,0.21964167219641673,0.10684876727879947
OH/Non-Profit/RN,2024-01-01,0.062172284644194754,0.08009645081196543
OH/Non-Profit/RN,2024-02-01,0.053136531365313655,0.07639530184012769
OH/Non-Profit/RN,2024-03-01,0.08843036109064112,0.09557791274676733
OH/Non-Profit/RN,2024-04-01,0.05278380332610268,0.07443714091888952
OH/Non-Profit/RN,2024-05-01,0.054804270462633455,0.07706313155257825
OH/Non-Profit/RN,2024-06-01,0.07954545454545454,0.0896123896405706
OH/Non-Profit/RN,2024-07-01,0.07358093903293624,0.07668550552156372
OH/Non-Profit/RN,2024-08-01,0.08503162333099086,0.07830555044660506
OH/Non-Profit/RN,2024-09-01,0.07355021216407355,0.08630188802353217
OH/Non-Profit/RN,2024-10-01,0.06138472519628837,0.07572272130245754
OH/Non-Profit/RN,2024-11-01,0.05710206995003569,0.07055914465341809
OH/Non-Profit/RN,2024-12-01,0.07193229901269393,0.09480769835304137
OH/Non-Profit/RN,2025-01-01,0.07284299858557285,0.07025582151242583
OH/Non-Profit/RN,2025-02-01,0.07348703170028818,0.06848717146599609
OH/Non-Profit/RN,2025-03-01,0.09071274298056156,0.0891125400952211
OK/For-Profit/CNA,2022-10-01,0.10994694960212202,0.1124615699123771
OK/For-Profit/CNA,2022-11-01,0.10688741721854304,0.10818716096960454
OK/For-Profit/CNA,2022-12-01,0.13387905994190652,0.13397708339039904
OK/For-Profit/CNA,2023-01-01,0.12530366960746708,0.11356636717641791
OK/For-Profit/CNA,2023-02-01,0.12214137214137215,0.11207772451507253
OK/For-Profit/CNA,2023-03-01,0.14225352112676057,0.1339901187862307
OK/For-Profit/CNA,2023-04-01,0.11289041821069348,0.11390961738707647
OK/For-Profit/CNA,2023-05-01,0.11667527103768714,0.11851013664378143
OK/For-Profit/CNA,2023-06-01,0.1531739912618864,0.13267260508841144
OK/For-Profit/CNA,2023-07-01,0.11599950427562275,0.11994077781944089
OK/For-Profit/CNA,2023-08-01,0.1391441005802708,0.12295826620357181
OK/For-Profit/CNA,2023-09-01,0.14500918554807105,0.13200086253983812
OK/For-Profit/CNA,2023-10-01,0.12006280951805774,0.1184369921626732
OK/For-Profit/CNA,2023-11-01,0.10759036144578313,0.11319862145336401
OK/For-Profit/CNA,2023-12-01,0.15547533092659446,0.13796250602698984
OK/For-Profit/CNA,2024-01-01,0.11746374205921131,0.11646413407942789
OK/For-Profit/CNA,2024-02-01,0.10182079540009584,0.1140039864221511
OK/For-Profit/CNA,2024-03-01,0.14921681780708987,0.13518700780973963
OK/For-Profit/CNA,2024-04-01,0.10764907135874878,0.11435642706767228
OK/For-Profit/CNA,2024-05-01,0.12395736793327154,0.11826197877034686
OK/For-Profit/CNA,2024-06-01,0.12147907731540512,0.13159581866468756
OK/For-Profit/CNA,2024-07-01,0.11533755978200423,0.11845554411575106
OK/For-Profit/CNA,2024-08-01,0.11867229129662522,0.12100439527589216
OK/For-Profit/CNA,2024-09-01,0.13416675968300035,0.12992433604658582
OK/For-Profit/CNA,2024-10-01,0.11246720657009239,0.11629638492149709
OK/For-Profit/CNA,2024-11-01,0.09903270382312299,0.11112927968983388
OK/For-Profit/CNA,2024-12-01,0.13920584208124145,0.13609328718844016
OK/For-Profit/CNA,2025-01-01,0.11269196025293586,0.11481671974034963
OK/For-Profit/CNA,2025-02-01,0.10649052268811028,0.11262206769877753
OK/For-Profit/CNA,2025-03-01,0.14500392508691265,0.13408629203255845
OK/For-Profit/LPN,2022-10-01,0.08691099476439791,0.0872468823219444
OK/For-Profit/LPN,2022-11-01,0.09407665505226481,0.08318513401555352
OK/For-Profit/LPN,2022-12-01,0.1167804527488322,0.10823009853604704
OK/For-Profit/LPN,2023-01-01,0.09084507042253522,0.08697940363023454
OK/For-Profit/LPN,2023-02-01,0.08653500897666068,0.0851423877168996
OK/For-Profit/LPN,2023-03-01,0.0875,0.1051437390821691
OK/For-Profit/LPN,2023-04-01,0.09312477264459804,0.08615860588444607
OK/For-Profit/LPN,2023-05-01,0.07681053401609364,0.09007356273823322
OK/For-Profit/LPN,2023-06-01,0.1322431567721294,0.10502120416784749
OK/For-Profit/LPN,2023-07-01,0.08527671423599026,0.09137263313848554
OK/For-Profit/LPN,2023-08-01,0.10079119367045064,0.09434372102260355
OK/For-Profit/LPN,2023-09-01,0.12222991689750692,0.10347056742448849
OK/For-Profit/LPN,2023-10-01,0.07385369268463424,0.08934659522915023
OK/For-Profit/LPN,2023-11-01,0.08013816925734024,0.08491032442142066
OK/For-Profit/LPN,2023-12-01,0.12200208550573514,0.10976125845904253
OK/For-Profit/LPN,2024-01-01,0.09651844191658049,0.08829579570558194
OK/For-Profit/LPN,2024-02-01,0.08198415432311403,0.08601550654318472
OK/For-Profit/LPN,2024-03-01,0.10762942779291552,0.10574861366668036
OK/For-Profit/LPN,2024-04-01,0.0801658604008293,0.08628348592473507
OK/For-Profit/LPN,2024-05-01,0.09259259259259259,0.08978249591051049
OK/For-Profit/LPN,2024-06-01,0.10204081632653061,0.10412909291426253
OK/For-Profit/LPN,2024-07-01,0.08113522537562605,0.09032894791884129
OK/For-Profit/LPN,2024-08-01,0.099090318388564,0.09315975119482511
OK/For-Profit/LPN,2024-09-01,0.10088148873653281,0.10223223853171193
OK/For-Profit/LPN,2024-10-01,0.08459016393442623,0.08822631769707413
OK/For-Profit/LPN,2024-11-01,0.0664451827242525,0.08368487104053995
OK/For-Profit/LPN,2024-12-01,0.10896367877374209,0.10875910039593085
OK/For-Profit/LPN,2025-01-01,0.08758169934640522,0.08762197450637883
OK/For-Profit/LPN,2025-02-01,0.08836135839103199,0.0858022094838516
OK/For-Profit/LPN,2025-03-01,0.11941272430668842,0.10589023885734186
OK/For-Profit/RN,2022-10-01,0.06962576153176675,0.08188068704252904
OK/For-Profit/RN,2022-11-01,0.0641476274165202,0.07685471047678495
OK/For-Profit/RN,2022-12-01,0.09171075837742504,0.10200717290585132
OK/For-Profit/RN,2023-01-01,0.08444816053511706,0.08139735313130173
OK/For-Profit/RN,2023-02-01,0.07790008467400508,0.08012103179944632
OK/For-Profit/RN,2023-03-01,0.1045643153526971,0.10281648153701403
OK/For-Profit/RN,2023-04-01,0.07279029462738301,0.08242667343951651
OK/For-Profit/RN,2023-05-01,0.10190555095277548,0.088165780557946
OK/For-Profit/RN,2023-06-01,0.11606391925988226,0.10246267896022695
OK/For-Profit/RN,2023-07-01,0.09535452322738386,0.09010068564333358
OK/For-Profit/RN,2023-08-01,0.11038430089942763,0.09257837871601735
OK/For-Profit/RN,2023-09-01,0.11386138613861387,0.10206028168636425
OK/For-Profit/RN,2023-10-01,0.09685430463576158,0.08923490908592735
OK/For-Profit/RN,2023-11-01,0.07925801011804384,0.08361674444184272
OK/For-Profit/RN,2023-12-01,0.1094017094017094,0.10816415887676414
OK/For-Profit/RN,2024-01-01,0.08629441624365482,0.08669100746387322
OK/For-Profit/RN,2024-02-01,0.07660626029654036,0.08465562274851686
OK/For-Profit/RN,2024-03-01,0.13096200485044462,0.1065757062389437
OK/For-Profit/RN,2024-04-01,0.07788944723618091,0.08519024425684796
OK/For-Profit/RN,2024-05-01,0.08823529411764706,0.0899230510235323
OK/For-Profit/RN,2024-06-01,0.10513036164844407,0.10343973560473436
OK/For-Profit/RN,2024-07-01,0.08395061728395062,0.09037004218938278
OK/For-Profit/RN,2024-08-01,0.0750625521267723,0.09236426925162255
OK/For-Profit/RN,2024-09-01,0.1013179571663921,0.10184316042274735
OK/For-Profit/RN,2024-10-01,0.09975669099756691,0.08912148878554148
OK/For-Profit/RN,2024-11-01,0.08013355592654424,0.08364522069716959
OK/For-Profit/RN,2024-12-01,0.12123745819397994,0.10826296301255214
OK/For-Profit/RN,2025-01-01,0.07838283828382839,0.0866751016674567
OK/For-Profit/RN,2025-02-01,0.07184628237259816,0.08455466187507413
OK/For-Profit/RN,2025-03-01,0.12081632653061225,0.10658526857535683
OK/Government/CNA,2022-10-01,0.03389830508474576,0.05975828855524294
OK/Government/CNA,2022-11-01,0.03571428571428571,0.05546837737798902
OK/Government/CNA,2022-12-01,0.09734513274336283,0.08253835477911557
OK/Government/CNA,2023-01-01,0.10256410256410256,0.060586633902859684
OK/Government/CNA,2023-02-01,0.07142857142857142,0.05897473098537992
OK/Government/CNA,2023-03-01,0.02727272727272727,0.07695562317645119
OK/Government/CNA,2023-04-01,0.06611570247933884,0.06037714922800445
OK/Government/CNA,2023-05-01,0.06779661016949153,0.06568938336666602
OK/Government/CNA,2023-06-01,0.06779661016949153,0.0773354623256786
OK/Government/CNA,2023-07-01,0.09285714285714286,0.06610727948572856
OK/Government/CNA,2023-08-01,0.050724637681159424,0.06702400371279604
OK/Government/CNA,2023-09-01,0.1276595744680851,0.07687607339628992
OK/Government/CNA,2023-10-01,0.015625,0.06164210380961222
OK/Government/CNA,2023-11-01,0.03875968992248062,0.05721785609126908
OK/Government/CNA,2023-12-01,0.07518796992481203,0.08407853640265803
OK/Government/CNA,2024-01-01,0.044444444444444446,0.06225381896373576
OK/Government/CNA,2024-02-01,0.056338028169014086,0.06167899949537779
OK/Government/CNA,2024-03-01,0.04316546762589928,0.08081040401019486
OK/Government/CNA,2024-04-01,0.08843537414965986,0.06526624679140318
OK/Government/CNA,2024-05-01,0.13286713286713286,0.07132038067532924
OK/Government/CNA,2024-06-01,0.09285714285714286,0.0829194135863859
OK/Government/CNA,2024-07-01,0.07246376811594203,0.0713865455881392
OK/Government/CNA,2024-08-01,0.07751937984496124,0.07237674378942885
OK/Government/CNA,2024-09-01,0.04316546762589928,0.08194892832431175
OK/Government/CNA,2024-10-01,0.08759124087591241,0.06764214394334286
OK/Government/CNA,2024-11-01,0.050359712230215826,0.06325561362598354
OK/Government/CNA,2024-12-01,0.11851851851851852,0.09009937533757657
OK/Government/CNA,2025-01-01,0.03937007874015748,0.06784597120725698
OK/Government/CNA,2025-02-01,0.06451612903225806,0.06693232341005854
OK/Government/CNA,2025-03-01,0.12096774193548387,0.08575173733455302
OK/Government/LPN,2022-10-01,0.05263157894736842,0.06111042689303739
OK/Government/LPN,2022-11-01,0.0,0.05470541515835259
OK/Government/LPN,2022-12-01,0.12121212121212122,0.08249373319326304
OK/Government/LPN,2023-01-01,0.08823529411764706,0.06151979343303227
OK/Government/LPN,2023-02-01,0.12121212121212122,0.06171918428217153
OK/Government/LPN,2023-03-01,0.06451612903225806,0.07613729905310411
OK/Government/LPN,2023-04-01,0.03333333333333333,0.05878837034177026
OK/Government/LPN,2023-05-01,0.0,0.06078611784490888
OK/Government/LPN,2023-06-01,0.08823529411764706,0.07882586445376058
OK/Government/LPN,2023-07-01,0.1,0.06613009935108001
OK/Government/LPN,2023-08-01,0.14285714285714285,0.06934932947363345
OK/Government/LPN,2023-09-01,0.125,0.07747121789737141
OK/Government/LPN,2023-10-01,0.0,0.059102676143764674
OK/Government/LPN,2023-11-01,0.0,0.05161375185279771
OK/Government/LPN,2023-12-01,0.058823529411764705,0.07833155770439086
OK/Government/LPN,2024-01-01,0.0,0.05715007043580823
OK/Government/LPN,2024-02-01,0.08823529411764706,0.05825720394771234
OK/Government/LPN,2024-03-01,0.02702702702702703,0.07404146400824287
OK/Government/LPN,2024-04-01,0.06818181818181818,0.05840689305118924
OK/Government/LPN,2024-05-01,0.05405405405405406,0.061672527464605345
OK/Government/LPN,2024-06-01,0.13953488372093023,0.08030978330753605
OK/Government/LPN,2024-07-01,0.08108108108108109,0.06734167520027703
OK/Government/LPN,2024-08-01,0.08333333333333333,0.07059132840760363
OK/Government/LPN,2024-09-01,0.11764705882352941,0.0796333768396319
OK/Government/LPN,2024-10-01,0.08571428571428572,0.06221593456767477
OK/Government/LPN,2024-11-01,0.058823529411764705,0.054807674342782844
OK/Government/LPN,2024-12-01,0.0625,0.0807942556736415
OK/Government/LPN,2025-01-01,0.08333333333333333,0.058756507968900536
OK/Government/LPN,2025-02-01,0.02857142857142857,0.058007091897993246
OK/Government/LPN,2025-03-01,0.027777777777777776,0.07272543050790455
OK/Non-Profit/CNA,2022-10-01,0.08472686733556299,0.1060555837113893
OK/Non-Profit/CNA,2022-11-01,0.10885805763073639,0.10370476675547402
OK/Non-Profit/CNA,2022-12-01,0.10256410256410256,0.1260444957267411
OK/Non-Profit/CNA,2023-01-01,0.11146496815286625,0.10733993264566251
OK/Non-Profit/CNA,2023-02-01,0.12244897959183673,0.10796050205673337
OK/Non-Profit/CNA,2023-03-01,0.1228813559322034,0.12916930150481062
OK/Non-Profit/CNA,2023-04-01,0.13353413654618473,0.11120865402672901
OK/Non-Profit/CNA,2023-05-01,0.13793103448275862,0.11583088069951998
OK/Non-Profit/CNA,2023-06-01,0.13450292397660818,0.12988150893474432
OK/Non-Profit/CNA,2023-07-01,0.11178861788617886,0.11667131539682368
OK/Non-Profit/CNA,2023-08-01,0.12437311935807423,0.11965078189714604
OK/Non-Profit/CNA,2023-09-01,0.14118895966029724,0.1294134361502122
OK/Non-Profit/CNA,2023-10-01,0.115625,0.11574221253302244
OK/Non-Profit/CNA,2023-11-01,0.13719512195121952,0.11261202846536383
OK/Non-Profit/CNA,2023-12-01,0.10766045548654245,0.13387222550597866
OK/Non-Profit/CNA,2024-01-01,0.10164569215876089,0.11423014752159434
OK/Non-Profit/CNA,2024-02-01,0.12036108324974924,0.11412925920082834
OK/Non-Profit/CNA,2024-03-01,0.14629629629629629,0.13467228992585412
OK/Non-Profit/CNA,2024-04-01,0.12003872216844143,0.11573510695006231
OK/Non-Profit/CNA,2024-05-01,0.1264591439688716,0.11978781610955294
OK/Non-Profit/CNA,2024-06-01,0.1598477640342531,0.13336108430267918
OK/Non-Profit/CNA,2024-07-01,0.11302681992337164,0.11943438692607058
OK/Non-Profit/CNA,2024-08-01,0.12422360248447205,0.12165065689452365
OK/Non-Profit/CNA,2024-09-01,0.13387241689128482,0.13081316284639155
OK/Non-Profit/CNA,2024-10-01,0.11950286806883365,0.11654102675686236
OK/Non-Profit/CNA,2024-11-01,0.10531496062992125,0.11275482157946946
OK/Non-Profit/CNA,2024-12-01,0.12300469483568074,0.13382830493774167
OK/Non-Profit/CNA,2025-01-01,0.10192837465564739,0.11382512398142883
OK/Non-Profit/CNA,2025-02-01,0.10550887021475257,0.11332122112038578
OK/Non-Profit/CNA,2025-03-01,0.14543812104787715,0.1335515526372207
OK/Non-Profit/LPN,2022-10-01,0.06842105263157895,0.08490051910499936
OK/Non-Profit/LPN,2022-11-01,0.08870967741935484,0.08167064616379117
OK/Non-Profit/LPN,2022-12-01,0.0782122905027933,0.10433718140787801
OK/Non-Profit/LPN,2023-01-01,0.07122507122507123,0.08511386483402991
OK/Non-Profit/LPN,2023-02-01,0.09941520467836257,0.08562961650306741
OK/Non-Profit/LPN,2023-03-01,0.10803324099722991,0.1068846700611721
OK/Non-Profit/LPN,2023-04-01,0.09239130434782608,0.08786941454873753
OK/Non-Profit/LPN,2023-05-01,0.0873015873015873,0.09220448118334497
OK/Non-Profit/LPN,2023-06-01,0.11578947368421053,0.10802403028235094
OK/Non-Profit/LPN,2023-07-01,0.13978494623655913,0.0960969616976356
OK/Non-Profit/LPN,2023-08-01,0.11748633879781421,0.09777523345297744
OK/Non-Profit/LPN,2023-09-01,0.10574018126888217,0.10677074526288627
OK/Non-Profit/LPN,2023-10-01,0.07278481012658228,0.09268361206621623
OK/Non-Profit/LPN,2023-11-01,0.0875,0.08899168847071379
OK/Non-Profit/LPN,2023-12-01,0.09202453987730061,0.11129952856709202
OK/Non-Profit/LPN,2024-01-01,0.09863013698630137,0.0916663132803415
OK/Non-Profit/LPN,2024-02-01,0.07580174927113703,0.09154114782244485
OK/Non-Profit/LPN,2024-03-01,0.11232876712328767,0.11249503249248916
OK/Non-Profit/LPN,2024-04-01,0.09348441926345609,0.09322091771323729
OK/Non-Profit/LPN,2024-05-01,0.09169054441260745,0.09721344075528918
OK/Non-Profit/LPN,2024-06-01,0.13793103448275862,0.11275743053187823
OK/Non-Profit/LPN,2024-07-01,0.08947368421052632,0.10040403059026495
OK/Non-Profit/LPN,2024-08-01,0.09852216748768473,0.102408958312652
OK/Non-Profit/LPN,2024-09-01,0.12468193384223919,0.11201254643260632
OK/Non-Profit/LPN,2024-10-01,0.10899182561307902,0.09839452210434402
OK/Non-Profit/LPN,2024-11-01,0.0896358543417367,0.09472102633166478
OK/Non-Profit/LPN,2024-12-01,0.11171662125340599,0.11711330592556522
OK/Non-Profit/LPN,2025-01-01,0.08130081300813008,0.0974133339668326
OK/Non-Profit/LPN,2025-02-01,0.11570247933884298,0.0972536484915234
OK/Non-Profit/LPN,2025-03-01,0.14325842696629212,0.11788122493845105
OK/Non-Profit/RN,2022-10-01,0.15,0.08335945502130218
OK/Non-Profit/RN,2022-11-01,0.08759124087591241,0.07787809131534695
OK/Non-Profit/RN,2022-12-01,0.10606060606060606,0.09620754763858223
OK/Non-Profit/RN,2023-01-01,0.05785123966942149,0.07587936512263843
OK/Non-Profit/RN,2023-02-01,0.034482758620689655,0.0728190610433613
OK/Non-Profit/RN,2023-03-01,0.08270676691729323,0.0940330879222763
OK/Non-Profit/RN,2023-04-01,0.07194244604316546,0.07553639680694807
OK/Non-Profit/RN,2023-05-01,0.043478260869565216,0.07738029895521022
OK/Non-Profit/RN,2023-06-01,0.06164383561643835,0.09217932989018394
OK/Non-Profit/RN,2023-07-01,0.08450704225352113,0.08051317890175286
OK/Non-Profit/RN,2023-08-01,0.08571428571428572,0.08475950703200712
OK/Non-Profit/RN,2023-09-01,0.06349206349206349,0.09328114690024901
OK/Non-Profit/RN,2023-10-01,0.11258278145695365,0.08516507164726653
OK/Non-Profit/RN,2023-11-01,0.18,0.0813430522871338
OK/Non-Profit/RN,2023-12-01,0.057971014492753624,0.09994467606385526
OK/Non-Profit/RN,2024-01-01,0.0738255033557047,0.08069500489056625
OK/Non-Profit/RN,2024-02-01,0.07482993197278912,0.07863935209446418
OK/Non-Profit/RN,2024-03-01,0.11920529801324503,0.10027782181240372
OK/Non-Profit/RN,2024-04-01,0.11347517730496454,0.08172478525509394
OK/Non-Profit/RN,2024-05-01,0.07142857142857142,0.08308735149824051
OK/Non-Profit/RN,2024-06-01,0.11594202898550725,0.09723090711361426
OK/Non-Profit/RN,2024-07-01,0.06206896551724138,0.0841987172158379
OK/Non-Profit/RN,2024-08-01,0.10828025477707007,0.08742427491347163
OK/Non-Profit/RN,2024-09-01,0.10365853658536585,0.09470919984843866
OK/Non-Profit/RN,2024-10-01,0.08552631578947369,0.08477092604607361
OK/Non-Profit/RN,2024-11-01,0.06428571428571428,0.07954003728158525
OK/Non-Profit/RN,2024-12-01,0.06040268456375839,0.09814194482678676
OK/Non-Profit/RN,2025-01-01,0.08227848101265822,0.07885389574494216
OK/Non-Profit/RN,2025-02-01,0.08641975308641975,0.07662528002437755
OK/Non-Profit/RN,2025-03-01,0.09876543209876543,0.097894049311846
OR/For-Profit/CNA,2022-10-01,0.07462305136723742,0.07508863705648075
OR/For-Profit/CNA,2022-11-01,0.06768447837150127,0.07048986196980268
OR/For-Profit/CNA,2022-12-01,0.0740357235309345,0.09364187207497082
OR/For-Profit/CNA,2023-01-01,0.06633714880332986,0.07414351101037299
OR/For-Profit/CNA,2023-02-01,0.17374810318664644,0.0758764006884837
OR/For-Profit/CNA,2023-03-01,0.0786815523657629,0.0941141894127803
OR/For-Profit/CNA,2023-04-01,0.08457968024755029,0.07349458333634376
OR/For-Profit/CNA,2023-05-01,0.06888484533402651,0.07695960195550165
OR/For-Profit/CNA,2023-06-01,0.08710174717368963,0.08972805682114147
OR/For-Profit/CNA,2023-07-01,0.06852409638554217,0.07659952655858843
OR/For-Profit/CNA,2023-08-01,0.07944041968523607,0.07936216998193105
OR/For-Profit/CNA,2023-09-01,0.06023185483870968,0.08577678574806616
OR/For-Profit/CNA,2023-10-01,0.06674757281553398,0.07349404001265453
OR/For-Profit/CNA,2023-11-01,0.061282660332541566,0.06875134402333269
OR/For-Profit/CNA,2023-12-01,0.08389563652721548,0.0918601304047918
OR/For-Profit/CNA,2024-01-01,0.07016348773841961,0.07211269500684733
OR/For-Profit/CNA,2024-02-01,0.06687472135532768,0.07355412354302825
OR/For-Profit/CNA,2024-03-01,0.09690677049534933,0.09292212484799077
OR/For-Profit/CNA,2024-04-01,0.07613306541638759,0.07312762219977023
OR/For-Profit/CNA,2024-05-01,0.09850617016670275,0.07740819509713984
OR/For-Profit/CNA,2024-06-01,0.1001719690455718,0.0906549758955252
OR/For-Profit/CNA,2024-07-01,0.08438646555238484,0.07785597732213527
OR/For-Profit/CNA,2024-08-01,0.1188417454252966,0.0808227533789397
OR/For-Profit/CNA,2024-09-01,0.07026915964659955,0.08688153384036551
OR/For-Profit/CNA,2024-10-01,0.06510954940057875,0.07424762643557896
OR/For-Profit/CNA,2024-11-01,0.05676403563289828,0.06911652038355928
OR/For-Profit/CNA,2024-12-01,0.06026326614561909,0.09177338543408241
OR/For-Profit/CNA,2025-01-01,0.06074861934956024,0.07195675037784331
OR/For-Profit/CNA,2025-02-01,0.05235602094240838,0.07344432464293457
OR/For-Profit/CNA,2025-03-01,0.14325341787200316,0.09305263232476836
OR/For-Profit/LPN,2022-10-01,0.07198443579766536,0.08312480748521422
OR/For-Profit/LPN,2022-11-01,0.06596558317399617,0.07853479754932068
OR/For-Profit/LPN,2022-12-01,0.08253358925143954,0.10206382667012821
OR/For-Profit/LPN,2023-01-01,0.0741106719367589,0.08304848068853625
OR/For-Profit/LPN,2023-02-01,0.1920849420849421,0.08563845891456554
OR/For-Profit/LPN,2023-03-01,0.10240963855421686,0.1046575823159101
OR/For-Profit/LPN,2023-04-01,0.0920920920920921,0.08337406079405951
OR/For-Profit/LPN,2023-05-01,0.07370517928286853,0.08729172087323037
OR/For-Profit/LPN,2023-06-01,0.08787878787878788,0.10023299152220995
OR/For-Profit/LPN,2023-07-01,0.09161041465766634,0.0876960408002085
OR/For-Profit/LPN,2023-08-01,0.09117082533589252,0.09026884504617697
OR/For-Profit/LPN,2023-09-01,0.07371483996120272,0.09673078857601294
OR/For-Profit/LPN,2023-10-01,0.08317929759704251,0.08463928433679546
OR/For-Profit/LPN,2023-11-01,0.08014571948998178,0.07967524054143114
OR/For-Profit/LPN,2023-12-01,0.08287795992714025,0.10262275511959021
OR/For-Profit/LPN,2024-01-01,0.0841452612931798,0.0830826419910834
OR/For-Profit/LPN,2024-02-01,0.08296943231441048,0.08505266638346753
OR/For-Profit/LPN,2024-03-01,0.1111111111111111,0.10476525896790566
OR/For-Profit/LPN,2024-04-01,0.08142726440988106,0.08423720323407474
OR/For-Profit/LPN,2024-05-01,0.11993097497842968,0.08888893997180267
OR/For-Profit/LPN,2024-06-01,0.12510860121633363,0.10213368115616175
OR/For-Profit/LPN,2024-07-01,0.0957983193277311,0.08935443098937057
OR/For-Profit/LPN,2024-08-01,0.12941176470588237,0.09180334412984587
OR/For-Profit/LPN,2024-09-01,0.08188153310104529,0.09756557304286476
OR/For-Profit/LPN,2024-10-01,0.07846556233653008,0.08460198691786178
OR/For-Profit/LPN,2024-11-01,0.052444444444444446,0.07880233887770158
OR/For-Profit/LPN,2024-12-01,0.07480653482373173,0.10141455876529451
OR/For-Profit/LPN,2025-01-01,0.06159110350727117,0.08149073175319772
OR/For-Profit/LPN,2025-02-01,0.05872340425531915,0.08328323504865603
OR/For-Profit/LPN,2025-03-01,0.1541095890410959,0.10331967893233532
OR/For-Profit/RN,2022-10-01,0.06864064602960969,0.09088333980244895
OR/For-Profit/RN,2022-11-01,0.075,0.08707810985896025
OR/For-Profit/RN,2022-12-01,0.11904761904761904,0.11147329683462939
OR/For-Profit/RN,2023-01-01,0.09681697612732096,0.09261764511263657
OR/For-Profit/RN,2023-02-01,0.1725955204216074,0.09380385890710799
OR/For-Profit/RN,2023-03-01,0.11156462585034013,0.11201291599848358
OR/For-Profit/RN,2023-04-01,0.08221024258760108,0.09103722371362188
OR/For-Profit/RN,2023-05-01,0.08344549125168237,0.09607571755740121
OR/For-Profit/RN,2023-06-01,0.10993377483443709,0.1096618678191722
OR/For-Profit/RN,2023-07-01,0.085995085995086,0.09598019939617639
OR/For-Profit/RN,2023-08-01,0.08668341708542714,0.09932293575259174
OR/For-Profit/RN,2023-09-01,0.09620253164556962,0.10831351453899031
OR/For-Profit/RN,2023-10-01,0.0992462311557789,0.09517545030563551
OR/For-Profit/RN,2023-11-01,0.09375,0.0909986674678799
OR/For-Profit/RN,2023-12-01,0.10553410553410554,0.11488688020507981
OR/For-Profit/RN,2024-01-01,0.09697732997481108,0.09570477828348889
OR/For-Profit/RN,2024-02-01,0.10955414012738854,0.09664368526752024
OR/For-Profit/RN,2024-03-01,0.10435931307793923,0.11548220403288037
OR/For-Profit/RN,2024-04-01,0.08082191780821918,0.09523963284420395
OR/For-Profit/RN,2024-05-01,0.1325459317585302,0.10112466451589928
OR/For-Profit/RN,2024-06-01,0.13443072702331962,0.1149701330398747
OR/For-Profit/RN,2024-07-01,0.09113924050632911,0.10124585928993789
OR/For-Profit/RN,2024-08-01,0.13630731102850063,0.10451388710324003
OR/For-Profit/RN,2024-09-01,0.1277139208173691,0.11299208181425485
OR/For-Profit/RN,2024-10-01,0.09302325581395349,0.09883628366750882
OR/For-Profit/RN,2024-11-01,0.08222811671087533,0.09386108137271937
OR/For-Profit/RN,2024-12-01,0.07856191744340879,0.11700099587640038
OR/For-Profit/RN,2025-01-01,0.0945273631840796,0.09753934694068472
OR/For-Profit/RN,2025-02-01,0.0853960396039604,0.0981994234017699
OR/For-Profit/RN,2025-03-01,0.15508684863523572,0.11716591642896786
OR/Government/CNA,2022-10-01,0.04891304347826087,0.05549724959582292
OR/Government/CNA,2022-11-01,0.043478260869565216,0.05087493749212567
OR/Government/CNA,2022-12-01,0.0748663101604278,0.07452034650579485
OR/Government/CNA,2023-01-01,0.042328042328042326,0.05317394083244515
OR/Government/CNA,2023-02-01,0.03763440860215054,0.052156411412762706
OR/Government/CNA,2023-03-01,0.11052631578947368,0.0726601820662656
OR/Government/CNA,2023-04-01,0.03773584905660377,0.052762098387316186
OR/Government/CNA,2023-05-01,0.08695652173913043,0.05889898892104488
OR/Government/CNA,2023-06-01,0.13953488372093023,0.07303201689392945
OR/Government/CNA,2023-07-01,0.02072538860103627,0.05606198795509617
OR/Government/CNA,2023-08-01,0.05583756345177665,0.05916845351201907
OR/Government/CNA,2023-09-01,0.07291666666666667,0.06633304713208094
OR/Government/CNA,2023-10-01,0.04395604395604396,0.05336510120976691
OR/Government/CNA,2023-11-01,0.07142857142857142,0.048146814635918425
OR/Government/CNA,2023-12-01,0.06282722513089005,0.07083346893245156
OR/Government/CNA,2024-01-01,0.04040404040404041,0.04853844703616897
OR/Government/CNA,2024-02-01,0.06467661691542288,0.04659490674476891
OR/Government/CNA,2024-03-01,0.03125,0.06565685979190165
OR/Government/CNA,2024-04-01,0.031746031746031744,0.045276878620219174
OR/Government/CNA,2024-05-01,0.0663265306122449,0.0510530508316766
OR/Government/CNA,2024-06-01,0.06930693069306931,0.06492195828773972
OR/Government/CNA,2024-07-01,0.04093567251461988,0.04849252773565352
OR/Government/CNA,2024-08-01,0.07272727272727272,0.05173559281830804
OR/Government/CNA,2024-09-01,0.029411764705882353,0.05882480504331391
OR/Government/CNA,2024-10-01,0.05853658536585366,0.04613904925094934
OR/Government/CNA,2024-11-01,0.025,0.04092233437877602
OR/Government/CNA,2024-12-01,0.06132075471698113,0.06422880938428775
OR/Government/CNA,2025-01-01,0.04455445544554455,0.042517069649561604
OR/Government/CNA,2025-02-01,0.02843601895734597,0.04095721256292959
OR/Government/CNA,2025-03-01,0.05069124423963134,0.06084259179656286
OR/Government/LPN,2022-10-01,0.041666666666666664,0.05346816471299466
OR/Government/LPN,2022-11-01,0.06382978723404255,0.04939693480245759
OR/Government/LPN,2022-12-01,0.045454545454545456,0.07051365469041657
OR/Government/LPN,2023-01-01,0.06976744186046512,0.051867240478613234
OR/Government/LPN,2023-02-01,0.024390243902439025,0.04918937442908249
OR/Government/LPN,2023-03-01,0.14634146341463414,0.0750704887044367
OR/Government/LPN,2023-04-01,0.0,0.049367162164395725
OR/Government/LPN,2023-05-01,0.0,0.05351820515822186
OR/Government/LPN,2023-06-01,0.16666666666666666,0.07266806977854341
OR/Government/LPN,2023-07-01,0.023255813953488372,0.056425877978706164
OR/Government/LPN,2023-08-01,0.06521739130434782,0.057264662751787994
OR/Government/LPN,2023-09-01,0.1276595744680851,0.06750786345524443
OR/Government/LPN,2023-10-01,0.022727272727272728,0.051993741927847836
OR/Government/LPN,2023-11-01,0.045454545454545456,0.04726421555007779
OR/Government/LPN,2023-12-01,0.024390243902439025,0.0678593268764912
OR/Government/LPN,2024-01-01,0.022727272727272728,0.04908406039421197
OR/Government/LPN,2024-02-01,0.06666666666666667,0.04666093377402239
OR/Government/LPN,2024-03-01,0.08695652173913043,0.07226363415648894
OR/Government/LPN,2024-04-01,0.0425531914893617,0.047075565421254864
OR/Government/LPN,2024-05-01,0.0625,0.051132209746129365
OR/Government/LPN,2024-06-01,0.1,0.06928414817278351
OR/Government/LPN,2024-07-01,0.0975609756097561,0.05283721802547232
OR/Government/LPN,2024-08-01,0.022222222222222223,0.05254362175021598
OR/Government/LPN,2024-09-01,0.02631578947368421,0.06218315991249115
OR/Government/LPN,2024-10-01,0.061224489795918366,0.04735743862780295
OR/Government/LPN,2024-11-01,0.02127659574468085,0.04277791629327726
OR/Government/LPN,2024-12-01,0.0392156862745098,0.06374516127153729
OR/Government/LPN,2025-01-01,0.04,0.04488593936314758
OR/Government/LPN,2025-02-01,0.0,0.04237252682089785
OR/Government/LPN,2025-03-01,0.11764705882352941,0.06854835213703864
OR/Government/RN,2022-10-01,0.025,0.042580317049010566
OR/Government/RN,2022-11-01,0.0,0.04041348538281617
OR/Government/RN,2022-12-01,0.075,0.06536448185926137
OR/Government/RN,2023-01-01,0.05714285714285714,0.045126995463763794
OR/Government/RN,2023-02-01,0.0,0.043156507900557625
OR/Government/RN,2023-03-01,0.05555555555555555,0.06453359463319013
OR/Government/RN,2023-04-01,0.0,0.04402163568842157
OR/Government/RN,2023-05-01,0.07692307692307693,0.051264099810849346
OR/Government/RN,2023-06-01,0.23076923076923078,0.06887321201976981
OR/Government/RN,2023-07-01,0.07692307692307693,0.05186383232819458
OR/Government/RN,2023-08-01,0.0,0.050056870566125414
OR/Government/RN,2023-09-01,0.0,0.05720980498771378
OR/Government/RN,2023-10-01,0.0,0.045333156177372935
OR/Government/RN,2023-11-01,0.06976744186046512,0.043946830218566706
OR/Government/RN,2023-12-01,0.0975609756097561,0.06859645279712755
OR/Government/RN,2024-01-01,0.05128205128205128,0.048033213940415834
OR/Government/RN,2024-02-01,0.02564102564102564,0.04567194329771819
OR/Government/RN,2024-03-01,0.10256410256410256,0.06644427438179873
OR/Government/RN,2024-04-01,0.05714285714285714,0.044663811439439455
OR/Government/RN,2024-05-01,0.05555555555555555,0.05000635081943838
OR/Government/RN,2024-06-01,0.030303030303030304,0.06585372076533741
OR/Government/RN,2024-07-01,0.034482758620689655,0.04977325766064311
OR/Government/RN,2024-08-01,0.02702702702702703,0.04951555394152204
OR/Government/RN,2024-09-01,0.0,0.05783257494067405
OR/Government/RN,2024-10-01,0.027777777777777776,0.04706277477654579
OR/Government/RN,2024-11-01,0.06060606060606061,0.04645793372380878
OR/Government/RN,2024-12-01,0.05405405405405406,0.07209962409365703
OR/Government/RN,2025-01-01,0.075,0.05311416444278441
OR/Government/RN,2025-02-01,0.13513513513513514,0.052187960654804195
OR/Government/RN,2025-03-01,0.08333333333333333,0.07294937854099329
OR/Non-Profit/CNA,2022-10-01,0.055674518201284794,0.051712539371459205
OR/Non-Profit/CNA,2022-11-01,0.029661016949152543,0.04644228041253248
OR/Non-Profit/CNA,2022-12-01,0.062370062370062374,0.06914750590044225
OR/Non-Profit/CNA,2023-01-01,0.045627376425855515,0.05012148245890631
OR/Non-Profit/CNA,2023-02-01,0.04,0.04894526729627267
OR/Non-Profit/CNA,2023-03-01,0.06451612903225806,0.07096779205115297
OR/Non-Profit/CNA,2023-04-01,0.05075187969924812,0.05027118104665086
OR/Non-Profit/CNA,2023-05-01,0.05860113421550094,0.054305338432874044
OR/Non-Profit/CNA,2023-06-01,0.051233396584440226,0.06702623278807783
OR/Non-Profit/CNA,2023-07-01,0.06679035250463822,0.056016032697962986
OR/Non-Profit/CNA,2023-08-01,0.052336448598130844,0.05789819972742307
OR/Non-Profit/CNA,2023-09-01,0.053703703703703705,0.06730239353055263
OR/Non-Profit/CNA,2023-10-01,0.039525691699604744,0.055570383135562
OR/Non-Profit/CNA,2023-11-01,0.046242774566473986,0.051469058453790587
OR/Non-Profit/CNA,2023-12-01,0.04672897196261682,0.0751246543239474
OR/Non-Profit/CNA,2024-01-01,0.08990536277602523,0.05729001243085082
OR/Non-Profit/CNA,2024-02-01,0.09744408945686901,0.05681002658981089
OR/Non-Profit/CNA,2024-03-01,0.09313725490196079,0.07889715108465485
OR/Non-Profit/CNA,2024-04-01,0.07169117647058823,0.057876087461567326
OR/Non-Profit/CNA,2024-05-01,0.06469500924214418,0.06146412628119586
OR/Non-Profit/CNA,2024-06-01,0.061371841155234655,0.07375570322054681
OR/Non-Profit/CNA,2024-07-01,0.057724957555178265,0.06236582289039412
OR/Non-Profit/CNA,2024-08-01,0.04965753424657534,0.06402143369298763
OR/Non-Profit/CNA,2024-09-01,0.06643356643356643,0.07326810380031712
OR/Non-Profit/CNA,2024-10-01,0.06759098786828423,0.06128146528618796
OR/Non-Profit/CNA,2024-11-01,0.0636042402826855,0.05656917193564897
OR/Non-Profit/CNA,2024-12-01,0.06172839506172839,0.07947605635937917
OR/Non-Profit/CNA,2025-01-01,0.04488330341113106,0.06076805975200607
OR/Non-Profit/CNA,2025-02-01,0.048824593128390596,0.06004171229407873
OR/Non-Profit/CNA,2025-03-01,0.14782608695652175,0.08262942270545992
OR/Non-Profit/LPN,2022-10-01,0.01904761904761905,0.041298597760812475
OR/Non-Profit/LPN,2022-11-01,0.06363636363636363,0.038174212491947565
OR/Non-Profit/LPN,2022-12-01,0.02857142857142857,0.05810349484966469
OR/Non-Profit/LPN,2023-01-01,0.025423728813559324,0.04094561647445113
OR/Non-Profit/LPN,2023-02-01,0.042735042735042736,0.04062442962873154
OR/Non-Profit/LPN,2023-03-01,0.04310344827586207,0.06125819050207814
OR/Non-Profit/LPN,2023-04-01,0.03571428571428571,0.039131909441380286
OR/Non-Profit/LPN,2023-05-01,0.045871559633027525,0.044360622426012686
OR/Non-Profit/LPN,2023-06-01,0.04424778761061947,0.057072625499333625
OR/Non-Profit/LPN,2023-07-01,0.045454545454545456,0.04673043477514804
OR/Non-Profit/LPN,2023-08-01,0.03636363636363636,0.04920907154977035
OR/Non-Profit/LPN,2023-09-01,0.07894736842105263,0.058899713527933106
OR/Non-Profit/LPN,2023-10-01,0.07079646017699115,0.046118093273158016
OR/Non-Profit/LPN,2023-11-01,0.037383177570093455,0.04334452592535326
OR/Non-Profit/LPN,2023-12-01,0.018691588785046728,0.06395090220444329
OR/Non-Profit/LPN,2024-01-01,0.06976744186046512,0.04779577516120774
OR/Non-Profit/LPN,2024-02-01,0.09523809523809523,0.04781571587927544
OR/Non-Profit/LPN,2024-03-01,0.12295081967213115,0.06833880338389445
OR/Non-Profit/LPN,2024-04-01,0.01818181818181818,0.04501256083333412
OR/Non-Profit/LPN,2024-05-01,0.04424778761061947,0.04921342321624897
OR/Non-Profit/LPN,2024-06-01,0.02608695652173913,0.06118238699832503
OR/Non-Profit/LPN,2024-07-01,0.05172413793103448,0.050232413604994884
OR/Non-Profit/LPN,2024-08-01,0.05982905982905983,0.052225077650389085
OR/Non-Profit/LPN,2024-09-01,0.027777777777777776,0.061028318931240375
OR/Non-Profit/LPN,2024-10-01,0.01652892561983471,0.04822811209024942
OR/Non-Profit/LPN,2024-11-01,0.04878048780487805,0.04604870239167094
OR/Non-Profit/LPN,2024-12-01,0.048,0.06714057501223428
OR/Non-Profit/LPN,2025-01-01,0.07627118644067797,0.051200804616612486
OR/Non-Profit/LPN,2025-02-01,0.07017543859649122,0.05146383493708373
OR/Non-Profit/LPN,2025-03-01,0.11818181818181818,0.07251865865052819
OR/Non-Profit/RN,2022-10-01,0.043478260869565216,0.040329352466165355
OR/Non-Profit/RN,2022-11-01,0.029197080291970802,0.03565170385909129
OR/Non-Profit/RN,2022-12-01,0.06428571428571428,0.058395778899939674
OR/Non-Profit/RN,2023-01-01,0.0547945205479452,0.03746677300744373
OR/Non-Profit/RN,2023-02-01,0.014084507042253521,0.034499951755640454
OR/Non-Profit/RN,2023-03-01,0.028169014084507043,0.05704123771990652
OR/Non-Profit/RN,2023-04-01,0.04285714285714286,0.036136107673038584
OR/Non-Profit/RN,2023-05-01,0.0425531914893617,0.039504600246422605
OR/Non-Profit/RN,2023-06-01,0.03597122302158273,0.05201156902077323
OR/Non-Profit/RN,2023-07-01,0.05405405405405406,0.040935092929398426
OR/Non-Profit/RN,2023-08-01,0.04827586206896552,0.043195400851673865
OR/Non-Profit/RN,2023-09-01,0.05673758865248227,0.05119016697380868
OR/Non-Profit/RN,2023-10-01,0.02830188679245283,0.03820639391018788
OR/Non-Profit/RN,2023-11-01,0.038461538461538464,0.0339422020011433
OR/Non-Profit/RN,2023-12-01,0.04716981132075472,0.05697227262889712
OR/Non-Profit/RN,2024-01-01,0.0364963503649635,0.03657805930861991
OR/Non-Profit/RN,2024-02-01,0.035211267605633804,0.03431847475205532
OR/Non-Profit/RN,2024-03-01,0.04195804195804196,0.0572368436313996
OR/Non-Profit/RN,2024-04-01,0.04424778761061947,0.03655255587966551
OR/Non-Profit/RN,2024-05-01,0.035398230088495575,0.0400685123276468
OR/Non-Profit/RN,2024-06-01,0.03418803418803419,0.05292239035010872
OR/Non-Profit/RN,2024-07-01,0.03773584905660377,0.04223216056777955
OR/Non-Profit/RN,2024-08-01,0.053691275167785234,0.045008583651454125
OR/Non-Profit/RN,2024-09-01,0.033783783783783786,0.05350907730117153
OR/Non-Profit/RN,2024-10-01,0.033112582781456956,0.041406703353255116
OR/Non-Profit/RN,2024-11-01,0.038461538461538464,0.037851128473594314
OR/Non-Profit/RN,2024-12-01,0.038461538461538464,0.061679556687011666
OR/Non-Profit/RN,2025-01-01,0.01910828025477707,0.04231643414497625
OR/Non-Profit/RN,2025-02-01,0.037037037037037035,0.04144643593400986
OR/Non-Profit/RN,2025-03-01,0.17682926829268292,0.06575774127285125
PA/For-Profit/CNA,2022-10-01,0.07669734560490862,0.07937360708808489
PA/For-Profit/CNA,2022-11-01,0.06567184244135242,0.07463468211324956
PA/For-Profit/CNA,2022-12-01,0.10553001622498648,0.10016344181656853
PA/For-Profit/CNA,2023-01-01,0.0754479931230576,0.07847471454288699
PA/For-Profit/CNA,2023-02-01,0.06969676504356048,0.07716077270786907
PA/For-Profit/CNA,2023-03-01,0.16570250681561274,0.09977036741930184
PA/For-Profit/CNA,2023-04-01,0.0730916787934912,0.07814757262964106
PA/For-Profit/CNA,2023-05-01,0.07222294064399327,0.08165783200169174
PA/For-Profit/CNA,2023-06-01,0.09436746215037208,0.09525433062260016
PA/For-Profit/CNA,2023-07-01,0.07843875502008033,0.0822814743182864
PA/For-Profit/CNA,2023-08-01,0.07917001173346508,0.084212077987116
PA/For-Profit/CNA,2023-09-01,0.07957055214723927,0.09306763798795309
PA/For-Profit/CNA,2023-10-01,0.07529482915028728,0.08042466804141028
PA/For-Profit/CNA,2023-11-01,0.0709891435464415,0.07567036221667355
PA/For-Profit/CNA,2023-12-01,0.13739230327398047,0.10100303632866858
PA/For-Profit/CNA,2024-01-01,0.0714370900417412,0.07871425956516254
PA/For-Profit/CNA,2024-02-01,0.07487520798668885,0.07674842598754077
PA/For-Profit/CNA,2024-03-01,0.08796948356807512,0.09870957339418251
PA/For-Profit/CNA,2024-04-01,0.07617931438617052,0.07746550216347639
PA/For-Profit/CNA,2024-05-01,0.08335730311223609,0.08128434539818422
PA/For-Profit/CNA,2024-06-01,0.09665448732587349,0.09517853682327125
PA/For-Profit/CNA,2024-07-01,0.0828796800355516,0.08250147302000502
PA/For-Profit/CNA,2024-08-01,0.08430488341399033,0.08463036865686435
PA/For-Profit/CNA,2024-09-01,0.09931506849315068,0.09350327679290861
PA/For-Profit/CNA,2024-10-01,0.08111214492912265,0.08066885569382609
PA/For-Profit/CNA,2024-11-01,0.07600872410032715,0.0755552031830031
PA/For-Profit/CNA,2024-12-01,0.08957832641468211,0.10061216738127109
PA/For-Profit/CNA,2025-01-01,0.08216180734095509,0.0785669518763721
PA/For-Profit/CNA,2025-02-01,0.0770584676310434,0.07681683510028785
PA/For-Profit/CNA,2025-03-01,0.0990055969135467,0.09897736284718406
PA/For-Profit/LPN,2022-10-01,0.06470959595959595,0.06681248526196815
PA/For-Profit/LPN,2022-11-01,0.056520366277233974,0.06216152194763305
PA/For-Profit/LPN,2022-12-01,0.08309546463685379,0.08691965634214721
PA/For-Profit/LPN,2023-01-01,0.057432432432432436,0.06528525164748261
PA/For-Profit/LPN,2023-02-01,0.05546140810352796,0.06410585869892138
PA/For-Profit/LPN,2023-03-01,0.1451295258294198,0.08609192697464431
PA/For-Profit/LPN,2023-04-01,0.05830467932426372,0.06476663952107364
PA/For-Profit/LPN,2023-05-01,0.056232564968433416,0.06854349989837968
PA/For-Profit/LPN,2023-06-01,0.08766044340723454,0.08248045161708177
PA/For-Profit/LPN,2023-07-01,0.06515216459494214,0.06936167572952627
PA/For-Profit/LPN,2023-08-01,0.06246458923512748,0.07144729048408431
PA/For-Profit/LPN,2023-09-01,0.0669391206313416,0.08034797547885636
PA/For-Profit/LPN,2023-10-01,0.06561427590940289,0.0679572840712229
PA/For-Profit/LPN,2023-11-01,0.06409022142758905,0.06341897201092149
PA/For-Profit/LPN,2023-12-01,0.1236936102659082,0.08820491178746015
PA/For-Profit/LPN,2024-01-01,0.05558605544880593,0.06596699462837652
PA/For-Profit/LPN,2024-02-01,0.06518761983018351,0.06435666997588346
PA/For-Profit/LPN,2024-03-01,0.07407407407407407,0.08565764985271172
PA/For-Profit/LPN,2024-04-01,0.05962059620596206,0.06459393506997077
PA/For-Profit/LPN,2024-05-01,0.07147575637468621,0.06877938237671319
PA/For-Profit/LPN,2024-06-01,0.08841909320569073,0.08295328178716968
PA/For-Profit/LPN,2024-07-01,0.06366358547064184,0.07000443982126373
PA/For-Profit/LPN,2024-08-01,0.07570332480818415,0.0723376645865489
PA/For-Profit/LPN,2024-09-01,0.09022653721682848,0.08124093910543444
PA/For-Profit/LPN,2024-10-01,0.06879323597232898,0.06854891252617837
PA/For-Profit/LPN,2024-11-01,0.06596644037402331,0.0636565576360551
PA/For-Profit/LPN,2024-12-01,0.07758399589638369,0.08811350741173969
PA/For-Profit/LPN,2025-01-01,0.07196439923712651,0.06630560262987377
PA/For-Profit/LPN,2025-02-01,0.06845276246635047,0.0647888855544976
PA/For-Profit/LPN,2025-03-01,0.08369482010717019,0.08613714192388033
PA/For-Profit/RN,2022-10-01,0.06446509788412103,0.07071615557678557
PA/For-Profit/RN,2022-11-01,0.06610600430275768,0.066544421658824
PA/For-Profit/RN,2022-12-01,0.10094637223974763,0.09223186897232308
PA/For-Profit/RN,2023-01-01,0.062378546443839875,0.07014305842119832
PA/For-Profit/RN,2023-02-01,0.0666407616087041,0.06866505256217884
PA/For-Profit/RN,2023-03-01,0.15753162131084708,0.09082887475754581
PA/For-Profit/RN,2023-04-01,0.05366795366795367,0.06883238537213673
PA/For-Profit/RN,2023-05-01,0.058879573170731704,0.07225384880555591
PA/For-Profit/RN,2023-06-01,0.08799249530956849,0.08608205649311648
PA/For-Profit/RN,2023-07-01,0.07282547960514062,0.07310869195389577
PA/For-Profit/RN,2023-08-01,0.0669378698224852,0.07473880628004198
PA/For-Profit/RN,2023-09-01,0.07022984312294783,0.08387871673984454
PA/For-Profit/RN,2023-10-01,0.05561594202898551,0.07036475712615414
PA/For-Profit/RN,2023-11-01,0.055797891675754274,0.06622307996025592
PA/For-Profit/RN,2023-12-01,0.12322110378340854,0.09203737736348853
PA/For-Profit/RN,2024-01-01,0.07056091461236155,0.06973198452427153
PA/For-Profit/RN,2024-02-01,0.06531853972798855,0.06793609368964602
PA/For-Profit/RN,2024-03-01,0.07723434201266714,0.08975129019705443
PA/For-Profit/RN,2024-04-01,0.07250702247191011,0.06849543552857422
PA/For-Profit/RN,2024-05-01,0.06856448533240757,0.07244576822161622
PA/For-Profit/RN,2024-06-01,0.08499566348655681,0.08672106867462949
PA/For-Profit/RN,2024-07-01,0.06979542719614922,0.07418112212238531
PA/For-Profit/RN,2024-08-01,0.07334010840108401,0.07625362983993897
PA/For-Profit/RN,2024-09-01,0.09358930407953377,0.08577388934877717
PA/For-Profit/RN,2024-10-01,0.07048984468339307,0.07246682402864559
PA/For-Profit/RN,2024-11-01,0.07097656918077647,0.06826003818316903
PA/For-Profit/RN,2024-12-01,0.0944614339109752,0.09380187121563419
PA/For-Profit/RN,2025-01-01,0.07663551401869159,0.07162534789066778
PA/For-Profit/RN,2025-02-01,0.07399141630901288,0.06987685967144376
PA/For-Profit/RN,2025-03-01,0.09269375213383407,0.09167164849978018
PA/Government/CNA,2022-10-01,0.040957446808510635,0.03792882596237991
PA/Government/CNA,2022-11-01,0.02461706783369803,0.03246714063504247
PA/Government/CNA,2022-12-01,0.04139433551198257,0.05509600688653069
PA/Government/CNA,2023-01-01,0.03551912568306011,0.03477978865408267
PA/Government/CNA,2023-02-01,0.02509760178471835,0.0327721415219725
PA/Government/CNA,2023-03-01,0.055586436909394105,0.05449448601145447
PA/Government/CNA,2023-04-01,0.033071748878923765,0.033825553714576795
PA/Government/CNA,2023-05-01,0.0368921185019564,0.0373286671048997
PA/Government/CNA,2023-06-01,0.04657687991021325,0.05033164075113297
PA/Government/CNA,2023-07-01,0.031710079275198186,0.038241695145089155
PA/Government/CNA,2023-08-01,0.031578947368421054,0.040257306871351164
PA/Government/CNA,2023-09-01,0.05057096247960848,0.049999750495423566
PA/Government/CNA,2023-10-01,0.04961411245865491,0.03772482372060651
PA/Government/CNA,2023-11-01,0.03863381858902576,0.032714389784173126
PA/Government/CNA,2023-12-01,0.038461538461538464,0.05573924891757333
PA/Government/CNA,2024-01-01,0.03611111111111111,0.03569912180181056
PA/Government/CNA,2024-02-01,0.039750141964792735,0.03408499671362118
PA/Government/CNA,2024-03-01,0.040955631399317405,0.05594286583704475
PA/Government/CNA,2024-04-01,0.039239001189060645,0.03563623055978571
PA/Government/CNA,2024-05-01,0.03364817001180637,0.039402844608305294
PA/Government/CNA,2024-06-01,0.0345855694692904,0.05279057368328957
PA/Government/CNA,2024-07-01,0.04051054384017758,0.04139645670519852
PA/Government/CNA,2024-08-01,0.03551609322974473,0.04395449196609443
PA/Government/CNA,2024-09-01,0.05263157894736842,0.0541559584107897
PA/Government/CNA,2024-10-01,0.04051772650534609,0.042429405812778
PA/Government/CNA,2024-11-01,0.042951541850220265,0.03822812109382604
PA/Government/CNA,2024-12-01,0.06547285954113038,0.06196877163915775
PA/Government/CNA,2025-01-01,0.03880764904386952,0.04236777932658712
PA/Government/CNA,2025-02-01,0.03619909502262444,0.041232772887740264
PA/Government/CNA,2025-03-01,0.12556306306306306,0.06384039773103412
PA/Government/LPN,2022-10-01,0.028225806451612902,0.03323179247541848
PA/Government/LPN,2022-11-01,0.023035230352303523,0.02843016603169235
PA/Government/LPN,2022-12-01,0.030707610146862484,0.051378700208341094
PA/Government/LPN,2023-01-01,0.023968042609853527,0.029954198451615854
PA/Government/LPN,2023-02-01,0.030707610146862484,0.02868109001394703
PA/Government/LPN,2023-03-01,0.057104913678618856,0.05148676202089207
PA/Government/LPN,2023-04-01,0.020242914979757085,0.02940673049425545
PA/Government/LPN,2023-05-01,0.023809523809523808,0.033304972112999764
PA/Government/LPN,2023-06-01,0.044854881266490766,0.046539634638570165
PA/Government/LPN,2023-07-01,0.040214477211796246,0.034796193021837146
PA/Government/LPN,2023-08-01,0.03924221921515562,0.037224152487843803
PA/Government/LPN,2023-09-01,0.027434842249657063,0.04542513638249335
PA/Government/LPN,2023-10-01,0.038356164383561646,0.033502981635964144
PA/Government/LPN,2023-11-01,0.035182679296346414,0.029395231538085022
PA/Government/LPN,2023-12-01,0.03972602739726028,0.05293545284264161
PA/Government/LPN,2024-01-01,0.0286493860845839,0.031818500991459005
PA/Government/LPN,2024-02-01,0.026917900403768506,0.030860465374483753
PA/Government/LPN,2024-03-01,0.04057591623036649,0.05415057029457521
PA/Government/LPN,2024-04-01,0.03477051460361613,0.03275429234877821
PA/Government/LPN,2024-05-01,0.039160839160839164,0.03729178915784857
PA/Government/LPN,2024-06-01,0.026685393258426966,0.05090026884813105
PA/Government/LPN,2024-07-01,0.02894736842105263,0.03974800976336838
PA/Government/LPN,2024-08-01,0.045572916666666664,0.0431459544942398
PA/Government/LPN,2024-09-01,0.04617414248021108,0.05220009765717706
PA/Government/LPN,2024-10-01,0.03758389261744966,0.04119088106150294
PA/Government/LPN,2024-11-01,0.042105263157894736,0.03796844962529863
PA/Government/LPN,2024-12-01,0.08005249343832022,0.06237919885824572
PA/Government/LPN,2025-01-01,0.027450980392156862,0.04184274322057353
PA/Government/LPN,2025-02-01,0.03129074315514994,0.04162407177275094
PA/Government/LPN,2025-03-01,0.1547314578005115,0.06554513599532252
PA/Government/RN,2022-10-01,0.024853801169590642,0.03077068889852079
PA/Government/RN,2022-11-01,0.029455081001472753,0.02653814231826101
PA/Government/RN,2022-12-01,0.031203566121842496,0.048496492175069045
PA/Government/RN,2023-01-01,0.03056768558951965,0.02807704489296144
PA/Government/RN,2023-02-01,0.02526002971768202,0.026617686625701804
PA/Government/RN,2023-03-01,0.06360946745562131,0.047354273283276724
PA/Government/RN,2023-04-01,0.022556390977443608,0.02596888954536462
PA/Government/RN,2023-05-01,0.035555555555555556,0.02985908014158484
PA/Government/RN,2023-06-01,0.04229607250755287,0.042500372363201394
PA/Government/RN,2023-07-01,0.012232415902140673,0.029332042586392992
PA/Government/RN,2023-08-01,0.03106508875739645,0.03174342461506503
PA/Government/RN,2023-09-01,0.03372434017595308,0.040311751778153736
PA/Government/RN,2023-10-01,0.021052631578947368,0.02705841312954552
PA/Government/RN,2023-11-01,0.03529411764705882,0.023233034374214364
PA/Government/RN,2023-12-01,0.03427719821162444,0.045404529756639625
PA/Government/RN,2024-01-01,0.02706766917293233,0.025122625574963437
PA/Government/RN,2024-02-01,0.032208588957055216,0.023772384770760397
PA/Government/RN,2024-03-01,0.02262443438914027,0.04452267081079231
PA/Government/RN,2024-04-01,0.015822784810126583,0.023639502904795155
PA/Government/RN,2024-05-01,0.023076923076923078,0.028088116224167313
PA/Government/RN,2024-06-01,0.03076923076923077,0.041459485441228405
PA/Government/RN,2024-07-01,0.02452316076294278,0.02904714642314372
PA/Government/RN,2024-08-01,0.029689608636977057,0.03217454969244068
PA/Government/RN,2024-09-01,0.04172274562584118,0.041518011895812806
PA/Government/RN,2024-10-01,0.02604920405209841,0.02892191531346832
PA/Government/RN,2024-11-01,0.027472527472527472,0.025589542322297022
PA/Government/RN,2024-12-01,0.04477611940298507,0.04847959351182325
PA/Government/RN,2025-01-01,0.022972972972972974,0.028777375082392583
PA/Government/RN,2025-02-01,0.030013642564802184,0.028167730814393076
PA/Government/RN,2025-03-01,0.09581646423751687,0.04969242599495373
PA/Non-Profit/CNA,2022-10-01,0.053212733466463054,0.054350398052190704
PA/Non-Profit/CNA,2022-11-01,0.04873772791023843,0.04925939578819127
PA/Non-Profit/CNA,2022-12-01,0.06966107658027443,0.07295681714305455
PA/Non-Profit/CNA,2023-01-01,0.0473900293255132,0.051985123795479565
PA/Non-Profit/CNA,2023-02-01,0.04734781060875756,0.05028491109543073
PA/Non-Profit/CNA,2023-03-01,0.06147685784948769,0.0702260756309203
PA/Non-Profit/CNA,2023-04-01,0.050949404410897514,0.05157008413505405
PA/Non-Profit/CNA,2023-05-01,0.0525383707201889,0.05550561687183715
PA/Non-Profit/CNA,2023-06-01,0.06635180278769727,0.06885678415700242
PA/Non-Profit/CNA,2023-07-01,0.057997281377435435,0.056918502467654015
PA/Non-Profit/CNA,2023-08-01,0.07088294765221298,0.059639783732907056
PA/Non-Profit/CNA,2023-09-01,0.0660024906600249,0.06817190926177615
PA/Non-Profit/CNA,2023-10-01,0.06335239771227452,0.05571258341049823
PA/Non-Profit/CNA,2023-11-01,0.04921823386919181,0.050675015128134236
PA/Non-Profit/CNA,2023-12-01,0.07185234014502308,0.07437420706835776
PA/Non-Profit/CNA,2024-01-01,0.05372674226577122,0.053607967840083426
PA/Non-Profit/CNA,2024-02-01,0.051019283746556475,0.051803586344605794
PA/Non-Profit/CNA,2024-03-01,0.07563935847420893,0.07176524669397344
PA/Non-Profit/CNA,2024-04-01,0.056575089586274295,0.05284307163606565
PA/Non-Profit/CNA,2024-05-01,0.05835827276613938,0.05652600886441708
PA/Non-Profit/CNA,2024-06-01,0.06467608062951385,0.06969064165312942
PA/Non-Profit/CNA,2024-07-01,0.056198519445313316,0.05749394638572945
PA/Non-Profit/CNA,2024-08-01,0.06124352331606218,0.06002333430919763
PA/Non-Profit/CNA,2024-09-01,0.06727158948685857,0.06833144985340374
PA/Non-Profit/CNA,2024-10-01,0.05280388636603654,0.05583912822041055
PA/Non-Profit/CNA,2024-11-01,0.05092204526404023,0.050868235440760995
PA/Non-Profit/CNA,2024-12-01,0.07612889769527584,0.07472946843103999
PA/Non-Profit/CNA,2025-01-01,0.059533721898417984,0.05385842753394632
PA/Non-Profit/CNA,2025-02-01,0.05095474206139888,0.05205086157028053
PA/Non-Profit/CNA,2025-03-01,0.06875257307533965,0.07178450614785838
PA/Non-Profit/LPN,2022-10-01,0.04275534441805225,0.04690105608513322
PA/Non-Profit/LPN,2022-11-01,0.051243632004794724,0.04257539525154349
PA/Non-Profit/LPN,2022-12-01,0.06133658834299664,0.06534890325811914
PA/Non-Profit/LPN,2023-01-01,0.03645200486026731,0.04396047326059243
PA/Non-Profit/LPN,2023-02-01,0.03749622013909888,0.04225223124845308
PA/Non-Profit/LPN,2023-03-01,0.06036036036036036,0.0624520486701341
PA/Non-Profit/LPN,2023-04-01,0.042438732815301854,0.04325728328900484
PA/Non-Profit/LPN,2023-05-01,0.03926306251887647,0.04694198077834219
PA/Non-Profit/LPN,2023-06-01,0.05861561119293078,0.06048271294824261
PA/Non-Profit/LPN,2023-07-01,0.049837805956944856,0.04826880878106646
PA/Non-Profit/LPN,2023-08-01,0.0511600237953599,0.05054884231448192
PA/Non-Profit/LPN,2023-09-01,0.05941176470588235,0.059490076882620216
PA/Non-Profit/LPN,2023-10-01,0.05314846909300982,0.04673462483087394
PA/Non-Profit/LPN,2023-11-01,0.04441880588404961,0.042507457484374615
PA/Non-Profit/LPN,2023-12-01,0.0511200459506031,0.06541121290229007
PA/Non-Profit/LPN,2024-01-01,0.03928266438941076,0.04438948585449412
PA/Non-Profit/LPN,2024-02-01,0.042391914654688376,0.04299136140056576
PA/Non-Profit/LPN,2024-03-01,0.06677750069271267,0.06354772846837914
PA/Non-Profit/LPN,2024-04-01,0.04777870913663034,0.04461734499533381
PA/Non-Profit/LPN,2024-05-01,0.05121816168327796,0.04839121044747573
PA/Non-Profit/LPN,2024-06-01,0.057844243792325056,0.06197034802045432
PA/Non-Profit/LPN,2024-07-01,0.04985179196981945,0.04977206711303572
PA/Non-Profit/LPN,2024-08-01,0.05527096252359127,0.05212673640625859
PA/Non-Profit/LPN,2024-09-01,0.06429734129137277,0.061097912564521795
PA/Non-Profit/LPN,2024-10-01,0.0468190581107133,0.048349492285436564
PA/Non-Profit/LPN,2024-11-01,0.04664642561413194,0.04416022130447206
PA/Non-Profit/LPN,2024-12-01,0.07504846302963168,0.06726567693318922
PA/Non-Profit/LPN,2025-01-01,0.044279427942794276,0.04604745365933597
PA/Non-Profit/LPN,2025-02-01,0.04230769230769231,0.04443015391780839
PA/Non-Profit/LPN,2025-03-01,0.06709781729991916,0.06471232152185785
PA/Non-Profit/RN,2022-10-01,0.034013605442176874,0.04009170507673497
PA/Non-Profit/RN,2022-11-01,0.033777777777777775,0.03540332059427192
PA/Non-Profit/RN,2022-12-01,0.05625,0.05881949768759922
PA/Non-Profit/RN,2023-01-01,0.03358644859813084,0.037700576926421675
PA/Non-Profit/RN,2023-02-01,0.03251088534107402,0.035926656186338085
PA/Non-Profit/RN,2023-03-01,0.0551067512983266,0.05615198400953855
PA/Non-Profit/RN,2023-04-01,0.036214953271028034,0.03670179083850876
PA/Non-Profit/RN,2023-05-01,0.03732001175433441,0.03995104185188646
PA/Non-Profit/RN,2023-06-01,0.05574912891986063,0.05388038527002456
PA/Non-Profit/RN,2023-07-01,0.037399309551208286,0.04149520261679886
PA/Non-Profit/RN,2023-08-01,0.04434782608695652,0.04320437470073974
PA/Non-Profit/RN,2023-09-01,0.05017201834862385,0.05207673122385098
PA/Non-Profit/RN,2023-10-01,0.044350282485875706,0.039320305556582655
PA/Non-Profit/RN,2023-11-01,0.03627671541057368,0.034864824049021886
PA/Non-Profit/RN,2023-12-01,0.05001404889013768,0.0584159608495239
PA/Non-Profit/RN,2024-01-01,0.0360056258790436,0.037480749089582384
PA/Non-Profit/RN,2024-02-01,0.03515625,0.03586262572785494
PA/Non-Profit/RN,2024-03-01,0.06426592797783934,0.05622336703892404
PA/Non-Profit/RN,2024-04-01,0.04146952407458948,0.03669937496417941
PA/Non-Profit/RN,2024-05-01,0.031224095053882288,0.04000734752965241
PA/Non-Profit/RN,2024-06-01,0.04591696453120704,0.053919723908791864
PA/Non-Profit/RN,2024-07-01,0.05258964143426295,0.0417902762999542
PA/Non-Profit/RN,2024-08-01,0.04009687836383208,0.04353958152423819
PA/Non-Profit/RN,2024-09-01,0.043685464654487687,0.05238969507208418
PA/Non-Profit/RN,2024-10-01,0.03557951482479784,0.039742218746296375
PA/Non-Profit/RN,2024-11-01,0.03562753036437247,0.035503704294012305
PA/Non-Profit/RN,2024-12-01,0.06810228802153433,0.0593021045855662
PA/Non-Profit/RN,2025-01-01,0.03994638069705094,0.03837742018604804
PA/Non-Profit/RN,2025-02-01,0.03979564399031998,0.03677706750445935
PA/Non-Profit/RN,2025-03-01,0.058043996819507025,0.057077204775203616
PR/For-Profit/RN,2022-10-01,0.0,0.04138395870145356
PR/For-Profit/RN,2022-11-01,0.0,0.03664297944273449
PR/For-Profit/RN,2022-12-01,0.17647058823529413,0.06771491965073685
PR/For-Profit/RN,2023-01-01,0.0,0.03766732989907427
PR/For-Profit/RN,2023-02-01,0.030303030303030304,0.03821087462210691
PR/For-Profit/RN,2023-03-01,0.12121212121212122,0.059568665744500066
PR/For-Profit/RN,2023-04-01,0.03333333333333333,0.03911312046814052
PR/For-Profit/RN,2023-05-01,0.03333333333333333,0.04045644421081273
PR/For-Profit/RN,2023-06-01,0.06666666666666667,0.05340596280782094
PR/For-Profit/RN,2023-07-01,0.0,0.03876071614452881
PR/For-Profit/RN,2023-08-01,0.0,0.0394861003249799
PR/For-Profit/RN,2023-09-01,0.05,0.050804993067410084
PR/For-Profit/RN,2023-10-01,0.02857142857142857,0.037620728263183315
PR/For-Profit/RN,2023-11-01,0.02631578947368421,0.03282494495608257
PR/For-Profit/RN,2023-12-01,0.08108108108108109,0.06340087966331281
PR/For-Profit/RN,2024-01-01,0.023809523809523808,0.034109735917748185
PR/For-Profit/RN,2024-02-01,0.023255813953488372,0.03507452053938038
PR/For-Profit/RN,2024-03-01,0.06976744186046512,0.05688656600870421
PR/For-Profit/RN,2024-04-01,0.075,0.03750641973725846
PR/For-Profit/RN,2024-05-01,0.02631578947368421,0.03934170922510949
PR/For-Profit/RN,2024-06-01,0.02702702702702703,0.05280886530658738
PR/For-Profit/RN,2024-07-01,0.02702702702702703,0.039232987240281486
PR/For-Profit/RN,2024-08-01,0.0,0.04069015224800651
PR/For-Profit/RN,2024-09-01,0.05263157894736842,0.05287393071715278
PR/For-Profit/RN,2024-10-01,0.07317073170731707,0.04049325280131962
PR/For-Profit/RN,2024-11-01,0.05263157894736842,0.03591678058013005
PR/For-Profit/RN,2024-12-01,0.13157894736842105,0.06649125304477896
PR/For-Profit/RN,2025-01-01,0.0,0.03651285000153252
PR/For-Profit/RN,2025-02-01,0.05555555555555555,0.037098648399440486
PR/For-Profit/RN,2025-03-01,0.02857142857142857,0.058063973937121635
RI/For-Profit/CNA,2022-10-01,0.13578549329666553,0.07967893304282637
RI/For-Profit/CNA,2022-11-01,0.0866779089376054,0.07317994027375543
RI/For-Profit/CNA,2022-12-01,0.11046511627906977,0.09585636458490943
RI/For-Profit/CNA,2023-01-01,0.07345807345807345,0.07461005518604215
RI/For-Profit/CNA,2023-02-01,0.0708494888967219,0.07160188057238986
RI/For-Profit/CNA,2023-03-01,0.08388214904679377,0.0897038959264658
RI/For-Profit/CNA,2023-04-01,0.06276005547850208,0.07081559006740076
RI/For-Profit/CNA,2023-05-01,0.0614562458249833,0.07397831109446287
RI/For-Profit/CNA,2023-06-01,0.10846905537459284,0.087612426052158
RI/For-Profit/CNA,2023-07-01,0.06970509383378017,0.07342847179766476
RI/For-Profit/CNA,2023-08-01,0.0814419225634179,0.07547321152524433
RI/For-Profit/CNA,2023-09-01,0.08697170799860286,0.08354381063964958
RI/For-Profit/CNA,2023-10-01,0.07031000319590924,0.07129150896922151
RI/For-Profit/CNA,2023-11-01,0.05468238375900458,0.06452942565742283
RI/For-Profit/CNA,2023-12-01,0.08008934269304403,0.0871903769868845
RI/For-Profit/CNA,2024-01-01,0.07758074730842306,0.06619224534689395
RI/For-Profit/CNA,2024-02-01,0.06459705236751333,0.06323097615981514
RI/For-Profit/CNA,2024-03-01,0.0704445835942392,0.0814401283016294
RI/For-Profit/CNA,2024-04-01,0.06774898532625663,0.06262856028003758
RI/For-Profit/CNA,2024-05-01,0.06974581525108493,0.06554917825317468
RI/For-Profit/CNA,2024-06-01,0.07476923076923077,0.07895055880215253
RI/For-Profit/CNA,2024-07-01,0.05673316708229426,0.06497544205810488
RI/For-Profit/CNA,2024-08-01,0.07069767441860465,0.06721349681298688
RI/For-Profit/CNA,2024-09-01,0.07474874371859297,0.07536717014076191
RI/For-Profit/CNA,2024-10-01,0.05721393034825871,0.06330233292199237
RI/For-Profit/CNA,2024-11-01,0.06279142057817842,0.056822620852105474
RI/For-Profit/CNA,2024-12-01,0.06425452276980662,0.07958784041471965
RI/For-Profit/CNA,2025-01-01,0.06339787632729545,0.058793273050383545
RI/For-Profit/CNA,2025-02-01,0.04872611464968153,0.056105441896745656
RI/For-Profit/CNA,2025-03-01,0.04987452948557089,0.0745848606893271
RI/For-Profit/LPN,2022-10-01,0.1390728476821192,0.07545790424885226
RI/For-Profit/LPN,2022-11-01,0.07155025553662692,0.0681443038445825
RI/For-Profit/LPN,2022-12-01,0.0847457627118644,0.0904919628008619
RI/For-Profit/LPN,2023-01-01,0.06862745098039216,0.07048918880309804
RI/For-Profit/LPN,2023-02-01,0.06290322580645161,0.06768537247076847
RI/For-Profit/LPN,2023-03-01,0.0701468189233279,0.08645992300958519
RI/For-Profit/LPN,2023-04-01,0.07523510971786834,0.06757443985615894
RI/For-Profit/LPN,2023-05-01,0.06466876971608833,0.07045481268821041
RI/For-Profit/LPN,2023-06-01,0.09516380655226209,0.08429964761766562
RI/For-Profit/LPN,2023-07-01,0.0594855305466238,0.0704454018171745
RI/For-Profit/LPN,2023-08-01,0.0766721044045677,0.07293576262906548
RI/For-Profit/LPN,2023-09-01,0.06543624161073826,0.0806263082807704
RI/For-Profit/LPN,2023-10-01,0.08,0.07035184978026643
RI/For-Profit/LPN,2023-11-01,0.05384615384615385,0.06337700667989096
RI/For-Profit/LPN,2023-12-01,0.0696969696969697,0.08623506859836777
RI/For-Profit/LPN,2024-01-01,0.08982035928143713,0.06692533026324819
RI/For-Profit/LPN,2024-02-01,0.0746054519368723,0.06435090767805873
RI/For-Profit/LPN,2024-03-01,0.10230547550432277,0.08320208902781079
RI/For-Profit/LPN,2024-04-01,0.06628242074927954,0.06398362444994714
RI/For-Profit/LPN,2024-05-01,0.059941520467836254,0.06649749789943878
RI/For-Profit/LPN,2024-06-01,0.07988587731811697,0.08011617817601535
RI/For-Profit/LPN,2024-07-01,0.059077809798270896,0.0661942895171494
RI/For-Profit/LPN,2024-08-01,0.06930693069306931,0.06845470441707524
RI/For-Profit/LPN,2024-09-01,0.06509695290858726,0.07598680965219623
RI/For-Profit/LPN,2024-10-01,0.05532503457814661,0.06547520818918036
RI/For-Profit/LPN,2024-11-01,0.06056338028169014,0.05869567811557686
RI/For-Profit/LPN,2024-12-01,0.07637906647807638,0.0815009515866578
RI/For-Profit/LPN,2025-01-01,0.06543385490753911,0.06191179612222829
RI/For-Profit/LPN,2025-02-01,0.06446991404011461,0.059451724243397924
RI/For-Profit/LPN,2025-03-01,0.059490084985835696,0.07848413968242092
RI/For-Profit/RN,2022-10-01,0.11899563318777293,0.06569157260126561
RI/For-Profit/RN,2022-11-01,0.06311207834602829,0.05908312233299176
RI/For-Profit/RN,2022-12-01,0.0824295010845987,0.08155684135050792
RI/For-Profit/RN,2023-01-01,0.05161290322580645,0.05987956953625763
RI/For-Profit/RN,2023-02-01,0.057569296375266525,0.057899717267807745
RI/For-Profit/RN,2023-03-01,0.05705059203444564,0.07643598777014735
RI/For-Profit/RN,2023-04-01,0.04602510460251046,0.057912927915651995
RI/For-Profit/RN,2023-05-01,0.056074766355140186,0.06171353916135497
RI/For-Profit/RN,2023-06-01,0.07700312174817898,0.07498124863065854
RI/For-Profit/RN,2023-07-01,0.07112068965517242,0.06260615467202428
RI/For-Profit/RN,2023-08-01,0.06808510638297872,0.06398787497316945
RI/For-Profit/RN,2023-09-01,0.07464324917672886,0.07259387113311838
RI/For-Profit/RN,2023-10-01,0.06209150326797386,0.0611169307804875
RI/For-Profit/RN,2023-11-01,0.060109289617486336,0.054763170235398805
RI/For-Profit/RN,2023-12-01,0.06203208556149733,0.07760070937385735
RI/For-Profit/RN,2024-01-01,0.0559662090813094,0.056446195695005336
RI/For-Profit/RN,2024-02-01,0.053388090349075976,0.05473315927469334
RI/For-Profit/RN,2024-03-01,0.07661290322580645,0.07368604622712913
RI/For-Profit/RN,2024-04-01,0.06955645161290322,0.055217387910226755
RI/For-Profit/RN,2024-05-01,0.06726907630522089,0.0586577784890364
RI/For-Profit/RN,2024-06-01,0.07309644670050762,0.07148444958081988
RI/For-Profit/RN,2024-07-01,0.060240963855421686,0.05873267430578748
RI/For-Profit/RN,2024-08-01,0.04648760330578512,0.05968858446867632
RI/For-Profit/RN,2024-09-01,0.058823529411764705,0.06820400506540501
RI/For-Profit/RN,2024-10-01,0.05128205128205128,0.05684255026420576
RI/For-Profit/RN,2024-11-01,0.050156739811912224,0.05059618430594058
RI/For-Profit/RN,2024-12-01,0.07291666666666667,0.07362073834205778
RI/For-Profit/RN,2025-01-01,0.05223880597014925,0.05246889529214968
RI/For-Profit/RN,2025-02-01,0.05263157894736842,0.05078349778915957
RI/For-Profit/RN,2025-03-01,0.05319148936170213,0.06967383786101358
RI/Non-Profit/CNA,2022-10-01,0.05779334500875657,0.05591663838606969
RI/Non-Profit/CNA,2022-11-01,0.05114638447971781,0.0514883739345053
RI/Non-Profit/CNA,2022-12-01,0.08904109589041095,0.07396779542692052
RI/Non-Profit/CNA,2023-01-01,0.04424778761061947,0.05313554382978304
RI/Non-Profit/CNA,2023-02-01,0.061946902654867256,0.05180783867042757
RI/Non-Profit/CNA,2023-03-01,0.059782608695652176,0.07319110586128443
RI/Non-Profit/CNA,2023-04-01,0.04964539007092199,0.05187531417777117
RI/Non-Profit/CNA,2023-05-01,0.0625,0.05620593004541676
RI/Non-Profit/CNA,2023-06-01,0.06082289803220036,0.06869121266672282
RI/Non-Profit/CNA,2023-07-01,0.06770833333333333,0.05721783698392308
RI/Non-Profit/CNA,2023-08-01,0.05272407732864675,0.058353813608430484
RI/Non-Profit/CNA,2023-09-01,0.05663716814159292,0.06700280103511175
RI/Non-Profit/CNA,2023-10-01,0.05604203152364273,0.054480655769434214
RI/Non-Profit/CNA,2023-11-01,0.047787610619469026,0.05019996640784525
RI/Non-Profit/CNA,2023-12-01,0.05545927209705372,0.07270074545995138
RI/Non-Profit/CNA,2024-01-01,0.06375838926174497,0.05241005451484469
RI/Non-Profit/CNA,2024-02-01,0.0595446584938704,0.05144352645241501
RI/Non-Profit/CNA,2024-03-01,0.053475935828877004,0.07306485096085014
RI/Non-Profit/CNA,2024-04-01,0.04838709677419355,0.05210426402333383
RI/Non-Profit/CNA,2024-05-01,0.059336823734729496,0.056787169066215275
RI/Non-Profit/CNA,2024-06-01,0.06282722513089005,0.06978557207669929
RI/Non-Profit/CNA,2024-07-01,0.06467661691542288,0.058634724698840214
RI/Non-Profit/CNA,2024-08-01,0.06050420168067227,0.06024919804845038
RI/Non-Profit/CNA,2024-09-01,0.06688963210702341,0.06925120092021342
RI/Non-Profit/CNA,2024-10-01,0.05090909090909091,0.05703901094769566
RI/Non-Profit/CNA,2024-11-01,0.06329113924050633,0.053036333428510024
RI/Non-Profit/CNA,2024-12-01,0.044407894736842105,0.07577612371376341
RI/Non-Profit/CNA,2025-01-01,0.0347985347985348,0.055900340280337454
RI/Non-Profit/CNA,2025-02-01,0.03759398496240601,0.055812773652863454
RI/Non-Profit/CNA,2025-03-01,0.17005545286506468,0.07867730934669828
RI/Non-Profit/LPN,2022-10-01,0.10810810810810811,0.07609825910940633
RI/Non-Profit/LPN,2022-11-01,0.11594202898550725,0.07293407014663716
RI/Non-Profit/LPN,2022-12-01,0.05970149253731343,0.08970786747407312
RI/Non-Profit/LPN,2023-01-01,0.08695652173913043,0.07312143630503094
RI/Non-Profit/LPN,2023-02-01,0.10294117647058823,0.0714995524211729
RI/Non-Profit/LPN,2023-03-01,0.09859154929577464,0.09450183108581106
RI/Non-Profit/LPN,2023-04-01,0.07792207792207792,0.06911827441231402
RI/Non-Profit/LPN,2023-05-01,0.02564102564102564,0.07048690458123746
RI/Non-Profit/LPN,2023-06-01,0.09411764705882353,0.08578442310655612
RI/Non-Profit/LPN,2023-07-01,0.12790697674418605,0.07278489524854537
RI/Non-Profit/LPN,2023-08-01,0.06097560975609756,0.07045401412549918
RI/Non-Profit/LPN,2023-09-01,0.024096385542168676,0.07823116141714791
RI/Non-Profit/LPN,2023-10-01,0.047058823529411764,0.06671931508207582
RI/Non-Profit/LPN,2023-11-01,0.05813953488372093,0.06340687989704111
RI/Non-Profit/LPN,2023-12-01,0.03529411764705882,0.08072391553973038
RI/Non-Profit/LPN,2024-01-01,0.08888888888888889,0.06495149791041785
RI/Non-Profit/LPN,2024-02-01,0.09195402298850575,0.0639537306270343
RI/Non-Profit/LPN,2024-03-01,0.08536585365853659,0.08758051616175912
RI/Non-Profit/LPN,2024-04-01,0.05194805194805195,0.06302857048491652
RI/Non-Profit/LPN,2024-05-01,0.0641025641025641,0.06539105371792625
RI/Non-Profit/LPN,2024-06-01,0.10126582278481013,0.08116854395598658
RI/Non-Profit/LPN,2024-07-01,0.05263157894736842,0.06845837967573953
RI/Non-Profit/LPN,2024-08-01,0.013513513513513514,0.06745682741444949
RI/Non-Profit/LPN,2024-09-01,0.07142857142857142,0.07714749201050922
RI/Non-Profit/LPN,2024-10-01,0.05263157894736842,0.06689298412042853
RI/Non-Profit/LPN,2024-11-01,0.08450704225352113,0.06469659930730953
RI/Non-Profit/LPN,2024-12-01,0.012987012987012988,0.08279955864538055
RI/Non-Profit/LPN,2025-01-01,0.041666666666666664,0.06814391358649481
RI/Non-Profit/LPN,2025-02-01,0.043478260869565216,0.06889794159698058
RI/Non-Profit/LPN,2025-03-01,0.25757575757575757,0.09497044181751738
RI/Non-Profit/RN,2022-10-01,0.061452513966480445,0.05223285687844318
RI/Non-Profit/RN,2022-11-01,0.07909604519774012,0.048082061691727844
RI/Non-Profit/RN,2022-12-01,0.08045977011494253,0.06853925661737176
RI/Non-Profit/RN,2023-01-01,0.029069767441860465,0.04598783145215722
RI/Non-Profit/RN,2023-02-01,0.040229885057471264,0.04375065012705677
RI/Non-Profit/RN,2023-03-01,0.05,0.06576063089615507
RI/Non-Profit/RN,2023-04-01,0.057291666666666664,0.04528710698690163
RI/Non-Profit/RN,2023-05-01,0.038461538461538464,0.047563372887695424
RI/Non-Profit/RN,2023-06-01,0.03910614525139665,0.059672884570751296
RI/Non-Profit/RN,2023-07-01,0.057291666666666664,0.048527156159208495
RI/Non-Profit/RN,2023-08-01,0.05263157894736842,0.05003663444106002
RI/Non-Profit/RN,2023-09-01,0.05670103092783505,0.05885852748332292
RI/Non-Profit/RN,2023-10-01,0.041237113402061855,0.04702865220925483
RI/Non-Profit/RN,2023-11-01,0.05128205128205128,0.043160394172647124
RI/Non-Profit/RN,2023-12-01,0.046875,0.06405076111002522
RI/Non-Profit/RN,2024-01-01,0.036458333333333336,0.04238294872061932
RI/Non-Profit/RN,2024-02-01,0.031413612565445025,0.040766311064446656
RI/Non-Profit/RN,2024-03-01,0.041025641025641026,0.06354035522761729
RI/Non-Profit/RN,2024-04-01,0.053763440860215055,0.043941998586495376
RI/Non-Profit/RN,2024-05-01,0.038461538461538464,0.046971486047091324
RI/Non-Profit/RN,2024-06-01,0.032432432432432434,0.06003745605930104
RI/Non-Profit/RN,2024-07-01,0.04,0.049951923151630474
RI/Non-Profit/RN,2024-08-01,0.03980099502487562,0.052643017333471515
RI/Non-Profit/RN,2024-09-01,0.06091370558375635,0.06290918497549775
RI/Non-Profit/RN,2024-10-01,0.08602150537634409,0.05247034072566636
RI/Non-Profit/RN,2024-11-01,0.07777777777777778,0.04936562999423986
RI/Non-Profit/RN,2024-12-01,0.05699481865284974,0.07087762777383812
RI/Non-Profit/RN,2025-01-01,0.03488372093023256,0.04979431791683092
RI/Non-Profit/RN,2025-02-01,0.023255813953488372,0.04887973999508149
RI/Non-Profit/RN,2025-03-01,0.1534090909090909,0.07255862396139547
SC/For-Profit/CNA,2022-10-01,0.12749806351665377,0.10537501046847916
SC/For-Profit/CNA,2022-11-01,0.11616559105934204,0.10070090835407272
SC/For-Profit/CNA,2022-12-01,0.20109794856977753,0.12578241766279602
SC/For-Profit/CNA,2023-01-01,0.1071707545695985,0.10262397692071035
SC/For-Profit/CNA,2023-02-01,0.10077519379844961,0.0998031101453
SC/For-Profit/CNA,2023-03-01,0.1331734612310152,0.11944782939258733
SC/For-Profit/CNA,2023-04-01,0.10415345592897908,0.0986300265936033
SC/For-Profit/CNA,2023-05-01,0.11316324933479417,0.10171095666699143
SC/For-Profit/CNA,2023-06-01,0.11550245098039216,0.11339025956638488
SC/For-Profit/CNA,2023-07-01,0.11278307508939213,0.10024707309510757
SC/For-Profit/CNA,2023-08-01,0.1136026136026136,0.10113517597643953
SC/For-Profit/CNA,2023-09-01,0.10139014808099124,0.10807801878083123
SC/For-Profit/CNA,2023-10-01,0.09054114825363514,0.09443391212239466
SC/For-Profit/CNA,2023-11-01,0.08512246749319625,0.08791966643644969
SC/For-Profit/CNA,2023-12-01,0.09618573797678276,0.11128227725190253
SC/For-Profit/CNA,2024-01-01,0.08708206686930091,0.0876456032657378
SC/For-Profit/CNA,2024-02-01,0.07795031055900621,0.08446971751537379
SC/For-Profit/CNA,2024-03-01,0.09092302974547685,0.10391367340593492
SC/For-Profit/CNA,2024-04-01,0.07091105287498073,0.08319302983823043
SC/For-Profit/CNA,2024-05-01,0.08221451199275909,0.08660913753201471
SC/For-Profit/CNA,2024-06-01,0.08391712624832315,0.09887165761165428
SC/For-Profit/CNA,2024-07-01,0.07981151524075983,0.08642115218457443
SC/For-Profit/CNA,2024-08-01,0.08851499634235552,0.08824147671323183
SC/For-Profit/CNA,2024-09-01,0.09062265566391597,0.09625454243678591
SC/For-Profit/CNA,2024-10-01,0.08568878310026777,0.08386935006151439
SC/For-Profit/CNA,2024-11-01,0.07284567620778434,0.078406441517202
SC/For-Profit/CNA,2024-12-01,0.08730402705195205,0.1029179187568689
SC/For-Profit/CNA,2025-01-01,0.074296262113521,0.08048598132858431
SC/For-Profit/CNA,2025-02-01,0.07073208481659186,0.07846265057416982
SC/For-Profit/CNA,2025-03-01,0.10531882744031429,0.09913176239850988
SC/For-Profit/LPN,2022-10-01,0.10369858278603526,0.09395555818560714
SC/For-Profit/LPN,2022-11-01,0.11417058428475486,0.09032018643480262
SC/For-Profit/LPN,2022-12-01,0.21804742839544194,0.11597472588768253
SC/For-Profit/LPN,2023-01-01,0.08996897621509824,0.0907450913688041
SC/For-Profit/LPN,2023-02-01,0.08719723183391004,0.08789550040925354
SC/For-Profit/LPN,2023-03-01,0.12387543252595155,0.10733690563601618
SC/For-Profit/LPN,2023-04-01,0.09400210452472817,0.08612443059294841
SC/For-Profit/LPN,2023-05-01,0.08537886872998933,0.08858466466328557
SC/For-Profit/LPN,2023-06-01,0.10645047585477617,0.10031978598495798
SC/For-Profit/LPN,2023-07-01,0.09653548604103598,0.08625919248209064
SC/For-Profit/LPN,2023-08-01,0.08865489130434782,0.08668459456236957
SC/For-Profit/LPN,2023-09-01,0.08216842823048073,0.09338849978803304
SC/For-Profit/LPN,2023-10-01,0.0745362563237774,0.07936629160694472
SC/For-Profit/LPN,2023-11-01,0.0744535519125683,0.07381773249226413
SC/For-Profit/LPN,2023-12-01,0.08972602739726028,0.09774874415067199
SC/For-Profit/LPN,2024-01-01,0.062023562023562025,0.07232602741716146
SC/For-Profit/LPN,2024-02-01,0.05923589204346302,0.06938587793292512
SC/For-Profit/LPN,2024-03-01,0.0680390788555478,0.08889464426586688
SC/For-Profit/LPN,2024-04-01,0.054818435754189945,0.06832025656627214
SC/For-Profit/LPN,2024-05-01,0.07534722222222222,0.0716598096979082
SC/For-Profit/LPN,2024-06-01,0.07297486033519553,0.08417041938376532
SC/For-Profit/LPN,2024-07-01,0.05898778359511344,0.07115530483608697
SC/For-Profit/LPN,2024-08-01,0.07181756296800544,0.07291994041960223
SC/For-Profit/LPN,2024-09-01,0.07702984038861901,0.08086872610589002
SC/For-Profit/LPN,2024-10-01,0.06494845360824743,0.06806237785635988
SC/For-Profit/LPN,2024-11-01,0.057320441988950276,0.06377294266415988
SC/For-Profit/LPN,2024-12-01,0.07145322747670003,0.08904091937828157
SC/For-Profit/LPN,2025-01-01,0.057014512785072566,0.0651277629698366
SC/For-Profit/LPN,2025-02-01,0.06009030913511636,0.06360176807038155
SC/For-Profit/LPN,2025-03-01,0.0941492938802959,0.0844175111041913
SC/For-Profit/RN,2022-10-01,0.11147327249022164,0.08924124688173264
SC/For-Profit/RN,2022-11-01,0.11016393442622952,0.08478866612729874
SC/For-Profit/RN,2022-12-01,0.18635809987819732,0.10894584563624789
SC/For-Profit/RN,2023-01-01,0.08764940239043825,0.08550743722988902
SC/For-Profit/RN,2023-02-01,0.08043626448534424,0.08259050027206082
SC/For-Profit/RN,2023-03-01,0.10807204803202135,0.10161638493586805
SC/For-Profit/RN,2023-04-01,0.08113590263691683,0.08069446496474614
SC/For-Profit/RN,2023-05-01,0.09860093271152565,0.08364176501220993
SC/For-Profit/RN,2023-06-01,0.0893216924110141,0.09472969698598567
SC/For-Profit/RN,2023-07-01,0.07642487046632124,0.0808882068815296
SC/For-Profit/RN,2023-08-01,0.0867579908675799,0.08205163670081947
SC/For-Profit/RN,2023-09-01,0.07702435813034891,0.08893526985690753
SC/For-Profit/RN,2023-10-01,0.07097186700767263,0.07576566789276556
SC/For-Profit/RN,2023-11-01,0.07277452891487979,0.07001078487220083
SC/For-Profit/RN,2023-12-01,0.07309184993531695,0.09302158821019212
SC/For-Profit/RN,2024-01-01,0.06752411575562701,0.06984325746571081
SC/For-Profit/RN,2024-02-01,0.06640368178829717,0.0672662107896456
SC/For-Profit/RN,2024-03-01,0.07869481765834933,0.08647791710821981
SC/For-Profit/RN,2024-04-01,0.06164828033744322,0.06606743233419089
SC/For-Profit/RN,2024-05-01,0.06193548387096774,0.06954617066560505
SC/For-Profit/RN,2024-06-01,0.06418485237483953,0.08146098465709785
SC/For-Profit/RN,2024-07-01,0.06139240506329114,0.06859270386033224
SC/For-Profit/RN,2024-08-01,0.07058823529411765,0.07079873803770927
SC/For-Profit/RN,2024-09-01,0.07335423197492164,0.07878973496460576
SC/For-Profit/RN,2024-10-01,0.0633147113594041,0.06660303030755864
SC/For-Profit/RN,2024-11-01,0.056451612903225805,0.061863101609469846
SC/For-Profit/RN,2024-12-01,0.06649937264742785,0.08596285725474215
SC/For-Profit/RN,2025-01-01,0.06394640682095006,0.06390565317969077
SC/For-Profit/RN,2025-02-01,0.0638036809815951,0.06230507014347801
SC/For-Profit/RN,2025-03-01,0.08867585380467345,0.08264320279608643
SC/Government/CNA,2022-10-01,0.036093418259023353,0.04349631775764548
SC/Government/CNA,2022-11-01,0.02771855010660981,0.03841806757389266
SC/Government/CNA,2022-12-01,0.0759493670886076,0.06332594512528424
SC/Government/CNA,2023-01-01,0.029723991507430998,0.040894953689710904
SC/Government/CNA,2023-02-01,0.023206751054852322,0.03891790998954066
SC/Government/CNA,2023-03-01,0.06387225548902195,0.05933301873547753
SC/Government/CNA,2023-04-01,0.047151277013752456,0.040534609577359645
SC/Government/CNA,2023-05-01,0.034026465028355386,0.04421531477395538
SC/Government/CNA,2023-06-01,0.05555555555555555,0.05781166598438566
SC/Government/CNA,2023-07-01,0.029876977152899824,0.04496031779376968
SC/Government/CNA,2023-08-01,0.04145077720207254,0.04784497585915479
SC/Government/CNA,2023-09-01,0.05175292153589316,0.057135735145772616
SC/Government/CNA,2023-10-01,0.052050473186119876,0.04492893282686329
SC/Government/CNA,2023-11-01,0.04806201550387597,0.04037080054600877
SC/Government/CNA,2023-12-01,0.09713375796178345,0.06561084106142358
SC/Government/CNA,2024-01-01,0.03541315345699832,0.043226081279547066
SC/Government/CNA,2024-02-01,0.04230118443316413,0.04123650680084419
SC/Government/CNA,2024-03-01,0.05201342281879195,0.061479150868478175
SC/Government/CNA,2024-04-01,0.04013377926421405,0.0427152854827829
SC/Government/CNA,2024-05-01,0.05853658536585366,0.046673472721708256
SC/Government/CNA,2024-06-01,0.06158833063209076,0.060112373669012606
SC/Government/CNA,2024-07-01,0.04662379421221865,0.047067157272307585
SC/Government/CNA,2024-08-01,0.059006211180124224,0.04968225578652785
SC/Government/CNA,2024-09-01,0.05873015873015873,0.05840092325607131
SC/Government/CNA,2024-10-01,0.0463258785942492,0.04549585870479829
SC/Government/CNA,2024-11-01,0.03739837398373984,0.04033715644231536
SC/Government/CNA,2024-12-01,0.049679487179487176,0.06513737134285837
SC/Government/CNA,2025-01-01,0.05817610062893082,0.04299566072363896
SC/Government/CNA,2025-02-01,0.03789126853377265,0.04095001778288566
SC/Government/CNA,2025-03-01,0.05619834710743802,0.06116459763009241
SC/Government/LPN,2022-10-01,0.03205128205128205,0.035199292035102886
SC/Government/LPN,2022-11-01,0.013513513513513514,0.031178263916584237
SC/Government/LPN,2022-12-01,0.025157232704402517,0.053315011958518094
SC/Government/LPN,2023-01-01,0.03048780487804878,0.03482074262878364
SC/Government/LPN,2023-02-01,0.023529411764705882,0.0331730841498323
SC/Government/LPN,2023-03-01,0.09195402298850575,0.05417454933819395
SC/Government/LPN,2023-04-01,0.03488372093023256,0.03328952998105794
SC/Government/LPN,2023-05-01,0.040229885057471264,0.038067502624414315
SC/Government/LPN,2023-06-01,0.03977272727272727,0.051121103175075094
SC/Government/LPN,2023-07-01,0.03508771929824561,0.03839363502145734
SC/Government/LPN,2023-08-01,0.027777777777777776,0.03976025443152654
SC/Government/LPN,2023-09-01,0.03763440860215054,0.04892181278811386
SC/Government/LPN,2023-10-01,0.031413612565445025,0.03632954260230549
SC/Government/LPN,2023-11-01,0.04081632653061224,0.03308014905702712
SC/Government/LPN,2023-12-01,0.04,0.05573739528362724
SC/Government/LPN,2024-01-01,0.0594059405940594,0.03756645588770792
SC/Government/LPN,2024-02-01,0.065,0.03587400524718625
SC/Government/LPN,2024-03-01,0.05825242718446602,0.056412014332180016
SC/Government/LPN,2024-04-01,0.020100502512562814,0.035418589967257746
SC/Government/LPN,2024-05-01,0.06018518518518518,0.040378710961627234
SC/Government/LPN,2024-06-01,0.07042253521126761,0.05335971674261085
SC/Government/LPN,2024-07-01,0.04455445544554455,0.04019916082181742
SC/Government/LPN,2024-08-01,0.03,0.04104358745361387
SC/Government/LPN,2024-09-01,0.03431372549019608,0.04950021425481779
SC/Government/LPN,2024-10-01,0.014563106796116505,0.03634245338739748
SC/Government/LPN,2024-11-01,0.04265402843601896,0.03265134375941562
SC/Government/LPN,2024-12-01,0.04784688995215311,0.055004344431237945
SC/Government/LPN,2025-01-01,0.04455445544554455,0.036415346083847874
SC/Government/LPN,2025-02-01,0.03482587064676617,0.034420224458783275
SC/Government/LPN,2025-03-01,0.056074766355140186,0.055011491513159164
SC/Government/RN,2022-10-01,0.03048780487804878,0.03439964797186365
SC/Government/RN,2022-11-01,0.036585365853658534,0.030374145777739354
SC/Government/RN,2022-12-01,0.03614457831325301,0.05211052045657941
SC/Government/RN,2023-01-01,0.03684210526315789,0.032389843134375096
SC/Government/RN,2023-02-01,0.025906735751295335,0.030282773681615225
SC/Government/RN,2023-03-01,0.05263157894736842,0.05082111214689
SC/Government/RN,2023-04-01,0.04145077720207254,0.0310773567583943
SC/Government/RN,2023-05-01,0.026595744680851064,0.03331747350334907
SC/Government/RN,2023-06-01,0.05759162303664921,0.04790942488170368
SC/Government/RN,2023-07-01,0.02185792349726776,0.03342899312205704
SC/Government/RN,2023-08-01,0.010526315789473684,0.03503287073370384
SC/Government/RN,2023-09-01,0.03535353535353535,0.04523959035401573
SC/Government/RN,2023-10-01,0.02304147465437788,0.03110676943867455
SC/Government/RN,2023-11-01,0.037037037037037035,0.027789951520438422
SC/Government/RN,2023-12-01,0.04672897196261682,0.05011453392454142
SC/Government/RN,2024-01-01,0.0410958904109589,0.030658608213469118
SC/Government/RN,2024-02-01,0.0502283105022831,0.028811365074110827
SC/Government/RN,2024-03-01,0.046511627906976744,0.04936178797760486
SC/Government/RN,2024-04-01,0.0365296803652968,0.029755096042386218
SC/Government/RN,2024-05-01,0.023696682464454975,0.032045140801098076
SC/Government/RN,2024-06-01,0.06310679611650485,0.04668264632566931
SC/Government/RN,2024-07-01,0.02358490566037736,0.032221343429740805
SC/Government/RN,2024-08-01,0.03255813953488372,0.033749613547431445
SC/Government/RN,2024-09-01,0.0684931506849315,0.04356134663596009
SC/Government/RN,2024-10-01,0.014018691588785047,0.028503131419533437
SC/Government/RN,2024-11-01,0.009259259259259259,0.02439360352246717
SC/Government/RN,2024-12-01,0.018518518518518517,0.046295824060340926
SC/Government/RN,2025-01-01,0.018518518518518517,0.0268922816742558
SC/Government/RN,2025-02-01,0.014285714285714285,0.025291247499495573
SC/Government/RN,2025-03-01,0.07272727272727272,0.04646485042581562
SC/Non-Profit/CNA,2022-10-01,0.09523809523809523,0.07602677498549348
SC/Non-Profit/CNA,2022-11-01,0.0764872521246459,0.06984140211154305
SC/Non-Profit/CNA,2022-12-01,0.06484149855907781,0.09875252842956021
SC/Non-Profit/CNA,2023-01-01,0.08087291399229782,0.07289365887283106
SC/Non-Profit/CNA,2023-02-01,0.07347447073474471,0.07109528628645695
SC/Non-Profit/CNA,2023-03-01,0.07607361963190185,0.09179311312196355
SC/Non-Profit/CNA,2023-04-01,0.07080745341614907,0.0733305941701486
SC/Non-Profit/CNA,2023-05-01,0.07142857142857142,0.07731807073304403
SC/Non-Profit/CNA,2023-06-01,0.08375634517766498,0.090966452146204
SC/Non-Profit/CNA,2023-07-01,0.06818181818181818,0.07969364229130188
SC/Non-Profit/CNA,2023-08-01,0.0874384236453202,0.08333761207309533
SC/Non-Profit/CNA,2023-09-01,0.08798017348203221,0.09349317258700965
SC/Non-Profit/CNA,2023-10-01,0.09420289855072464,0.08142650423870088
SC/Non-Profit/CNA,2023-11-01,0.07226107226107226,0.0758788625767989
SC/Non-Profit/CNA,2023-12-01,0.12485414235705951,0.1055896869296013
SC/Non-Profit/CNA,2024-01-01,0.07201889020070838,0.07981843946531361
SC/Non-Profit/CNA,2024-02-01,0.07771428571428571,0.07835955932041583
SC/Non-Profit/CNA,2024-03-01,0.1124859392575928,0.09942458818153313
SC/Non-Profit/CNA,2024-04-01,0.07201889020070838,0.0811157029426842
SC/Non-Profit/CNA,2024-05-01,0.0726643598615917,0.08519853963082062
SC/Non-Profit/CNA,2024-06-01,0.07710011507479862,0.09900219089375159
SC/Non-Profit/CNA,2024-07-01,0.08181818181818182,0.08803374190718552
SC/Non-Profit/CNA,2024-08-01,0.09486607142857142,0.09198689137771451
SC/Non-Profit/CNA,2024-09-01,0.13495575221238937,0.10241493459223394
SC/Non-Profit/CNA,2024-10-01,0.08179723502304148,0.09018468597588773
SC/Non-Profit/CNA,2024-11-01,0.061200923787528866,0.08467949010244928
SC/Non-Profit/CNA,2024-12-01,0.27726218097447797,0.11468109267845239
SC/Non-Profit/CNA,2025-01-01,0.060859188544152745,0.08727981284738323
SC/Non-Profit/CNA,2025-02-01,0.046263345195729534,0.08443185037014539
SC/Non-Profit/CNA,2025-03-01,0.08525345622119816,0.10468578124584284
SC/Non-Profit/LPN,2022-10-01,0.043333333333333335,0.05764632756083238
SC/Non-Profit/LPN,2022-11-01,0.05825242718446602,0.05447308187100432
SC/Non-Profit/LPN,2022-12-01,0.05863192182410423,0.08198861471496796
SC/Non-Profit/LPN,2023-01-01,0.09309309309309309,0.05925981972010842
SC/Non-Profit/LPN,2023-02-01,0.05846153846153846,0.05646257159362656
SC/Non-Profit/LPN,2023-03-01,0.10810810810810811,0.07774107199894774
SC/Non-Profit/LPN,2023-04-01,0.05466237942122187,0.05733806886416494
SC/Non-Profit/LPN,2023-05-01,0.05555555555555555,0.060770630789154116
SC/Non-Profit/LPN,2023-06-01,0.05379746835443038,0.07252738423241652
SC/Non-Profit/LPN,2023-07-01,0.06624605678233439,0.06076354968330675
SC/Non-Profit/LPN,2023-08-01,0.0473186119873817,0.06256031914234582
SC/Non-Profit/LPN,2023-09-01,0.04180064308681672,0.07187311382295336
SC/Non-Profit/LPN,2023-10-01,0.02821316614420063,0.0576101941985565
SC/Non-Profit/LPN,2023-11-01,0.045871559633027525,0.05505496950262665
SC/Non-Profit/LPN,2023-12-01,0.09198813056379822,0.0833522361284631
SC/Non-Profit/LPN,2024-01-01,0.051829268292682924,0.06101056857597004
SC/Non-Profit/LPN,2024-02-01,0.043076923076923075,0.05921557471292853
SC/Non-Profit/LPN,2024-03-01,0.093841642228739,0.08163765027184125
SC/Non-Profit/LPN,2024-04-01,0.07520891364902507,0.06263737141675409
SC/Non-Profit/LPN,2024-05-01,0.07714285714285714,0.06735353345637832
SC/Non-Profit/LPN,2024-06-01,0.06069364161849711,0.08018644649802595
SC/Non-Profit/LPN,2024-07-01,0.05099150141643059,0.06943358146119129
SC/Non-Profit/LPN,2024-08-01,0.07163323782234957,0.07252436060905035
SC/Non-Profit/LPN,2024-09-01,0.10584958217270195,0.08299635849856524
SC/Non-Profit/LPN,2024-10-01,0.047619047619047616,0.06929272793341684
SC/Non-Profit/LPN,2024-11-01,0.05263157894736842,0.06705153479655326
SC/Non-Profit/LPN,2024-12-01,0.20954907161803712,0.09573930077714864
SC/Non-Profit/LPN,2025-01-01,0.07317073170731707,0.0724518550781123
SC/Non-Profit/LPN,2025-02-01,0.07336956521739131,0.06942038131802891
SC/Non-Profit/LPN,2025-03-01,0.07427055702917772,0.09055655267251177
SC/Non-Profit/RN,2022-10-01,0.07142857142857142,0.057849850295084465
SC/Non-Profit/RN,2022-11-01,0.07106598984771574,0.05304135760491151
SC/Non-Profit/RN,2022-12-01,0.06315789473684211,0.0789354461120017
SC/Non-Profit/RN,2023-01-01,0.06837606837606838,0.055078270968809837
SC/Non-Profit/RN,2023-02-01,0.047619047619047616,0.05317520997754307
SC/Non-Profit/RN,2023-03-01,0.06334841628959276,0.0722476982773877
SC/Non-Profit/RN,2023-04-01,0.018779342723004695,0.05173970092527159
SC/Non-Profit/RN,2023-05-01,0.04932735426008968,0.05608634401929496
SC/Non-Profit/RN,2023-06-01,0.05357142857142857,0.06923461302727048
SC/Non-Profit/RN,2023-07-01,0.04888888888888889,0.05792808277849818
SC/Non-Profit/RN,2023-08-01,0.04932735426008968,0.0610697543489398
SC/Non-Profit/RN,2023-09-01,0.05603448275862069,0.07086296309250552
SC/Non-Profit/RN,2023-10-01,0.0546218487394958,0.05945072573958936
SC/Non-Profit/RN,2023-11-01,0.05240174672489083,0.05575905291111908
SC/Non-Profit/RN,2023-12-01,0.058823529411764705,0.08313828977714359
SC/Non-Profit/RN,2024-01-01,0.053497942386831275,0.060906502043256365
SC/Non-Profit/RN,2024-02-01,0.10204081632653061,0.06093823389347933
SC/Non-Profit/RN,2024-03-01,0.11570247933884298,0.08129178727483093
SC/Non-Profit/RN,2024-04-01,0.05829596412556054,0.06150709475419643
SC/Non-Profit/RN,2024-05-01,0.048672566371681415,0.0661553899847253
SC/Non-Profit/RN,2024-06-01,0.049107142857142856,0.07976796813058036
SC/Non-Profit/RN,2024-07-01,0.05761316872427984,0.06909783972894762
SC/Non-Profit/RN,2024-08-01,0.08064516129032258,0.07296776326901551
SC/Non-Profit/RN,2024-09-01,0.09055118110236221,0.08315704585701168
SC/Non-Profit/RN,2024-10-01,0.07317073170731707,0.07194202451792084
SC/Non-Profit/RN,2024-11-01,0.06477732793522267,0.068346753974974
SC/Non-Profit/RN,2024-12-01,0.22406639004149378,0.09581638926946395
SC/Non-Profit/RN,2025-01-01,0.07317073170731707,0.07168218021342568
SC/Non-Profit/RN,2025-02-01,0.053061224489795916,0.06957512256763869
SC/Non-Profit/RN,2025-03-01,0.05976095617529881,0.08862000720981505
SD/For-Profit/CNA,2022-10-01,0.08628659476117104,0.07393065722223567
SD/For-Profit/CNA,2022-11-01,0.07195301027900147,0.06878167327195547
SD/For-Profit/CNA,2022-12-01,0.0855457227138643,0.09181642876036314
SD/For-Profit/CNA,2023-01-01,0.06205923836389281,0.07162592176702345
SD/For-Profit/CNA,2023-02-01,0.06882022471910113,0.06997734768219878
SD/For-Profit/CNA,2023-03-01,0.0759493670886076,0.08937446544264785
SD/For-Profit/CNA,2023-04-01,0.0993006993006993,0.07238136275610502
SD/For-Profit/CNA,2023-05-01,0.08433734939759036,0.07591329400971644
SD/For-Profit/CNA,2023-06-01,0.09296148738379814,0.08856931015307594
SD/For-Profit/CNA,2023-07-01,0.085,0.0765708406152924
SD/For-Profit/CNA,2023-08-01,0.08663366336633663,0.07811172863855162
SD/For-Profit/CNA,2023-09-01,0.08549222797927461,0.08624601231402072
SD/For-Profit/CNA,2023-10-01,0.06962025316455696,0.07376758620878898
SD/For-Profit/CNA,2023-11-01,0.07196969696969698,0.06824069331149464
SD/For-Profit/CNA,2023-12-01,0.06790123456790123,0.09096785223841677
SD/For-Profit/CNA,2024-01-01,0.06367924528301887,0.07061664185053788
SD/For-Profit/CNA,2024-02-01,0.07838479809976247,0.06881095726565183
SD/For-Profit/CNA,2024-03-01,0.07913669064748201,0.08790868033795324
SD/For-Profit/CNA,2024-04-01,0.0735826296743064,0.07044511343819645
SD/For-Profit/CNA,2024-05-01,0.08215962441314555,0.07391929858013661
SD/For-Profit/CNA,2024-06-01,0.06820809248554913,0.0864550256845299
SD/For-Profit/CNA,2024-07-01,0.08039647577092511,0.07483859251541822
SD/For-Profit/CNA,2024-08-01,0.0756578947368421,0.07668577169350083
SD/For-Profit/CNA,2024-09-01,0.07745664739884393,0.08529160166395226
SD/For-Profit/CNA,2024-10-01,0.07940161104718067,0.07337463788471064
SD/For-Profit/CNA,2024-11-01,0.06036446469248292,0.06835446066682102
SD/For-Profit/CNA,2024-12-01,0.09709821428571429,0.09173884286361333
SD/For-Profit/CNA,2025-01-01,0.09518213866039953,0.0716736033232758
SD/For-Profit/CNA,2025-02-01,0.06521739130434782,0.06961757762883106
SD/For-Profit/CNA,2025-03-01,0.08130081300813008,0.08861574722427726
SD/For-Profit/LPN,2022-10-01,0.07857142857142857,0.05029785975526234
SD/For-Profit/LPN,2022-11-01,0.056338028169014086,0.04603579614262926
SD/For-Profit/LPN,2022-12-01,0.05925925925925926,0.06752649344326937
SD/For-Profit/LPN,2023-01-01,0.043478260869565216,0.047793190577376896
SD/For-Profit/LPN,2023-02-01,0.043478260869565216,0.04588310203239042
SD/For-Profit/LPN,2023-03-01,0.06428571428571428,0.06337399706866123
SD/For-Profit/LPN,2023-04-01,0.0364963503649635,0.04489744970469048
SD/For-Profit/LPN,2023-05-01,0.034482758620689655,0.04699641740592709
SD/For-Profit/LPN,2023-06-01,0.04938271604938271,0.06122166417775752
SD/For-Profit/LPN,2023-07-01,0.024691358024691357,0.04858915570053305
SD/For-Profit/LPN,2023-08-01,0.0783132530120482,0.05213913670741154
SD/For-Profit/LPN,2023-09-01,0.042682926829268296,0.06095120616128833
SD/For-Profit/LPN,2023-10-01,0.024691358024691357,0.04665743508432883
SD/For-Profit/LPN,2023-11-01,0.049079754601226995,0.04337659870119958
SD/For-Profit/LPN,2023-12-01,0.031055900621118012,0.06588418993817705
SD/For-Profit/LPN,2024-01-01,0.05521472392638037,0.047536423329762705
SD/For-Profit/LPN,2024-02-01,0.049689440993788817,0.04697964634365441
SD/For-Profit/LPN,2024-03-01,0.06329113924050633,0.06568117397369702
SD/For-Profit/LPN,2024-04-01,0.06451612903225806,0.04845610529445297
SD/For-Profit/LPN,2024-05-01,0.02631578947368421,0.05145055388319696
SD/For-Profit/LPN,2024-06-01,0.06962025316455696,0.0668012371984483
SD/For-Profit/LPN,2024-07-01,0.06748466257668712,0.05503998865840774
SD/For-Profit/LPN,2024-08-01,0.06748466257668712,0.059117663217065575
SD/For-Profit/LPN,2024-09-01,0.1165644171779141,0.0685287565378987
SD/For-Profit/LPN,2024-10-01,0.030864197530864196,0.05409173479102327
SD/For-Profit/LPN,2024-11-01,0.049689440993788817,0.05058423630509845
SD/For-Profit/LPN,2024-12-01,0.075,0.07294141271463184
SD/For-Profit/LPN,2025-01-01,0.07432432432432433,0.05400820179339744
SD/For-Profit/LPN,2025-02-01,0.08552631578947369,0.05255726260474965
SD/For-Profit/LPN,2025-03-01,0.034013605442176874,0.07007856760821837
SD/For-Profit/RN,2022-10-01,0.036036036036036036,0.047004367254476855
SD/For-Profit/RN,2022-11-01,0.05069124423963134,0.04242367069003408
SD/For-Profit/RN,2022-12-01,0.03686635944700461,0.06492528849221373
SD/For-Profit/RN,2023-01-01,0.07894736842105263,0.046499378922940454
SD/For-Profit/RN,2023-02-01,0.05,0.04421762197396242
SD/For-Profit/RN,2023-03-01,0.06694560669456066,0.06309383646155824
SD/For-Profit/RN,2023-04-01,0.046610169491525424,0.04395392830872934
SD/For-Profit/RN,2023-05-01,0.07172995780590717,0.04743860003317181
SD/For-Profit/RN,2023-06-01,0.03056768558951965,0.058179959651243195
SD/For-Profit/RN,2023-07-01,0.037815126050420166,0.047200553971866906
SD/For-Profit/RN,2023-08-01,0.038135593220338986,0.04821801508689894
SD/For-Profit/RN,2023-09-01,0.06147540983606557,0.05748522473552964
SD/For-Profit/RN,2023-10-01,0.0425531914893617,0.04430387729702884
SD/For-Profit/RN,2023-11-01,0.021551724137931036,0.03974499989147533
SD/For-Profit/RN,2023-12-01,0.06694560669456066,0.06255433454441689
SD/For-Profit/RN,2024-01-01,0.07112970711297072,0.04392381025890907
SD/For-Profit/RN,2024-02-01,0.05439330543933055,0.04154478902911314
SD/For-Profit/RN,2024-03-01,0.06465517241379311,0.060215966932691406
SD/For-Profit/RN,2024-04-01,0.05286343612334802,0.04096934266011763
SD/For-Profit/RN,2024-05-01,0.034934497816593885,0.04414531512212337
SD/For-Profit/RN,2024-06-01,0.03404255319148936,0.05512199701951152
SD/For-Profit/RN,2024-07-01,0.06584362139917696,0.04426185907991531
SD/For-Profit/RN,2024-08-01,0.0423728813559322,0.04484217529934059
SD/For-Profit/RN,2024-09-01,0.044534412955465584,0.05375704090961257
SD/For-Profit/RN,2024-10-01,0.0425531914893617,0.0402809607725098
SD/For-Profit/RN,2024-11-01,0.04219409282700422,0.03543475571416691
SD/For-Profit/RN,2024-12-01,0.04310344827586207,0.05761437706269118
SD/For-Profit/RN,2025-01-01,0.021367521367521368,0.03854464176994828
SD/For-Profit/RN,2025-02-01,0.04149377593360996,0.0362971858800887
SD/For-Profit/RN,2025-03-01,0.04583333333333333,0.05526349738992817
SD/Government/CNA,2022-10-01,0.04395604395604396,0.058732600746015357
SD/Government/CNA,2022-11-01,0.08064516129032258,0.054945850197663966
SD/Government/CNA,2022-12-01,0.06878306878306878,0.07665550385518141
SD/Government/CNA,2023-01-01,0.04712041884816754,0.05529782324981993
SD/Government/CNA,2023-02-01,0.05851063829787234,0.05465672544637299
SD/Government/CNA,2023-03-01,0.05670103092783505,0.07240989650481588
SD/Government/CNA,2023-04-01,0.07329842931937172,0.056882876639624096
SD/Government/CNA,2023-05-01,0.08421052631578947,0.05961100530610107
SD/Government/CNA,2023-06-01,0.047619047619047616,0.0799133180604634
SD/Government/CNA,2023-07-01,0.04712041884816754,0.059439673932305925
SD/Government/CNA,2023-08-01,0.08415841584158416,0.06386475944946207
SD/Government/CNA,2023-09-01,0.058823529411764705,0.07082507243834593
SD/Government/CNA,2023-10-01,0.07368421052631578,0.05923717128406555
SD/Government/CNA,2023-11-01,0.041666666666666664,0.05515994021280676
SD/Government/CNA,2023-12-01,0.037037037037037035,0.07708071979867492
SD/Government/CNA,2024-01-01,0.042328042328042326,0.05641874828596153
SD/Government/CNA,2024-02-01,0.03763440860215054,0.056577303365071815
SD/Government/CNA,2024-03-01,0.041884816753926704,0.075416731993877
SD/Government/CNA,2024-04-01,0.06951871657754011,0.06113640346292763
SD/Government/CNA,2024-05-01,0.02577319587628866,0.06533822183439635
SD/Government/CNA,2024-06-01,0.34375,0.0879369071610071
SD/Government/CNA,2024-07-01,0.03787878787878788,0.0658618336018141
SD/Government/CNA,2024-08-01,0.07913669064748201,0.06895206654709574
SD/Government/CNA,2024-09-01,0.05,0.07461412047933488
SD/Government/CNA,2024-10-01,0.06,0.06196868460599141
SD/Government/CNA,2024-11-01,0.06338028169014084,0.05707044919110164
SD/Government/CNA,2024-12-01,0.08108108108108109,0.07798611376469711
SD/Government/CNA,2025-01-01,0.02654867256637168,0.05564013893649157
SD/Government/CNA,2025-02-01,0.05384615384615385,0.054211684381959876
SD/Government/CNA,2025-03-01,0.023255813953488372,0.07135566336966016
SD/Government/RN,2022-10-01,0.0625,0.042993414938531836
SD/Government/RN,2022-11-01,0.047619047619047616,0.03540328652404813
SD/Government/RN,2022-12-01,0.03278688524590164,0.05676469458027798
SD/Government/RN,2023-01-01,0.03278688524590164,0.038480933753645
SD/Government/RN,2023-02-01,0.01694915254237288,0.03625628257414306
SD/Government/RN,2023-03-01,0.047619047619047616,0.05180186166550309
SD/Government/RN,2023-04-01,0.0,0.03529907149995344
SD/Government/RN,2023-05-01,0.03076923076923077,0.03891134192872854
SD/Government/RN,2023-06-01,0.04411764705882353,0.06348820569457143
SD/Government/RN,2023-07-01,0.030303030303030304,0.04242967544574035
SD/Government/RN,2023-08-01,0.0,0.043652002523557706
SD/Government/RN,2023-09-01,0.015151515151515152,0.05414959979819549
SD/Government/RN,2023-10-01,0.05970149253731343,0.04760531704002935
SD/Government/RN,2023-11-01,0.0625,0.04258485703090126
SD/Government/RN,2023-12-01,0.06779661016949153,0.06633534539519158
SD/Government/RN,2024-01-01,0.06153846153846154,0.04995207505979411
SD/Government/RN,2024-02-01,0.06349206349206349,0.049540159741450845
SD/Government/RN,2024-03-01,0.016666666666666666,0.06652649455450887
SD/Government/RN,2024-04-01,0.0625,0.05208352779619359
SD/Government/RN,2024-05-01,0.01639344262295082,0.057006691461360316
SD/Government/RN,2024-06-01,0.4,0.08336578945001365
SD/Government/RN,2024-07-01,0.05263157894736842,0.059557016570685
SD/Government/RN,2024-08-01,0.02631578947368421,0.05805731543021888
SD/Government/RN,2024-09-01,0.027777777777777776,0.06555121449530478
SD/Government/RN,2024-10-01,0.08333333333333333,0.05602853939091788
SD/Government/RN,2024-11-01,0.0,0.04780747814032164
SD/Government/RN,2024-12-01,0.02702702702702703,0.06932867412705365
SD/Government/RN,2025-01-01,0.08,0.05138461991402157
SD/Government/RN,2025-02-01,0.08333333333333333,0.049071425735364174
SD/Government/RN,2025-03-01,0.0,0.06382670008434121
SD/Non-Profit/CNA,2022-10-01,0.057971014492753624,0.06881331957739288
SD/Non-Profit/CNA,2022-11-01,0.07274644175013179,0.06493682404948563
SD/Non-Profit/CNA,2022-12-01,0.08556430446194226,0.08834552132756068
SD/Non-Profit/CNA,2023-01-01,0.06377417668583377,0.06797783740546953
SD/Non-Profit/CNA,2023-02-01,0.0661925601750547,0.06600316062060484
SD/Non-Profit/CNA,2023-03-01,0.07352941176470588,0.08549888770811452
SD/Non-Profit/CNA,2023-04-01,0.08004326663061113,0.06871454399657245
SD/Non-Profit/CNA,2023-05-01,0.08057851239669421,0.07282080466498553
SD/Non-Profit/CNA,2023-06-01,0.08045977011494253,0.08527271752151769
SD/Non-Profit/CNA,2023-07-01,0.07821522309711286,0.073685650919161
SD/Non-Profit/CNA,2023-08-01,0.09780334728033473,0.07728697882003761
SD/Non-Profit/CNA,2023-09-01,0.07846410684474124,0.0845255058438143
SD/Non-Profit/CNA,2023-10-01,0.07348938486663037,0.07148199417127102
SD/Non-Profit/CNA,2023-11-01,0.06865353911655135,0.06718818079773244
SD/Non-Profit/CNA,2023-12-01,0.10371517027863777,0.09036211058672974
SD/Non-Profit/CNA,2024-01-01,0.07507660878447395,0.0695985114061278
SD/Non-Profit/CNA,2024-02-01,0.058242329693187725,0.06697042148097787
SD/Non-Profit/CNA,2024-03-01,0.06317411402157165,0.08601993793074214
SD/Non-Profit/CNA,2024-04-01,0.08346134152585766,0.06884483970111926
SD/Non-Profit/CNA,2024-05-01,0.09200385356454721,0.07267259674688414
SD/Non-Profit/CNA,2024-06-01,0.0744208969935929,0.08456640368773553
SD/Non-Profit/CNA,2024-07-01,0.0726120857699805,0.0725457729228034
SD/Non-Profit/CNA,2024-08-01,0.10080836899667142,0.07571539662745494
SD/Non-Profit/CNA,2024-09-01,0.07971745711402624,0.08244243233738602
SD/Non-Profit/CNA,2024-10-01,0.06513026052104208,0.06890355946403705
SD/Non-Profit/CNA,2024-11-01,0.06216348507097406,0.06425051461683164
SD/Non-Profit/CNA,2024-12-01,0.06468366383380547,0.08711470836195857
SD/Non-Profit/CNA,2025-01-01,0.06975633062589584,0.0665297482556677
SD/Non-Profit/CNA,2025-02-01,0.05991013479780329,0.06418025664240357
SD/Non-Profit/CNA,2025-03-01,0.07763671875,0.08329755151385994
SD/Non-Profit/LPN,2022-10-01,0.07272727272727272,0.0602149234332983
SD/Non-Profit/LPN,2022-11-01,0.053763440860215055,0.05370697115238054
SD/Non-Profit/LPN,2022-12-01,0.060498220640569395,0.07747000771472562
SD/Non-Profit/LPN,2023-01-01,0.037162162162162164,0.05730790999356327
SD/Non-Profit/LPN,2023-02-01,0.03322259136212625,0.055859240659957725
SD/Non-Profit/LPN,2023-03-01,0.059800664451827246,0.07584756804498233
SD/Non-Profit/LPN,2023-04-01,0.04054054054054054,0.05794598610312344
SD/Non-Profit/LPN,2023-05-01,0.08496732026143791,0.06366535579477872
SD/Non-Profit/LPN,2023-06-01,0.06228373702422145,0.07641022307032647
SD/Non-Profit/LPN,2023-07-01,0.07560137457044673,0.06647099222696677
SD/Non-Profit/LPN,2023-08-01,0.10508474576271186,0.07045609353544915
SD/Non-Profit/LPN,2023-09-01,0.09215017064846416,0.07920817340088677
SD/Non-Profit/LPN,2023-10-01,0.07641196013289037,0.06617995596248563
SD/Non-Profit/LPN,2023-11-01,0.05136986301369863,0.05997761280885136
SD/Non-Profit/LPN,2023-12-01,0.10576923076923077,0.08401133706754543
SD/Non-Profit/LPN,2024-01-01,0.06514657980456026,0.06370503241421868
SD/Non-Profit/LPN,2024-02-01,0.09385113268608414,0.06181506009055696
SD/Non-Profit/LPN,2024-03-01,0.09090909090909091,0.08063594156848615
SD/Non-Profit/LPN,2024-04-01,0.06875,0.06116509724407055
SD/Non-Profit/LPN,2024-05-01,0.058823529411764705,0.0649641157043801
SD/Non-Profit/LPN,2024-06-01,0.05825242718446602,0.07624614269545502
SD/Non-Profit/LPN,2024-07-01,0.07278481012658228,0.06475041838848614
SD/Non-Profit/LPN,2024-08-01,0.084375,0.06726526321188524
SD/Non-Profit/LPN,2024-09-01,0.09090909090909091,0.07478348357398512
SD/Non-Profit/LPN,2024-10-01,0.059375,0.06056298691544369
SD/Non-Profit/LPN,2024-11-01,0.030303030303030304,0.05332028751740791
SD/Non-Profit/LPN,2024-12-01,0.039603960396039604,0.07636943834323003
SD/Non-Profit/LPN,2025-01-01,0.07348242811501597,0.055892360081193034
SD/Non-Profit/LPN,2025-02-01,0.039473684210526314,0.053630247551447685
SD/Non-Profit/LPN,2025-03-01,0.05128205128205128,0.07272789610514581
SD/Non-Profit/RN,2022-10-01,0.04129263913824058,0.043751418110683137
SD/Non-Profit/RN,2022-11-01,0.04844290657439446,0.03905185352252258
SD/Non-Profit/RN,2022-12-01,0.042704626334519574,0.06159758032267661
SD/Non-Profit/RN,2023-01-01,0.044673539518900345,0.040910610118008665
SD/Non-Profit/RN,2023-02-01,0.03298611111111111,0.038471358860982616
SD/Non-Profit/RN,2023-03-01,0.04931972789115646,0.057406329306300886
SD/Non-Profit/RN,2023-04-01,0.05253940455341506,0.039841269539268455
SD/Non-Profit/RN,2023-05-01,0.05244755244755245,0.04306534682334201
SD/Non-Profit/RN,2023-06-01,0.06129597197898424,0.0561408874188874
SD/Non-Profit/RN,2023-07-01,0.03763440860215054,0.043475280348698866
SD/Non-Profit/RN,2023-08-01,0.044802867383512544,0.04511076995614385
SD/Non-Profit/RN,2023-09-01,0.04745166959578207,0.053870609341171154
SD/Non-Profit/RN,2023-10-01,0.04318936877076412,0.04117879134813933
SD/Non-Profit/RN,2023-11-01,0.048013245033112585,0.03662452853517237
SD/Non-Profit/RN,2023-12-01,0.06554621848739496,0.05920781612260843
SD/Non-Profit/RN,2024-01-01,0.03852889667250438,0.03823099134185395
SD/Non-Profit/RN,2024-02-01,0.029513888888888888,0.03551344076143868
SD/Non-Profit/RN,2024-03-01,0.036521739130434785,0.05429972684597046
SD/Non-Profit/RN,2024-04-01,0.03636363636363636,0.03658601653746259
SD/Non-Profit/RN,2024-05-01,0.02857142857142857,0.039916878874365805
SD/Non-Profit/RN,2024-06-01,0.04194630872483222,0.05323501829695407
SD/Non-Profit/RN,2024-07-01,0.04715447154471545,0.04110918818283823
SD/Non-Profit/RN,2024-08-01,0.04153354632587859,0.04310879976477893
SD/Non-Profit/RN,2024-09-01,0.05405405405405406,0.052291473152393866
SD/Non-Profit/RN,2024-10-01,0.050156739811912224,0.03991384363837233
SD/Non-Profit/RN,2024-11-01,0.0384,0.03549806342470958
SD/Non-Profit/RN,2024-12-01,0.06050955414012739,0.058409311223259174
SD/Non-Profit/RN,2025-01-01,0.0462046204620462,0.037728855460075844
SD/Non-Profit/RN,2025-02-01,0.034482758620689655,0.03523926059485252
SD/Non-Profit/RN,2025-03-01,0.037953795379537955,0.05398297005119411
TN/For-Profit/CNA,2022-10-01,0.0863284410031203,0.08731184126980321
TN/For-Profit/CNA,2022-11-01,0.08377445339470656,0.08314128227533074
TN/For-Profit/CNA,2022-12-01,0.08831710709318498,0.10615233149914796
TN/For-Profit/CNA,2023-01-01,0.08795624511664248,0.08680159659470238
TN/For-Profit/CNA,2023-02-01,0.08796606385353874,0.0858127961984583
TN/For-Profit/CNA,2023-03-01,0.10926391775128513,0.10660744861147366
TN/For-Profit/CNA,2023-04-01,0.08759766699680863,0.08790168885627032
TN/For-Profit/CNA,2023-05-01,0.09961273666092943,0.09264350097484406
TN/For-Profit/CNA,2023-06-01,0.09746031746031746,0.10539671362509723
TN/For-Profit/CNA,2023-07-01,0.10522526229170953,0.0942160458226477
TN/For-Profit/CNA,2023-08-01,0.10425575239258807,0.096947403916566
TN/For-Profit/CNA,2023-09-01,0.11679497568881686,0.10642432795429363
TN/For-Profit/CNA,2023-10-01,0.10569434611105492,0.09355362721188373
TN/For-Profit/CNA,2023-11-01,0.09327482396162874,0.0888966273179814
TN/For-Profit/CNA,2023-12-01,0.10032894736842106,0.11143632256142844
TN/For-Profit/CNA,2024-01-01,0.09427815108939117,0.0916306490956236
TN/For-Profit/CNA,2024-02-01,0.08984375,0.09008936536494985
TN/For-Profit/CNA,2024-03-01,0.10666399839903942,0.11043493432794599
TN/For-Profit/CNA,2024-04-01,0.10192697768762678,0.09123788332965108
TN/For-Profit/CNA,2024-05-01,0.104989501049895,0.09544714907656968
TN/For-Profit/CNA,2024-06-01,0.09388821873743466,0.10753923738463733
TN/For-Profit/CNA,2024-07-01,0.0921013706735036,0.09579912920599079
TN/For-Profit/CNA,2024-08-01,0.09697560975609756,0.09819154653227169
TN/For-Profit/CNA,2024-09-01,0.10921568627450981,0.10748218309304065
TN/For-Profit/CNA,2024-10-01,0.09078630004823926,0.09443775176710216
TN/For-Profit/CNA,2024-11-01,0.09313583115500049,0.08995825607041827
TN/For-Profit/CNA,2024-12-01,0.10759617262253467,0.11266210492227445
TN/For-Profit/CNA,2025-01-01,0.0932006953834267,0.0928602705467717
TN/For-Profit/CNA,2025-02-01,0.09243206389402941,0.09136074620601994
TN/For-Profit/CNA,2025-03-01,0.12485560261840585,0.11173660287019091
TN/For-Profit/LPN,2022-10-01,0.07008086253369272,0.06745339428109501
TN/For-Profit/LPN,2022-11-01,0.06034868126955744,0.06269468200561196
TN/For-Profit/LPN,2022-12-01,0.07022660982723805,0.08517954669665231
TN/For-Profit/LPN,2023-01-01,0.07086092715231788,0.06560123189683582
TN/For-Profit/LPN,2023-02-01,0.06367455228830422,0.06382604015276311
TN/For-Profit/LPN,2023-03-01,0.07714160839160839,0.08381596834017552
TN/For-Profit/LPN,2023-04-01,0.07286652078774616,0.06560357126722233
TN/For-Profit/LPN,2023-05-01,0.07341826819261499,0.06961138087624022
TN/For-Profit/LPN,2023-06-01,0.08115126595974897,0.08225537933406983
TN/For-Profit/LPN,2023-07-01,0.06839422259983008,0.07058610112899244
TN/For-Profit/LPN,2023-08-01,0.07482708027667155,0.07281427308780529
TN/For-Profit/LPN,2023-09-01,0.07960512497374501,0.08181149779069684
TN/For-Profit/LPN,2023-10-01,0.07934534907810234,0.06974193805919554
TN/For-Profit/LPN,2023-11-01,0.07344043396620072,0.06503197026554436
TN/For-Profit/LPN,2023-12-01,0.07574485942089802,0.08743676933371558
TN/For-Profit/LPN,2024-01-01,0.0726397320494034,0.06760456735268926
TN/For-Profit/LPN,2024-02-01,0.06814845879639338,0.06561741160396328
TN/For-Profit/LPN,2024-03-01,0.07625542467451953,0.08537580118028239
TN/For-Profit/LPN,2024-04-01,0.07593062605752961,0.06704539634177281
TN/For-Profit/LPN,2024-05-01,0.07713498622589532,0.07089938982495328
TN/For-Profit/LPN,2024-06-01,0.06229860365198711,0.08330116253858241
TN/For-Profit/LPN,2024-07-01,0.07529863481228669,0.07165221039461805
TN/For-Profit/LPN,2024-08-01,0.07320205479452055,0.07400012410719968
TN/For-Profit/LPN,2024-09-01,0.08594583066751972,0.08305085228830972
TN/For-Profit/LPN,2024-10-01,0.07650951199338296,0.0709873776416742
TN/For-Profit/LPN,2024-11-01,0.0726010101010101,0.06630587133411636
TN/For-Profit/LPN,2024-12-01,0.08649565401738393,0.08861011515994821
TN/For-Profit/LPN,2025-01-01,0.06967905405405406,0.06868592954026015
TN/For-Profit/LPN,2025-02-01,0.06172575822298163,0.06670235866774987
TN/For-Profit/LPN,2025-03-01,0.09294393519505435,0.08639343215319092
TN/For-Profit/RN,2022-10-01,0.07397959183673469,0.07172791691341304
TN/For-Profit/RN,2022-11-01,0.07333908541846419,0.06745234526967836
TN/For-Profit/RN,2022-12-01,0.06892067620286085,0.08998479031496433
TN/For-Profit/RN,2023-01-01,0.07536842105263158,0.0705628900991625
TN/For-Profit/RN,2023-02-01,0.06521739130434782,0.06871371000367348
TN/For-Profit/RN,2023-03-01,0.07523245984784446,0.0894980651097292
TN/For-Profit/RN,2023-04-01,0.06944444444444445,0.07032039641779964
TN/For-Profit/RN,2023-05-01,0.08357348703170028,0.07477606021585931
TN/For-Profit/RN,2023-06-01,0.09652029826014913,0.08855375226099643
TN/For-Profit/RN,2023-07-01,0.0820328131252501,0.07670284873767266
TN/For-Profit/RN,2023-08-01,0.07904050334250885,0.07835270605249983
TN/For-Profit/RN,2023-09-01,0.10550996483001172,0.08842543539927844
TN/For-Profit/RN,2023-10-01,0.07494145199063232,0.07527009132357149
TN/For-Profit/RN,2023-11-01,0.078064012490242,0.0706835933909022
TN/For-Profit/RN,2023-12-01,0.08712871287128712,0.09301586030318426
TN/For-Profit/RN,2024-01-01,0.07162865146058424,0.073151004812538
TN/For-Profit/RN,2024-02-01,0.07930214115781126,0.07094281228802349
TN/For-Profit/RN,2024-03-01,0.09878000787091697,0.09126991490994354
TN/For-Profit/RN,2024-04-01,0.06475111290975313,0.07114908128028417
TN/For-Profit/RN,2024-05-01,0.06618819776714513,0.07497431300274594
TN/For-Profit/RN,2024-06-01,0.07246947617172116,0.0882508422178342
TN/For-Profit/RN,2024-07-01,0.07695195195195195,0.07632219429288567
TN/For-Profit/RN,2024-08-01,0.06730038022813688,0.07797130269541361
TN/For-Profit/RN,2024-09-01,0.09066967644845748,0.08816225396027036
TN/For-Profit/RN,2024-10-01,0.08112094395280237,0.07531012696552311
TN/For-Profit/RN,2024-11-01,0.07593984962406015,0.07102040491032074
TN/For-Profit/RN,2024-12-01,0.09045801526717558,0.09359515412130652
TN/For-Profit/RN,2025-01-01,0.0776735459662289,0.07393191983746086
TN/For-Profit/RN,2025-02-01,0.06153846153846154,0.07189819283779972
TN/For-Profit/RN,2025-03-01,0.11152416356877323,0.09263366936113757
TN/Government/CNA,2022-10-01,0.06142506142506143,0.04997402656872167
TN/Government/CNA,2022-11-01,0.06451612903225806,0.04558070272900444
TN/Government/CNA,2022-12-01,0.05102040816326531,0.06827089220197294
TN/Government/CNA,2023-01-01,0.030226700251889168,0.04655285976291167
TN/Government/CNA,2023-02-01,0.0399002493765586,0.04376006505968161
TN/Government/CNA,2023-03-01,0.04156479217603912,0.06407765682219971
TN/Government/CNA,2023-04-01,0.05687203791469194,0.04577235165226093
TN/Government/CNA,2023-05-01,0.06280193236714976,0.04919336567048147
TN/Government/CNA,2023-06-01,0.054187192118226604,0.06223966250773782
TN/Government/CNA,2023-07-01,0.017241379310344827,0.04919851388654985
TN/Government/CNA,2023-08-01,0.05502392344497608,0.05213174703415699
TN/Government/CNA,2023-09-01,0.03931203931203931,0.06037625437443635
TN/Government/CNA,2023-10-01,0.04861111111111111,0.050062893656428416
TN/Government/CNA,2023-11-01,0.04728132387706856,0.04671947487083657
TN/Government/CNA,2023-12-01,0.12155963302752294,0.07067450279469298
TN/Government/CNA,2024-01-01,0.05172413793103448,0.04935805066409929
TN/Government/CNA,2024-02-01,0.037037037037037035,0.04661518673764496
TN/Government/CNA,2024-03-01,0.05867970660146699,0.06714373024907695
TN/Government/CNA,2024-04-01,0.05908096280087528,0.048853684943814146
TN/Government/CNA,2024-05-01,0.04184100418410042,0.05230207648400248
TN/Government/CNA,2024-06-01,0.0631163708086785,0.065692673411849
TN/Government/CNA,2024-07-01,0.055776892430278883,0.052813915368128884
TN/Government/CNA,2024-08-01,0.04554455445544554,0.05554998486125979
TN/Government/CNA,2024-09-01,0.043478260869565216,0.06365626108339391
TN/Government/CNA,2024-10-01,0.05830388692579505,0.05314964031751772
TN/Government/CNA,2024-11-01,0.062388591800356503,0.04963818274199681
TN/Government/CNA,2024-12-01,0.06086956521739131,0.07332583805100203
TN/Government/CNA,2025-01-01,0.07899159663865546,0.05246586675018186
TN/Government/CNA,2025-02-01,0.041884816753926704,0.049937370509663
TN/Government/CNA,2025-03-01,0.09045226130653267,0.07067409391734789
TN/Government/LPN,2022-10-01,0.02040816326530612,0.03709766453906879
TN/Government/LPN,2022-11-01,0.05181347150259067,0.03311538820423044
TN/Government/LPN,2022-12-01,0.047619047619047616,0.05716769850101986
TN/Government/LPN,2023-01-01,0.025510204081632654,0.03471378898153585
TN/Government/LPN,2023-02-01,0.050761421319796954,0.0332562693545898
TN/Government/LPN,2023-03-01,0.04081632653061224,0.051347622291574566
TN/Government/LPN,2023-04-01,0.05670103092783505,0.033369736013952114
TN/Government/LPN,2023-05-01,0.03723404255319149,0.03625740739223192
TN/Government/LPN,2023-06-01,0.02127659574468085,0.04792988145325926
TN/Government/LPN,2023-07-01,0.030927835051546393,0.03630299295399611
TN/Government/LPN,2023-08-01,0.04145077720207254,0.038022557098758764
TN/Government/LPN,2023-09-01,0.0427807486631016,0.04658186382610281
TN/Government/LPN,2023-10-01,0.041884816753926704,0.03401819205059009
TN/Government/LPN,2023-11-01,0.01092896174863388,0.02986141033983191
TN/Government/LPN,2023-12-01,0.11170212765957446,0.0542227918631043
TN/Government/LPN,2024-01-01,0.0374331550802139,0.03133112859586524
TN/Government/LPN,2024-02-01,0.026455026455026454,0.029040783717236132
TN/Government/LPN,2024-03-01,0.026041666666666668,0.04668661426381245
TN/Government/LPN,2024-04-01,0.019230769230769232,0.02829262688763632
TN/Government/LPN,2024-05-01,0.031818181818181815,0.03132666839470714
TN/Government/LPN,2024-06-01,0.02336448598130841,0.04306859617157633
TN/Government/LPN,2024-07-01,0.027649769585253458,0.03143130280988968
TN/Government/LPN,2024-08-01,0.013824884792626729,0.03326341111824571
TN/Government/LPN,2024-09-01,0.030837004405286344,0.04218831806624766
TN/Government/LPN,2024-10-01,0.03529411764705882,0.030070192485773875
TN/Government/LPN,2024-11-01,0.0449438202247191,0.02634512696688345
TN/Government/LPN,2024-12-01,0.045627376425855515,0.05063540349744658
TN/Government/LPN,2025-01-01,0.0364963503649635,0.028471532820724958
TN/Government/LPN,2025-02-01,0.026022304832713755,0.027091846200143658
TN/Government/LPN,2025-03-01,0.03985507246376811,0.04541731317811717
TN/Government/RN,2022-10-01,0.010638297872340425,0.0354517125613081
TN/Government/RN,2022-11-01,0.043478260869565216,0.031242157256960383
TN/Government/RN,2022-12-01,0.041666666666666664,0.053845762127015584
TN/Government/RN,2023-01-01,0.03225806451612903,0.03386494169491426
TN/Government/RN,2023-02-01,0.03333333333333333,0.031152988049210555
TN/Government/RN,2023-03-01,0.03333333333333333,0.05007044294751503
TN/Government/RN,2023-04-01,0.034482758620689655,0.031827668418085014
TN/Government/RN,2023-05-01,0.011111111111111112,0.03506092914110438
TN/Government/RN,2023-06-01,0.031578947368421054,0.04977328531508818
TN/Government/RN,2023-07-01,0.021052631578947368,0.037445731535574525
TN/Government/RN,2023-08-01,0.08421052631578947,0.04337814783329026
TN/Government/RN,2023-09-01,0.07526881720430108,0.05396142010715389
TN/Government/RN,2023-10-01,0.05555555555555555,0.03789251908547488
TN/Government/RN,2023-11-01,0.02247191011235955,0.03354742246919059
TN/Government/RN,2023-12-01,0.07954545454545454,0.05630531471265336
TN/Government/RN,2024-01-01,0.021739130434782608,0.0361191350355804
TN/Government/RN,2024-02-01,0.031914893617021274,0.033310298972966834
TN/Government/RN,2024-03-01,0.0425531914893617,0.05208363692184351
TN/Government/RN,2024-04-01,0.01020408163265306,0.03368800213919826
TN/Government/RN,2024-05-01,0.019801980198019802,0.03714798438613393
TN/Government/RN,2024-06-01,0.049019607843137254,0.0519048527900825
TN/Government/RN,2024-07-01,0.019417475728155338,0.03947354185667437
TN/Government/RN,2024-08-01,0.06481481481481481,0.04547028584728046
TN/Government/RN,2024-09-01,0.13675213675213677,0.05637449837605396
TN/Government/RN,2024-10-01,0.04201680672268908,0.03977556757834499
TN/Government/RN,2024-11-01,0.043859649122807015,0.03505864785167325
TN/Government/RN,2024-12-01,0.02654867256637168,0.05729294030085842
TN/Government/RN,2025-01-01,0.06779661016949153,0.03729762951895124
TN/Government/RN,2025-02-01,0.017543859649122806,0.03398774018706279
TN/Government/RN,2025-03-01,0.02564102564102564,0.05256554663757408
TN/Non-Profit/CNA,2022-10-01,0.043037974683544304,0.07167071699697951
TN/Non-Profit/CNA,2022-11-01,0.05921052631578947,0.06837103135656458
TN/Non-Profit/CNA,2022-12-01,0.07685881370091896,0.09197931759522598
TN/Non-Profit/CNA,2023-01-01,0.0691768826619965,0.0732546269265179
TN/Non-Profit/CNA,2023-02-01,0.07433016421780467,0.0722810231123939
TN/Non-Profit/CNA,2023-03-01,0.08615948670944087,0.09409324753676374
TN/Non-Profit/CNA,2023-04-01,0.07213930348258707,0.07483989712661016
TN/Non-Profit/CNA,2023-05-01,0.10250391236306729,0.08047175433852455
TN/Non-Profit/CNA,2023-06-01,0.12198912198912198,0.09602189543106013
TN/Non-Profit/CNA,2023-07-01,0.08668730650154799,0.08272849974602
TN/Non-Profit/CNA,2023-08-01,0.09216589861751152,0.08529812879976939
TN/Non-Profit/CNA,2023-09-01,0.08519108280254777,0.093155776559851
TN/Non-Profit/CNA,2023-10-01,0.07785888077858881,0.0801895502931459
TN/Non-Profit/CNA,2023-11-01,0.06918744971842317,0.07660310672048161
TN/Non-Profit/CNA,2023-12-01,0.08660785886126704,0.10013620083330585
TN/Non-Profit/CNA,2024-01-01,0.08482142857142858,0.081221209162928
TN/Non-Profit/CNA,2024-02-01,0.08351976137211037,0.0798030773740804
TN/Non-Profit/CNA,2024-03-01,0.11849056603773585,0.10131067856019205
TN/Non-Profit/CNA,2024-04-01,0.0753474762253109,0.08141841183101035
TN/Non-Profit/CNA,2024-05-01,0.08291636883488206,0.08639673014402824
TN/Non-Profit/CNA,2024-06-01,0.1362339514978602,0.10164959078623453
TN/Non-Profit/CNA,2024-07-01,0.09908643710470837,0.08796222467133956
TN/Non-Profit/CNA,2024-08-01,0.10515463917525773,0.09011998022252463
TN/Non-Profit/CNA,2024-09-01,0.08519553072625698,0.09745362570587984
TN/Non-Profit/CNA,2024-10-01,0.07802874743326489,0.0839217466669361
TN/Non-Profit/CNA,2024-11-01,0.08282828282828283,0.07987096204412832
TN/Non-Profit/CNA,2024-12-01,0.08908238446081715,0.10274158129388122
TN/Non-Profit/CNA,2025-01-01,0.08885754583921016,0.08317810115493693
TN/Non-Profit/CNA,2025-02-01,0.06935598018400566,0.08111358190468586
TN/Non-Profit/CNA,2025-03-01,0.11642411642411643,0.10219065992275511
TN/Non-Profit/LPN,2022-10-01,0.05,0.0623331412418768
TN/Non-Profit/LPN,2022-11-01,0.049773755656108594,0.05680806926498924
TN/Non-Profit/LPN,2022-12-01,0.06707317073170732,0.0811164354957773
TN/Non-Profit/LPN,2023-01-01,0.06708268330733229,0.06144757820102573
TN/Non-Profit/LPN,2023-02-01,0.044233807266982623,0.059747740238942484
TN/Non-Profit/LPN,2023-03-01,0.07278481012658228,0.08138400655996512
TN/Non-Profit/LPN,2023-04-01,0.06241331484049931,0.06179737379508926
TN/Non-Profit/LPN,2023-05-01,0.059154929577464786,0.06607107641831601
TN/Non-Profit/LPN,2023-06-01,0.09815078236130868,0.08321323392503638
TN/Non-Profit/LPN,2023-07-01,0.07038123167155426,0.07045644790272665
TN/Non-Profit/LPN,2023-08-01,0.07803468208092486,0.07200674869914866
TN/Non-Profit/LPN,2023-09-01,0.10678210678210678,0.08186029709959164
TN/Non-Profit/LPN,2023-10-01,0.0856269113149847,0.06883908661503377
TN/Non-Profit/LPN,2023-11-01,0.04133545310015898,0.06310409165896654
TN/Non-Profit/LPN,2023-12-01,0.08945686900958466,0.08739970114652851
TN/Non-Profit/LPN,2024-01-01,0.05709876543209876,0.06743219393880194
TN/Non-Profit/LPN,2024-02-01,0.08507462686567165,0.06563885452338958
TN/Non-Profit/LPN,2024-03-01,0.10263929618768329,0.08682617679941394
TN/Non-Profit/LPN,2024-04-01,0.05067064083457526,0.06649756448590519
TN/Non-Profit/LPN,2024-05-01,0.05547445255474453,0.07024517434095023
TN/Non-Profit/LPN,2024-06-01,0.13478260869565217,0.0868533805275519
TN/Non-Profit/LPN,2024-07-01,0.10970464135021098,0.07323351573967236
TN/Non-Profit/LPN,2024-08-01,0.06432748538011696,0.07337975196420932
TN/Non-Profit/LPN,2024-09-01,0.07270029673590504,0.08205691709999335
TN/Non-Profit/LPN,2024-10-01,0.06432748538011696,0.06824664456022257
TN/Non-Profit/LPN,2024-11-01,0.04903417533432392,0.06191853407293123
TN/Non-Profit/LPN,2024-12-01,0.06427503736920777,0.08556475977831593
TN/Non-Profit/LPN,2025-01-01,0.07057057057057058,0.06536242700224779
TN/Non-Profit/LPN,2025-02-01,0.048484848484848485,0.0631805062973724
TN/Non-Profit/LPN,2025-03-01,0.09333333333333334,0.08433404998717112
TN/Non-Profit/RN,2022-10-01,0.0525,0.0557837117079945
TN/Non-Profit/RN,2022-11-01,0.045112781954887216,0.051475901069983426
TN/Non-Profit/RN,2022-12-01,0.06801007556675064,0.07541326934679664
TN/Non-Profit/RN,2023-01-01,0.031007751937984496,0.05382606852996939
TN/Non-Profit/RN,2023-02-01,0.04699738903394256,0.05283923163544531
TN/Non-Profit/RN,2023-03-01,0.08064516129032258,0.07356914751206808
TN/Non-Profit/RN,2023-04-01,0.048426150121065374,0.05396720454995929
TN/Non-Profit/RN,2023-05-01,0.047619047619047616,0.05853340944981131
TN/Non-Profit/RN,2023-06-01,0.08899297423887588,0.07500492486924762
TN/Non-Profit/RN,2023-07-01,0.06779661016949153,0.060642209766710156
TN/Non-Profit/RN,2023-08-01,0.05569007263922518,0.06373382923759094
TN/Non-Profit/RN,2023-09-01,0.07692307692307693,0.07230936984258719
TN/Non-Profit/RN,2023-10-01,0.04591836734693878,0.06005268451575323
TN/Non-Profit/RN,2023-11-01,0.07654320987654321,0.05636593979305439
TN/Non-Profit/RN,2023-12-01,0.09183673469387756,0.08061435719545104
TN/Non-Profit/RN,2024-01-01,0.056511056511056514,0.059073571901848136
TN/Non-Profit/RN,2024-02-01,0.06172839506172839,0.05783532144989774
TN/Non-Profit/RN,2024-03-01,0.07560975609756097,0.07821105050002808
TN/Non-Profit/RN,2024-04-01,0.043478260869565216,0.058426065625242905
TN/Non-Profit/RN,2024-05-01,0.06451612903225806,0.06282663043109837
TN/Non-Profit/RN,2024-06-01,0.12993039443155452,0.07900426902182381
TN/Non-Profit/RN,2024-07-01,0.04751131221719457,0.06390999693377172
TN/Non-Profit/RN,2024-08-01,0.0835214446952596,0.06649090486178845
TN/Non-Profit/RN,2024-09-01,0.05429864253393665,0.07421963529404803
TN/Non-Profit/RN,2024-10-01,0.06768558951965066,0.061383506860675376
TN/Non-Profit/RN,2024-11-01,0.0467706013363029,0.05687256652505197
TN/Non-Profit/RN,2024-12-01,0.08071748878923767,0.08083755297762962
TN/Non-Profit/RN,2025-01-01,0.06807511737089202,0.059169795577530916
TN/Non-Profit/RN,2025-02-01,0.050970873786407765,0.05765519330267958
TN/Non-Profit/RN,2025-03-01,0.07441860465116279,0.07783740879011675
TX/For-Profit/CNA,2022-10-01,0.10835046585888632,0.10482970608525444
TX/For-Profit/CNA,2022-11-01,0.09872236515065626,0.100613839375041
TX/For-Profit/CNA,2022-12-01,0.14678540399652476,0.12528007890445958
TX/For-Profit/CNA,2023-01-01,0.11675847822344637,0.10482470741291787
TX/For-Profit/CNA,2023-02-01,0.09917035635988479,0.10263219223525516
TX/For-Profit/CNA,2023-03-01,0.13950689025402624,0.12468120116133428
TX/For-Profit/CNA,2023-04-01,0.10468938542836932,0.10385653503609199
TX/For-Profit/CNA,2023-05-01,0.11100696849912384,0.10806250204714377
TX/For-Profit/CNA,2023-06-01,0.1285565440410355,0.12154929412912899
TX/For-Profit/CNA,2023-07-01,0.10728946634251325,0.10884290600174719
TX/For-Profit/CNA,2023-08-01,0.11441956487216134,0.11127370638497214
TX/For-Profit/CNA,2023-09-01,0.11320525783619818,0.11965596340457003
TX/For-Profit/CNA,2023-10-01,0.1097619237200414,0.1070831587178833
TX/For-Profit/CNA,2023-11-01,0.10398974523313571,0.10212034034098302
TX/For-Profit/CNA,2023-12-01,0.12391225889240887,0.1260827644637297
TX/For-Profit/CNA,2024-01-01,0.10646857324942245,0.10515853012672646
TX/For-Profit/CNA,2024-02-01,0.09849121543202466,0.10269408013695833
TX/For-Profit/CNA,2024-03-01,0.14552680857568692,0.12444164522722252
TX/For-Profit/CNA,2024-04-01,0.10060394151303242,0.10330982156577528
TX/For-Profit/CNA,2024-05-01,0.10434681902408895,0.10713580881732199
TX/For-Profit/CNA,2024-06-01,0.11199237368922783,0.12034485716681459
TX/For-Profit/CNA,2024-07-01,0.1044986812288718,0.10755616560413794
TX/For-Profit/CNA,2024-08-01,0.11656175385283264,0.1098715972728358
TX/For-Profit/CNA,2024-09-01,0.1216851538970102,0.11810994766513613
TX/For-Profit/CNA,2024-10-01,0.10289956267685862,0.10529333023707223
TX/For-Profit/CNA,2024-11-01,0.0972972972972973,0.10016407551135573
TX/For-Profit/CNA,2024-12-01,0.11078220972396952,0.12411349672107086
TX/For-Profit/CNA,2025-01-01,0.10287586457954132,0.10326033285689812
TX/For-Profit/CNA,2025-02-01,0.09660669884452246,0.10088900921723568
TX/For-Profit/CNA,2025-03-01,0.1290172832452507,0.12267548529194369
TX/For-Profit/LPN,2022-10-01,0.09223798939989741,0.09195110970437761
TX/For-Profit/LPN,2022-11-01,0.07971823726483979,0.08770646144466307
TX/For-Profit/LPN,2022-12-01,0.14782682657140428,0.11319976579660762
TX/For-Profit/LPN,2023-01-01,0.10612829806962826,0.09224659941882488
TX/For-Profit/LPN,2023-02-01,0.08584961515689757,0.08971319997492337
TX/For-Profit/LPN,2023-03-01,0.1220901436354631,0.11071112547682954
TX/For-Profit/LPN,2023-04-01,0.08506569100282721,0.08995684889981331
TX/For-Profit/LPN,2023-05-01,0.0904168034131933,0.09392323333442727
TX/For-Profit/LPN,2023-06-01,0.1113901490602722,0.1077552744491535
TX/For-Profit/LPN,2023-07-01,0.09321896747046447,0.0949053704036319
TX/For-Profit/LPN,2023-08-01,0.09603622209865756,0.09686479605583934
TX/For-Profit/LPN,2023-09-01,0.10480140373265273,0.106147014308453
TX/For-Profit/LPN,2023-10-01,0.09562691371594567,0.09292245558286535
TX/For-Profit/LPN,2023-11-01,0.09139399729320914,0.08811851208549124
TX/For-Profit/LPN,2023-12-01,0.11677735610373181,0.1128512325550991
TX/For-Profit/LPN,2024-01-01,0.10335633626097868,0.09169160368720858
TX/For-Profit/LPN,2024-02-01,0.08658315607027496,0.0889896454617973
TX/For-Profit/LPN,2024-03-01,0.13022262885025923,0.10968169791431831
TX/For-Profit/LPN,2024-04-01,0.07584112522976105,0.08836903566064035
TX/For-Profit/LPN,2024-05-01,0.09147771696637999,0.09201266296715693
TX/For-Profit/LPN,2024-06-01,0.10550171928727728,0.10544883994101441
TX/For-Profit/LPN,2024-07-01,0.09041138745502894,0.0922726780061969
TX/For-Profit/LPN,2024-08-01,0.09062718040158152,0.09395133807033375
TX/For-Profit/LPN,2024-09-01,0.10345093800663939,0.10301375038401078
TX/For-Profit/LPN,2024-10-01,0.0824013668841255,0.08955406668602621
TX/For-Profit/LPN,2024-11-01,0.07766461945113892,0.08461991147885829
TX/For-Profit/LPN,2024-12-01,0.09367425130971929,0.10945429405944207
TX/For-Profit/LPN,2025-01-01,0.08977307574363692,0.08863135661553997
TX/For-Profit/LPN,2025-02-01,0.09244992295839753,0.08629374344106482
TX/For-Profit/LPN,2025-03-01,0.10952894088669951,0.10737662776024412
TX/For-Profit/RN,2022-10-01,0.09857658806033567,0.09962398392848366
TX/For-Profit/RN,2022-11-01,0.09379600420609885,0.09613653605593152
TX/For-Profit/RN,2022-12-01,0.1480546792849632,0.12094943969987833
TX/For-Profit/RN,2023-01-01,0.1212678936605317,0.1003561665599139
TX/For-Profit/RN,2023-02-01,0.09015544041450778,0.09794934099021896
TX/For-Profit/RN,2023-03-01,0.127944760357433,0.11948591847223099
TX/For-Profit/RN,2023-04-01,0.09380710659898477,0.09883180992654343
TX/For-Profit/RN,2023-05-01,0.10184267881910046,0.10283940780093014
TX/For-Profit/RN,2023-06-01,0.13754427390791027,0.11728298225809698
TX/For-Profit/RN,2023-07-01,0.09517295290209107,0.10348683244711948
TX/For-Profit/RN,2023-08-01,0.10899653979238755,0.10589433232167292
TX/For-Profit/RN,2023-09-01,0.10742834860596608,0.11492741351951805
TX/For-Profit/RN,2023-10-01,0.09695817490494296,0.10162769836411148
TX/For-Profit/RN,2023-11-01,0.10833968012185834,0.09769139326211337
TX/For-Profit/RN,2023-12-01,0.12304761904761904,0.12171238649449524
TX/For-Profit/RN,2024-01-01,0.10524365388178618,0.10063742665708042
TX/For-Profit/RN,2024-02-01,0.09085841694537347,0.0980587591417115
TX/For-Profit/RN,2024-03-01,0.14469964664310955,0.11937099104693433
TX/For-Profit/RN,2024-04-01,0.09595501541810267,0.09811796834881249
TX/For-Profit/RN,2024-05-01,0.09551270499189043,0.10170542773627411
TX/For-Profit/RN,2024-06-01,0.11334419699438711,0.11572629321698233
TX/For-Profit/RN,2024-07-01,0.09458987783595113,0.10191345244414764
TX/For-Profit/RN,2024-08-01,0.09921178889650445,0.10422885637998194
TX/For-Profit/RN,2024-09-01,0.11829787234042553,0.11330722904874185
TX/For-Profit/RN,2024-10-01,0.09017658151894394,0.09985399149128926
TX/For-Profit/RN,2024-11-01,0.09423994546693933,0.09571660326435386
TX/For-Profit/RN,2024-12-01,0.10834049871023216,0.11978854337690101
TX/For-Profit/RN,2025-01-01,0.09459912780945991,0.09894673678921093
TX/For-Profit/RN,2025-02-01,0.10483603842331898,0.09661073613420504
TX/For-Profit/RN,2025-03-01,0.12655737704918033,0.11822359250830222
TX/Government/CNA,2022-10-01,0.09880548591653149,0.09823597633956935
TX/Government/CNA,2022-11-01,0.09416776847363009,0.09416185016127014
TX/Government/CNA,2022-12-01,0.1254725210817098,0.11844560185724645
TX/Government/CNA,2023-01-01,0.10197934595524957,0.09832072273508263
TX/Government/CNA,2023-02-01,0.0887582659808964,0.0964144865436928
TX/Government/CNA,2023-03-01,0.17608818541548898,0.12005662585017565
TX/Government/CNA,2023-04-01,0.10059760956175298,0.09777265837223109
TX/Government/CNA,2023-05-01,0.1066294487090021,0.1016164863311044
TX/Government/CNA,2023-06-01,0.11080598654400658,0.11458699268972111
TX/Government/CNA,2023-07-01,0.09657534246575343,0.10160178856919877
TX/Government/CNA,2023-08-01,0.10447159930173223,0.10368068795568774
TX/Government/CNA,2023-09-01,0.10414657666345227,0.11218951651478624
TX/Government/CNA,2023-10-01,0.09939718687206966,0.09932221186814467
TX/Government/CNA,2023-11-01,0.09149343544857769,0.09458035235674948
TX/Government/CNA,2023-12-01,0.10445299615173172,0.11820700931347142
TX/Government/CNA,2024-01-01,0.09861852003829845,0.09772583979976052
TX/Government/CNA,2024-02-01,0.09338415464198203,0.0954259090866937
TX/Government/CNA,2024-03-01,0.1613025848960973,0.11865602937017916
TX/Government/CNA,2024-04-01,0.0864879428802371,0.09616000123866358
TX/Government/CNA,2024-05-01,0.09289902280130294,0.09997681745180881
TX/Government/CNA,2024-06-01,0.1185918026467943,0.11320947648585399
TX/Government/CNA,2024-07-01,0.09857710549929496,0.10024184602668543
TX/Government/CNA,2024-08-01,0.10364004044489383,0.10237857605477713
TX/Government/CNA,2024-09-01,0.11283656856606136,0.11081255935063145
TX/Government/CNA,2024-10-01,0.09371485692865175,0.0978512686393451
TX/Government/CNA,2024-11-01,0.09135584677419355,0.09284426870441309
TX/Government/CNA,2024-12-01,0.11512415349887133,0.11631167495039585
TX/Government/CNA,2025-01-01,0.10033444816053512,0.09545592441327239
TX/Government/CNA,2025-02-01,0.08936595107338992,0.09284450931862637
TX/Government/CNA,2025-03-01,0.10138531322790241,0.11574809998699571
TX/Government/LPN,2022-10-01,0.07674144037780402,0.08282544895625629
TX/Government/LPN,2022-11-01,0.079187518398587,0.07907562258348466
TX/Government/LPN,2022-12-01,0.1146384479717813,0.10330391905900695
TX/Government/LPN,2023-01-01,0.08666100254885302,0.08316298734090465
TX/Government/LPN,2023-02-01,0.07923340961098398,0.08176878380429875
TX/Government/LPN,2023-03-01,0.15393258426966291,0.10408940680176687
TX/Government/LPN,2023-04-01,0.08614232209737828,0.08178787421343625
TX/Government/LPN,2023-05-01,0.07277936962750717,0.08495948881344066
TX/Government/LPN,2023-06-01,0.08898776418242492,0.09862959846233901
TX/Government/LPN,2023-07-01,0.08247422680412371,0.08545496605949275
TX/Government/LPN,2023-08-01,0.09103410341034103,0.08775448130864308
TX/Government/LPN,2023-09-01,0.09453839756029941,0.09682496087339297
TX/Government/LPN,2023-10-01,0.07939560439560439,0.08292342573831299
TX/Government/LPN,2023-11-01,0.07711651299245599,0.07863022953722758
TX/Government/LPN,2023-12-01,0.08996345234748383,0.10238039738306157
TX/Government/LPN,2024-01-01,0.0835195530726257,0.08205048315914298
TX/Government/LPN,2024-02-01,0.09191583610188261,0.08045632782453807
TX/Government/LPN,2024-03-01,0.14356694560669456,0.10238334196711493
TX/Government/LPN,2024-04-01,0.06737787759685569,0.07983185930656038
TX/Government/LPN,2024-05-01,0.07958957293399889,0.0829923080014036
TX/Government/LPN,2024-06-01,0.10855718637496538,0.09660012132062304
TX/Government/LPN,2024-07-01,0.07619593239759381,0.08316117232115058
TX/Government/LPN,2024-08-01,0.07434733257661748,0.0851071845886263
TX/Government/LPN,2024-09-01,0.10067302299495233,0.09389230330097947
TX/Government/LPN,2024-10-01,0.06333428003408123,0.07981599458360948
TX/Government/LPN,2024-11-01,0.06590016825574874,0.07538783275872854
TX/Government/LPN,2024-12-01,0.09246480817002484,0.09916140642925286
TX/Government/LPN,2025-01-01,0.08648798010500137,0.07883558983240689
TX/Government/LPN,2025-02-01,0.08604522890237176,0.07703687016726304
TX/Government/LPN,2025-03-01,0.08603042876901798,0.09894091093106994
TX/Government/RN,2022-10-01,0.08751902587519025,0.09411728841632677
TX/Government/RN,2022-11-01,0.08928571428571429,0.09022548249354577
TX/Government/RN,2022-12-01,0.13191153238546605,0.11530648777060298
TX/Government/RN,2023-01-01,0.12900820283370618,0.09554591792194515
TX/Government/RN,2023-02-01,0.09432515337423313,0.09336020590178834
TX/Government/RN,2023-03-01,0.1650190114068441,0.11662753561454062
TX/Government/RN,2023-04-01,0.09043348281016443,0.0931260880213454
TX/Government/RN,2023-05-01,0.0771513353115727,0.09550099727957287
TX/Government/RN,2023-06-01,0.11354019746121298,0.10907239537892233
TX/Government/RN,2023-07-01,0.08005718370264475,0.09553110866032288
TX/Government/RN,2023-08-01,0.09507523939808482,0.09792732285530986
TX/Government/RN,2023-09-01,0.09895470383275261,0.10630073655566977
TX/Government/RN,2023-10-01,0.08961303462321792,0.09301473698036827
TX/Government/RN,2023-11-01,0.07862068965517241,0.08844372161541852
TX/Government/RN,2023-12-01,0.09312022237665045,0.11293218231046115
TX/Government/RN,2024-01-01,0.09023066485753053,0.09306257850498184
TX/Government/RN,2024-02-01,0.10766182298546896,0.09127047525269408
TX/Government/RN,2024-03-01,0.18159203980099503,0.1147088684710376
TX/Government/RN,2024-04-01,0.09941520467836257,0.09120779853387918
TX/Government/RN,2024-05-01,0.08878807517822424,0.09342059939816535
TX/Government/RN,2024-06-01,0.09884467265725289,0.10660130767584722
TX/Government/RN,2024-07-01,0.08207070707070707,0.0929379665158784
TX/Government/RN,2024-08-01,0.09351620947630923,0.0951621894038936
TX/Government/RN,2024-09-01,0.09565217391304348,0.1033202165785308
TX/Government/RN,2024-10-01,0.0709480122324159,0.08975796994322463
TX/Government/RN,2024-11-01,0.0740514075887393,0.0851657606395001
TX/Government/RN,2024-12-01,0.11317365269461079,0.10963369720505325
TX/Government/RN,2025-01-01,0.08890180127832656,0.08942776792104584
TX/Government/RN,2025-02-01,0.08362989323843416,0.08724738154475195
TX/Government/RN,2025-03-01,0.11456534254461716,0.11052870555297753
TX/Non-Profit/CNA,2022-10-01,0.07948786343024807,0.08499245476060531
TX/Non-Profit/CNA,2022-11-01,0.0792845702082221,0.08043601509152186
TX/Non-Profit/CNA,2022-12-01,0.15865510900971894,0.10623030562472371
TX/Non-Profit/CNA,2023-01-01,0.08688656476267095,0.0844889123853687
TX/Non-Profit/CNA,2023-02-01,0.07080640629390278,0.08146438232093635
TX/Non-Profit/CNA,2023-03-01,0.11090174966352624,0.1016472463005965
TX/Non-Profit/CNA,2023-04-01,0.09702702702702702,0.08288460134787433
TX/Non-Profit/CNA,2023-05-01,0.08207750269106566,0.08543751974165957
TX/Non-Profit/CNA,2023-06-01,0.11108234075608493,0.09876471922916337
TX/Non-Profit/CNA,2023-07-01,0.08944954128440367,0.08573876183949933
TX/Non-Profit/CNA,2023-08-01,0.09398496240601503,0.08728358019757994
TX/Non-Profit/CNA,2023-09-01,0.09361261960175847,0.09545966077243645
TX/Non-Profit/CNA,2023-10-01,0.08312716476991588,0.0820148579385928
TX/Non-Profit/CNA,2023-11-01,0.0721057884231537,0.07622116629425184
TX/Non-Profit/CNA,2023-12-01,0.09046093172294799,0.10096180325692754
TX/Non-Profit/CNA,2024-01-01,0.07227138643067847,0.07894915424217935
TX/Non-Profit/CNA,2024-02-01,0.07167487684729064,0.07574056154455522
TX/Non-Profit/CNA,2024-03-01,0.09441423628274839,0.09562241726826008
TX/Non-Profit/CNA,2024-04-01,0.08116570327552987,0.07675253836409916
TX/Non-Profit/CNA,2024-05-01,0.07642393655371305,0.0794410767640325
TX/Non-Profit/CNA,2024-06-01,0.08057210965435042,0.09277372961448038
TX/Non-Profit/CNA,2024-07-01,0.07459485224022878,0.08000095194596593
TX/Non-Profit/CNA,2024-08-01,0.07590132827324478,0.08203428235170246
TX/Non-Profit/CNA,2024-09-01,0.08528428093645485,0.09080959359426194
TX/Non-Profit/CNA,2024-10-01,0.0846968238691049,0.07803756123738359
TX/Non-Profit/CNA,2024-11-01,0.06471866698865009,0.07284553350688901
TX/Non-Profit/CNA,2024-12-01,0.09158120677319342,0.09822310514434598
TX/Non-Profit/CNA,2025-01-01,0.10079887218045112,0.07676590933104327
TX/Non-Profit/CNA,2025-02-01,0.07684895205974464,0.07393860997668837
TX/Non-Profit/CNA,2025-03-01,0.07556615017878426,0.09399798930431348
TX/Non-Profit/LPN,2022-10-01,0.06356164383561644,0.07245890791875814
TX/Non-Profit/LPN,2022-11-01,0.0642504118616145,0.06752770295630736
TX/Non-Profit/LPN,2022-12-01,0.15761448349307774,0.09371833688812475
TX/Non-Profit/LPN,2023-01-01,0.07111111111111111,0.07028269473657368
TX/Non-Profit/LPN,2023-02-01,0.06235827664399093,0.0681828257499296
TX/Non-Profit/LPN,2023-03-01,0.09451901565995526,0.08786709550898471
TX/Non-Profit/LPN,2023-04-01,0.07110609480812641,0.06760919906576683
TX/Non-Profit/LPN,2023-05-01,0.06591549295774649,0.07132592615729423
TX/Non-Profit/LPN,2023-06-01,0.09563294637921503,0.08472316834144836
TX/Non-Profit/LPN,2023-07-01,0.07485191168551426,0.07124447317004791
TX/Non-Profit/LPN,2023-08-01,0.07532051282051282,0.07251718678670654
TX/Non-Profit/LPN,2023-09-01,0.088379705400982,0.08096642484045705
TX/Non-Profit/LPN,2023-10-01,0.061636556854410204,0.06725473606930821
TX/Non-Profit/LPN,2023-11-01,0.05405405405405406,0.06130501079878681
TX/Non-Profit/LPN,2023-12-01,0.07765957446808511,0.08648336166319055
TX/Non-Profit/LPN,2024-01-01,0.05561497326203209,0.06302762996466282
TX/Non-Profit/LPN,2024-02-01,0.0594855305466238,0.06104618686262718
TX/Non-Profit/LPN,2024-03-01,0.09398099260823653,0.08062841363089197
TX/Non-Profit/LPN,2024-04-01,0.0454788657035848,0.06031875271355821
TX/Non-Profit/LPN,2024-05-01,0.06536636794939378,0.06416907493291463
TX/Non-Profit/LPN,2024-06-01,0.07146666666666666,0.07768605175031748
TX/Non-Profit/LPN,2024-07-01,0.05866807610993657,0.06452400298177324
TX/Non-Profit/LPN,2024-08-01,0.06170212765957447,0.06623406341727701
TX/Non-Profit/LPN,2024-09-01,0.07234726688102894,0.07522539506317244
TX/Non-Profit/LPN,2024-10-01,0.07571660356949703,0.06223138564473549
TX/Non-Profit/LPN,2024-11-01,0.052026286966046005,0.05672170223951788
TX/Non-Profit/LPN,2024-12-01,0.08089033659066232,0.08225273561977908
TX/Non-Profit/LPN,2025-01-01,0.058337919647771054,0.0590787129494072
TX/Non-Profit/LPN,2025-02-01,0.0638063806380638,0.057281891303183216
TX/Non-Profit/LPN,2025-03-01,0.05420054200542006,0.07701341601715746
TX/Non-Profit/RN,2022-10-01,0.08321964529331514,0.08029703974928004
TX/Non-Profit/RN,2022-11-01,0.0728744939271255,0.07470907625848433
TX/Non-Profit/RN,2022-12-01,0.13741496598639455,0.09977761851596287
TX/Non-Profit/RN,2023-01-01,0.09210526315789473,0.07742529106778456
TX/Non-Profit/RN,2023-02-01,0.08066759388038942,0.0765426792163437
TX/Non-Profit/RN,2023-03-01,0.08957219251336898,0.09527154108668273
TX/Non-Profit/RN,2023-04-01,0.08125819134993446,0.07577049483684882
TX/Non-Profit/RN,2023-05-01,0.06640625,0.07807904441749773
TX/Non-Profit/RN,2023-06-01,0.08578745198463508,0.09163942992535935
TX/Non-Profit/RN,2023-07-01,0.0785024154589372,0.07915447897156361
TX/Non-Profit/RN,2023-08-01,0.07065868263473053,0.08082208211683192
TX/Non-Profit/RN,2023-09-01,0.11405529953917051,0.09045992487491529
TX/Non-Profit/RN,2023-10-01,0.08217592592592593,0.07736675259070719
TX/Non-Profit/RN,2023-11-01,0.07058823529411765,0.07111665337206881
TX/Non-Profit/RN,2023-12-01,0.09239766081871345,0.09536999562220425
TX/Non-Profit/RN,2024-01-01,0.06526806526806526,0.07280413043562481
TX/Non-Profit/RN,2024-02-01,0.08466819221967964,0.07200507120190776
TX/Non-Profit/RN,2024-03-01,0.10218140068886337,0.09057507543719796
TX/Non-Profit/RN,2024-04-01,0.07142857142857142,0.07087169875910235
TX/Non-Profit/RN,2024-05-01,0.059085841694537344,0.07303705547677948
TX/Non-Profit/RN,2024-06-01,0.08089887640449438,0.08650686517647345
TX/Non-Profit/RN,2024-07-01,0.07222222222222222,0.07382437684223225
TX/Non-Profit/RN,2024-08-01,0.07367280606717226,0.07522697540396148
TX/Non-Profit/RN,2024-09-01,0.07906458797327394,0.08465817713079377
TX/Non-Profit/RN,2024-10-01,0.08695652173913043,0.07166424943527132
TX/Non-Profit/RN,2024-11-01,0.05343511450381679,0.06536679249891414
TX/Non-Profit/RN,2024-12-01,0.07725321888412018,0.08970438230081888
TX/Non-Profit/RN,2025-01-01,0.047149122807017545,0.06743306968723409
TX/Non-Profit/RN,2025-02-01,0.08235294117647059,0.06705960507347772
TX/Non-Profit/RN,2025-03-01,0.07832618025751073,0.08608875243114537
UT/For-Profit/CNA,2022-10-01,0.1361419068736142,0.1062317741320829
UT/For-Profit/CNA,2022-11-01,0.11352329262777024,0.10172856226806014
UT/For-Profit/CNA,2022-12-01,0.14087117701575533,0.12627050852152752
UT/For-Profit/CNA,2023-01-01,0.09891067538126362,0.10432513897889192
UT/For-Profit/CNA,2023-02-01,0.11887201735357918,0.1019963179254765
UT/For-Profit/CNA,2023-03-01,0.10651896037494674,0.12214537094443029
UT/For-Profit/CNA,2023-04-01,0.11640893470790378,0.1040079336480926
UT/For-Profit/CNA,2023-05-01,0.12091641917691981,0.10748472229013532
UT/For-Profit/CNA,2023-06-01,0.1164354770912148,0.11982775857066397
UT/For-Profit/CNA,2023-07-01,0.11259941398074508,0.10731610290364724
UT/For-Profit/CNA,2023-08-01,0.12038523274478331,0.10998262207892037
UT/For-Profit/CNA,2023-09-01,0.10807553234230614,0.11710130258432637
UT/For-Profit/CNA,2023-10-01,0.09349112426035502,0.10481928791763559
UT/For-Profit/CNA,2023-11-01,0.09855862874951304,0.09986950314393814
UT/For-Profit/CNA,2023-12-01,0.14274509803921567,0.12421053473462329
UT/For-Profit/CNA,2024-01-01,0.09696742792961438,0.10197125857681291
UT/For-Profit/CNA,2024-02-01,0.08811398575178103,0.09932135884867246
UT/For-Profit/CNA,2024-03-01,0.13429522752497225,0.11945628513682024
UT/For-Profit/CNA,2024-04-01,0.11232980332829047,0.10105137381087431
UT/For-Profit/CNA,2024-05-01,0.11410635155096012,0.10420209388595726
UT/For-Profit/CNA,2024-06-01,0.10656660412757973,0.11617028517260027
UT/For-Profit/CNA,2024-07-01,0.09775280898876404,0.10338934028273605
UT/For-Profit/CNA,2024-08-01,0.12068338785896038,0.10588913964681536
UT/For-Profit/CNA,2024-09-01,0.10660825118656445,0.11279944280118037
UT/For-Profit/CNA,2024-10-01,0.0969518912963643,0.10028087681386905
UT/For-Profit/CNA,2024-11-01,0.09474463360473723,0.09502581248771538
UT/For-Profit/CNA,2024-12-01,0.11500184297825286,0.11891926445296402
UT/For-Profit/CNA,2025-01-01,0.10545602605863193,0.09651913318175945
UT/For-Profit/CNA,2025-02-01,0.06729323308270677,0.09352511673780288
UT/For-Profit/CNA,2025-03-01,0.09719694211867491,0.11362994025810934
UT/For-Profit/LPN,2022-10-01,0.059670781893004114,0.06907565533934368
UT/For-Profit/LPN,2022-11-01,0.06708595387840671,0.06493963612791591
UT/For-Profit/LPN,2022-12-01,0.06736842105263158,0.08924998100543426
UT/For-Profit/LPN,2023-01-01,0.07547169811320754,0.07012322294829437
UT/For-Profit/LPN,2023-02-01,0.07818930041152264,0.06849472945973087
UT/For-Profit/LPN,2023-03-01,0.055900621118012424,0.08708689694053054
UT/For-Profit/LPN,2023-04-01,0.07547169811320754,0.07012859526299157
UT/For-Profit/LPN,2023-05-01,0.08368200836820083,0.07474897059326739
UT/For-Profit/LPN,2023-06-01,0.11538461538461539,0.08995219605306445
UT/For-Profit/LPN,2023-07-01,0.08061420345489444,0.07571470767588037
UT/For-Profit/LPN,2023-08-01,0.0686456400742115,0.07894840649092887
UT/For-Profit/LPN,2023-09-01,0.08163265306122448,0.08790050278034978
UT/For-Profit/LPN,2023-10-01,0.062146892655367235,0.07407373927213992
UT/For-Profit/LPN,2023-11-01,0.07407407407407407,0.07011925421481865
UT/For-Profit/LPN,2023-12-01,0.10948905109489052,0.09471050293837234
UT/For-Profit/LPN,2024-01-01,0.1022530329289428,0.07527135250172128
UT/For-Profit/LPN,2024-02-01,0.0843806104129264,0.07313464153774415
UT/For-Profit/LPN,2024-03-01,0.09074733096085409,0.09119860260328125
UT/For-Profit/LPN,2024-04-01,0.0759493670886076,0.07329246562002796
UT/For-Profit/LPN,2024-05-01,0.07966101694915254,0.07698544734518563
UT/For-Profit/LPN,2024-06-01,0.11204013377926421,0.09133752710272494
UT/For-Profit/LPN,2024-07-01,0.06260575296108291,0.07632937629048321
UT/For-Profit/LPN,2024-08-01,0.10894308943089431,0.07895758871714462
UT/For-Profit/LPN,2024-09-01,0.10420168067226891,0.08686140051735541
UT/For-Profit/LPN,2024-10-01,0.06164383561643835,0.0716206470307864
UT/For-Profit/LPN,2024-11-01,0.03496503496503497,0.06629988785042519
UT/For-Profit/LPN,2024-12-01,0.07972270363951472,0.08989299193872988
UT/For-Profit/LPN,2025-01-01,0.06591337099811675,0.06984412801426575
UT/For-Profit/LPN,2025-02-01,0.0632688927943761,0.067516614708683
UT/For-Profit/LPN,2025-03-01,0.07032590051457976,0.08558223887667153
UT/For-Profit/RN,2022-10-01,0.06924643584521385,0.06337893456827189
UT/For-Profit/RN,2022-11-01,0.05475206611570248,0.058728185820202825
UT/For-Profit/RN,2022-12-01,0.08025343189017951,0.08225156934149612
UT/For-Profit/RN,2023-01-01,0.05219206680584551,0.06086690737062083
UT/For-Profit/RN,2023-02-01,0.07180020811654526,0.05964838845534409
UT/For-Profit/RN,2023-03-01,0.05870236869207003,0.08060911128012434
UT/For-Profit/RN,2023-04-01,0.07114228456913828,0.061191532390356636
UT/For-Profit/RN,2023-05-01,0.05917753259779338,0.06478542744699384
UT/For-Profit/RN,2023-06-01,0.08308895405669599,0.07823871353142707
UT/For-Profit/RN,2023-07-01,0.08858267716535433,0.06693865700197195
UT/For-Profit/RN,2023-08-01,0.06342913776015857,0.06809880492936472
UT/For-Profit/RN,2023-09-01,0.0691333982473223,0.07685415519255412
UT/For-Profit/RN,2023-10-01,0.062317429406037,0.06435447220899221
UT/For-Profit/RN,2023-11-01,0.05691854759568204,0.0597927724432668
UT/For-Profit/RN,2023-12-01,0.08463035019455253,0.08344286180190619
UT/For-Profit/RN,2024-01-01,0.06454630495790459,0.06203656194689798
UT/For-Profit/RN,2024-02-01,0.059424326833797586,0.060740066027191994
UT/For-Profit/RN,2024-03-01,0.11813953488372093,0.08178003026121333
UT/For-Profit/RN,2024-04-01,0.07019230769230769,0.061696245217446655
UT/For-Profit/RN,2024-05-01,0.07174887892376682,0.06470327443681868
UT/For-Profit/RN,2024-06-01,0.06135531135531135,0.07726315967631492
UT/For-Profit/RN,2024-07-01,0.06940639269406393,0.06537814891577182
UT/For-Profit/RN,2024-08-01,0.06439742410303588,0.0661552632333994
UT/For-Profit/RN,2024-09-01,0.06805807622504537,0.07460498789258478
UT/For-Profit/RN,2024-10-01,0.0558055805580558,0.06171195410602479
UT/For-Profit/RN,2024-11-01,0.06329113924050633,0.05682600115774957
UT/For-Profit/RN,2024-12-01,0.07458563535911603,0.08004731029022136
UT/For-Profit/RN,2025-01-01,0.04726890756302521,0.05841665576120207
UT/For-Profit/RN,2025-02-01,0.0388086642599278,0.056898750420308584
UT/For-Profit/RN,2025-03-01,0.08843537414965986,0.07791362477117443
UT/Government/CNA,2022-10-01,0.13532513181019332,0.08812908645399561
UT/Government/CNA,2022-11-01,0.07608695652173914,0.08081019865920377
UT/Government/CNA,2022-12-01,0.0986159169550173,0.10842481862837859
UT/Government/CNA,2023-01-01,0.05719237435008666,0.08341380860983458
UT/Government/CNA,2023-02-01,0.09,0.08239496685266579
UT/Government/CNA,2023-03-01,0.07966101694915254,0.10195458019294032
UT/Government/CNA,2023-04-01,0.09121621621621621,0.08479784188864824
UT/Government/CNA,2023-05-01,0.07236842105263158,0.08719266035473504
UT/Government/CNA,2023-06-01,0.09667194928684628,0.10236820885814893
UT/Government/CNA,2023-07-01,0.0896,0.09054399656575471
UT/Government/CNA,2023-08-01,0.10923076923076923,0.09408307944052785
UT/Government/CNA,2023-09-01,0.09457364341085271,0.1026857717086834
UT/Government/CNA,2023-10-01,0.10188087774294671,0.09249236315022769
UT/Government/CNA,2023-11-01,0.08452950558213716,0.08587034996430935
UT/Government/CNA,2023-12-01,0.2015748031496063,0.11413734043880594
UT/Government/CNA,2024-01-01,0.10166919575113809,0.0884701817281622
UT/Government/CNA,2024-02-01,0.07834101382488479,0.08627118684657449
UT/Government/CNA,2024-03-01,0.09473684210526316,0.10487992648635036
UT/Government/CNA,2024-04-01,0.10030395136778116,0.08658109201174737
UT/Government/CNA,2024-05-01,0.05709876543209876,0.08780913432298751
UT/Government/CNA,2024-06-01,0.09615384615384616,0.10199578483124737
UT/Government/CNA,2024-07-01,0.0830860534124629,0.08920025775132248
UT/Government/CNA,2024-08-01,0.08961593172119488,0.09175496152172455
UT/Government/CNA,2024-09-01,0.09829059829059829,0.09966786226389591
UT/Government/CNA,2024-10-01,0.0905109489051095,0.08874475292233425
UT/Government/CNA,2024-11-01,0.06417910447761194,0.08156682866545717
UT/Government/CNA,2024-12-01,0.14285714285714285,0.10938340670941282
UT/Government/CNA,2025-01-01,0.07606973058637084,0.08398369638128447
UT/Government/CNA,2025-02-01,0.06837606837606838,0.08221339159900999
UT/Government/CNA,2025-03-01,0.09699453551912568,0.10154430323403284
UT/Government/LPN,2022-10-01,0.04424778761061947,0.0701290744811982
UT/Government/LPN,2022-11-01,0.07142857142857142,0.066449492614353
UT/Government/LPN,2022-12-01,0.08256880733944955,0.09355242242439024
UT/Government/LPN,2023-01-01,0.0782608695652174,0.07045569776204791
UT/Government/LPN,2023-02-01,0.12698412698412698,0.07069060579992792
UT/Government/LPN,2023-03-01,0.05357142857142857,0.08680671633475417
UT/Government/LPN,2023-04-01,0.06086956521739131,0.06957551441161053
UT/Government/LPN,2023-05-01,0.06956521739130435,0.07426303028604805
UT/Government/LPN,2023-06-01,0.06896551724137931,0.0865807753215454
UT/Government/LPN,2023-07-01,0.08943089430894309,0.07566337242477672
UT/Government/LPN,2023-08-01,0.08,0.07839683307322444
UT/Government/LPN,2023-09-01,0.05,0.08688660734432258
UT/Government/LPN,2023-10-01,0.08130081300813008,0.0748172890125991
UT/Government/LPN,2023-11-01,0.06779661016949153,0.07136748121974208
UT/Government/LPN,2023-12-01,0.19047619047619047,0.09882073144478903
UT/Government/LPN,2024-01-01,0.06557377049180328,0.07470671711990479
UT/Government/LPN,2024-02-01,0.06837606837606838,0.07415064424835752
UT/Government/LPN,2024-03-01,0.08547008547008547,0.090359956432526
UT/Government/LPN,2024-04-01,0.07894736842105263,0.07278901161896403
UT/Government/LPN,2024-05-01,0.09482758620689655,0.0770001226479154
UT/Government/LPN,2024-06-01,0.075,0.08861164424884152
UT/Government/LPN,2024-07-01,0.06299212598425197,0.07676227406717512
UT/Government/LPN,2024-08-01,0.08823529411764706,0.07901496110768473
UT/Government/LPN,2024-09-01,0.10077519379844961,0.08690453369939113
UT/Government/LPN,2024-10-01,0.06923076923076923,0.07366922579594631
UT/Government/LPN,2024-11-01,0.0625,0.06905650370663123
UT/Government/LPN,2024-12-01,0.1,0.09540182074560138
UT/Government/LPN,2025-01-01,0.07563025210084033,0.07139635852551708
UT/Government/LPN,2025-02-01,0.07518796992481203,0.07069305551325472
UT/Government/LPN,2025-03-01,0.05343511450381679,0.08669686667534343
UT/Government/RN,2022-10-01,0.04230769230769231,0.054756048311328444
UT/Government/RN,2022-11-01,0.07954545454545454,0.051232072214102975
UT/Government/RN,2022-12-01,0.05179282868525897,0.07783659232109391
UT/Government/RN,2023-01-01,0.068,0.052240353179607395
UT/Government/RN,2023-02-01,0.04878048780487805,0.05102352931966301
UT/Government/RN,2023-03-01,0.054901960784313725,0.06905737490255072
UT/Government/RN,2023-04-01,0.055776892430278883,0.05095967796630122
UT/Government/RN,2023-05-01,0.044897959183673466,0.0553776342426594
UT/Government/RN,2023-06-01,0.058823529411764705,0.0686286899433965
UT/Government/RN,2023-07-01,0.05042016806722689,0.05632444241266298
UT/Government/RN,2023-08-01,0.064,0.05959187134171406
UT/Government/RN,2023-09-01,0.056910569105691054,0.0681362155747761
UT/Government/RN,2023-10-01,0.03937007874015748,0.055433735545580176
UT/Government/RN,2023-11-01,0.045112781954887216,0.05247585381737651
UT/Government/RN,2023-12-01,0.2029520295202952,0.08008595755979382
UT/Government/RN,2024-01-01,0.03759398496240601,0.05356616867972761
UT/Government/RN,2024-02-01,0.04814814814814815,0.0518852125861904
UT/Government/RN,2024-03-01,0.04428044280442804,0.06949847600742085
UT/Government/RN,2024-04-01,0.025,0.05096145229483641
UT/Government/RN,2024-05-01,0.05964912280701754,0.055355174837625344
UT/Government/RN,2024-06-01,0.06293706293706294,0.06854988279741521
UT/Government/RN,2024-07-01,0.04529616724738676,0.05610480873805228
UT/Government/RN,2024-08-01,0.06896551724137931,0.05923835884379693
UT/Government/RN,2024-09-01,0.07142857142857142,0.06763120417725593
UT/Government/RN,2024-10-01,0.06529209621993128,0.05451674438169851
UT/Government/RN,2024-11-01,0.050335570469798654,0.0507575335732379
UT/Government/RN,2024-12-01,0.10810810810810811,0.07754670260395798
UT/Government/RN,2025-01-01,0.031496062992125984,0.05140694438813208
UT/Government/RN,2025-02-01,0.053156146179401995,0.05022254557250131
UT/Government/RN,2025-03-01,0.0436241610738255,0.06819067208231865
UT/Non-Profit/CNA,2022-10-01,0.08411214953271028,0.09202101269333016
UT/Non-Profit/CNA,2022-11-01,0.05194805194805195,0.08549642124625016
UT/Non-Profit/CNA,2022-12-01,0.08943089430894309,0.11293844817615831
UT/Non-Profit/CNA,2023-01-01,0.108,0.09261758097188724
UT/Non-Profit/CNA,2023-02-01,0.10330578512396695,0.09368525146611002
UT/Non-Profit/CNA,2023-03-01,0.13306451612903225,0.11272314595432051
UT/Non-Profit/CNA,2023-04-01,0.1308016877637131,0.0967738860710007
UT/Non-Profit/CNA,2023-05-01,0.164,0.1019037966095494
UT/Non-Profit/CNA,2023-06-01,0.17164179104477612,0.11493980882284698
UT/Non-Profit/CNA,2023-07-01,0.1511627906976744,0.10142759243561608
UT/Non-Profit/CNA,2023-08-01,0.09090909090909091,0.09998889872753175
UT/Non-Profit/CNA,2023-09-01,0.07114624505928854,0.10564477380817647
UT/Non-Profit/CNA,2023-10-01,0.07633587786259542,0.0917574973633962
UT/Non-Profit/CNA,2023-11-01,0.043478260869565216,0.08346783846394429
UT/Non-Profit/CNA,2023-12-01,0.10424710424710425,0.1093197339473519
UT/Non-Profit/CNA,2024-01-01,0.04838709677419355,0.08705013503613343
UT/Non-Profit/CNA,2024-02-01,0.09090909090909091,0.08672396935694518
UT/Non-Profit/CNA,2024-03-01,0.06,0.10459859255729509
UT/Non-Profit/CNA,2024-04-01,0.08695652173913043,0.0884954718695449
UT/Non-Profit/CNA,2024-05-01,0.0989010989010989,0.09391695880556561
UT/Non-Profit/CNA,2024-06-01,0.12014134275618374,0.10786860665371144
UT/Non-Profit/CNA,2024-07-01,0.12177121771217712,0.09584865709409018
UT/Non-Profit/CNA,2024-08-01,0.12773722627737227,0.0963123723692382
UT/Non-Profit/CNA,2024-09-01,0.11439114391143912,0.10332833898422598
UT/Non-Profit/CNA,2024-10-01,0.0959409594095941,0.09015158229501594
UT/Non-Profit/CNA,2024-11-01,0.05363984674329502,0.0822633807383091
UT/Non-Profit/CNA,2024-12-01,0.12274368231046931,0.10845584217560844
UT/Non-Profit/CNA,2025-01-01,0.07220216606498195,0.0862803395441461
UT/Non-Profit/CNA,2025-02-01,0.08865248226950355,0.08578946746494459
UT/Non-Profit/CNA,2025-03-01,0.07692307692307693,0.10338490006768442
UT/Non-Profit/LPN,2022-10-01,0.058823529411764705,0.06020187439073252
UT/Non-Profit/LPN,2022-11-01,0.08108108108108109,0.05624099552456466
UT/Non-Profit/LPN,2022-12-01,0.02857142857142857,0.07806848452625682
UT/Non-Profit/LPN,2023-01-01,0.027777777777777776,0.05831701028265636
UT/Non-Profit/LPN,2023-02-01,0.05128205128205128,0.058182197883499834
UT/Non-Profit/LPN,2023-03-01,0.12195121951219512,0.08135652576165503
UT/Non-Profit/LPN,2023-04-01,0.02631578947368421,0.059927688773333175
UT/Non-Profit/LPN,2023-05-01,0.06976744186046512,0.06788129713201066
UT/Non-Profit/LPN,2023-06-01,0.04,0.07812169151685062
UT/Non-Profit/LPN,2023-07-01,0.09803921568627451,0.06928045426164624
UT/Non-Profit/LPN,2023-08-01,0.12195121951219512,0.07350603915238646
UT/Non-Profit/LPN,2023-09-01,0.10810810810810811,0.08076303227592084
UT/Non-Profit/LPN,2023-10-01,0.06521739130434782,0.0660043735841617
UT/Non-Profit/LPN,2023-11-01,0.07317073170731707,0.061842811697851226
UT/Non-Profit/LPN,2023-12-01,0.06818181818181818,0.08366867275853919
UT/Non-Profit/LPN,2024-01-01,0.06976744186046512,0.06345309075867216
UT/Non-Profit/LPN,2024-02-01,0.06,0.06239060491167147
UT/Non-Profit/LPN,2024-03-01,0.05555555555555555,0.08456253802426808
UT/Non-Profit/LPN,2024-04-01,0.07017543859649122,0.06311735163224017
UT/Non-Profit/LPN,2024-05-01,0.15789473684210525,0.07047480249000737
UT/Non-Profit/LPN,2024-06-01,0.07407407407407407,0.07902922414875305
UT/Non-Profit/LPN,2024-07-01,0.07547169811320754,0.06804286775014678
UT/Non-Profit/LPN,2024-08-01,0.09803921568627451,0.07033392041285243
UT/Non-Profit/LPN,2024-09-01,0.061224489795918366,0.0760890426039617
UT/Non-Profit/LPN,2024-10-01,0.01818181818181818,0.06032423800978755
UT/Non-Profit/LPN,2024-11-01,0.0,0.05569430503093817
UT/Non-Profit/LPN,2024-12-01,0.07142857142857142,0.07788701159368437
UT/Non-Profit/LPN,2025-01-01,0.03333333333333333,0.057945924892444364
UT/Non-Profit/LPN,2025-02-01,0.05084745762711865,0.057572287712672476
UT/Non-Profit/LPN,2025-03-01,0.12903225806451613,0.08054748404024736
UT/Non-Profit/RN,2022-10-01,0.04225352112676056,0.05066416194380201
UT/Non-Profit/RN,2022-11-01,0.028169014084507043,0.0449503097337257
UT/Non-Profit/RN,2022-12-01,0.04225352112676056,0.06622899409152208
UT/Non-Profit/RN,2023-01-01,0.041666666666666664,0.047930237739767054
UT/Non-Profit/RN,2023-02-01,0.06666666666666667,0.048182742300322316
UT/Non-Profit/RN,2023-03-01,0.03896103896103896,0.06688953222235679
UT/Non-Profit/RN,2023-04-01,0.024691358024691357,0.04682156978125064
UT/Non-Profit/RN,2023-05-01,0.07407407407407407,0.05442858252047259
UT/Non-Profit/RN,2023-06-01,0.02531645569620253,0.06555443053921674
UT/Non-Profit/RN,2023-07-01,0.11764705882352941,0.057825070961327885
UT/Non-Profit/RN,2023-08-01,0.10989010989010989,0.06031463707876939
UT/Non-Profit/RN,2023-09-01,0.08433734939759036,0.06798198166165177
UT/Non-Profit/RN,2023-10-01,0.08139534883720931,0.055550531025804366
UT/Non-Profit/RN,2023-11-01,0.047058823529411764,0.04928254288031635
UT/Non-Profit/RN,2023-12-01,0.045454545454545456,0.06978693831468948
UT/Non-Profit/RN,2024-01-01,0.06382978723404255,0.050593468054451626
UT/Non-Profit/RN,2024-02-01,0.09375,0.04966667557012558
UT/Non-Profit/RN,2024-03-01,0.0449438202247191,0.0668589477591942
UT/Non-Profit/RN,2024-04-01,0.010416666666666666,0.04522943966721456
UT/Non-Profit/RN,2024-05-01,0.0625,0.05143290448799524
UT/Non-Profit/RN,2024-06-01,0.03225806451612903,0.06132166955459585
UT/Non-Profit/RN,2024-07-01,0.0392156862745098,0.052104437053240395
UT/Non-Profit/RN,2024-08-01,0.047619047619047616,0.05404089467040689
UT/Non-Profit/RN,2024-09-01,0.04854368932038835,0.0620733327398337
UT/Non-Profit/RN,2024-10-01,0.06862745098039216,0.05027053784928773
UT/Non-Profit/RN,2024-11-01,0.07142857142857142,0.04474223176402622
UT/Non-Profit/RN,2024-12-01,0.030927835051546393,0.06554270795995212
UT/Non-Profit/RN,2025-01-01,0.038461538461538464,0.046904730320785404
UT/Non-Profit/RN,2025-02-01,0.02631578947368421,0.046826673260594406
UT/Non-Profit/RN,2025-03-01,0.10256410256410256,0.06569588457717104
VA/For-Profit/CNA,2022-10-01,0.11333571683947086,0.10003262083102134
VA/For-Profit/CNA,2022-11-01,0.11223126442366088,0.09505406053160617
VA/For-Profit/CNA,2022-12-01,0.11680078029748842,0.11975215846192573
VA/For-Profit/CNA,2023-01-01,0.10654867256637168,0.09777862585491372
VA/For-Profit/CNA,2023-02-01,0.09696109731583304,0.09614973125993098
VA/For-Profit/CNA,2023-03-01,0.12110325646077182,0.11583729517404198
VA/For-Profit/CNA,2023-04-01,0.10144258511252163,0.09718457982291454
VA/For-Profit/CNA,2023-05-01,0.16123624934520692,0.10241638652638961
VA/For-Profit/CNA,2023-06-01,0.10533289168598874,0.11260780358961303
VA/For-Profit/CNA,2023-07-01,0.09833405452185201,0.10029445767552753
VA/For-Profit/CNA,2023-08-01,0.11150852093414686,0.10219350004104596
VA/For-Profit/CNA,2023-09-01,0.10823529411764705,0.10942564159534582
VA/For-Profit/CNA,2023-10-01,0.08784910379324719,0.09750823088725957
VA/For-Profit/CNA,2023-11-01,0.08602374505311393,0.09141738902045593
VA/For-Profit/CNA,2023-12-01,0.176100028634151,0.11531872927228548
VA/For-Profit/CNA,2024-01-01,0.08623757195185766,0.09164900488881254
VA/For-Profit/CNA,2024-02-01,0.08339452428406588,0.08860428269284856
VA/For-Profit/CNA,2024-03-01,0.0906610703043022,0.10693737188338982
VA/For-Profit/CNA,2024-04-01,0.0809884747170595,0.08723252385984731
VA/For-Profit/CNA,2024-05-01,0.08072622833111089,0.09148548316540508
VA/For-Profit/CNA,2024-06-01,0.07926090468497576,0.1017917314302889
VA/For-Profit/CNA,2024-07-01,0.08485210636390798,0.08975674301420294
VA/For-Profit/CNA,2024-08-01,0.09015008448464368,0.09177985946159789
VA/For-Profit/CNA,2024-09-01,0.08085624429339555,0.09950397793117596
VA/For-Profit/CNA,2024-10-01,0.120314447320487,0.08832348123035982
VA/For-Profit/CNA,2024-11-01,0.07802627620098285,0.08224316348097567
VA/For-Profit/CNA,2024-12-01,0.0803616273229533,0.10626589199341006
VA/For-Profit/CNA,2025-01-01,0.0801252904920683,0.08395632755169553
VA/For-Profit/CNA,2025-02-01,0.08294604970701151,0.08207870428813113
VA/For-Profit/CNA,2025-03-01,0.09259443835343367,0.10153560994385567
VA/For-Profit/LPN,2022-10-01,0.08333333333333333,0.08276005692755485
VA/For-Profit/LPN,2022-11-01,0.10077885296200141,0.07803563838234598
VA/For-Profit/LPN,2022-12-01,0.09397874852420307,0.1022182181388003
VA/For-Profit/LPN,2023-01-01,0.0822610294117647,0.08059900779047512
VA/For-Profit/LPN,2023-02-01,0.0846082522021326,0.07877498067434902
VA/For-Profit/LPN,2023-03-01,0.09416836850465168,0.09862187997661905
VA/For-Profit/LPN,2023-04-01,0.08235823582358236,0.07996640702123235
VA/For-Profit/LPN,2023-05-01,0.13726307019370965,0.08519896357727424
VA/For-Profit/LPN,2023-06-01,0.09490178768483779,0.09604078586294741
VA/For-Profit/LPN,2023-07-01,0.07737964387777534,0.08365982785744211
VA/For-Profit/LPN,2023-08-01,0.08433476394849786,0.08522542974418228
VA/For-Profit/LPN,2023-09-01,0.09777200951762925,0.09332104522185548
VA/For-Profit/LPN,2023-10-01,0.07654479367115673,0.08099268012468422
VA/For-Profit/LPN,2023-11-01,0.06553502363558229,0.0754786216995985
VA/For-Profit/LPN,2023-12-01,0.15573122529644268,0.09914570010493785
VA/For-Profit/LPN,2024-01-01,0.07142857142857142,0.0761930346329222
VA/For-Profit/LPN,2024-02-01,0.0659292995011928,0.07313840365177353
VA/For-Profit/LPN,2024-03-01,0.07494646680942184,0.09203320651981814
VA/For-Profit/LPN,2024-04-01,0.07076989062835085,0.07252450725160252
VA/For-Profit/LPN,2024-05-01,0.06706922579253828,0.07685128278190702
VA/For-Profit/LPN,2024-06-01,0.06632324533161622,0.0877545516666875
VA/For-Profit/LPN,2024-07-01,0.07868020304568528,0.07565892816307344
VA/For-Profit/LPN,2024-08-01,0.07624759049046904,0.07740830583656591
VA/For-Profit/LPN,2024-09-01,0.07064633884474984,0.0857326048394394
VA/For-Profit/LPN,2024-10-01,0.09671419714817112,0.07373528974932977
VA/For-Profit/LPN,2024-11-01,0.06295659647614955,0.06833544494647753
VA/For-Profit/LPN,2024-12-01,0.06901041666666667,0.09205262440231489
VA/For-Profit/LPN,2025-01-01,0.07107473616196425,0.07009696215173249
VA/For-Profit/LPN,2025-02-01,0.06222802436901654,0.06811183324144807
VA/For-Profit/LPN,2025-03-01,0.089259021994448,0.08784856477818373
VA/For-Profit/RN,2022-10-01,0.08096468561584841,0.0914956392486545
VA/For-Profit/RN,2022-11-01,0.09858551221603086,0.08752350716431095
VA/For-Profit/RN,2022-12-01,0.11839863713798977,0.11300716477642814
VA/For-Profit/RN,2023-01-01,0.09060118543607112,0.0907424647930004
VA/For-Profit/RN,2023-02-01,0.08941374947279629,0.0898978272775724
VA/For-Profit/RN,2023-03-01,0.11684558216350124,0.1106173963203252
VA/For-Profit/RN,2023-04-01,0.08947804473902236,0.09088980632704903
VA/For-Profit/RN,2023-05-01,0.16749521988527724,0.09717653915573334
VA/For-Profit/RN,2023-06-01,0.10304259634888438,0.10812581210522294
VA/For-Profit/RN,2023-07-01,0.08003334722801167,0.09495987106002755
VA/For-Profit/RN,2023-08-01,0.0997624703087886,0.09738064216135371
VA/For-Profit/RN,2023-09-01,0.10785510785510785,0.10576293801109363
VA/For-Profit/RN,2023-10-01,0.08823529411764706,0.09290757833815794
VA/For-Profit/RN,2023-11-01,0.09062003179650238,0.08792632150605081
VA/For-Profit/RN,2023-12-01,0.16891385767790262,0.1125476377710477
VA/For-Profit/RN,2024-01-01,0.07502027575020276,0.08879285371967319
VA/For-Profit/RN,2024-02-01,0.08108108108108109,0.08654136679205134
VA/For-Profit/RN,2024-03-01,0.10160847391133777,0.1059988113876867
VA/For-Profit/RN,2024-04-01,0.07036747458952307,0.08513128254686392
VA/For-Profit/RN,2024-05-01,0.07229862475442043,0.09037575980173825
VA/For-Profit/RN,2024-06-01,0.0879163439194423,0.10157976128054422
VA/For-Profit/RN,2024-07-01,0.08105022831050228,0.08867690176839615
VA/For-Profit/RN,2024-08-01,0.08693986978169284,0.09139143186991124
VA/For-Profit/RN,2024-09-01,0.08590138674884437,0.10019196979549014
VA/For-Profit/RN,2024-10-01,0.10942028985507246,0.08796281706254139
VA/For-Profit/RN,2024-11-01,0.0777610818933133,0.08326202283506065
VA/For-Profit/RN,2024-12-01,0.08956356736242885,0.1082916138915185
VA/For-Profit/RN,2025-01-01,0.09284912017970798,0.08591265682475152
VA/For-Profit/RN,2025-02-01,0.09446130500758726,0.08478201319424675
VA/For-Profit/RN,2025-03-01,0.11243929772132985,0.10518222534299626
VA/Government/CNA,2022-10-01,0.05,0.05631426490783322
VA/Government/CNA,2022-11-01,0.034334763948497854,0.05159049976146368
VA/Government/CNA,2022-12-01,0.05357142857142857,0.08316809328156172
VA/Government/CNA,2023-01-01,0.06118143459915612,0.05508498445819184
VA/Government/CNA,2023-02-01,0.043010752688172046,0.05433356019476028
VA/Government/CNA,2023-03-01,0.11434511434511435,0.08184020712814348
VA/Government/CNA,2023-04-01,0.04365079365079365,0.05725753915352157
VA/Government/CNA,2023-05-01,0.05961538461538462,0.06174354763658346
VA/Government/CNA,2023-06-01,0.05566218809980806,0.07508864141949877
VA/Government/CNA,2023-07-01,0.056074766355140186,0.06371805212767842
VA/Government/CNA,2023-08-01,0.06629834254143646,0.06635754236933109
VA/Government/CNA,2023-09-01,0.07749077490774908,0.08044729452769876
VA/Government/CNA,2023-10-01,0.03962264150943396,0.06337892528573746
VA/Government/CNA,2023-11-01,0.05740740740740741,0.059831245877191304
VA/Government/CNA,2023-12-01,0.04743833017077799,0.09234843498011276
VA/Government/CNA,2024-01-01,0.03148148148148148,0.0655174942648937
VA/Government/CNA,2024-02-01,0.05656934306569343,0.06640871236181571
VA/Government/CNA,2024-03-01,0.05904059040590406,0.09561977221907489
VA/Government/CNA,2024-04-01,0.060109289617486336,0.07370087870548087
VA/Government/CNA,2024-05-01,0.06375227686703097,0.08096215560069604
VA/Government/CNA,2024-06-01,0.07207207207207207,0.0971091612615016
VA/Government/CNA,2024-07-01,0.06620209059233449,0.08867895713270653
VA/Government/CNA,2024-08-01,0.05344827586206897,0.09448678659651333
VA/Government/CNA,2024-09-01,0.22128378378378377,0.11236899942061623
VA/Government/CNA,2024-10-01,0.05862646566164154,0.0975109052940979
VA/Government/CNA,2024-11-01,0.04658901830282862,0.09632230109535192
VA/Government/CNA,2024-12-01,0.38785834738617203,0.1319652187307966
VA/Government/CNA,2025-01-01,0.05609284332688588,0.10407925274724344
VA/Government/CNA,2025-02-01,0.057971014492753624,0.10415770655449867
VA/Government/CNA,2025-03-01,0.2920168067226891,0.13303976193337647
VA/Government/LPN,2022-10-01,0.029787234042553193,0.03765277823237746
VA/Government/LPN,2022-11-01,0.029045643153526972,0.03322918526345679
VA/Government/LPN,2022-12-01,0.024691358024691357,0.06143399519861256
VA/Government/LPN,2023-01-01,0.02092050209205021,0.034910289553588575
VA/Government/LPN,2023-02-01,0.05150214592274678,0.03540105159695273
VA/Government/LPN,2023-03-01,0.08296943231441048,0.058459853899562986
VA/Government/LPN,2023-04-01,0.036,0.036427287554903195
VA/Government/LPN,2023-05-01,0.04435483870967742,0.040742360954793985
VA/Government/LPN,2023-06-01,0.043824701195219126,0.05349606488284255
VA/Government/LPN,2023-07-01,0.020161290322580645,0.03996182231763577
VA/Government/LPN,2023-08-01,0.019762845849802372,0.04256344586071241
VA/Government/LPN,2023-09-01,0.04230769230769231,0.0560188779690962
VA/Government/LPN,2023-10-01,0.03515625,0.03989209312537956
VA/Government/LPN,2023-11-01,0.02766798418972332,0.03655155381803859
VA/Government/LPN,2023-12-01,0.03187250996015936,0.0659297461122863
VA/Government/LPN,2024-01-01,0.0199203187250996,0.04057270606977978
VA/Government/LPN,2024-02-01,0.038910505836575876,0.04223401726756776
VA/Government/LPN,2024-03-01,0.031007751937984496,0.06681458591818304
VA/Government/LPN,2024-04-01,0.03802281368821293,0.04707874577502844
VA/Government/LPN,2024-05-01,0.05058365758754864,0.05382286331969339
VA/Government/LPN,2024-06-01,0.05791505791505792,0.06905701792030426
VA/Government/LPN,2024-07-01,0.022988505747126436,0.05804714271209206
VA/Government/LPN,2024-08-01,0.041044776119402986,0.06342468206855807
VA/Government/LPN,2024-09-01,0.17803030303030304,0.07961799756892436
VA/Government/LPN,2024-10-01,0.018315018315018316,0.0646575149373889
VA/Government/LPN,2024-11-01,0.040145985401459854,0.06324579875038706
VA/Government/LPN,2024-12-01,0.2903225806451613,0.09462294475221757
VA/Government/LPN,2025-01-01,0.03305785123966942,0.06813493001208722
VA/Government/LPN,2025-02-01,0.0410958904109589,0.06874448960351918
VA/Government/LPN,2025-03-01,0.18018018018018017,0.092717220521601
VA/Government/RN,2022-10-01,0.025,0.04492545245825196
VA/Government/RN,2022-11-01,0.03571428571428571,0.04107425358589392
VA/Government/RN,2022-12-01,0.04938271604938271,0.07191757051442133
VA/Government/RN,2023-01-01,0.037037037037037035,0.046040301594120384
VA/Government/RN,2023-02-01,0.0457516339869281,0.04426485362444933
VA/Government/RN,2023-03-01,0.07894736842105263,0.0672141709427922
VA/Government/RN,2023-04-01,0.050955414012738856,0.047049699290891624
VA/Government/RN,2023-05-01,0.031055900621118012,0.04981160952056967
VA/Government/RN,2023-06-01,0.05454545454545454,0.0632080400326536
VA/Government/RN,2023-07-01,0.030864197530864196,0.0511506650298885
VA/Government/RN,2023-08-01,0.056962025316455694,0.05444487680877046
VA/Government/RN,2023-09-01,0.0759493670886076,0.07043811465074923
VA/Government/RN,2023-10-01,0.02564102564102564,0.05128913916873651
VA/Government/RN,2023-11-01,0.025974025974025976,0.04858685589305891
VA/Government/RN,2023-12-01,0.02564102564102564,0.08075901658940539
VA/Government/RN,2024-01-01,0.06748466257668712,0.05664419309679218
VA/Government/RN,2024-02-01,0.06134969325153374,0.056389905350794495
VA/Government/RN,2024-03-01,0.04430379746835443,0.08083746045950356
VA/Government/RN,2024-04-01,0.06832298136645963,0.06277050036430237
VA/Government/RN,2024-05-01,0.050955414012738856,0.06771608447079026
VA/Government/RN,2024-06-01,0.031446540880503145,0.08314365919784716
VA/Government/RN,2024-07-01,0.03571428571428571,0.07381444333907189
VA/Government/RN,2024-08-01,0.024096385542168676,0.07994201555185332
VA/Government/RN,2024-09-01,0.23809523809523808,0.09961218402776759
VA/Government/RN,2024-10-01,0.03954802259887006,0.08235804029284957
VA/Government/RN,2024-11-01,0.04918032786885246,0.08180779063928624
VA/Government/RN,2024-12-01,0.3626373626373626,0.1162882004599303
VA/Government/RN,2025-01-01,0.07894736842105263,0.09039825997064509
VA/Government/RN,2025-02-01,0.056451612903225805,0.08865403385249036
VA/Government/RN,2025-03-01,0.19047619047619047,0.11217831634144841
VA/Non-Profit/CNA,2022-10-01,0.07565643079661771,0.06893177584692346
VA/Non-Profit/CNA,2022-11-01,0.05510018214936248,0.06451396561589093
VA/Non-Profit/CNA,2022-12-01,0.10667861945316001,0.08805895479370264
VA/Non-Profit/CNA,2023-01-01,0.08928571428571429,0.067640176868699
VA/Non-Profit/CNA,2023-02-01,0.07400194741966894,0.06546399163513403
VA/Non-Profit/CNA,2023-03-01,0.10737937559129612,0.08577937911564128
VA/Non-Profit/CNA,2023-04-01,0.06341005166744951,0.06469569283458443
VA/Non-Profit/CNA,2023-05-01,0.05635103926096998,0.06765056217864836
VA/Non-Profit/CNA,2023-06-01,0.062301045929968164,0.07972035922695736
VA/Non-Profit/CNA,2023-07-01,0.06071271447426309,0.06757658351326373
VA/Non-Profit/CNA,2023-08-01,0.07564102564102564,0.069647259893656
VA/Non-Profit/CNA,2023-09-01,0.07885615251299827,0.07828297325906597
VA/Non-Profit/CNA,2023-10-01,0.055674518201284794,0.06488176626105414
VA/Non-Profit/CNA,2023-11-01,0.0713678844519966,0.06019087497490837
VA/Non-Profit/CNA,2023-12-01,0.0678402747960498,0.08322143790976645
VA/Non-Profit/CNA,2024-01-01,0.05548442168160478,0.0628023936730978
VA/Non-Profit/CNA,2024-02-01,0.06266094420600858,0.06085134185295864
VA/Non-Profit/CNA,2024-03-01,0.08941374947279629,0.08143707369445422
VA/Non-Profit/CNA,2024-04-01,0.06424344885883347,0.06092460402510311
VA/Non-Profit/CNA,2024-05-01,0.06906655504395144,0.0643578329381507
VA/Non-Profit/CNA,2024-06-01,0.06390041493775933,0.0767348702242148
VA/Non-Profit/CNA,2024-07-01,0.06378600823045268,0.06478262993188948
VA/Non-Profit/CNA,2024-08-01,0.06452938758734073,0.06707266423151778
VA/Non-Profit/CNA,2024-09-01,0.07430469074304691,0.07594494423990843
VA/Non-Profit/CNA,2024-10-01,0.06269046582498912,0.06279261099484718
VA/Non-Profit/CNA,2024-11-01,0.059726962457337884,0.058223561212060126
VA/Non-Profit/CNA,2024-12-01,0.06989473684210526,0.08147489934426895
VA/Non-Profit/CNA,2025-01-01,0.0600875447672105,0.061136050534930236
VA/Non-Profit/CNA,2025-02-01,0.0593900481540931,0.05943291604317221
VA/Non-Profit/CNA,2025-03-01,0.0831013916500994,0.08013573993304841
VA/Non-Profit/LPN,2022-10-01,0.06332992849846783,0.056717904661475284
VA/Non-Profit/LPN,2022-11-01,0.051041666666666666,0.050983282699456615
VA/Non-Profit/LPN,2022-12-01,0.10146443514644352,0.07518343855587754
VA/Non-Profit/LPN,2023-01-01,0.05034324942791762,0.05346631111997354
VA/Non-Profit/LPN,2023-02-01,0.05166475315729047,0.050927760423210615
VA/Non-Profit/LPN,2023-03-01,0.07060185185185185,0.0702565567662658
VA/Non-Profit/LPN,2023-04-01,0.029850746268656716,0.05025979961172217
VA/Non-Profit/LPN,2023-05-01,0.03528114663726571,0.05381992960266297
VA/Non-Profit/LPN,2023-06-01,0.07675194660734148,0.06816739067915471
VA/Non-Profit/LPN,2023-07-01,0.04628632938643703,0.05540566558676135
VA/Non-Profit/LPN,2023-08-01,0.04911180773249739,0.05754183030568848
VA/Non-Profit/LPN,2023-09-01,0.0918580375782881,0.06719112057440181
VA/Non-Profit/LPN,2023-10-01,0.056179775280898875,0.054154969709030706
VA/Non-Profit/LPN,2023-11-01,0.038381742738589214,0.048389880492187634
VA/Non-Profit/LPN,2023-12-01,0.06777893639207508,0.07264624574837014
VA/Non-Profit/LPN,2024-01-01,0.05344295991778006,0.05148849288054247
VA/Non-Profit/LPN,2024-02-01,0.047569803516028956,0.04942182340245836
VA/Non-Profit/LPN,2024-03-01,0.060542797494780795,0.06923309391135576
VA/Non-Profit/LPN,2024-04-01,0.051387461459403906,0.049830266328871074
VA/Non-Profit/LPN,2024-05-01,0.050672182006204755,0.053721815495541954
VA/Non-Profit/LPN,2024-06-01,0.06275303643724696,0.06822963904684803
VA/Non-Profit/LPN,2024-07-01,0.065775950668037,0.05579613424025026
VA/Non-Profit/LPN,2024-08-01,0.06478578892371996,0.057919977566986205
VA/Non-Profit/LPN,2024-09-01,0.06645898234683281,0.06751464746694703
VA/Non-Profit/LPN,2024-10-01,0.0642781875658588,0.05473962186109343
VA/Non-Profit/LPN,2024-11-01,0.04925053533190578,0.049034648024771754
VA/Non-Profit/LPN,2024-12-01,0.06322444678609063,0.07334101134923571
VA/Non-Profit/LPN,2025-01-01,0.05905905905905906,0.0521967492751413
VA/Non-Profit/LPN,2025-02-01,0.04943357363542739,0.050088397682421626
VA/Non-Profit/LPN,2025-03-01,0.06494845360824743,0.06985945209675813
VA/Non-Profit/RN,2022-10-01,0.05663189269746647,0.053793108428018474
VA/Non-Profit/RN,2022-11-01,0.051094890510948905,0.049183925567688414
VA/Non-Profit/RN,2022-12-01,0.08651026392961877,0.07363717392641814
VA/Non-Profit/RN,2023-01-01,0.0471841704718417,0.05057411231372169
VA/Non-Profit/RN,2023-02-01,0.061068702290076333,0.04903574169330139
VA/Non-Profit/RN,2023-03-01,0.06015037593984962,0.06824735674632983
VA/Non-Profit/RN,2023-04-01,0.03840472673559823,0.04821010890472119
VA/Non-Profit/RN,2023-05-01,0.03303303303303303,0.05158635340317401
VA/Non-Profit/RN,2023-06-01,0.08309037900874636,0.06577615423119301
VA/Non-Profit/RN,2023-07-01,0.04081632653061224,0.05250318155968206
VA/Non-Profit/RN,2023-08-01,0.05091937765205092,0.05488895900161482
VA/Non-Profit/RN,2023-09-01,0.08137931034482758,0.06428260377277939
VA/Non-Profit/RN,2023-10-01,0.04986522911051213,0.05130899440562167
VA/Non-Profit/RN,2023-11-01,0.063257065948856,0.04660906477520804
VA/Non-Profit/RN,2023-12-01,0.06602475928473177,0.07081639991469157
VA/Non-Profit/RN,2024-01-01,0.038303693570451436,0.04774505752793792
VA/Non-Profit/RN,2024-02-01,0.04417670682730924,0.04628579781900324
VA/Non-Profit/RN,2024-03-01,0.06882591093117409,0.06574782342195457
VA/Non-Profit/RN,2024-04-01,0.03978779840848806,0.045839396620123984
VA/Non-Profit/RN,2024-05-01,0.0425531914893617,0.049238608180634635
VA/Non-Profit/RN,2024-06-01,0.04199475065616798,0.06339585351973312
VA/Non-Profit/RN,2024-07-01,0.043645699614890884,0.05060993836049034
VA/Non-Profit/RN,2024-08-01,0.0493046776232617,0.05338741013592644
VA/Non-Profit/RN,2024-09-01,0.052496798975672214,0.06308313967324682
VA/Non-Profit/RN,2024-10-01,0.05741626794258373,0.05068548650143184
VA/Non-Profit/RN,2024-11-01,0.046875,0.046644061063673706
VA/Non-Profit/RN,2024-12-01,0.10653753026634383,0.07170321191774007
VA/Non-Profit/RN,2025-01-01,0.05203045685279188,0.0489124208225441
VA/Non-Profit/RN,2025-02-01,0.04177215189873418,0.04759173246877061
VA/Non-Profit/RN,2025-03-01,0.06658291457286432,0.06721286779296948
VT/For-Profit/CNA,2022-10-01,0.09171597633136094,0.07858786053561995
VT/For-Profit/CNA,2022-11-01,0.0717628705148206,0.07401122505606678
VT/For-Profit/CNA,2022-12-01,0.0856269113149847,0.09610853589200957
VT/For-Profit/CNA,2023-01-01,0.06896551724137931,0.07727509365099267
VT/For-Profit/CNA,2023-02-01,0.06705539358600583,0.07576199960021476
VT/For-Profit/CNA,2023-03-01,0.09770114942528736,0.09587609517978227
VT/For-Profit/CNA,2023-04-01,0.09312320916905444,0.07773826081648424
VT/For-Profit/CNA,2023-05-01,0.07747489239598278,0.08171175263057062
VT/For-Profit/CNA,2023-06-01,0.0953058321479374,0.09510074422293624
VT/For-Profit/CNA,2023-07-01,0.09333333333333334,0.08462348362390684
VT/For-Profit/CNA,2023-08-01,0.0806697108066971,0.08587364948704407
VT/For-Profit/CNA,2023-09-01,0.08878504672897196,0.09505014333903142
VT/For-Profit/CNA,2023-10-01,0.07977207977207977,0.08272952331969555
VT/For-Profit/CNA,2023-11-01,0.09436619718309859,0.07845796455063894
VT/For-Profit/CNA,2023-12-01,0.08005822416302766,0.10049719150501739
VT/For-Profit/CNA,2024-01-01,0.1023391812865497,0.08180038926539815
VT/For-Profit/CNA,2024-02-01,0.10044977511244378,0.08001194333444019
VT/For-Profit/CNA,2024-03-01,0.08472012102874432,0.099407040644514
VT/For-Profit/CNA,2024-04-01,0.06842923794712286,0.08082513200263394
VT/For-Profit/CNA,2024-05-01,0.08779761904761904,0.08474930256167588
VT/For-Profit/CNA,2024-06-01,0.08088235294117647,0.09801260860629782
VT/For-Profit/CNA,2024-07-01,0.11954992967651196,0.08773127528105612
VT/For-Profit/CNA,2024-08-01,0.10533910533910534,0.08872482603969309
VT/For-Profit/CNA,2024-09-01,0.1111111111111111,0.09743859106711023
VT/For-Profit/CNA,2024-10-01,0.08421052631578947,0.0842893842336007
VT/For-Profit/CNA,2024-11-01,0.08148148148148149,0.07926832029733911
VT/For-Profit/CNA,2024-12-01,0.08011444921316166,0.10075940777794935
VT/For-Profit/CNA,2025-01-01,0.07994389901823282,0.08149221922963584
VT/For-Profit/CNA,2025-02-01,0.0737134909596662,0.07937772405000672
VT/For-Profit/CNA,2025-03-01,0.09628610729023383,0.09884925904945308
VT/For-Profit/LPN,2022-10-01,0.1,0.08307957980610464
VT/For-Profit/LPN,2022-11-01,0.08433734939759036,0.07771858104770443
VT/For-Profit/LPN,2022-12-01,0.0784313725490196,0.10192969156779032
VT/For-Profit/LPN,2023-01-01,0.09302325581395349,0.08253238641146408
VT/For-Profit/LPN,2023-02-01,0.09737827715355805,0.07998943391838208
VT/For-Profit/LPN,2023-03-01,0.12915129151291513,0.10037482532548117
VT/For-Profit/LPN,2023-04-01,0.0625,0.07987818629769641
VT/For-Profit/LPN,2023-05-01,0.11278195488721804,0.08509697365540567
VT/For-Profit/LPN,2023-06-01,0.13636363636363635,0.09889904533033442
VT/For-Profit/LPN,2023-07-01,0.08968609865470852,0.08399111737985669
VT/For-Profit/LPN,2023-08-01,0.09565217391304348,0.08573088752284151
VT/For-Profit/LPN,2023-09-01,0.057777777777777775,0.09203253741291705
VT/For-Profit/LPN,2023-10-01,0.07234042553191489,0.07868898029211153
VT/For-Profit/LPN,2023-11-01,0.05217391304347826,0.07248113689427729
VT/For-Profit/LPN,2023-12-01,0.08695652173913043,0.09613423090462597
VT/For-Profit/LPN,2024-01-01,0.09210526315789473,0.07605694974946758
VT/For-Profit/LPN,2024-02-01,0.04017857142857143,0.07274707498012838
VT/For-Profit/LPN,2024-03-01,0.07894736842105263,0.09315968892782454
VT/For-Profit/LPN,2024-04-01,0.06578947368421052,0.07312542192667791
VT/For-Profit/LPN,2024-05-01,0.07692307692307693,0.07865339570205065
VT/For-Profit/LPN,2024-06-01,0.11061946902654868,0.09315453182879144
VT/For-Profit/LPN,2024-07-01,0.08370044052863436,0.07927041882340517
VT/For-Profit/LPN,2024-08-01,0.09956709956709957,0.08206621506518416
VT/For-Profit/LPN,2024-09-01,0.1078838174273859,0.08927609554951427
VT/For-Profit/LPN,2024-10-01,0.059322033898305086,0.07619107556682517
VT/For-Profit/LPN,2024-11-01,0.0546218487394958,0.07045047872127061
VT/For-Profit/LPN,2024-12-01,0.10980392156862745,0.09446391476520777
VT/For-Profit/LPN,2025-01-01,0.06995884773662552,0.07440655619036388
VT/For-Profit/LPN,2025-02-01,0.06694560669456066,0.0714078949170392
VT/For-Profit/LPN,2025-03-01,0.0759493670886076,0.09166312124462836
VT/For-Profit/RN,2022-10-01,0.06787330316742081,0.07026537497297064
VT/For-Profit/RN,2022-11-01,0.09956709956709957,0.06698158232746293
VT/For-Profit/RN,2022-12-01,0.11538461538461539,0.09036702223024576
VT/For-Profit/RN,2023-01-01,0.06995884773662552,0.06824796154291193
VT/For-Profit/RN,2023-02-01,0.06299212598425197,0.06689673138606925
VT/For-Profit/RN,2023-03-01,0.09689922480620156,0.0847230330487131
VT/For-Profit/RN,2023-04-01,0.06896551724137931,0.06540648180028474
VT/For-Profit/RN,2023-05-01,0.05904059040590406,0.067847765918786
VT/For-Profit/RN,2023-06-01,0.0989399293286219,0.08144213691968578
VT/For-Profit/RN,2023-07-01,0.08156028368794327,0.0680539113777628
VT/For-Profit/RN,2023-08-01,0.08421052631578947,0.06919895710346616
VT/For-Profit/RN,2023-09-01,0.04797047970479705,0.07555535863397972
VT/For-Profit/RN,2023-10-01,0.04642857142857143,0.06228592574544721
VT/For-Profit/RN,2023-11-01,0.04727272727272727,0.058031209586221086
VT/For-Profit/RN,2023-12-01,0.06204379562043796,0.08118963157694221
VT/For-Profit/RN,2024-01-01,0.05185185185185185,0.059401361943800274
VT/For-Profit/RN,2024-02-01,0.08333333333333333,0.05843621106724475
VT/For-Profit/RN,2024-03-01,0.0449438202247191,0.07628381219584829
VT/For-Profit/RN,2024-04-01,0.055350553505535055,0.05760116190798437
VT/For-Profit/RN,2024-05-01,0.04905660377358491,0.0606884609250847
VT/For-Profit/RN,2024-06-01,0.06343283582089553,0.07505639387845181
VT/For-Profit/RN,2024-07-01,0.05660377358490566,0.0627314716144423
VT/For-Profit/RN,2024-08-01,0.06060606060606061,0.06522194856549676
VT/For-Profit/RN,2024-09-01,0.06691449814126393,0.07314749853861781
VT/For-Profit/RN,2024-10-01,0.0599250936329588,0.06115463788939456
VT/For-Profit/RN,2024-11-01,0.05747126436781609,0.05808854681147669
VT/For-Profit/RN,2024-12-01,0.09665427509293681,0.08218259032958351
VT/For-Profit/RN,2025-01-01,0.07279693486590039,0.061013993627634475
VT/For-Profit/RN,2025-02-01,0.07279693486590039,0.06033960664439535
VT/For-Profit/RN,2025-03-01,0.07575757575757576,0.07862318957835523
VT/Government/CNA,2022-10-01,0.0,0.016976452204217937
VT/Government/CNA,2022-11-01,0.0,0.012226947345805539
VT/Government/CNA,2022-12-01,0.027777777777777776,0.03515851832286563
VT/Government/CNA,2023-01-01,0.0,0.014162086124692691
VT/Government/CNA,2023-02-01,0.0,0.013290955903644784
VT/Government/CNA,2023-03-01,0.02702702702702703,0.03191425786797393
VT/Government/CNA,2023-04-01,0.08108108108108109,0.016933375702283655
VT/Government/CNA,2023-05-01,0.027777777777777776,0.017144283026081397
VT/Government/CNA,2023-06-01,0.0,0.028257897318022675
VT/Government/CNA,2023-07-01,0.0,0.016707538675648934
VT/Government/CNA,2023-08-01,0.0,0.02058689476443605
VT/Government/CNA,2023-09-01,0.02857142857142857,0.02708435250052542
VT/Government/CNA,2023-10-01,0.0,0.01463160685343845
VT/Government/CNA,2023-11-01,0.02631578947368421,0.010675521408389461
VT/Government/CNA,2023-12-01,0.02702702702702703,0.03394668617152452
VT/Government/CNA,2024-01-01,0.0,0.01329857328019321
VT/Government/CNA,2024-02-01,0.027777777777777776,0.012806970695402556
VT/Government/CNA,2024-03-01,0.0,0.03138695698394431
VT/Government/CNA,2024-04-01,0.05263157894736842,0.01685199044454333
VT/Government/CNA,2024-05-01,0.0,0.017753058071465475
VT/Government/CNA,2024-06-01,0.0,0.029983531286727462
VT/Government/CNA,2024-07-01,0.02702702702702703,0.01958671052356678
VT/Government/CNA,2024-08-01,0.10256410256410256,0.024267842150593
VT/Government/CNA,2024-09-01,0.0,0.030224218481022844
VT/Government/CNA,2024-10-01,0.02631578947368421,0.01764399135643141
VT/Government/CNA,2024-11-01,0.0,0.013300572555736974
VT/Government/CNA,2024-12-01,0.02564102564102564,0.0365700795768174
VT/Government/CNA,2025-01-01,0.02702702702702703,0.016024406646074178
VT/Government/CNA,2025-02-01,0.02702702702702703,0.015206740782825932
VT/Government/CNA,2025-03-01,0.027777777777777776,0.03359958231233365
VT/Non-Profit/CNA,2022-10-01,0.05970149253731343,0.05905018671165846
VT/Non-Profit/CNA,2022-11-01,0.050724637681159424,0.053456693745432715
VT/Non-Profit/CNA,2022-12-01,0.05128205128205128,0.07745778289789855
VT/Non-Profit/CNA,2023-01-01,0.06967213114754098,0.05853685813890637
VT/Non-Profit/CNA,2023-02-01,0.058091286307053944,0.05673327182023052
VT/Non-Profit/CNA,2023-03-01,0.058091286307053944,0.07718915925564754
VT/Non-Profit/CNA,2023-04-01,0.07279693486590039,0.05836249276679202
VT/Non-Profit/CNA,2023-05-01,0.03461538461538462,0.06149223648255805
VT/Non-Profit/CNA,2023-06-01,0.05454545454545454,0.07467565642801186
VT/Non-Profit/CNA,2023-07-01,0.06872852233676977,0.06506178430539762
VT/Non-Profit/CNA,2023-08-01,0.039568345323741004,0.06656627047729001
VT/Non-Profit/CNA,2023-09-01,0.1781818181818182,0.08142189514117099
VT/Non-Profit/CNA,2023-10-01,0.06569343065693431,0.06416851429414813
VT/Non-Profit/CNA,2023-11-01,0.029197080291970802,0.05841291403862062
VT/Non-Profit/CNA,2023-12-01,0.08118081180811808,0.08261867431035051
VT/Non-Profit/CNA,2024-01-01,0.0708955223880597,0.06368031058116826
VT/Non-Profit/CNA,2024-02-01,0.06015037593984962,0.06182071987490593
VT/Non-Profit/CNA,2024-03-01,0.11194029850746269,0.08228955013886731
VT/Non-Profit/CNA,2024-04-01,0.06382978723404255,0.06274828006808075
VT/Non-Profit/CNA,2024-05-01,0.07456140350877193,0.0654099008810686
VT/Non-Profit/CNA,2024-06-01,0.048458149779735685,0.07766176317634499
VT/Non-Profit/CNA,2024-07-01,0.07666666666666666,0.06721080355265632
VT/Non-Profit/CNA,2024-08-01,0.0627062706270627,0.06780512310852178
VT/Non-Profit/CNA,2024-09-01,0.11371237458193979,0.0813609044393113
VT/Non-Profit/CNA,2024-10-01,0.048,0.06376062413192879
VT/Non-Profit/CNA,2024-11-01,0.04044117647058824,0.05780506853373921
VT/Non-Profit/CNA,2024-12-01,0.06716417910447761,0.08174026184017247
VT/Non-Profit/CNA,2025-01-01,0.06289308176100629,0.06263947435349158
VT/Non-Profit/CNA,2025-02-01,0.07096774193548387,0.0607248332026403
VT/Non-Profit/CNA,2025-03-01,0.08201892744479496,0.08090797385886
VT/Non-Profit/LPN,2022-10-01,0.07865168539325842,0.06139255787873903
VT/Non-Profit/LPN,2022-11-01,0.04819277108433735,0.054536410987016996
VT/Non-Profit/LPN,2022-12-01,0.056818181818181816,0.07940055139512729
VT/Non-Profit/LPN,2023-01-01,0.0641025641025641,0.058201043096322215
VT/Non-Profit/LPN,2023-02-01,0.07692307692307693,0.05787474673605471
VT/Non-Profit/LPN,2023-03-01,0.02564102564102564,0.07420279041271713
VT/Non-Profit/LPN,2023-04-01,0.10227272727272728,0.058486526094698045
VT/Non-Profit/LPN,2023-05-01,0.03529411764705882,0.06281954957331123
VT/Non-Profit/LPN,2023-06-01,0.10975609756097561,0.07659432657998103
VT/Non-Profit/LPN,2023-07-01,0.0759493670886076,0.06378627143366543
VT/Non-Profit/LPN,2023-08-01,0.025,0.06329539268146198
VT/Non-Profit/LPN,2023-09-01,0.12,0.07632404544940821
VT/Non-Profit/LPN,2023-10-01,0.0641025641025641,0.06148728306459018
VT/Non-Profit/LPN,2023-11-01,0.012987012987012988,0.054366793698171836
VT/Non-Profit/LPN,2023-12-01,0.0963855421686747,0.07943748771982152
VT/Non-Profit/LPN,2024-01-01,0.047619047619047616,0.05795310021083702
VT/Non-Profit/LPN,2024-02-01,0.05747126436781609,0.05754072916193513
VT/Non-Profit/LPN,2024-03-01,0.05747126436781609,0.07401063113831854
VT/Non-Profit/LPN,2024-04-01,0.02631578947368421,0.058013501775641386
VT/Non-Profit/LPN,2024-05-01,0.11538461538461539,0.06306644334954564
VT/Non-Profit/LPN,2024-06-01,0.06944444444444445,0.07650701618800655
VT/Non-Profit/LPN,2024-07-01,0.06930693069306931,0.06397009978851825
VT/Non-Profit/LPN,2024-08-01,0.04950495049504951,0.0639368058748987
VT/Non-Profit/LPN,2024-09-01,0.11428571428571428,0.07693699866945165
VT/Non-Profit/LPN,2024-10-01,0.06818181818181818,0.06220203547948798
VT/Non-Profit/LPN,2024-11-01,0.05952380952380952,0.05508964777468279
VT/Non-Profit/LPN,2024-12-01,0.07954545454545454,0.07959562995111397
VT/Non-Profit/LPN,2025-01-01,0.049019607843137254,0.057733705239054536
VT/Non-Profit/LPN,2025-02-01,0.06521739130434782,0.05696782081460495
VT/Non-Profit/LPN,2025-03-01,0.041666666666666664,0.07293594338025385
VT/Non-Profit/RN,2022-10-01,0.017543859649122806,0.0422973033440848
VT/Non-Profit/RN,2022-11-01,0.025,0.03829777632276284
VT/Non-Profit/RN,2022-12-01,0.08403361344537816,0.06277692055075237
VT/Non-Profit/RN,2023-01-01,0.05405405405405406,0.041217038093563474
VT/Non-Profit/RN,2023-02-01,0.018518518518518517,0.03789960567410045
VT/Non-Profit/RN,2023-03-01,0.027522935779816515,0.0581734919439218
VT/Non-Profit/RN,2023-04-01,0.03571428571428571,0.03981989828984203
VT/Non-Profit/RN,2023-05-01,0.02608695652173913,0.044087881769580735
VT/Non-Profit/RN,2023-06-01,0.031746031746031744,0.05678545834514312
VT/Non-Profit/RN,2023-07-01,0.06153846153846154,0.04787785663852584
VT/Non-Profit/RN,2023-08-01,0.023809523809523808,0.048133348108987645
VT/Non-Profit/RN,2023-09-01,0.11811023622047244,0.06313382324086646
VT/Non-Profit/RN,2023-10-01,0.06451612903225806,0.04739472221679254
VT/Non-Profit/RN,2023-11-01,0.07142857142857142,0.04357189363565941
VT/Non-Profit/RN,2023-12-01,0.05,0.06764590024681444
VT/Non-Profit/RN,2024-01-01,0.058823529411764705,0.04624589888095807
VT/Non-Profit/RN,2024-02-01,0.03787878787878788,0.0431073434237174
VT/Non-Profit/RN,2024-03-01,0.10606060606060606,0.0633813316934917
VT/Non-Profit/RN,2024-04-01,0.044642857142857144,0.044038460642312746
VT/Non-Profit/RN,2024-05-01,0.05405405405405406,0.04724068877870454
VT/Non-Profit/RN,2024-06-01,0.02727272727272727,0.058632600104649255
VT/Non-Profit/RN,2024-07-01,0.06569343065693431,0.048404674116762594
VT/Non-Profit/RN,2024-08-01,0.007692307692307693,0.04738041871044321
VT/Non-Profit/RN,2024-09-01,0.10526315789473684,0.06125881714404492
VT/Non-Profit/RN,2024-10-01,0.04504504504504504,0.04461058305752674
VT/Non-Profit/RN,2024-11-01,0.03636363636363636,0.0400282459443486
VT/Non-Profit/RN,2024-12-01,0.08181818181818182,0.06383520722470402
VT/Non-Profit/RN,2025-01-01,0.031746031746031744,0.04170729231802395
VT/Non-Profit/RN,2025-02-01,0.03007518796992481,0.03813617473199382
VT/Non-Profit/RN,2025-03-01,0.02142857142857143,0.057891210149016825
WA/For-Profit/CNA,2022-10-01,0.07806267806267807,0.07713975788948584
WA/For-Profit/CNA,2022-11-01,0.07191971752462367,0.07330215887088022
WA/For-Profit/CNA,2022-12-01,0.08601360044109539,0.09587552649618683
WA/For-Profit/CNA,2023-01-01,0.07735636500187758,0.07612554254142442
WA/For-Profit/CNA,2023-02-01,0.07269372693726937,0.07491102425546156
WA/For-Profit/CNA,2023-03-01,0.09459702028361155,0.0952411703095014
WA/For-Profit/CNA,2023-04-01,0.07623638635957865,0.07668923940040226
WA/For-Profit/CNA,2023-05-01,0.08114682884448306,0.0818115342000451
WA/For-Profit/CNA,2023-06-01,0.08752359704822378,0.09462657264428448
WA/For-Profit/CNA,2023-07-01,0.09327323162274619,0.08412939168554671
WA/For-Profit/CNA,2023-08-01,0.09364201796821009,0.08598434895935492
WA/For-Profit/CNA,2023-09-01,0.13565823888404532,0.09601618889544085
WA/For-Profit/CNA,2023-10-01,0.08156889968760847,0.08154178363901422
WA/For-Profit/CNA,2023-11-01,0.09090909090909091,0.07718828785101739
WA/For-Profit/CNA,2023-12-01,0.0929128518141743,0.09912980514123265
WA/For-Profit/CNA,2024-01-01,0.07217004448838359,0.07859870405614497
WA/For-Profit/CNA,2024-02-01,0.07202762703502713,0.07684395668780453
WA/For-Profit/CNA,2024-03-01,0.09269618027808854,0.09656627714562768
WA/For-Profit/CNA,2024-04-01,0.07563959955506118,0.07737734077280796
WA/For-Profit/CNA,2024-05-01,0.11029298972235005,0.08196443310165996
WA/For-Profit/CNA,2024-06-01,0.09209066413060707,0.0938331600778649
WA/For-Profit/CNA,2024-07-01,0.10647482014388489,0.08217469642403842
WA/For-Profit/CNA,2024-08-01,0.0871900173748223,0.08280762086205826
WA/For-Profit/CNA,2024-09-01,0.08567835246030499,0.09172694716531339
WA/For-Profit/CNA,2024-10-01,0.0691164972634871,0.07670017953466168
WA/For-Profit/CNA,2024-11-01,0.06444063036355126,0.0718365798757711
WA/For-Profit/CNA,2024-12-01,0.07033544597310248,0.09359445238396505
WA/For-Profit/CNA,2025-01-01,0.06648368405001524,0.07311965956304302
WA/For-Profit/CNA,2025-02-01,0.0674761758376883,0.07140222146480762
WA/For-Profit/CNA,2025-03-01,0.08378216636744465,0.0912264323158949
WA/For-Profit/LPN,2022-10-01,0.07001693958215698,0.06750697762583044
WA/For-Profit/LPN,2022-11-01,0.060692002268859895,0.06343891860815633
WA/For-Profit/LPN,2022-12-01,0.06079545454545455,0.08493674744817131
WA/For-Profit/LPN,2023-01-01,0.0630057803468208,0.06592912818990415
WA/For-Profit/LPN,2023-02-01,0.06070640176600441,0.0644702080647385
WA/For-Profit/LPN,2023-03-01,0.0641799232035107,0.08536492538557729
WA/For-Profit/LPN,2023-04-01,0.07250268528464017,0.0670528052921029
WA/For-Profit/LPN,2023-05-01,0.06512141280353201,0.07187936285907852
WA/For-Profit/LPN,2023-06-01,0.07929749866950506,0.08551551328453064
WA/For-Profit/LPN,2023-07-01,0.09202127659574467,0.0752786922332122
WA/For-Profit/LPN,2023-08-01,0.0730277185501066,0.07655723054854661
WA/For-Profit/LPN,2023-09-01,0.12480335605663345,0.08706889365995182
WA/For-Profit/LPN,2023-10-01,0.07157676348547717,0.0737826035092024
WA/For-Profit/LPN,2023-11-01,0.09090909090909091,0.06994473431228017
WA/For-Profit/LPN,2023-12-01,0.08664627930682976,0.09128630097653445
WA/For-Profit/LPN,2024-01-01,0.06782178217821783,0.07185862741518043
WA/For-Profit/LPN,2024-02-01,0.0689149560117302,0.0700213399847633
WA/For-Profit/LPN,2024-03-01,0.10757717492984098,0.09053847780501117
WA/For-Profit/LPN,2024-04-01,0.07573564881813796,0.07136660718065513
WA/For-Profit/LPN,2024-05-01,0.09557774607703282,0.0752902457626025
WA/For-Profit/LPN,2024-06-01,0.08518877057115198,0.08764256327975459
WA/For-Profit/LPN,2024-07-01,0.09691417550626807,0.07609859304531719
WA/For-Profit/LPN,2024-08-01,0.0706337687469763,0.07611752885797679
WA/For-Profit/LPN,2024-09-01,0.07077515647568608,0.08521343696868205
WA/For-Profit/LPN,2024-10-01,0.06856591018831483,0.07125007310576191
WA/For-Profit/LPN,2024-11-01,0.06951871657754011,0.06687571297927496
WA/For-Profit/LPN,2024-12-01,0.05691854759568204,0.08782247879071779
WA/For-Profit/LPN,2025-01-01,0.06500956022944551,0.06832409904573043
WA/For-Profit/LPN,2025-02-01,0.0618705035971223,0.06631002242414406
WA/For-Profit/LPN,2025-03-01,0.09048507462686567,0.08671566380786
WA/For-Profit/RN,2022-10-01,0.06809229037703995,0.07220507862255017
WA/For-Profit/RN,2022-11-01,0.06846240179573512,0.06903270637648957
WA/For-Profit/RN,2022-12-01,0.07224118316268487,0.09110957810366122
WA/For-Profit/RN,2023-01-01,0.06948465547191662,0.07226728634716534
WA/For-Profit/RN,2023-02-01,0.06971428571428571,0.07094193281245743
WA/For-Profit/RN,2023-03-01,0.08091517857142858,0.09119216739252116
WA/For-Profit/RN,2023-04-01,0.06537396121883657,0.07291069118771913
WA/For-Profit/RN,2023-05-01,0.07060755336617405,0.07814781368798784
WA/For-Profit/RN,2023-06-01,0.10589519650655022,0.09257908087096518
WA/For-Profit/RN,2023-07-01,0.0938337801608579,0.08115997554807951
WA/For-Profit/RN,2023-08-01,0.09298618490967056,0.08329203801978333
WA/For-Profit/RN,2023-09-01,0.14934725848563968,0.09373389377140248
WA/For-Profit/RN,2023-10-01,0.06350914962325081,0.07873354040021743
WA/For-Profit/RN,2023-11-01,0.08693388859968766,0.07518029787398389
WA/For-Profit/RN,2023-12-01,0.08105263157894736,0.09664433381902998
WA/For-Profit/RN,2024-01-01,0.0805,0.07724971585677286
WA/For-Profit/RN,2024-02-01,0.07761194029850746,0.07529472942274996
WA/For-Profit/RN,2024-03-01,0.09699655342195962,0.09489083209122724
WA/For-Profit/RN,2024-04-01,0.07518427518427519,0.07572252132174069
WA/For-Profit/RN,2024-05-01,0.10241820768136557,0.0799577822601572
WA/For-Profit/RN,2024-06-01,0.09464816650148662,0.09293113534320713
WA/For-Profit/RN,2024-07-01,0.09190263288623944,0.08025173930560325
WA/For-Profit/RN,2024-08-01,0.07646768623581648,0.0810784077121463
WA/For-Profit/RN,2024-09-01,0.07493917274939173,0.0905468568595007
WA/For-Profit/RN,2024-10-01,0.06952380952380953,0.07553443608455389
WA/For-Profit/RN,2024-11-01,0.07319437712069801,0.07173081929543462
WA/For-Profit/RN,2024-12-01,0.0735009671179884,0.09324953914002751
WA/For-Profit/RN,2025-01-01,0.0757864632983794,0.07391598373814642
WA/For-Profit/RN,2025-02-01,0.07146282973621103,0.07199194367743797
WA/For-Profit/RN,2025-03-01,0.08621506395073425,0.09155916027082969
WA/Government/CNA,2022-10-01,0.03375527426160337,0.040141974643114205
WA/Government/CNA,2022-11-01,0.04602510460251046,0.03575912092511624
WA/Government/CNA,2022-12-01,0.030042918454935622,0.05667714978997747
WA/Government/CNA,2023-01-01,0.03347280334728033,0.03782862400483937
WA/Government/CNA,2023-02-01,0.04219409282700422,0.035692458165955204
WA/Government/CNA,2023-03-01,0.03690036900369004,0.05469356429607639
WA/Government/CNA,2023-04-01,0.03508771929824561,0.03681365920419517
WA/Government/CNA,2023-05-01,0.04498269896193772,0.040475694807731506
WA/Government/CNA,2023-06-01,0.042105263157894736,0.05397346283225215
WA/Government/CNA,2023-07-01,0.09935897435897435,0.04344611895304792
WA/Government/CNA,2023-08-01,0.04666666666666667,0.04348552400803245
WA/Government/CNA,2023-09-01,0.05844155844155844,0.05211100626205366
WA/Government/CNA,2023-10-01,0.03934426229508197,0.03877354053142658
WA/Government/CNA,2023-11-01,0.03908794788273615,0.03414018890159298
WA/Government/CNA,2023-12-01,0.046052631578947366,0.054846970714447676
WA/Government/CNA,2024-01-01,0.038834951456310676,0.0354508325891304
WA/Government/CNA,2024-02-01,0.04100946372239748,0.03269415918275416
WA/Government/CNA,2024-03-01,0.034129692832764506,0.051103190277916224
WA/Government/CNA,2024-04-01,0.040498442367601244,0.032695260661989994
WA/Government/CNA,2024-05-01,0.03125,0.03564761227099027
WA/Government/CNA,2024-06-01,0.05128205128205128,0.048390819761569594
WA/Government/CNA,2024-07-01,0.031446540880503145,0.03697169572562806
WA/Government/CNA,2024-08-01,0.027777777777777776,0.036946299366844765
WA/Government/CNA,2024-09-01,0.03550295857988166,0.045622895461548504
WA/Government/CNA,2024-10-01,0.037463976945244955,0.032632605407614174
WA/Government/CNA,2024-11-01,0.031609195402298854,0.028219068387034058
WA/Government/CNA,2024-12-01,0.02556818181818182,0.049240748134043846
WA/Government/CNA,2025-01-01,0.045454545454545456,0.030425935604617708
WA/Government/CNA,2025-02-01,0.014326647564469915,0.0280513903205653
WA/Government/CNA,2025-03-01,0.0446927374301676,0.04707858288078923
WA/Government/LPN,2022-10-01,0.019230769230769232,0.037457340063358366
WA/Government/LPN,2022-11-01,0.07547169811320754,0.035491054621683046
WA/Government/LPN,2022-12-01,0.058823529411764705,0.05829028092204704
WA/Government/LPN,2023-01-01,0.020833333333333332,0.03433678098023698
WA/Government/LPN,2023-02-01,0.061224489795918366,0.03187911773387796
WA/Government/LPN,2023-03-01,0.0,0.04873505100190937
WA/Government/LPN,2023-04-01,0.0,0.03091574621180664
WA/Government/LPN,2023-05-01,0.037037037037037035,0.0362953834673255
WA/Government/LPN,2023-06-01,0.019230769230769232,0.04951455288485851
WA/Government/LPN,2023-07-01,0.1935483870967742,0.04189664590623647
WA/Government/LPN,2023-08-01,0.0,0.03779965047228112
WA/Government/LPN,2023-09-01,0.019230769230769232,0.047373985266555306
WA/Government/LPN,2023-10-01,0.018867924528301886,0.032138383220769125
WA/Government/LPN,2023-11-01,0.037037037037037035,0.03002715165619579
WA/Government/LPN,2023-12-01,0.05454545454545454,0.05298367149108692
WA/Government/LPN,2024-01-01,0.0,0.029191357953596304
WA/Government/LPN,2024-02-01,0.0,0.027190722554864245
WA/Government/LPN,2024-03-01,0.0,0.04532888719881553
WA/Government/LPN,2024-04-01,0.015873015873015872,0.02871318883532542
WA/Government/LPN,2024-05-01,0.031746031746031744,0.03495894177962694
WA/Government/LPN,2024-06-01,0.06451612903225806,0.04908786766275665
WA/Government/LPN,2024-07-01,0.016666666666666666,0.041830389677725975
WA/Government/LPN,2024-08-01,0.05084745762711865,0.04045486772409921
WA/Government/LPN,2024-09-01,0.10606060606060606,0.05207031654104116
WA/Government/LPN,2024-10-01,0.03389830508474576,0.037779957940301055
WA/Government/LPN,2024-11-01,0.05,0.03639351937993757
WA/Government/LPN,2024-12-01,0.10714285714285714,0.060285678718943206
WA/Government/LPN,2025-01-01,0.05660377358490566,0.03669586850345071
WA/Government/LPN,2025-02-01,0.0,0.03410202590687382
WA/Government/LPN,2025-03-01,0.03773584905660377,0.051629869827578244
WA/Government/RN,2022-10-01,0.025423728813559324,0.03966452160473641
WA/Government/RN,2022-11-01,0.06086956521739131,0.0369978050369575
WA/Government/RN,2022-12-01,0.035398230088495575,0.05730921435749553
WA/Government/RN,2023-01-01,0.041666666666666664,0.03778154581364962
WA/Government/RN,2023-02-01,0.04201680672268908,0.03645601384963113
WA/Government/RN,2023-03-01,0.05084745762711865,0.05504701096350047
WA/Government/RN,2023-04-01,0.017543859649122806,0.03504154039509441
WA/Government/RN,2023-05-01,0.025423728813559324,0.038991699383056216
WA/Government/RN,2023-06-01,0.038461538461538464,0.052285279371569474
WA/Government/RN,2023-07-01,0.1652892561983471,0.04385509042837318
WA/Government/RN,2023-08-01,0.02727272727272727,0.041916429830056674
WA/Government/RN,2023-09-01,0.037037037037037035,0.049192104312803395
WA/Government/RN,2023-10-01,0.03333333333333333,0.03541734996341184
WA/Government/RN,2023-11-01,0.024193548387096774,0.03203240636035701
WA/Government/RN,2023-12-01,0.03875968992248062,0.05210573721820009
WA/Government/RN,2024-01-01,0.05970149253731343,0.03221483528731248
WA/Government/RN,2024-02-01,0.05223880597014925,0.030146408144603752
WA/Government/RN,2024-03-01,0.023255813953488372,0.04777313745457838
WA/Government/RN,2024-04-01,0.015384615384615385,0.027016084575071125
WA/Government/RN,2024-05-01,0.022900763358778626,0.030266422971384786
WA/Government/RN,2024-06-01,0.021739130434782608,0.04272351992114482
WA/Government/RN,2024-07-01,0.0,0.033434214176259275
WA/Government/RN,2024-08-01,0.04195804195804196,0.03281686503950976
WA/Government/RN,2024-09-01,0.028985507246376812,0.04118113494711148
WA/Government/RN,2024-10-01,0.02097902097902098,0.028421613438590426
WA/Government/RN,2024-11-01,0.05806451612903226,0.02613466803186968
WA/Government/RN,2024-12-01,0.03355704697986577,0.04672546630632326
WA/Government/RN,2025-01-01,0.006622516556291391,0.027337296602082603
WA/Government/RN,2025-02-01,0.025974025974025976,0.026403396174005816
WA/Government/RN,2025-03-01,0.06535947712418301,0.04561550484809452
WA/Non-Profit/CNA,2022-10-01,0.07274247491638795,0.06207293450661477
WA/Non-Profit/CNA,2022-11-01,0.050405040504050404,0.05637961815610765
WA/Non-Profit/CNA,2022-12-01,0.058287795992714025,0.08030701859786252
WA/Non-Profit/CNA,2023-01-01,0.042682926829268296,0.05871363448827741
WA/Non-Profit/CNA,2023-02-01,0.044905008635578586,0.0575772304249207
WA/Non-Profit/CNA,2023-03-01,0.12046204620462046,0.0794869735949375
WA/Non-Profit/CNA,2023-04-01,0.04980842911877394,0.059630748986503404
WA/Non-Profit/CNA,2023-05-01,0.06717123935666983,0.06375946732401079
WA/Non-Profit/CNA,2023-06-01,0.09577464788732394,0.07790660336781323
WA/Non-Profit/CNA,2023-07-01,0.08763308763308764,0.06552377805642423
WA/Non-Profit/CNA,2023-08-01,0.0705229793977813,0.06681459595715136
WA/Non-Profit/CNA,2023-09-01,0.06624102154828412,0.07625064691949439
WA/Non-Profit/CNA,2023-10-01,0.053852526926263466,0.062353294849395
WA/Non-Profit/CNA,2023-11-01,0.04564315352697095,0.05660450503160964
WA/Non-Profit/CNA,2023-12-01,0.10912052117263844,0.08053208640921551
WA/Non-Profit/CNA,2024-01-01,0.054963084495488104,0.05832964438836058
WA/Non-Profit/CNA,2024-02-01,0.05172413793103448,0.05623408483922048
WA/Non-Profit/CNA,2024-03-01,0.06725380304243395,0.07723259169525938
WA/Non-Profit/CNA,2024-04-01,0.056,0.05711838526976186
WA/Non-Profit/CNA,2024-05-01,0.05044035228182546,0.0608833357268738
WA/Non-Profit/CNA,2024-06-01,0.06877470355731226,0.07487787816326648
WA/Non-Profit/CNA,2024-07-01,0.05611390284757119,0.06252344529307113
WA/Non-Profit/CNA,2024-08-01,0.06628003314001657,0.06439274527951525
WA/Non-Profit/CNA,2024-09-01,0.12427506213753108,0.07435535842804676
WA/Non-Profit/CNA,2024-10-01,0.07344632768361582,0.06013786210597054
WA/Non-Profit/CNA,2024-11-01,0.054245283018867926,0.05382615501888654
WA/Non-Profit/CNA,2024-12-01,0.06461780929866036,0.0769788220404255
WA/Non-Profit/CNA,2025-01-01,0.044151820294345466,0.0545934492407849
WA/Non-Profit/CNA,2025-02-01,0.040154440154440155,0.05247625683717115
WA/Non-Profit/CNA,2025-03-01,0.05108940646130729,0.07353452884067868
WA/Non-Profit/LPN,2022-10-01,0.04040404040404041,0.05951443320570428
WA/Non-Profit/LPN,2022-11-01,0.035211267605633804,0.05540884951848285
WA/Non-Profit/LPN,2022-12-01,0.06779661016949153,0.08202229812618479
WA/Non-Profit/LPN,2023-01-01,0.041811846689895474,0.058814122016321885
WA/Non-Profit/LPN,2023-02-01,0.030612244897959183,0.058934609839472615
WA/Non-Profit/LPN,2023-03-01,0.15081967213114755,0.08173328557232074
WA/Non-Profit/LPN,2023-04-01,0.06204379562043796,0.06121123652456948
WA/Non-Profit/LPN,2023-05-01,0.08015267175572519,0.06653478815768335
WA/Non-Profit/LPN,2023-06-01,0.13307984790874525,0.081373535956393
WA/Non-Profit/LPN,2023-07-01,0.09090909090909091,0.0680781822053242
WA/Non-Profit/LPN,2023-08-01,0.0684931506849315,0.06828358065018056
WA/Non-Profit/LPN,2023-09-01,0.06506849315068493,0.07969247940981604
WA/Non-Profit/LPN,2023-10-01,0.045454545454545456,0.06180872653812243
WA/Non-Profit/LPN,2023-11-01,0.03819444444444445,0.05704328221569533
WA/Non-Profit/LPN,2023-12-01,0.16725978647686832,0.08307673735408033
WA/Non-Profit/LPN,2024-01-01,0.036101083032490974,0.05788224317881051
WA/Non-Profit/LPN,2024-02-01,0.040293040293040296,0.05617224127921888
WA/Non-Profit/LPN,2024-03-01,0.058823529411764705,0.07704956847027199
WA/Non-Profit/LPN,2024-04-01,0.022222222222222223,0.05576713270563903
WA/Non-Profit/LPN,2024-05-01,0.04912280701754386,0.06071399195292062
WA/Non-Profit/LPN,2024-06-01,0.06713780918727916,0.07550433591212151
WA/Non-Profit/LPN,2024-07-01,0.07142857142857142,0.06284750162103225
WA/Non-Profit/LPN,2024-08-01,0.055350553505535055,0.06395646943262448
WA/Non-Profit/LPN,2024-09-01,0.19047619047619047,0.07626919402115356
WA/Non-Profit/LPN,2024-10-01,0.040145985401459854,0.057575006923159124
WA/Non-Profit/LPN,2024-11-01,0.05,0.05211928210587034
WA/Non-Profit/LPN,2024-12-01,0.03942652329749104,0.07719884523877202
WA/Non-Profit/LPN,2025-01-01,0.03146853146853147,0.05281883569377645
WA/Non-Profit/LPN,2025-02-01,0.06462585034013606,0.051773480668276035
WA/Non-Profit/LPN,2025-03-01,0.04498269896193772,0.07292407937799023
WA/Non-Profit/RN,2022-10-01,0.04941176470588235,0.05292790227543183
WA/Non-Profit/RN,2022-11-01,0.04106280193236715,0.048373305275025084
WA/Non-Profit/RN,2022-12-01,0.04239401496259352,0.07168111439827268
WA/Non-Profit/RN,2023-01-01,0.05128205128205128,0.052491260164793926
WA/Non-Profit/RN,2023-02-01,0.028368794326241134,0.05000449013467405
WA/Non-Profit/RN,2023-03-01,0.10232558139534884,0.0711359271768516
WA/Non-Profit/RN,2023-04-01,0.05612244897959184,0.05240836292752504
WA/Non-Profit/RN,2023-05-01,0.04962779156327544,0.05626504534876347
WA/Non-Profit/RN,2023-06-01,0.10687022900763359,0.07096169442436871
WA/Non-Profit/RN,2023-07-01,0.08609271523178808,0.05874292570763844
WA/Non-Profit/RN,2023-08-01,0.05844155844155844,0.05939656602076073
WA/Non-Profit/RN,2023-09-01,0.060215053763440864,0.06874331159694536
WA/Non-Profit/RN,2023-10-01,0.045064377682403435,0.05401081521635584
WA/Non-Profit/RN,2023-11-01,0.0367170626349892,0.04923713548349454
WA/Non-Profit/RN,2023-12-01,0.08733624454148471,0.07240254039951867
WA/Non-Profit/RN,2024-01-01,0.056155507559395246,0.052384391975653276
WA/Non-Profit/RN,2024-02-01,0.03862660944206009,0.049123166879435895
WA/Non-Profit/RN,2024-03-01,0.05543710021321962,0.06928144944444793
WA/Non-Profit/RN,2024-04-01,0.04831932773109244,0.050333067836082025
WA/Non-Profit/RN,2024-05-01,0.04680851063829787,0.053904025736361515
WA/Non-Profit/RN,2024-06-01,0.052854122621564484,0.06847871548041247
WA/Non-Profit/RN,2024-07-01,0.05714285714285714,0.05674277881707939
WA/Non-Profit/RN,2024-08-01,0.058426966292134834,0.05828649913498115
WA/Non-Profit/RN,2024-09-01,0.11036036036036036,0.06849432659398534
WA/Non-Profit/RN,2024-10-01,0.047516198704103674,0.05387736752541829
WA/Non-Profit/RN,2024-11-01,0.05708245243128964,0.04920162949469326
WA/Non-Profit/RN,2024-12-01,0.056155507559395246,0.07224132273656524
WA/Non-Profit/RN,2025-01-01,0.06609808102345416,0.05248998051631274
WA/Non-Profit/RN,2025-02-01,0.058315334773218146,0.049456651985209925
WA/Non-Profit/RN,2025-03-01,0.045064377682403435,0.0694613210918486
WI/For-Profit/CNA,2022-10-01,0.10219989606790231,0.09431636123589843
WI/For-Profit/CNA,2022-11-01,0.09351276742581091,0.08995010273408201
WI/For-Profit/CNA,2022-12-01,0.1167250291812573,0.11383168195896078
WI/For-Profit/CNA,2023-01-01,0.11398373983739837,0.09417798618272205
WI/For-Profit/CNA,2023-02-01,0.09774565479263465,0.09177578146941619
WI/For-Profit/CNA,2023-03-01,0.11890193484372416,0.11215034134372184
WI/For-Profit/CNA,2023-04-01,0.09605309116311561,0.09250789650996975
WI/For-Profit/CNA,2023-05-01,0.09645603477097961,0.09627860129686351
WI/For-Profit/CNA,2023-06-01,0.10824148708669189,0.10909263228860576
WI/For-Profit/CNA,2023-07-01,0.08920793676399419,0.09642738594159064
WI/For-Profit/CNA,2023-08-01,0.1047499213589179,0.09898687731026701
WI/For-Profit/CNA,2023-09-01,0.10621047510945354,0.10764526413502501
WI/For-Profit/CNA,2023-10-01,0.09635292243987896,0.09477026882827083
WI/For-Profit/CNA,2023-11-01,0.09069548872180451,0.08983380100844687
WI/For-Profit/CNA,2023-12-01,0.102184206506797,0.11313855688662791
WI/For-Profit/CNA,2024-01-01,0.09827973074046373,0.09325585487544923
WI/For-Profit/CNA,2024-02-01,0.08265113350125945,0.09068555628861327
WI/For-Profit/CNA,2024-03-01,0.12738077098887704,0.11123328351842217
WI/For-Profit/CNA,2024-04-01,0.0943716268311488,0.09154623347581362
WI/For-Profit/CNA,2024-05-01,0.10371906949177656,0.09526654821394898
WI/For-Profit/CNA,2024-06-01,0.10445974259203832,0.10790838563335217
WI/For-Profit/CNA,2024-07-01,0.0907076377603782,0.09499841295649705
WI/For-Profit/CNA,2024-08-01,0.0991953182150695,0.09740623239319963
WI/For-Profit/CNA,2024-09-01,0.11117936117936118,0.10585576688968026
WI/For-Profit/CNA,2024-10-01,0.0865621156211562,0.09282713280789257
WI/For-Profit/CNA,2024-11-01,0.08234217749313816,0.0878033933464138
WI/For-Profit/CNA,2024-12-01,0.10593095308350546,0.11100461792212242
WI/For-Profit/CNA,2025-01-01,0.0928077658479188,0.090972917497795
WI/For-Profit/CNA,2025-02-01,0.08838345290795298,0.08822698988913857
WI/For-Profit/CNA,2025-03-01,0.09860632399220741,0.10852161815728235
WI/For-Profit/LPN,2022-10-01,0.06438068579426172,0.07169170660641903
WI/For-Profit/LPN,2022-11-01,0.07047216349541931,0.06791403248690321
WI/For-Profit/LPN,2022-12-01,0.1069703243616287,0.09212657108242676
WI/For-Profit/LPN,2023-01-01,0.08987256874580818,0.07177554439003878
WI/For-Profit/LPN,2023-02-01,0.08620689655172414,0.06918780209718163
WI/For-Profit/LPN,2023-03-01,0.09034907597535935,0.08840739590752293
WI/For-Profit/LPN,2023-04-01,0.05997109826589595,0.06842726739386337
WI/For-Profit/LPN,2023-05-01,0.06056338028169014,0.07236430045569617
WI/For-Profit/LPN,2023-06-01,0.088093599449415,0.08616521075050619
WI/For-Profit/LPN,2023-07-01,0.07849829351535836,0.07295020064122812
WI/For-Profit/LPN,2023-08-01,0.07286096256684492,0.07481610469774842
WI/For-Profit/LPN,2023-09-01,0.0749665327978581,0.08369595835738522
WI/For-Profit/LPN,2023-10-01,0.061835106382978726,0.06956278013651337
WI/For-Profit/LPN,2023-11-01,0.06355382619974059,0.06542979646352859
WI/For-Profit/LPN,2023-12-01,0.08604954367666232,0.08931681858821838
WI/For-Profit/LPN,2024-01-01,0.06541450777202072,0.06900055339926028
WI/For-Profit/LPN,2024-02-01,0.054758800521512385,0.06675042228574897
WI/For-Profit/LPN,2024-03-01,0.0841300191204589,0.08666319460964089
WI/For-Profit/LPN,2024-04-01,0.05878594249201278,0.06738165555625648
WI/For-Profit/LPN,2024-05-01,0.08135168961201501,0.07204579601040445
WI/For-Profit/LPN,2024-06-01,0.1021437578814628,0.08633732454954987
WI/For-Profit/LPN,2024-07-01,0.06905210295040803,0.07347141970852158
WI/For-Profit/LPN,2024-08-01,0.08159509202453988,0.07583945944789187
WI/For-Profit/LPN,2024-09-01,0.10797237915881984,0.08507682377192426
WI/For-Profit/LPN,2024-10-01,0.06095238095238095,0.07086696193314307
WI/For-Profit/LPN,2024-11-01,0.06388361796331436,0.06664931754801555
WI/For-Profit/LPN,2024-12-01,0.08154235145385588,0.09049547486379118
WI/For-Profit/LPN,2025-01-01,0.07930607187112763,0.0700070045942087
WI/For-Profit/LPN,2025-02-01,0.06425452276980662,0.06749255099112467
WI/For-Profit/LPN,2025-03-01,0.0794044665012407,0.08702368612970406
WI/For-Profit/RN,2022-10-01,0.06303580433686334,0.06764350082058584
WI/For-Profit/RN,2022-11-01,0.06001984126984127,0.06306574469042847
WI/For-Profit/RN,2022-12-01,0.08803165182987141,0.08721787163655484
WI/For-Profit/RN,2023-01-01,0.07338129496402877,0.06671199945211509
WI/For-Profit/RN,2023-02-01,0.06660088801184016,0.06491481163774372
WI/For-Profit/RN,2023-03-01,0.09720246562351825,0.08517843395906001
WI/For-Profit/RN,2023-04-01,0.06230847803881512,0.06512204770194983
WI/For-Profit/RN,2023-05-01,0.07088989441930618,0.06900932488834059
WI/For-Profit/RN,2023-06-01,0.06612410986775177,0.08173257651800582
WI/For-Profit/RN,2023-07-01,0.06547619047619048,0.0699142439002189
WI/For-Profit/RN,2023-08-01,0.07339449541284404,0.07251009135834495
WI/For-Profit/RN,2023-09-01,0.07290167865707434,0.08227997358712424
WI/For-Profit/RN,2023-10-01,0.07725118483412323,0.06917843455951554
WI/For-Profit/RN,2023-11-01,0.06027527289985762,0.06469444624254356
WI/For-Profit/RN,2023-12-01,0.0841254752851711,0.08887840197851714
WI/For-Profit/RN,2024-01-01,0.0673352435530086,0.06851334064990397
WI/For-Profit/RN,2024-02-01,0.06388088376560999,0.06704909516470557
WI/For-Profit/RN,2024-03-01,0.10299003322259136,0.08762015043219094
WI/For-Profit/RN,2024-04-01,0.06069094304388422,0.06786685055104381
WI/For-Profit/RN,2024-05-01,0.06783571758191048,0.07206092585234485
WI/For-Profit/RN,2024-06-01,0.06970260223048327,0.08525427859796511
WI/For-Profit/RN,2024-07-01,0.06672597864768683,0.07379002369838644
WI/For-Profit/RN,2024-08-01,0.07630878438331855,0.07674070453582961
WI/For-Profit/RN,2024-09-01,0.11470985155195682,0.08698430407151067
WI/For-Profit/RN,2024-10-01,0.07015130674002751,0.07390177173695803
WI/For-Profit/RN,2024-11-01,0.07584014532243415,0.06956914152623261
WI/For-Profit/RN,2024-12-01,0.10064338235294118,0.09375464852290427
WI/For-Profit/RN,2025-01-01,0.08527131782945736,0.07323962306689097
WI/For-Profit/RN,2025-02-01,0.08659981768459435,0.07140524561741797
WI/For-Profit/RN,2025-03-01,0.07816200852676457,0.09141710618311114
WI/Government/CNA,2022-10-01,0.043010752688172046,0.04647186680300715
WI/Government/CNA,2022-11-01,0.05,0.04296039916711511
WI/Government/CNA,2022-12-01,0.05312016503352243,0.06500967216344539
WI/Government/CNA,2023-01-01,0.04935064935064935,0.044337165011112546
WI/Government/CNA,2023-02-01,0.0339077265147304,0.04233147305663162
WI/Government/CNA,2023-03-01,0.08069620253164557,0.06211142708179493
WI/Government/CNA,2023-04-01,0.044189852700491,0.04290343958216221
WI/Government/CNA,2023-05-01,0.053475935828877004,0.0466415235186193
WI/Government/CNA,2023-06-01,0.043991416309012876,0.058465336468886284
WI/Government/CNA,2023-07-01,0.04722792607802875,0.04653865909086484
WI/Government/CNA,2023-08-01,0.0441025641025641,0.04840349953348264
WI/Government/CNA,2023-09-01,0.04513322457857531,0.056951916882963485
WI/Government/CNA,2023-10-01,0.041688379364252216,0.04385216319093237
WI/Government/CNA,2023-11-01,0.048582995951417005,0.04048503846874642
WI/Government/CNA,2023-12-01,0.06705824767498776,0.06268574524131125
WI/Government/CNA,2024-01-01,0.03499260719566289,0.04188022759897871
WI/Government/CNA,2024-02-01,0.034482758620689655,0.040030512452859296
WI/Government/CNA,2024-03-01,0.04563691073219659,0.05989367137503219
WI/Government/CNA,2024-04-01,0.042803638309256285,0.04124083603805959
WI/Government/CNA,2024-05-01,0.05313765182186235,0.04550731995708252
WI/Government/CNA,2024-06-01,0.04749478079331942,0.057886892891978
WI/Government/CNA,2024-07-01,0.04838709677419355,0.04650376893656406
WI/Government/CNA,2024-08-01,0.05656934306569343,0.048711100956266115
WI/Government/CNA,2024-09-01,0.0643588493417845,0.05756575965489967
WI/Government/CNA,2024-10-01,0.03859306301905227,0.044510013928466825
WI/Government/CNA,2024-11-01,0.05899008966493629,0.04125766640513288
WI/Government/CNA,2024-12-01,0.05148423005565863,0.06339988954565669
WI/Government/CNA,2025-01-01,0.04470046082949309,0.04282847434560747
WI/Government/CNA,2025-02-01,0.05314480741101901,0.041109192450900285
WI/Government/CNA,2025-03-01,0.04809052333804809,0.060749569992859534
WI/Government/LPN,2022-10-01,0.05732484076433121,0.05021267242111327
WI/Government/LPN,2022-11-01,0.0220125786163522,0.04419484063434175
WI/Government/LPN,2022-12-01,0.059880239520958084,0.0683839591900097
WI/Government/LPN,2023-01-01,0.04923076923076923,0.04848008708345305
WI/Government/LPN,2023-02-01,0.055900621118012424,0.04773387700309461
WI/Government/LPN,2023-03-01,0.07886435331230283,0.06549509897544284
WI/Government/LPN,2023-04-01,0.06191950464396285,0.04689238217928761
WI/Government/LPN,2023-05-01,0.05263157894736842,0.04977668172447598
WI/Government/LPN,2023-06-01,0.06375838926174497,0.06337401387302373
WI/Government/LPN,2023-07-01,0.05351170568561873,0.05002370409130735
WI/Government/LPN,2023-08-01,0.0410958904109589,0.050875162474254144
WI/Government/LPN,2023-09-01,0.027303754266211604,0.05865766068273819
WI/Government/LPN,2023-10-01,0.046052631578947366,0.048121241378026744
WI/Government/LPN,2023-11-01,0.04745762711864407,0.04261758168259118
WI/Government/LPN,2023-12-01,0.060810810810810814,0.06689239499459253
WI/Government/LPN,2024-01-01,0.05787781350482315,0.04701367389476757
WI/Government/LPN,2024-02-01,0.07371794871794872,0.04611914552830578
WI/Government/LPN,2024-03-01,0.06143344709897611,0.0634448017356031
WI/Government/LPN,2024-04-01,0.0425531914893617,0.04479456578514587
WI/Government/LPN,2024-05-01,0.038461538461538464,0.04773577092905984
WI/Government/LPN,2024-06-01,0.07037037037037037,0.06166284213578782
WI/Government/LPN,2024-07-01,0.04377104377104377,0.048405517910217334
WI/Government/LPN,2024-08-01,0.0297029702970297,0.049497512457569975
WI/Government/LPN,2024-09-01,0.028938906752411574,0.05756895170009959
WI/Government/LPN,2024-10-01,0.05504587155963303,0.047356270215051885
WI/Government/LPN,2024-11-01,0.039473684210526314,0.0419662980586905
WI/Government/LPN,2024-12-01,0.07717041800643087,0.06657392915614765
WI/Government/LPN,2025-01-01,0.06818181818181818,0.046816806928479504
WI/Government/LPN,2025-02-01,0.07,0.04595608038460205
WI/Government/LPN,2025-03-01,0.034482758620689655,0.06327623984524135
WI/Government/RN,2022-10-01,0.02920723226703755,0.03467925973492322
WI/Government/RN,2022-11-01,0.02880658436213992,0.03043411029973783
WI/Government/RN,2022-12-01,0.047619047619047616,0.05250926967008611
WI/Government/RN,2023-01-01,0.0273972602739726,0.031470064243045014
WI/Government/RN,2023-02-01,0.027662517289073305,0.029878808601521936
WI/Government/RN,2023-03-01,0.06002728512960437,0.05003595807218196
WI/Government/RN,2023-04-01,0.027816411682892908,0.030354461259174757
WI/Government/RN,2023-05-01,0.03212290502793296,0.033725608980353594
WI/Government/RN,2023-06-01,0.036211699164345405,0.04633156617729141
WI/Government/RN,2023-07-01,0.03718459495351926,0.034764115555838984
WI/Government/RN,2023-08-01,0.03116531165311653,0.03639100699846254
WI/Government/RN,2023-09-01,0.03346720214190094,0.045023425090754396
WI/Government/RN,2023-10-01,0.0348993288590604,0.03254833324289403
WI/Government/RN,2023-11-01,0.049531459170013385,0.028628360969538226
WI/Government/RN,2023-12-01,0.051771117166212535,0.050731754072888574
WI/Government/RN,2024-01-01,0.02312925170068027,0.02961795829005445
WI/Government/RN,2024-02-01,0.030585106382978722,0.028159599754586106
WI/Government/RN,2024-03-01,0.04296875,0.048219754361957565
WI/Government/RN,2024-04-01,0.04,0.02884411004509861
WI/Government/RN,2024-05-01,0.03099730458221024,0.0321941698426736
WI/Government/RN,2024-06-01,0.03347280334728033,0.0448576030995311
WI/Government/RN,2024-07-01,0.03942181340341656,0.03327856960477409
WI/Government/RN,2024-08-01,0.040051679586563305,0.034863556613399425
WI/Government/RN,2024-09-01,0.04679144385026738,0.043374093477033304
WI/Government/RN,2024-10-01,0.028187919463087248,0.030452618071402655
WI/Government/RN,2024-11-01,0.03504043126684636,0.02636286768237594
WI/Government/RN,2024-12-01,0.028225806451612902,0.048441385194562134
WI/Government/RN,2025-01-01,0.02807486631016043,0.027588416513031913
WI/Government/RN,2025-02-01,0.02435723951285521,0.02612476325528357
WI/Government/RN,2025-03-01,0.04223433242506812,0.04638437645668876
WI/Non-Profit/CNA,2022-10-01,0.07914865314266711,0.07415634905230084
WI/Non-Profit/CNA,2022-11-01,0.07005948446794448,0.06895273310193907
WI/Non-Profit/CNA,2022-12-01,0.08732212160413971,0.09228289854786231
WI/Non-Profit/CNA,2023-01-01,0.07776349614395887,0.07244675352800181
WI/Non-Profit/CNA,2023-02-01,0.054922279792746116,0.07056355305627061
WI/Non-Profit/CNA,2023-03-01,0.08435329143235197,0.09135479209159944
WI/Non-Profit/CNA,2023-04-01,0.07873485868102288,0.07236845570752094
WI/Non-Profit/CNA,2023-05-01,0.08359923420548819,0.0770715984230843
WI/Non-Profit/CNA,2023-06-01,0.11680458306810948,0.09101052745969546
WI/Non-Profit/CNA,2023-07-01,0.0802675585284281,0.0775404389349611
WI/Non-Profit/CNA,2023-08-01,0.08345932869670396,0.08014402853305969
WI/Non-Profit/CNA,2023-09-01,0.08301282051282051,0.08849883429110705
WI/Non-Profit/CNA,2023-10-01,0.0788224121557455,0.07602188833429792
WI/Non-Profit/CNA,2023-11-01,0.07213622291021672,0.07053576491334898
WI/Non-Profit/CNA,2023-12-01,0.0930780559646539,0.09356168032896489
WI/Non-Profit/CNA,2024-01-01,0.0650887573964497,0.07343812935297955
WI/Non-Profit/CNA,2024-02-01,0.0770864946889226,0.07142691556690772
WI/Non-Profit/CNA,2024-03-01,0.11255156157925751,0.0917492029032086
WI/Non-Profit/CNA,2024-04-01,0.06683480453972257,0.07186979096547684
WI/Non-Profit/CNA,2024-05-01,0.08478513356562137,0.07585445432389133
WI/Non-Profit/CNA,2024-06-01,0.08378148881969998,0.08917729659819647
WI/Non-Profit/CNA,2024-07-01,0.06624102154828412,0.07546261255765642
WI/Non-Profit/CNA,2024-08-01,0.08652849740932643,0.07783178296150045
WI/Non-Profit/CNA,2024-09-01,0.08523042754025541,0.08611821742553352
WI/Non-Profit/CNA,2024-10-01,0.08193566125927963,0.07342765098631063
WI/Non-Profit/CNA,2024-11-01,0.05557054221742649,0.06747975347396859
WI/Non-Profit/CNA,2024-12-01,0.06673564407656493,0.0903544030408813
WI/Non-Profit/CNA,2025-01-01,0.07700025081514923,0.07026945433336418
WI/Non-Profit/CNA,2025-02-01,0.07144782960366676,0.06821331947428141
WI/Non-Profit/CNA,2025-03-01,0.08029582673005811,0.0884695629181616
WI/Non-Profit/LPN,2022-10-01,0.0472972972972973,0.05479688020257076
WI/Non-Profit/LPN,2022-11-01,0.05199306759098787,0.05074836114297737
WI/Non-Profit/LPN,2022-12-01,0.08145580589254767,0.07440249587112617
WI/Non-Profit/LPN,2023-01-01,0.052083333333333336,0.05415340536638543
WI/Non-Profit/LPN,2023-02-01,0.054770318021201414,0.05212040051984919
WI/Non-Profit/LPN,2023-03-01,0.07465277777777778,0.07229130668674712
WI/Non-Profit/LPN,2023-04-01,0.0542907180385289,0.05196402563765019
WI/Non-Profit/LPN,2023-05-01,0.04569420035149385,0.05546841457533721
WI/Non-Profit/LPN,2023-06-01,0.10745233968804159,0.07111883113275369
WI/Non-Profit/LPN,2023-07-01,0.03361344537815126,0.05612744060945228
WI/Non-Profit/LPN,2023-08-01,0.044407894736842105,0.05824595848904111
WI/Non-Profit/LPN,2023-09-01,0.057283142389525366,0.066648234306242
WI/Non-Profit/LPN,2023-10-01,0.03278688524590164,0.053746234890872366
WI/Non-Profit/LPN,2023-11-01,0.050243111831442464,0.050021882302861434
WI/Non-Profit/LPN,2023-12-01,0.06873977086743044,0.07405759468832947
WI/Non-Profit/LPN,2024-01-01,0.06200317965023847,0.05427641710179515
WI/Non-Profit/LPN,2024-02-01,0.060655737704918035,0.052595446120903125
WI/Non-Profit/LPN,2024-03-01,0.09136212624584718,0.07302516728545251
WI/Non-Profit/LPN,2024-04-01,0.040955631399317405,0.052738182228846485
WI/Non-Profit/LPN,2024-05-01,0.0472972972972973,0.05645680473113965
WI/Non-Profit/LPN,2024-06-01,0.08809135399673736,0.07228319301266256
WI/Non-Profit/LPN,2024-07-01,0.06287425149700598,0.05774794326877993
WI/Non-Profit/LPN,2024-08-01,0.06818181818181818,0.06002292599113301
WI/Non-Profit/LPN,2024-09-01,0.05413533834586466,0.06824023065477688
WI/Non-Profit/LPN,2024-10-01,0.06213872832369942,0.05534073830069682
WI/Non-Profit/LPN,2024-11-01,0.04431314623338257,0.05119189536027861
WI/Non-Profit/LPN,2024-12-01,0.06484149855907781,0.07499816714854439
WI/Non-Profit/LPN,2025-01-01,0.07278020378457059,0.05499328847072305
WI/Non-Profit/LPN,2025-02-01,0.05530642750373692,0.05293194904074537
WI/Non-Profit/LPN,2025-03-01,0.06499261447562776,0.07300864934372929
WI/Non-Profit/RN,2022-10-01,0.034195933456561925,0.05200920900436252
WI/Non-Profit/RN,2022-11-01,0.0446927374301676,0.04777003699676225
WI/Non-Profit/RN,2022-12-01,0.07136150234741784,0.0716644997885119
WI/Non-Profit/RN,2023-01-01,0.06635514018691589,0.05132858668726168
WI/Non-Profit/RN,2023-02-01,0.06500956022944551,0.049946037681414535
WI/Non-Profit/RN,2023-03-01,0.08365019011406843,0.07096530635238968
WI/Non-Profit/RN,2023-04-01,0.048892988929889296,0.049304143902553284
WI/Non-Profit/RN,2023-05-01,0.050770625566636446,0.05230630201285838
WI/Non-Profit/RN,2023-06-01,0.10511627906976745,0.06653486735449143
WI/Non-Profit/RN,2023-07-01,0.03004694835680751,0.05159972729456303
WI/Non-Profit/RN,2023-08-01,0.035283194057567316,0.05300779703823008
WI/Non-Profit/RN,2023-09-01,0.0410958904109589,0.061711224572322324
WI/Non-Profit/RN,2023-10-01,0.05,0.04887262427614551
WI/Non-Profit/RN,2023-11-01,0.04189435336976321,0.04438382382456482
WI/Non-Profit/RN,2023-12-01,0.07083716651333946,0.06801904851133933
WI/Non-Profit/RN,2024-01-01,0.0423572744014733,0.047466589362642315
WI/Non-Profit/RN,2024-02-01,0.058287795992714025,0.046023570731733965
WI/Non-Profit/RN,2024-03-01,0.10589318600368323,0.06712875342953382
WI/Non-Profit/RN,2024-04-01,0.04641775983854692,0.04512953504091523
WI/Non-Profit/RN,2024-05-01,0.03496503496503497,0.0477009555405335
WI/Non-Profit/RN,2024-06-01,0.0463768115942029,0.06171356606554668
WI/Non-Profit/RN,2024-07-01,0.04501323918799647,0.04730096518299459
WI/Non-Profit/RN,2024-08-01,0.03680430879712747,0.048943450499331145
WI/Non-Profit/RN,2024-09-01,0.05412599822537711,0.05781164562337107
WI/Non-Profit/RN,2024-10-01,0.04405286343612335,0.044958511506353306
WI/Non-Profit/RN,2024-11-01,0.03518029903254178,0.04049440067693769
WI/Non-Profit/RN,2024-12-01,0.04740608228980322,0.06413412488402234
WI/Non-Profit/RN,2025-01-01,0.045847750865051905,0.04385995130397516
WI/Non-Profit/RN,2025-02-01,0.04195205479452055,0.042549671476400444
WI/Non-Profit/RN,2025-03-01,0.07404255319148936,0.0639921568209452
WV/For-Profit/CNA,2022-10-01,0.0828193832599119,0.08850051943253337
WV/For-Profit/CNA,2022-11-01,0.06721455826240094,0.08390593426420873
WV/For-Profit/CNA,2022-12-01,0.0844574780058651,0.10748112225789022
WV/For-Profit/CNA,2023-01-01,0.08179419525065963,0.08872254689655396
WV/For-Profit/CNA,2023-02-01,0.08451536643026004,0.08869449387252781
WV/For-Profit/CNA,2023-03-01,0.12709030100334448,0.11054688393516995
WV/For-Profit/CNA,2023-04-01,0.21917111619628782,0.0962607392425247
WV/For-Profit/CNA,2023-05-01,0.08674209457499275,0.09743492239736343
WV/For-Profit/CNA,2023-06-01,0.09642346208869813,0.11636122190914353
WV/For-Profit/CNA,2023-07-01,0.08857938718662953,0.09528753934655187
WV/For-Profit/CNA,2023-08-01,0.09050772626931568,0.09788016719220392
WV/For-Profit/CNA,2023-09-01,0.08722222222222223,0.10563027915785031
WV/For-Profit/CNA,2023-10-01,0.07948294829482948,0.09346947043769044
WV/For-Profit/CNA,2023-11-01,0.07005494505494506,0.0886828814952179
WV/For-Profit/CNA,2023-12-01,0.08197175297701467,0.11214851125019269
WV/For-Profit/CNA,2024-01-01,0.07773564463705308,0.09329803323096063
WV/For-Profit/CNA,2024-02-01,0.08084406686763497,0.0932567514375032
WV/For-Profit/CNA,2024-03-01,0.09148351648351648,0.11525303158646145
WV/For-Profit/CNA,2024-04-01,0.09237170596393897,0.10171333199846005
WV/For-Profit/CNA,2024-05-01,0.16457461645746166,0.1053530840932059
WV/For-Profit/CNA,2024-06-01,0.3900472616068946,0.1259135859874683
WV/For-Profit/CNA,2024-07-01,0.08108108108108109,0.10260640310635763
WV/For-Profit/CNA,2024-08-01,0.10234077299945564,0.10310425257774336
WV/For-Profit/CNA,2024-09-01,0.07571508693213685,0.10867604637533636
WV/For-Profit/CNA,2024-10-01,0.08034744842562432,0.09444456801923704
WV/For-Profit/CNA,2024-11-01,0.0690780527604025,0.08771757521054166
WV/For-Profit/CNA,2024-12-01,0.07277701778385773,0.10930321342760144
WV/For-Profit/CNA,2025-01-01,0.06239600665557404,0.08854630962530533
WV/For-Profit/CNA,2025-02-01,0.06520532741398447,0.08685452572648297
WV/For-Profit/CNA,2025-03-01,0.09607466373867692,0.1072309491847549
WV/For-Profit/LPN,2022-10-01,0.05358490566037736,0.06814415882200045
WV/For-Profit/LPN,2022-11-01,0.050642479213907785,0.06313835304536829
WV/For-Profit/LPN,2022-12-01,0.05433962264150943,0.08675639395435085
WV/For-Profit/LPN,2023-01-01,0.060514372163388806,0.06838923282226718
WV/For-Profit/LPN,2023-02-01,0.06641221374045801,0.06771757335397394
WV/For-Profit/LPN,2023-03-01,0.07692307692307693,0.0883838185990719
WV/For-Profit/LPN,2023-04-01,0.21029504080351538,0.07535596901602133
WV/For-Profit/LPN,2023-05-01,0.0614359733530718,0.0759962511483653
WV/For-Profit/LPN,2023-06-01,0.08290155440414508,0.09641514084429989
WV/For-Profit/LPN,2023-07-01,0.06272273699215966,0.07396243911162168
WV/For-Profit/LPN,2023-08-01,0.0628053035589672,0.07693639347981818
WV/For-Profit/LPN,2023-09-01,0.05625879043600562,0.08485011856611974
WV/For-Profit/LPN,2023-10-01,0.06341463414634146,0.07245117410170021
WV/For-Profit/LPN,2023-11-01,0.042747021723896286,0.06779787881819724
WV/For-Profit/LPN,2023-12-01,0.06993006993006994,0.0919383892130313
WV/For-Profit/LPN,2024-01-01,0.0674931129476584,0.07395186002567515
WV/For-Profit/LPN,2024-02-01,0.0621160409556314,0.07361552375739772
WV/For-Profit/LPN,2024-03-01,0.06798096532970768,0.09475665951859633
WV/For-Profit/LPN,2024-04-01,0.06973595125253892,0.08241563085227638
WV/For-Profit/LPN,2024-05-01,0.13297150610583447,0.08571614922728282
WV/For-Profit/LPN,2024-06-01,0.40054310930074677,0.10803287680869558
WV/For-Profit/LPN,2024-07-01,0.055445544554455446,0.08328921662943059
WV/For-Profit/LPN,2024-08-01,0.08938906752411575,0.08420375033159169
WV/For-Profit/LPN,2024-09-01,0.06688963210702341,0.08967476453818381
WV/For-Profit/LPN,2024-10-01,0.050032916392363395,0.07489105393593512
WV/For-Profit/LPN,2024-11-01,0.033178500331785,0.06793702771421387
WV/For-Profit/LPN,2024-12-01,0.04771241830065359,0.08997879554249118
WV/For-Profit/LPN,2025-01-01,0.051667756703727925,0.07015670670320083
WV/For-Profit/LPN,2025-02-01,0.051827242524916946,0.0682073251026053
WV/For-Profit/LPN,2025-03-01,0.08195637805684071,0.08773172994826446
WV/For-Profit/RN,2022-10-01,0.04527938342967245,0.07009142231954142
WV/For-Profit/RN,2022-11-01,0.052884615384615384,0.06606352326351558
WV/For-Profit/RN,2022-12-01,0.06069364161849711,0.08884649591256366
WV/For-Profit/RN,2023-01-01,0.04734299516908213,0.06940314668196322
WV/For-Profit/RN,2023-02-01,0.05603864734299517,0.07026575572797866
WV/For-Profit/RN,2023-03-01,0.13743218806509946,0.09262718716839138
WV/For-Profit/RN,2023-04-01,0.188069594034797,0.07729197326383783
WV/For-Profit/RN,2023-05-01,0.04633204633204633,0.07759749787400441
WV/For-Profit/RN,2023-06-01,0.08216619981325864,0.09740222712430764
WV/For-Profit/RN,2023-07-01,0.058118081180811805,0.07728421641417516
WV/For-Profit/RN,2023-08-01,0.05258215962441314,0.07998587544596122
WV/For-Profit/RN,2023-09-01,0.07129094412331406,0.08942447295665473
WV/For-Profit/RN,2023-10-01,0.06672760511882998,0.07765155601688721
WV/For-Profit/RN,2023-11-01,0.06545454545454546,0.07424350000981886
WV/For-Profit/RN,2023-12-01,0.08636363636363636,0.09747392298732996
WV/For-Profit/RN,2024-01-01,0.06584723441615452,0.07842549425323424
WV/For-Profit/RN,2024-02-01,0.06626506024096386,0.0794051166550658
WV/For-Profit/RN,2024-03-01,0.07625649913344887,0.10194500137961662
WV/For-Profit/RN,2024-04-01,0.08418367346938775,0.08772968968199203
WV/For-Profit/RN,2024-05-01,0.12531969309462915,0.0906274169799654
WV/For-Profit/RN,2024-06-01,0.34709351305812974,0.1122246530588267
WV/For-Profit/RN,2024-07-01,0.07113316790736146,0.09040353920334496
WV/For-Profit/RN,2024-08-01,0.09038142620232173,0.09138051781426029
WV/For-Profit/RN,2024-09-01,0.08503401360544217,0.09889755001254516
WV/For-Profit/RN,2024-10-01,0.0886178861788618,0.08504635397905003
WV/For-Profit/RN,2024-11-01,0.07202680067001675,0.07946673449174953
WV/For-Profit/RN,2024-12-01,0.06255355612682091,0.10052855880585387
WV/For-Profit/RN,2025-01-01,0.055603079555175364,0.0794945118257282
WV/For-Profit/RN,2025-02-01,0.07996632996632996,0.0787876784844978
WV/For-Profit/RN,2025-03-01,0.0847457627118644,0.09947247348780042
WV/Government/CNA,2022-10-01,0.06060606060606061,0.03453031468445365
WV/Government/CNA,2022-11-01,0.0,0.02617753949649445
WV/Government/CNA,2022-12-01,0.0,0.05050307823022719
WV/Government/CNA,2023-01-01,0.03333333333333333,0.03175649395792978
WV/Government/CNA,2023-02-01,0.0,0.030291233249952015
WV/Government/CNA,2023-03-01,0.03571428571428571,0.05058868032780845
WV/Government/CNA,2023-04-01,0.037037037037037035,0.03094926476680579
WV/Government/CNA,2023-05-01,0.038461538461538464,0.03585347619999165
WV/Government/CNA,2023-06-01,0.0,0.04571303416360062
WV/Government/CNA,2023-07-01,0.0,0.03517529850285232
WV/Government/CNA,2023-08-01,0.0,0.03936343972430069
WV/Government/CNA,2023-09-01,0.0,0.05004483720642108
WV/Government/CNA,2023-10-01,0.07142857142857142,0.04469714764167655
WV/Government/CNA,2023-11-01,0.07407407407407407,0.03973745715559558
WV/Government/CNA,2023-12-01,0.0967741935483871,0.06657281219150221
WV/Government/CNA,2024-01-01,0.12121212121212122,0.049344794025791734
WV/Government/CNA,2024-02-01,0.16666666666666666,0.0484243701626952
WV/Government/CNA,2024-03-01,0.10810810810810811,0.06730720323385439
WV/Government/CNA,2024-04-01,0.06451612903225806,0.0455505598959111
WV/Government/CNA,2024-05-01,0.08571428571428572,0.04819919899768074
WV/Government/CNA,2024-06-01,0.0,0.05532631320359348
WV/Government/CNA,2024-07-01,0.0,0.04215307718307551
WV/Government/CNA,2024-08-01,0.018867924528301886,0.0438551017965571
WV/Government/CNA,2024-09-01,0.018867924528301886,0.05169241377532703
WV/Government/CNA,2024-10-01,0.05660377358490566,0.04328120930106791
WV/Government/CNA,2024-11-01,0.0,0.035440111237376365
WV/Government/CNA,2024-12-01,0.07407407407407407,0.06033433755210786
WV/Government/CNA,2025-01-01,0.037037037037037035,0.04153466635138819
WV/Government/CNA,2025-02-01,0.018867924528301886,0.04002007509358917
WV/Government/CNA,2025-03-01,0.09259259259259259,0.06021787446677851
WV/Non-Profit/CNA,2022-10-01,0.08870967741935484,0.06767794944721855
WV/Non-Profit/CNA,2022-11-01,0.050100200400801605,0.06135663781871121
WV/Non-Profit/CNA,2022-12-01,0.12678936605316973,0.08596869346959142
WV/Non-Profit/CNA,2023-01-01,0.05979381443298969,0.06364644647201614
WV/Non-Profit/CNA,2023-02-01,0.05625,0.06213328976869117
WV/Non-Profit/CNA,2023-03-01,0.16255144032921812,0.08358086016403501
WV/Non-Profit/CNA,2023-04-01,0.05263157894736842,0.06034351800263976
WV/Non-Profit/CNA,2023-05-01,0.04956896551724138,0.06299259050586349
WV/Non-Profit/CNA,2023-06-01,0.05411255411255411,0.07477950146901678
WV/Non-Profit/CNA,2023-07-01,0.047524752475247525,0.06202707592319766
WV/Non-Profit/CNA,2023-08-01,0.0598669623059867,0.06340564983821945
WV/Non-Profit/CNA,2023-09-01,0.07606263982102908,0.0710225732749161
WV/Non-Profit/CNA,2023-10-01,0.05765407554671968,0.058831145316552154
WV/Non-Profit/CNA,2023-11-01,0.03619047619047619,0.052028078856636684
WV/Non-Profit/CNA,2023-12-01,0.054924242424242424,0.07615101634554489
WV/Non-Profit/CNA,2024-01-01,0.04038461538461539,0.05421177432034573
WV/Non-Profit/CNA,2024-02-01,0.04725897920604915,0.05309076520782684
WV/Non-Profit/CNA,2024-03-01,0.07476635514018691,0.07487893621756977
WV/Non-Profit/CNA,2024-04-01,0.04780876494023904,0.053182111212147526
WV/Non-Profit/CNA,2024-05-01,0.0625,0.057268736933050936
WV/Non-Profit/CNA,2024-06-01,0.06909090909090909,0.07031092354417721
WV/Non-Profit/CNA,2024-07-01,0.06872852233676977,0.058477966784452495
WV/Non-Profit/CNA,2024-08-01,0.06608695652173913,0.06067285222595151
WV/Non-Profit/CNA,2024-09-01,0.04504504504504504,0.06885783450019373
WV/Non-Profit/CNA,2024-10-01,0.06338028169014084,0.057513529729339395
WV/Non-Profit/CNA,2024-11-01,0.05892857142857143,0.05136134328471966
WV/Non-Profit/CNA,2024-12-01,0.06082289803220036,0.07599750646374245
WV/Non-Profit/CNA,2025-01-01,0.06097560975609756,0.054421331081103266
WV/Non-Profit/CNA,2025-02-01,0.07387387387387387,0.05335069709069703
WV/Non-Profit/CNA,2025-03-01,0.062157221206581355,0.07493428608520444
WV/Non-Profit/LPN,2022-10-01,0.017543859649122806,0.049391327800498236
WV/Non-Profit/LPN,2022-11-01,0.056179775280898875,0.04619489135101869
WV/Non-Profit/LPN,2022-12-01,0.17341040462427745,0.07372169844646732
WV/Non-Profit/LPN,2023-01-01,0.02247191011235955,0.045157102249250895
WV/Non-Profit/LPN,2023-02-01,0.028409090909090908,0.045544713120787346
WV/Non-Profit/LPN,2023-03-01,0.08571428571428572,0.06446768003335204
WV/Non-Profit/LPN,2023-04-01,0.046357615894039736,0.04401399299048424
WV/Non-Profit/LPN,2023-05-01,0.03225806451612903,0.046422820957260066
WV/Non-Profit/LPN,2023-06-01,0.0784313725490196,0.06018834598024639
WV/Non-Profit/LPN,2023-07-01,0.023255813953488372,0.045359713526375106
WV/Non-Profit/LPN,2023-08-01,0.03067484662576687,0.04734441128600488
WV/Non-Profit/LPN,2023-09-01,0.055900621118012424,0.05526789280166608
WV/Non-Profit/LPN,2023-10-01,0.045714285714285714,0.04152982349683637
WV/Non-Profit/LPN,2023-11-01,0.041666666666666664,0.03757764911122242
WV/Non-Profit/LPN,2023-12-01,0.04678362573099415,0.06436362305499085
WV/Non-Profit/LPN,2024-01-01,0.010810810810810811,0.03649606387933012
WV/Non-Profit/LPN,2024-02-01,0.0748663101604278,0.037688996762273996
WV/Non-Profit/LPN,2024-03-01,0.03783783783783784,0.05670882673763926
WV/Non-Profit/LPN,2024-04-01,0.0273224043715847,0.036958933022012135
WV/Non-Profit/LPN,2024-05-01,0.035175879396984924,0.04026806515274881
WV/Non-Profit/LPN,2024-06-01,0.05181347150259067,0.054759485854025625
WV/Non-Profit/LPN,2024-07-01,0.03571428571428571,0.040908499647258414
WV/Non-Profit/LPN,2024-08-01,0.054187192118226604,0.0436979840816644
WV/Non-Profit/LPN,2024-09-01,0.03414634146341464,0.05206152496891011
WV/Non-Profit/LPN,2024-10-01,0.037914691943127965,0.0389834751892097
WV/Non-Profit/LPN,2024-11-01,0.028708133971291867,0.035837873151509825
WV/Non-Profit/LPN,2024-12-01,0.1179245283018868,0.06356735006865952
WV/Non-Profit/LPN,2025-01-01,0.0049504950495049506,0.035669270072158005
WV/Non-Profit/LPN,2025-02-01,0.03773584905660377,0.03696388742491025
WV/Non-Profit/LPN,2025-03-01,0.05314009661835749,0.05637710521337631
WV/Non-Profit/RN,2022-10-01,0.043478260869565216,0.057767435615285516
WV/Non-Profit/RN,2022-11-01,0.024390243902439025,0.05324890215743454
WV/Non-Profit/RN,2022-12-01,0.16265060240963855,0.08086443164336572
WV/Non-Profit/RN,2023-01-01,0.055900621118012424,0.05539939292514263
WV/Non-Profit/RN,2023-02-01,0.039473684210526314,0.053835119265999584
WV/Non-Profit/RN,2023-03-01,0.14093959731543623,0.07613089774138522
WV/Non-Profit/RN,2023-04-01,0.04411764705882353,0.053406191138987306
WV/Non-Profit/RN,2023-05-01,0.051094890510948905,0.05570857570987086
WV/Non-Profit/RN,2023-06-01,0.03731343283582089,0.06760403792017558
WV/Non-Profit/RN,2023-07-01,0.012578616352201259,0.05420254668718862
WV/Non-Profit/RN,2023-08-01,0.06875,0.05813996514106196
WV/Non-Profit/RN,2023-09-01,0.08928571428571429,0.06652186319540944
WV/Non-Profit/RN,2023-10-01,0.07692307692307693,0.052269983382152274
WV/Non-Profit/RN,2023-11-01,0.04142011834319527,0.04671938368348689
WV/Non-Profit/RN,2023-12-01,0.05202312138728324,0.07297465968652432
WV/Non-Profit/RN,2024-01-01,0.030120481927710843,0.04752507193297037
WV/Non-Profit/RN,2024-02-01,0.04142011834319527,0.04620813953242102
WV/Non-Profit/RN,2024-03-01,0.07602339181286549,0.06860510641927077
WV/Non-Profit/RN,2024-04-01,0.05084745762711865,0.046778366743424206
WV/Non-Profit/RN,2024-05-01,0.03488372093023256,0.049827541420036446
WV/Non-Profit/RN,2024-06-01,0.055865921787709494,0.06261830334030127
WV/Non-Profit/RN,2024-07-01,0.04891304347826087,0.04978288068166166
WV/Non-Profit/RN,2024-08-01,0.06521739130434782,0.05385059517870858
WV/Non-Profit/RN,2024-09-01,0.05202312138728324,0.06217522089047107
WV/Non-Profit/RN,2024-10-01,0.022988505747126436,0.04831166153180648
WV/Non-Profit/RN,2024-11-01,0.056818181818181816,0.043778949865825006
WV/Non-Profit/RN,2024-12-01,0.10112359550561797,0.070984990873096
WV/Non-Profit/RN,2025-01-01,0.02197802197802198,0.045802138480324536
WV/Non-Profit/RN,2025-02-01,0.0481283422459893,0.04479056259419023
WV/Non-Profit/RN,2025-03-01,0.06285714285714286,0.0673416310599907
WY/For-Profit/CNA,2022-10-01,0.06896551724137931,0.08043099279123532
WY/For-Profit/CNA,2022-11-01,0.055855855855855854,0.07613660418592207
WY/For-Profit/CNA,2022-12-01,0.1054481546572935,0.10571327815326975
WY/For-Profit/CNA,2023-01-01,0.07742998352553541,0.08103981803539315
WY/For-Profit/CNA,2023-02-01,0.1205564142194745,0.08185338532781447
WY/For-Profit/CNA,2023-03-01,0.10063897763578275,0.09914959862208975
WY/For-Profit/CNA,2023-04-01,0.07855973813420622,0.08235589909900658
WY/For-Profit/CNA,2023-05-01,0.09740259740259741,0.08674172728150625
WY/For-Profit/CNA,2023-06-01,0.11658456486042693,0.10055173077592729
WY/For-Profit/CNA,2023-07-01,0.08226691042047532,0.08749518476232032
WY/For-Profit/CNA,2023-08-01,0.11252268602540835,0.0902120209251957
WY/For-Profit/CNA,2023-09-01,0.08269230769230769,0.09756740275548055
WY/For-Profit/CNA,2023-10-01,0.07258064516129033,0.08457113642976254
WY/For-Profit/CNA,2023-11-01,0.08267090620031796,0.079900466864516
WY/For-Profit/CNA,2023-12-01,0.16946564885496182,0.10873275121954809
WY/For-Profit/CNA,2024-01-01,0.07263513513513513,0.0824955513207316
WY/For-Profit/CNA,2024-02-01,0.09137931034482759,0.08182571968054399
WY/For-Profit/CNA,2024-03-01,0.0582010582010582,0.09808082155573727
WY/For-Profit/CNA,2024-04-01,0.08838821490467938,0.08091345445132513
WY/For-Profit/CNA,2024-05-01,0.08950086058519793,0.08467580124692588
WY/For-Profit/CNA,2024-06-01,0.09866220735785954,0.09785117369650659
WY/For-Profit/CNA,2024-07-01,0.08803986710963455,0.08447792653364626
WY/For-Profit/CNA,2024-08-01,0.08196721311475409,0.0866068009570182
WY/For-Profit/CNA,2024-09-01,0.07868852459016394,0.0938036348786481
WY/For-Profit/CNA,2024-10-01,0.06677018633540373,0.08062351786054846
WY/For-Profit/CNA,2024-11-01,0.05828220858895705,0.07591850648039858
WY/For-Profit/CNA,2024-12-01,0.17251051893408134,0.10491769469347229
WY/For-Profit/CNA,2025-01-01,0.07164634146341463,0.0787685868718808
WY/For-Profit/CNA,2025-02-01,0.06446776611694154,0.07815613186716322
WY/For-Profit/CNA,2025-03-01,0.07014925373134329,0.09484255713597536
WY/For-Profit/LPN,2022-10-01,0.038461538461538464,0.060059771231443716
WY/For-Profit/LPN,2022-11-01,0.06666666666666667,0.05913974354606071
WY/For-Profit/LPN,2022-12-01,0.03418803418803419,0.083890778977709
WY/For-Profit/LPN,2023-01-01,0.10236220472440945,0.06316362007186799
WY/For-Profit/LPN,2023-02-01,0.0967741935483871,0.060371146046725416
WY/For-Profit/LPN,2023-03-01,0.08064516129032258,0.0774813522264908
WY/For-Profit/LPN,2023-04-01,0.04838709677419355,0.061187999858318604
WY/For-Profit/LPN,2023-05-01,0.05737704918032787,0.06504591221512053
WY/For-Profit/LPN,2023-06-01,0.10606060606060606,0.0793091832931808
WY/For-Profit/LPN,2023-07-01,0.05084745762711865,0.06552966675800412
WY/For-Profit/LPN,2023-08-01,0.10434782608695652,0.06921287047170893
WY/For-Profit/LPN,2023-09-01,0.05504587155963303,0.0758500465550395
WY/For-Profit/LPN,2023-10-01,0.024,0.060738145393526725
WY/For-Profit/LPN,2023-11-01,0.06015037593984962,0.05977552684289027
WY/For-Profit/LPN,2023-12-01,0.17164179104477612,0.08458150465298912
WY/For-Profit/LPN,2024-01-01,0.043859649122807015,0.06207565546833574
WY/For-Profit/LPN,2024-02-01,0.043478260869565216,0.05831890571590662
WY/For-Profit/LPN,2024-03-01,0.017094017094017096,0.07516109529744762
WY/For-Profit/LPN,2024-04-01,0.07936507936507936,0.05934247706531599
WY/For-Profit/LPN,2024-05-01,0.08208955223880597,0.06324052797226296
WY/For-Profit/LPN,2024-06-01,0.078125,0.07712055907951186
WY/For-Profit/LPN,2024-07-01,0.07142857142857142,0.06333134570748863
WY/For-Profit/LPN,2024-08-01,0.07086614173228346,0.0665860310635946
WY/For-Profit/LPN,2024-09-01,0.08130081300813008,0.07332454830690649
WY/For-Profit/LPN,2024-10-01,0.03125,0.05791148343731394
WY/For-Profit/LPN,2024-11-01,0.08130081300813008,0.056560666849941085
WY/For-Profit/LPN,2024-12-01,0.0975609756097561,0.08064467872743096
WY/For-Profit/LPN,2025-01-01,0.07758620689655173,0.058311777134793776
WY/For-Profit/LPN,2025-02-01,0.02702702702702703,0.054331987079521006
WY/For-Profit/LPN,2025-03-01,0.02702702702702703,0.07104403349309531
WY/For-Profit/RN,2022-10-01,0.056818181818181816,0.05961416801147558
WY/For-Profit/RN,2022-11-01,0.028735632183908046,0.05292358007432485
WY/For-Profit/RN,2022-12-01,0.061452513966480445,0.07960913972660184
WY/For-Profit/RN,2023-01-01,0.027777777777777776,0.05696874246867803
WY/For-Profit/RN,2023-02-01,0.13658536585365855,0.059520528845607865
WY/For-Profit/RN,2023-03-01,0.09693877551020408,0.07851792684200246
WY/For-Profit/RN,2023-04-01,0.042105263157894736,0.056820467610688985
WY/For-Profit/RN,2023-05-01,0.06060606060606061,0.062360960415668236
WY/For-Profit/RN,2023-06-01,0.061224489795918366,0.07440798209831541
WY/For-Profit/RN,2023-07-01,0.060109289617486336,0.06317014269695072
WY/For-Profit/RN,2023-08-01,0.0962566844919786,0.06438341037615831
WY/For-Profit/RN,2023-09-01,0.043478260869565216,0.07216269143439466
WY/For-Profit/RN,2023-10-01,0.07692307692307693,0.06101231043621009
WY/For-Profit/RN,2023-11-01,0.04081632653061224,0.05412149147630133
WY/For-Profit/RN,2023-12-01,0.07655502392344497,0.08060529087613211
WY/For-Profit/RN,2024-01-01,0.0673076923076923,0.057456636304360126
WY/For-Profit/RN,2024-02-01,0.052132701421800945,0.05896999048065552
WY/For-Profit/RN,2024-03-01,0.07352941176470588,0.07802174353986949
WY/For-Profit/RN,2024-04-01,0.038834951456310676,0.056777972085385944
WY/For-Profit/RN,2024-05-01,0.0892018779342723,0.0628033339264602
WY/For-Profit/RN,2024-06-01,0.07,0.07500554805435092
WY/For-Profit/RN,2024-07-01,0.09313725490196079,0.06379769567995201
WY/For-Profit/RN,2024-08-01,0.023809523809523808,0.06453954719334712
WY/For-Profit/RN,2024-09-01,0.05909090909090909,0.07290880559601612
WY/For-Profit/RN,2024-10-01,0.06329113924050633,0.062031137206326324
WY/For-Profit/RN,2024-11-01,0.03524229074889868,0.055625684159696626
WY/For-Profit/RN,2024-12-01,0.13389121338912133,0.08265597121662491
WY/For-Profit/RN,2025-01-01,0.034482758620689655,0.05934410044626977
WY/For-Profit/RN,2025-02-01,0.056768558951965066,0.0612459869381209
WY/For-Profit/RN,2025-03-01,0.1072961373390558,0.08062361473682879
WY/Government/CNA,2022-10-01,0.034482758620689655,0.052087170925516346
WY/Government/CNA,2022-11-01,0.06642066420664207,0.046066992714186926
WY/Government/CNA,2022-12-01,0.04814814814814815,0.06790868799478625
WY/Government/CNA,2023-01-01,0.04,0.04714247424613023
WY/Government/CNA,2023-02-01,0.04477611940298507,0.04610836616174359
WY/Government/CNA,2023-03-01,0.05017921146953405,0.06669303467293529
WY/Government/CNA,2023-04-01,0.025454545454545455,0.04705135260072425
WY/Government/CNA,2023-05-01,0.06115107913669065,0.0529010837526524
WY/Government/CNA,2023-06-01,0.036231884057971016,0.06909652654524812
WY/Government/CNA,2023-07-01,0.05172413793103448,0.054578552510210605
WY/Government/CNA,2023-08-01,0.07586206896551724,0.05907870813509504
WY/Government/CNA,2023-09-01,0.05415162454873646,0.06713650332551023
WY/Government/CNA,2023-10-01,0.13962264150943396,0.05775817589916921
WY/Government/CNA,2023-11-01,0.038314176245210725,0.051544353155495534
WY/Government/CNA,2023-12-01,0.06415094339622641,0.07383711393185823
WY/Government/CNA,2024-01-01,0.04727272727272727,0.0531442187524169
WY/Government/CNA,2024-02-01,0.05263157894736842,0.052124790703862646
WY/Government/CNA,2024-03-01,0.06513409961685823,0.07279779817059477
WY/Government/CNA,2024-04-01,0.04590163934426229,0.053209345530273455
WY/Government/CNA,2024-05-01,0.05956112852664577,0.05880284347892328
WY/Government/CNA,2024-06-01,0.1864406779661017,0.07477368451082597
WY/Government/CNA,2024-07-01,0.046153846153846156,0.058286856874975104
WY/Government/CNA,2024-08-01,0.07142857142857142,0.0608060071516498
WY/Government/CNA,2024-09-01,0.04929577464788732,0.06708155805258793
WY/Government/CNA,2024-10-01,0.046511627906976744,0.05593820266495785
WY/Government/CNA,2024-11-01,0.04983388704318937,0.049154262932015594
WY/Government/CNA,2024-12-01,0.05723905723905724,0.07064247013263848
WY/Government/CNA,2025-01-01,0.022988505747126436,0.049308970035550695
WY/Government/CNA,2025-02-01,0.022641509433962263,0.04795492429067363
WY/Government/CNA,2025-03-01,0.08421052631578947,0.06855505358247747
WY/Government/LPN,2022-10-01,0.08333333333333333,0.07539952695686637
WY/Government/LPN,2022-11-01,0.0,0.06273676221000603
WY/Government/LPN,2022-12-01,0.10416666666666667,0.08950928654064061
WY/Government/LPN,2023-01-01,0.10869565217391304,0.07078193175043103
WY/Government/LPN,2023-02-01,0.09090909090909091,0.0661438392462198
WY/Government/LPN,2023-03-01,0.06976744186046512,0.08441234926310115
WY/Government/LPN,2023-04-01,0.025,0.06629244047222763
WY/Government/LPN,2023-05-01,0.06976744186046512,0.07305263131449753
WY/Government/LPN,2023-06-01,0.11363636363636363,0.09052410486008483
WY/Government/LPN,2023-07-01,0.08888888888888889,0.07486748894223705
WY/Government/LPN,2023-08-01,0.046511627906976744,0.07451699462196713
WY/Government/LPN,2023-09-01,0.07317073170731707,0.08417268630156267
WY/Government/LPN,2023-10-01,0.24324324324324326,0.08010842625758816
WY/Government/LPN,2023-11-01,0.0967741935483871,0.0658757681107933
WY/Government/LPN,2023-12-01,0.03225806451612903,0.0898407595535606
WY/Government/LPN,2024-01-01,0.0625,0.06921705722168348
WY/Government/LPN,2024-02-01,0.03225806451612903,0.06335860159838905
WY/Government/LPN,2024-03-01,0.029411764705882353,0.08107744025572408
WY/Government/LPN,2024-04-01,0.045454545454545456,0.06290831482888501
WY/Government/LPN,2024-05-01,0.08888888888888889,0.06934248876833324
WY/Government/LPN,2024-06-01,0.19148936170212766,0.08618069328458448
WY/Government/LPN,2024-07-01,0.061224489795918366,0.06873638078324137
WY/Government/LPN,2024-08-01,0.020833333333333332,0.06694058915274245
WY/Government/LPN,2024-09-01,0.022222222222222223,0.07536052814130415
WY/Government/LPN,2024-10-01,0.1,0.0705083526440831
WY/Government/LPN,2024-11-01,0.021739130434782608,0.057475592641306035
WY/Government/LPN,2024-12-01,0.13043478260869565,0.08347043075267944
WY/Government/LPN,2025-01-01,0.09090909090909091,0.06348552730908873
WY/Government/LPN,2025-02-01,0.022222222222222223,0.05771156068272535
WY/Government/LPN,2025-03-01,0.0425531914893617,0.07572467170465125
WY/Government/RN,2022-10-01,0.05228758169934641,0.05836873955023431
WY/Government/RN,2022-11-01,0.05517241379310345,0.05433066907227851
WY/Government/RN,2022-12-01,0.0390625,0.07755842663958351
WY/Government/RN,2023-01-01,0.04225352112676056,0.056006706025039515
WY/Government/RN,2023-02-01,0.07352941176470588,0.055470959430714735
WY/Government/RN,2023-03-01,0.03731343283582089,0.07387070157154609
WY/Government/RN,2023-04-01,0.0763888888888889,0.058640228473135214
WY/Government/RN,2023-05-01,0.057971014492753624,0.06237756541620227
WY/Government/RN,2023-06-01,0.03546099290780142,0.0795247180753384
WY/Government/RN,2023-07-01,0.04285714285714286,0.06472211221840747
WY/Government/RN,2023-08-01,0.09352517985611511,0.06911212784152992
WY/Government/RN,2023-09-01,0.06153846153846154,0.07922687817106618
WY/Government/RN,2023-10-01,0.11627906976744186,0.06864003240041953
WY/Government/RN,2023-11-01,0.11278195488721804,0.06538315231459665
WY/Government/RN,2023-12-01,0.12,0.08901942450897113
WY/Government/RN,2024-01-01,0.0743801652892562,0.0668664814551436
WY/Government/RN,2024-02-01,0.03418803418803419,0.06539835587230336
WY/Government/RN,2024-03-01,0.08264462809917356,0.0836023753435037
WY/Government/RN,2024-04-01,0.07194244604316546,0.06772250496962265
WY/Government/RN,2024-05-01,0.07913669064748201,0.07089698155909005
WY/Government/RN,2024-06-01,0.22,0.08726463167612244
WY/Government/RN,2024-07-01,0.05925925925925926,0.0694349574457498
WY/Government/RN,2024-08-01,0.03937007874015748,0.07057497210774868
WY/Government/RN,2024-09-01,0.07575757575757576,0.07808908605250833
WY/Government/RN,2024-10-01,0.031496062992125984,0.06488661620981198
WY/Government/RN,2024-11-01,0.0364963503649635,0.0601083802506243
WY/Government/RN,2024-12-01,0.10416666666666667,0.08306668487832763
WY/Government/RN,2025-01-01,0.048,0.060332720883203315
WY/Government/RN,2025-02-01,0.06201550387596899,0.05863198934888798
WY/Government/RN,2025-03-01,0.03937007874015748,0.07598914760813943
WY/Non-Profit/CNA,2022-10-01,0.05737704918032787,0.0643657506301937
WY/Non-Profit/CNA,2022-11-01,0.06666666666666667,0.05895405392406803
WY/Non-Profit/CNA,2022-12-01,0.0603448275862069,0.08198811893162902
WY/Non-Profit/CNA,2023-01-01,0.06944444444444445,0.06169642914092986
WY/Non-Profit/CNA,2023-02-01,0.023076923076923078,0.06042206807237872
WY/Non-Profit/CNA,2023-03-01,0.0703125,0.08049765773293607
WY/Non-Profit/CNA,2023-04-01,0.07017543859649122,0.062336988050163175
WY/Non-Profit/CNA,2023-05-01,0.08771929824561403,0.06748105130268914
WY/Non-Profit/CNA,2023-06-01,0.08620689655172414,0.08055603935039876
WY/Non-Profit/CNA,2023-07-01,0.08928571428571429,0.06916736209863329
WY/Non-Profit/CNA,2023-08-01,0.07766990291262135,0.07146431340174714
WY/Non-Profit/CNA,2023-09-01,0.11,0.08062989016444305
WY/Non-Profit/CNA,2023-10-01,0.08547008547008547,0.06799070183849154
WY/Non-Profit/CNA,2023-11-01,0.06504065040650407,0.06180194326823128
WY/Non-Profit/CNA,2023-12-01,0.0743801652892562,0.08408548027376612
WY/Non-Profit/CNA,2024-01-01,0.08270676691729323,0.06297290225940265
WY/Non-Profit/CNA,2024-02-01,0.06299212598425197,0.06065379689897628
WY/Non-Profit/CNA,2024-03-01,0.05343511450381679,0.07907715643891386
WY/Non-Profit/CNA,2024-04-01,0.04477611940298507,0.05964391270269696
WY/Non-Profit/CNA,2024-05-01,0.05223880597014925,0.06373783216243846
WY/Non-Profit/CNA,2024-06-01,0.050359712230215826,0.07626843399070622
WY/Non-Profit/CNA,2024-07-01,0.04945054945054945,0.0646904098252703
WY/Non-Profit/CNA,2024-08-01,0.07344632768361582,0.0673971270465978
WY/Non-Profit/CNA,2024-09-01,0.05844155844155844,0.07692731396887975
WY/Non-Profit/CNA,2024-10-01,0.08176100628930817,0.06529334223131293
WY/Non-Profit/CNA,2024-11-01,0.05454545454545454,0.06016436480094847
WY/Non-Profit/CNA,2024-12-01,0.08928571428571429,0.08356161285088054
WY/Non-Profit/CNA,2025-01-01,0.032679738562091505,0.06348961585871782
WY/Non-Profit/CNA,2025-02-01,0.10240963855421686,0.06280185248657161
WY/Non-Profit/CNA,2025-03-01,0.10062893081761007,0.0822909989713626
WY/Non-Profit/RN,2022-10-01,0.022222222222222223,0.039207218167875355
WY/Non-Profit/RN,2022-11-01,0.043478260869565216,0.037360849889675266
WY/Non-Profit/RN,2022-12-01,0.022727272727272728,0.0576049993786623
WY/Non-Profit/RN,2023-01-01,0.09615384615384616,0.03852646836408286
WY/Non-Profit/RN,2023-02-01,0.02,0.03590253195266488
WY/Non-Profit/RN,2023-03-01,0.0196078431372549,0.056517598715106435
WY/Non-Profit/RN,2023-04-01,0.0425531914893617,0.03559449152859033
WY/Non-Profit/RN,2023-05-01,0.061224489795918366,0.040799072948159064
WY/Non-Profit/RN,2023-06-01,0.0392156862745098,0.05286696530123797
WY/Non-Profit/RN,2023-07-01,0.0851063829787234,0.041202641476948604
WY/Non-Profit/RN,2023-08-01,0.022727272727272728,0.04186272355630704
WY/Non-Profit/RN,2023-09-01,0.023255813953488372,0.04931357448187408
WY/Non-Profit/RN,2023-10-01,0.0196078431372549,0.0376290328478148
WY/Non-Profit/RN,2023-11-01,0.07407407407407407,0.036169734119784094
WY/Non-Profit/RN,2023-12-01,0.06,0.05628904244167124
WY/Non-Profit/RN,2024-01-01,0.018518518518518517,0.036714344715459035
WY/Non-Profit/RN,2024-02-01,0.05,0.03463492881548841
WY/Non-Profit/RN,2024-03-01,0.05555555555555555,0.055339019776062925
WY/Non-Profit/RN,2024-04-01,0.0,0.033930698091887194
WY/Non-Profit/RN,2024-05-01,0.037037037037037035,0.03914757423855919
WY/Non-Profit/RN,2024-06-01,0.04,0.05167929670742037
WY/Non-Profit/RN,2024-07-01,0.0,0.04037838053517541
WY/Non-Profit/RN,2024-08-01,0.04,0.04267964710566664
WY/Non-Profit/RN,2024-09-01,0.0196078431372549,0.05149011426227687
WY/Non-Profit/RN,2024-10-01,0.05660377358490566,0.04118519896217794
WY/Non-Profit/RN,2024-11-01,0.07407407407407407,0.04064753227224413
WY/Non-Profit/RN,2024-12-01,0.05555555555555555,0.06174383457038809
WY/Non-Profit/RN,2025-01-01,0.018867924528301886,0.04322722369541471
WY/Non-Profit/RN,2025-02-01,0.05454545454545454,0.042300881782311235
WY/Non-Profit/RN,2025-03-01,0.13793103448275862,0.06422876323040848
