unique_id,ds,AutoETS,SeasonalNaive
AK/For-Profit/CNA,2025-04-01,0.2711684485885726,0.034482758620689655
AK/For-Profit/CNA,2025-05-01,0.2711684485885726,0.054982817869415807
AK/For-Profit/CNA,2025-06-01,0.2711684485885726,0.06506849315068493
AK/For-Profit/CNA,2025-07-01,0.2711684485885726,0.08741258741258741
AK/For-Profit/CNA,2025-08-01,0.2711684485885726,0.05673758865248227
AK/For-Profit/CNA,2025-09-01,0.2711684485885726,0.04779411764705882
AK/For-Profit/LPN,2025-04-01,0.05369704388911153,0.031746031746031744
AK/For-Profit/LPN,2025-05-01,0.05369704388911153,0.015873015873015872
AK/For-Profit/LPN,2025-06-01,0.05369704388911153,0.047619047619047616
AK/For-Profit/LPN,2025-07-01,0.05369704388911153,0.22388059701492538
AK/For-Profit/LPN,2025-08-01,0.05369704388911153,0.0847457627118644
AK/For-Profit/LPN,2025-09-01,0.05369704388911153,0.03508771929824561
AK/For-Profit/RN,2025-04-01,0.25841588274888017,0.053691275167785234
AK/For-Profit/RN,2025-05-01,0.25841588274888017,0.020134228187919462
AK/For-Profit/RN,2025-06-01,0.25841588274888017,0.03289473684210526
AK/For-Profit/RN,2025-07-01,0.25841588274888017,0.044585987261146494
AK/For-Profit/RN,2025-08-01,0.25841588274888017,0.08917197452229299
AK/For-Profit/RN,2025-09-01,0.25841588274888017,0.0410958904109589
AK/Government/CNA,2025-04-01,0.04927868034339579,0.038461538461538464
AK/Government/CNA,2025-05-01,0.04927868034339579,0.03773584905660377
AK/Government/CNA,2025-06-01,0.04927868034339579,0.06
AK/Government/CNA,2025-07-01,0.04927868034339579,0.07017543859649122
AK/Government/CNA,2025-08-01,0.04927868034339579,0.01818181818181818
AK/Government/CNA,2025-09-01,0.04927868034339579,0.05172413793103448
AK/Non-Profit/CNA,2025-04-01,0.04891763214381418,0.058823529411764705
AK/Non-Profit/CNA,2025-05-01,0.04891763214381418,0.061224489795918366
AK/Non-Profit/CNA,2025-06-01,0.04891763214381418,0.0
AK/Non-Profit/CNA,2025-07-01,0.04891763214381418,0.08
AK/Non-Profit/CNA,2025-08-01,0.04891763214381418,0.020833333333333332
AK/Non-Profit/CNA,2025-09-01,0.04891763214381418,0.06
AL/For-Profit/CNA,2025-04-01,0.09796708853090372,0.09794449180638438
AL/For-Profit/CNA,2025-05-01,0.09796708853090372,0.0945692883895131
AL/For-Profit/CNA,2025-06-01,0.09796708853090372,0.11983279145378542
AL/For-Profit/CNA,2025-07-01,0.09796708853090372,0.0985674385079737
AL/For-Profit/CNA,2025-08-01,0.09796708853090372,0.10441983976955621
AL/For-Profit/CNA,2025-09-01,0.09796708853090372,0.09967697277341947
AL/For-Profit/LPN,2025-04-01,0.06797516071249754,0.0653968253968254
AL/For-Profit/LPN,2025-05-01,0.06797516071249754,0.0534471853257432
AL/For-Profit/LPN,2025-06-01,0.06797516071249754,0.10245128849780012
AL/For-Profit/LPN,2025-07-01,0.06797516071249754,0.07065385807251318
AL/For-Profit/LPN,2025-08-01,0.06797516071249754,0.06710158434296365
AL/For-Profit/LPN,2025-09-01,0.06797516071249754,0.0810977489978415
AL/For-Profit/RN,2025-04-01,0.07308168505103918,0.07186606778276848
AL/For-Profit/RN,2025-05-01,0.07308168505103918,0.071112896745681
AL/For-Profit/RN,2025-06-01,0.07308168505103918,0.0805817610062893
AL/For-Profit/RN,2025-07-01,0.07308168505103918,0.07297297297297298
AL/For-Profit/RN,2025-08-01,0.07308168505103918,0.06810311658330127
AL/For-Profit/RN,2025-09-01,0.07308168505103918,0.08967082860385925
AL/Government/CNA,2025-04-01,0.06926173363023257,0.06735751295336788
AL/Government/CNA,2025-05-01,0.06926173363023257,0.05370843989769821
AL/Government/CNA,2025-06-01,0.06926173363023257,0.0825
AL/Government/CNA,2025-07-01,0.06926173363023257,0.05
AL/Government/CNA,2025-08-01,0.06926173363023257,0.06
AL/Government/CNA,2025-09-01,0.06926173363023257,0.10224438902743142
AL/Government/LPN,2025-04-01,0.038014141912123794,0.07751937984496124
AL/Government/LPN,2025-05-01,0.038014141912123794,0.04918032786885246
AL/Government/LPN,2025-06-01,0.038014141912123794,0.03418803418803419
AL/Government/LPN,2025-07-01,0.038014141912123794,0.04201680672268908
AL/Government/LPN,2025-08-01,0.038014141912123794,0.02586206896551724
AL/Government/LPN,2025-09-01,0.038014141912123794,0.047619047619047616
AL/Government/RN,2025-04-01,0.0347901481657153,0.031914893617021274
AL/Government/RN,2025-05-01,0.0347901481657153,0.010526315789473684
AL/Government/RN,2025-06-01,0.0347901481657153,0.010752688172043012
AL/Government/RN,2025-07-01,0.0347901481657153,0.021052631578947368
AL/Government/RN,2025-08-01,0.0347901481657153,0.03125
AL/Government/RN,2025-09-01,0.0347901481657153,0.050505050505050504
AL/Non-Profit/CNA,2025-04-01,0.07537413167616457,0.0742296918767507
AL/Non-Profit/CNA,2025-05-01,0.07537413167616457,0.08698630136986302
AL/Non-Profit/CNA,2025-06-01,0.07537413167616457,0.06753069577080491
AL/Non-Profit/CNA,2025-07-01,0.07537413167616457,0.07055630936227951
AL/Non-Profit/CNA,2025-08-01,0.07537413167616457,0.08216432865731463
AL/Non-Profit/CNA,2025-09-01,0.07537413167616457,0.09331568497683654
AL/Non-Profit/LPN,2025-04-01,0.05527134035424364,0.04976303317535545
AL/Non-Profit/LPN,2025-05-01,0.05527134035424364,0.052752293577981654
AL/Non-Profit/LPN,2025-06-01,0.05527134035424364,0.059770114942528735
AL/Non-Profit/LPN,2025-07-01,0.05527134035424364,0.05868544600938967
AL/Non-Profit/LPN,2025-08-01,0.05527134035424364,0.05314009661835749
AL/Non-Profit/LPN,2025-09-01,0.05527134035424364,0.0746987951807229
AL/Non-Profit/RN,2025-04-01,0.05255483134073027,0.038461538461538464
AL/Non-Profit/RN,2025-05-01,0.05255483134073027,0.03768115942028986
AL/Non-Profit/RN,2025-06-01,0.05255483134073027,0.06128133704735376
AL/Non-Profit/RN,2025-07-01,0.05255483134073027,0.04046242774566474
AL/Non-Profit/RN,2025-08-01,0.05255483134073027,0.060941828254847646
AL/Non-Profit/RN,2025-09-01,0.05255483134073027,0.04289544235924933
AR/For-Profit/CNA,2025-04-01,0.0979272786517273,0.0862910381543922
AR/For-Profit/CNA,2025-05-01,0.0979272786517273,0.09848648648648649
AR/For-Profit/CNA,2025-06-01,0.0979272786517273,0.09155844155844156
AR/For-Profit/CNA,2025-07-01,0.0979272786517273,0.09468508056078677
AR/For-Profit/CNA,2025-08-01,0.0979272786517273,0.09745629645137653
AR/For-Profit/CNA,2025-09-01,0.0979272786517273,0.10027414592998735
AR/For-Profit/LPN,2025-04-01,0.06778351655851506,0.058285327007793965
AR/For-Profit/LPN,2025-05-01,0.06778351655851506,0.07725464190981432
AR/For-Profit/LPN,2025-06-01,0.06778351655851506,0.06167400881057269
AR/For-Profit/LPN,2025-07-01,0.06778351655851506,0.06493506493506493
AR/For-Profit/LPN,2025-08-01,0.06778351655851506,0.06696861857004206
AR/For-Profit/LPN,2025-09-01,0.06778351655851506,0.06747860434496379
AR/For-Profit/RN,2025-04-01,0.07923304836092933,0.0712661106899166
AR/For-Profit/RN,2025-05-01,0.07923304836092933,0.08143547273982056
AR/For-Profit/RN,2025-06-01,0.07923304836092933,0.08726249120337791
AR/For-Profit/RN,2025-07-01,0.07923304836092933,0.07290233837689133
AR/For-Profit/RN,2025-08-01,0.07923304836092933,0.08157524613220815
AR/For-Profit/RN,2025-09-01,0.07923304836092933,0.07446808510638298
AR/Government/CNA,2025-04-01,0.04965350282208901,0.04536082474226804
AR/Government/CNA,2025-05-01,0.04965350282208901,0.04048582995951417
AR/Government/CNA,2025-06-01,0.04965350282208901,0.048484848484848485
AR/Government/CNA,2025-07-01,0.04965350282208901,0.04225352112676056
AR/Government/CNA,2025-08-01,0.04965350282208901,0.06613226452905811
AR/Government/CNA,2025-09-01,0.04965350282208901,0.10441767068273092
AR/Government/LPN,2025-04-01,0.046136478428180264,0.008771929824561403
AR/Government/LPN,2025-05-01,0.046136478428180264,0.042735042735042736
AR/Government/LPN,2025-06-01,0.046136478428180264,0.08064516129032258
AR/Government/LPN,2025-07-01,0.046136478428180264,0.023622047244094488
AR/Government/LPN,2025-08-01,0.046136478428180264,0.045112781954887216
AR/Government/LPN,2025-09-01,0.046136478428180264,0.08888888888888889
AR/Government/RN,2025-04-01,0.031070889170994282,0.010869565217391304
AR/Government/RN,2025-05-01,0.031070889170994282,0.010752688172043012
AR/Government/RN,2025-06-01,0.031070889170994282,0.020618556701030927
AR/Government/RN,2025-07-01,0.031070889170994282,0.009615384615384616
AR/Government/RN,2025-08-01,0.031070889170994282,0.06666666666666667
AR/Government/RN,2025-09-01,0.031070889170994282,0.09615384615384616
AR/Non-Profit/CNA,2025-04-01,0.08308885563890649,0.054814814814814816
AR/Non-Profit/CNA,2025-05-01,0.08308885563890649,0.07703281027104136
AR/Non-Profit/CNA,2025-06-01,0.08308885563890649,0.10147058823529412
AR/Non-Profit/CNA,2025-07-01,0.08308885563890649,0.08333333333333333
AR/Non-Profit/CNA,2025-08-01,0.08308885563890649,0.06739811912225706
AR/Non-Profit/CNA,2025-09-01,0.08308885563890649,0.059654631083202514
AR/Non-Profit/LPN,2025-04-01,0.06051697864012377,0.04265402843601896
AR/Non-Profit/LPN,2025-05-01,0.06051697864012377,0.03686635944700461
AR/Non-Profit/LPN,2025-06-01,0.06051697864012377,0.06306306306306306
AR/Non-Profit/LPN,2025-07-01,0.06051697864012377,0.05263157894736842
AR/Non-Profit/LPN,2025-08-01,0.06051697864012377,0.03827751196172249
AR/Non-Profit/LPN,2025-09-01,0.06051697864012377,0.03773584905660377
AR/Non-Profit/RN,2025-04-01,0.10841841988125943,0.0392156862745098
AR/Non-Profit/RN,2025-05-01,0.10841841988125943,0.07207207207207207
AR/Non-Profit/RN,2025-06-01,0.10841841988125943,0.11403508771929824
AR/Non-Profit/RN,2025-07-01,0.10841841988125943,0.0784313725490196
AR/Non-Profit/RN,2025-08-01,0.10841841988125943,0.13541666666666666
AR/Non-Profit/RN,2025-09-01,0.10841841988125943,0.05555555555555555
AZ/For-Profit/CNA,2025-04-01,0.08731504154242718,0.08261682242990655
AZ/For-Profit/CNA,2025-05-01,0.08731504154242718,0.09324522760646109
AZ/For-Profit/CNA,2025-06-01,0.08731504154242718,0.07672727272727273
AZ/For-Profit/CNA,2025-07-01,0.08731504154242718,0.07936789772727272
AZ/For-Profit/CNA,2025-08-01,0.08731504154242718,0.08383336190639465
AZ/For-Profit/CNA,2025-09-01,0.08731504154242718,0.09670781893004116
AZ/For-Profit/LPN,2025-04-01,0.07420600429086724,0.07483818770226537
AZ/For-Profit/LPN,2025-05-01,0.07420600429086724,0.07819427650141073
AZ/For-Profit/LPN,2025-06-01,0.07420600429086724,0.07246963562753037
AZ/For-Profit/LPN,2025-07-01,0.07420600429086724,0.0636400486420754
AZ/For-Profit/LPN,2025-08-01,0.07420600429086724,0.06976744186046512
AZ/For-Profit/LPN,2025-09-01,0.07420600429086724,0.07749803304484658
AZ/For-Profit/RN,2025-04-01,0.07731394584671208,0.072337575351641
AZ/For-Profit/RN,2025-05-01,0.07731394584671208,0.08852459016393442
AZ/For-Profit/RN,2025-06-01,0.07731394584671208,0.08205470313542361
AZ/For-Profit/RN,2025-07-01,0.07731394584671208,0.066711140760507
AZ/For-Profit/RN,2025-08-01,0.07731394584671208,0.07594128908742821
AZ/For-Profit/RN,2025-09-01,0.07731394584671208,0.0785307156428119
AZ/Government/CNA,2025-04-01,0.02932577930293537,0.032679738562091505
AZ/Government/CNA,2025-05-01,0.02932577930293537,0.012987012987012988
AZ/Government/CNA,2025-06-01,0.02932577930293537,0.025974025974025976
AZ/Government/CNA,2025-07-01,0.02932577930293537,0.026490066225165563
AZ/Government/CNA,2025-08-01,0.02932577930293537,0.02666666666666667
AZ/Government/CNA,2025-09-01,0.02932577930293537,0.013071895424836602
AZ/Government/LPN,2025-04-01,0.03455289491411258,0.06172839506172839
AZ/Government/LPN,2025-05-01,0.03455289491411258,0.038461538461538464
AZ/Government/LPN,2025-06-01,0.03455289491411258,0.039473684210526314
AZ/Government/LPN,2025-07-01,0.03455289491411258,0.02666666666666667
AZ/Government/LPN,2025-08-01,0.03455289491411258,0.013157894736842105
AZ/Government/LPN,2025-09-01,0.03455289491411258,0.0375
AZ/Government/RN,2025-04-01,0.04790339154394297,0.03333333333333333
AZ/Government/RN,2025-05-01,0.04790339154394297,0.03333333333333333
AZ/Government/RN,2025-06-01,0.04790339154394297,0.046875
AZ/Government/RN,2025-07-01,0.04790339154394297,0.015151515151515152
AZ/Government/RN,2025-08-01,0.04790339154394297,0.04477611940298507
AZ/Government/RN,2025-09-01,0.04790339154394297,0.07462686567164178
AZ/Non-Profit/CNA,2025-04-01,0.07062473548552606,0.0480225988700565
AZ/Non-Profit/CNA,2025-05-01,0.07062473548552606,0.042134831460674156
AZ/Non-Profit/CNA,2025-06-01,0.07062473548552606,0.05
AZ/Non-Profit/CNA,2025-07-01,0.07062473548552606,0.06340057636887608
AZ/Non-Profit/CNA,2025-08-01,0.07062473548552606,0.07967032967032966
AZ/Non-Profit/CNA,2025-09-01,0.07062473548552606,0.0856353591160221
AZ/Non-Profit/LPN,2025-04-01,0.0668463094583785,0.09923664122137404
AZ/Non-Profit/LPN,2025-05-01,0.0668463094583785,0.0873015873015873
AZ/Non-Profit/LPN,2025-06-01,0.0668463094583785,0.0873015873015873
AZ/Non-Profit/LPN,2025-07-01,0.0668463094583785,0.046296296296296294
AZ/Non-Profit/LPN,2025-08-01,0.0668463094583785,0.037037037037037035
AZ/Non-Profit/LPN,2025-09-01,0.0668463094583785,0.02727272727272727
AZ/Non-Profit/RN,2025-04-01,0.0732732375167643,0.07692307692307693
AZ/Non-Profit/RN,2025-05-01,0.0732732375167643,0.08441558441558442
AZ/Non-Profit/RN,2025-06-01,0.0732732375167643,0.0457516339869281
AZ/Non-Profit/RN,2025-07-01,0.0732732375167643,0.05442176870748299
AZ/Non-Profit/RN,2025-08-01,0.0732732375167643,0.07692307692307693
AZ/Non-Profit/RN,2025-09-01,0.0732732375167643,0.1
CA/For-Profit/CNA,2025-04-01,0.06081508160083476,0.06651782277311571
CA/For-Profit/CNA,2025-05-01,0.060098313268263884,0.0704034246182659
CA/For-Profit/CNA,2025-06-01,0.05942711516130241,0.0768033704666654
CA/For-Profit/CNA,2025-07-01,0.05879859004611938,0.07409142000749344
CA/For-Profit/CNA,2025-08-01,0.058210024887310724,0.07423580786026202
CA/For-Profit/CNA,2025-09-01,0.05765887913705287,0.0715067832154854
CA/For-Profit/LPN,2025-04-01,0.06061889867508782,0.06659492570671743
CA/For-Profit/LPN,2025-05-01,0.06003457756950469,0.06636363636363636
CA/For-Profit/LPN,2025-06-01,0.059494685095597494,0.07374472661096865
CA/For-Profit/LPN,2025-07-01,0.05899584313935709,0.0695257191963007
CA/For-Profit/LPN,2025-08-01,0.058534930440380446,0.07151025075553377
CA/For-Profit/LPN,2025-09-01,0.05810906306210491,0.06998264893001735
CA/For-Profit/RN,2025-04-01,0.0658273569319251,0.0627225959635932
CA/For-Profit/RN,2025-05-01,0.06549122786885432,0.06205062543090712
CA/For-Profit/RN,2025-06-01,0.0651839468283121,0.07777668663458706
CA/For-Profit/RN,2025-07-01,0.06490303795059087,0.0647255369928401
CA/For-Profit/RN,2025-08-01,0.06464623786476918,0.0693474820813553
CA/For-Profit/RN,2025-09-01,0.06441147745202261,0.08635434095556795
CA/Government/CNA,2025-04-01,0.0498325801800783,0.04914004914004914
CA/Government/CNA,2025-05-01,0.0498325801800783,0.041530944625407164
CA/Government/CNA,2025-06-01,0.0498325801800783,0.06973058637083994
CA/Government/CNA,2025-07-01,0.0498325801800783,0.024489795918367346
CA/Government/CNA,2025-08-01,0.0498325801800783,0.04081632653061224
CA/Government/CNA,2025-09-01,0.0498325801800783,0.08569299552906111
CA/Government/LPN,2025-04-01,0.06051370106078111,0.052336448598130844
CA/Government/LPN,2025-05-01,0.06051370106078111,0.0695970695970696
CA/Government/LPN,2025-06-01,0.06051370106078111,0.04259259259259259
CA/Government/LPN,2025-07-01,0.06051370106078111,0.03932584269662921
CA/Government/LPN,2025-08-01,0.06051370106078111,0.0379746835443038
CA/Government/LPN,2025-09-01,0.06051370106078111,0.056363636363636366
CA/Government/RN,2025-04-01,0.040988775859038644,0.05916305916305916
CA/Government/RN,2025-05-01,0.040988775859038644,0.05637982195845697
CA/Government/RN,2025-06-01,0.040988775859038644,0.07197549770290965
CA/Government/RN,2025-07-01,0.040988775859038644,0.04313099041533546
CA/Government/RN,2025-08-01,0.040988775859038644,0.03189792663476874
CA/Government/RN,2025-09-01,0.040988775859038644,0.051036682615629984
CA/Non-Profit/CNA,2025-04-01,0.05584510031443215,0.05074365704286964
CA/Non-Profit/CNA,2025-05-01,0.05584510031443215,0.05353645266594124
CA/Non-Profit/CNA,2025-06-01,0.05584510031443215,0.06538049303322616
CA/Non-Profit/CNA,2025-07-01,0.05584510031443215,0.05214192990047598
CA/Non-Profit/CNA,2025-08-01,0.05584510031443215,0.04880670823478822
CA/Non-Profit/CNA,2025-09-01,0.05584510031443215,0.07490718497488534
CA/Non-Profit/LPN,2025-04-01,0.04199310190871884,0.046645702306079666
CA/Non-Profit/LPN,2025-05-01,0.0414504096168152,0.03929899097185342
CA/Non-Profit/LPN,2025-06-01,0.04090771732491155,0.05430327868852459
CA/Non-Profit/LPN,2025-07-01,0.0403650250330079,0.030208333333333334
CA/Non-Profit/LPN,2025-08-01,0.039822332741104256,0.05095862764883956
CA/Non-Profit/LPN,2025-09-01,0.03927964044920061,0.06732776617954071
CA/Non-Profit/RN,2025-04-01,0.050992070231085235,0.04572965702757229
CA/Non-Profit/RN,2025-05-01,0.050992070231085235,0.049800796812749
CA/Non-Profit/RN,2025-06-01,0.050992070231085235,0.05463024650233178
CA/Non-Profit/RN,2025-07-01,0.050992070231085235,0.041244083840432724
CA/Non-Profit/RN,2025-08-01,0.050992070231085235,0.03141711229946524
CA/Non-Profit/RN,2025-09-01,0.050992070231085235,0.05442622950819672
CO/For-Profit/CNA,2025-04-01,0.07883325396304759,0.0902909550917141
CO/For-Profit/CNA,2025-05-01,0.07883325396304759,0.08846933999063816
CO/For-Profit/CNA,2025-06-01,0.07883325396304759,0.10231177756950953
CO/For-Profit/CNA,2025-07-01,0.07883325396304759,0.10226373278454963
CO/For-Profit/CNA,2025-08-01,0.07883325396304759,0.11100463184794761
CO/For-Profit/CNA,2025-09-01,0.07883325396304759,0.12454100367197063
CO/For-Profit/LPN,2025-04-01,0.07327180872439067,0.07747933884297521
CO/For-Profit/LPN,2025-05-01,0.07327180872439067,0.07390417940876656
CO/For-Profit/LPN,2025-06-01,0.07327180872439067,0.09334032511798637
CO/For-Profit/LPN,2025-07-01,0.07327180872439067,0.08742886704604243
CO/For-Profit/LPN,2025-08-01,0.07327180872439067,0.09606299212598425
CO/For-Profit/LPN,2025-09-01,0.07327180872439067,0.11586901763224182
CO/For-Profit/RN,2025-04-01,0.08540037863530568,0.05910683012259194
CO/For-Profit/RN,2025-05-01,0.08540037863530568,0.07358003442340792
CO/For-Profit/RN,2025-06-01,0.08540037863530568,0.07760141093474426
CO/For-Profit/RN,2025-07-01,0.08540037863530568,0.07905314872711032
CO/For-Profit/RN,2025-08-01,0.08540037863530568,0.09078830823737821
CO/For-Profit/RN,2025-09-01,0.08540037863530568,0.11844331641285956
CO/Government/CNA,2025-04-01,0.05442030750168022,0.06865671641791045
CO/Government/CNA,2025-05-01,0.05442030750168022,0.0438871473354232
CO/Government/CNA,2025-06-01,0.05442030750168022,0.05198776758409786
CO/Government/CNA,2025-07-01,0.05442030750168022,0.06309148264984227
CO/Government/CNA,2025-08-01,0.05442030750168022,0.0473186119873817
CO/Government/CNA,2025-09-01,0.05442030750168022,0.07260726072607261
CO/Government/LPN,2025-04-01,0.0538076964634757,0.10204081632653061
CO/Government/LPN,2025-05-01,0.0538076964634757,0.044444444444444446
CO/Government/LPN,2025-06-01,0.0538076964634757,0.043478260869565216
CO/Government/LPN,2025-07-01,0.0538076964634757,0.08163265306122448
CO/Government/LPN,2025-08-01,0.0538076964634757,0.0625
CO/Government/LPN,2025-09-01,0.0538076964634757,0.06521739130434782
CO/Government/RN,2025-04-01,0.059821330554198686,0.024193548387096774
CO/Government/RN,2025-05-01,0.06121100507498755,0.0
CO/Government/RN,2025-06-01,0.0626006795957764,0.04580152671755725
CO/Government/RN,2025-07-01,0.06399035411656527,0.032520325203252036
CO/Government/RN,2025-08-01,0.06538002863735412,0.07352941176470588
CO/Government/RN,2025-09-01,0.06676970315814298,0.061068702290076333
CO/Non-Profit/CNA,2025-04-01,0.06512306233881,0.06785137318255251
CO/Non-Profit/CNA,2025-05-01,0.06512306233881,0.060755336617405585
CO/Non-Profit/CNA,2025-06-01,0.06512306233881,0.03801652892561983
CO/Non-Profit/CNA,2025-07-01,0.06512306233881,0.04815864022662889
CO/Non-Profit/CNA,2025-08-01,0.06512306233881,0.04936530324400564
CO/Non-Profit/CNA,2025-09-01,0.06512306233881,0.06950354609929078
CO/Non-Profit/LPN,2025-04-01,0.05959420527883864,0.04878048780487805
CO/Non-Profit/LPN,2025-05-01,0.05959420527883864,0.07142857142857142
CO/Non-Profit/LPN,2025-06-01,0.05959420527883864,0.05521472392638037
CO/Non-Profit/LPN,2025-07-01,0.05959420527883864,0.03482587064676617
CO/Non-Profit/LPN,2025-08-01,0.05959420527883864,0.041025641025641026
CO/Non-Profit/LPN,2025-09-01,0.05959420527883864,0.10344827586206896
CO/Non-Profit/RN,2025-04-01,0.049005706488063856,0.034220532319391636
CO/Non-Profit/RN,2025-05-01,0.049005706488063856,0.050387596899224806
CO/Non-Profit/RN,2025-06-01,0.049005706488063856,0.05
CO/Non-Profit/RN,2025-07-01,0.049005706488063856,0.03345724907063197
CO/Non-Profit/RN,2025-08-01,0.049005706488063856,0.03690036900369004
CO/Non-Profit/RN,2025-09-01,0.049005706488063856,0.07168458781362007
CT/For-Profit/CNA,2025-04-01,0.06212716408110907,0.05881597534352125
CT/For-Profit/CNA,2025-05-01,0.06212716408110907,0.05900266463646745
CT/For-Profit/CNA,2025-06-01,0.06212716408110907,0.10335635526475222
CT/For-Profit/CNA,2025-07-01,0.06212716408110907,0.05799293998991427
CT/For-Profit/CNA,2025-08-01,0.06212716408110907,0.0613619356447992
CT/For-Profit/CNA,2025-09-01,0.06212716408110907,0.08040327662255829
CT/For-Profit/LPN,2025-04-01,0.07035317492942718,0.05982641041537508
CT/For-Profit/LPN,2025-05-01,0.07098168138031449,0.062136516681971225
CT/For-Profit/LPN,2025-06-01,0.0716101878312018,0.10562332639095508
CT/For-Profit/LPN,2025-07-01,0.0722386942820891,0.05256531318854265
CT/For-Profit/LPN,2025-08-01,0.0728672007329764,0.056854074542008845
CT/For-Profit/LPN,2025-09-01,0.07349570718386371,0.08463949843260188
CT/For-Profit/RN,2025-04-01,0.06632198296111294,0.0685466377440347
CT/For-Profit/RN,2025-05-01,0.06632198296111294,0.06022530329289428
CT/For-Profit/RN,2025-06-01,0.06632198296111294,0.0986980260394792
CT/For-Profit/RN,2025-07-01,0.06632198296111294,0.055267702936096716
CT/For-Profit/RN,2025-08-01,0.06632198296111294,0.06260794473229707
CT/For-Profit/RN,2025-09-01,0.06632198296111294,0.09647979139504563
CT/Government/CNA,2025-04-01,0.029646104642644333,0.025974025974025976
CT/Government/CNA,2025-05-01,0.029646104642644333,0.049689440993788817
CT/Government/CNA,2025-06-01,0.029646104642644333,0.02702702702702703
CT/Government/CNA,2025-07-01,0.029646104642644333,0.026143790849673203
CT/Government/CNA,2025-08-01,0.029646104642644333,0.055900621118012424
CT/Government/CNA,2025-09-01,0.029646104642644333,0.04430379746835443
CT/Government/LPN,2025-04-01,0.013210338225093932,0.0
CT/Government/LPN,2025-05-01,0.013210338225093932,0.0
CT/Government/LPN,2025-06-01,0.013210338225093932,0.020833333333333332
CT/Government/LPN,2025-07-01,0.013210338225093932,0.02127659574468085
CT/Government/LPN,2025-08-01,0.013210338225093932,0.022222222222222223
CT/Government/LPN,2025-09-01,0.013210338225093932,0.022727272727272728
CT/Government/RN,2025-04-01,0.01329113144639085,0.05555555555555555
CT/Government/RN,2025-05-01,0.01329113144639085,0.029411764705882353
CT/Government/RN,2025-06-01,0.01329113144639085,0.014705882352941176
CT/Government/RN,2025-07-01,0.01329113144639085,0.014084507042253521
CT/Government/RN,2025-08-01,0.01329113144639085,0.028169014084507043
CT/Government/RN,2025-09-01,0.01329113144639085,0.014492753623188406
CT/Non-Profit/CNA,2025-04-01,0.06275934242106308,0.04386892177589852
CT/Non-Profit/CNA,2025-05-01,0.06275934242106308,0.058464667005592275
CT/Non-Profit/CNA,2025-06-01,0.06275934242106308,0.07754279959718026
CT/Non-Profit/CNA,2025-07-01,0.06275934242106308,0.05997001499250375
CT/Non-Profit/CNA,2025-08-01,0.06275934242106308,0.06838453914767097
CT/Non-Profit/CNA,2025-09-01,0.06275934242106308,0.056494192185850056
CT/Non-Profit/LPN,2025-04-01,0.06163355339255186,0.05901639344262295
CT/Non-Profit/LPN,2025-05-01,0.06163355339255186,0.055284552845528454
CT/Non-Profit/LPN,2025-06-01,0.06163355339255186,0.05785123966942149
CT/Non-Profit/LPN,2025-07-01,0.06163355339255186,0.0483619344773791
CT/Non-Profit/LPN,2025-08-01,0.06163355339255186,0.06
CT/Non-Profit/LPN,2025-09-01,0.06163355339255186,0.05638474295190713
CT/Non-Profit/RN,2025-04-01,0.043090802648655266,0.029921259842519685
CT/Non-Profit/RN,2025-05-01,0.043090802648655266,0.037914691943127965
CT/Non-Profit/RN,2025-06-01,0.043090802648655266,0.034161490683229816
CT/Non-Profit/RN,2025-07-01,0.043090802648655266,0.047619047619047616
CT/Non-Profit/RN,2025-08-01,0.043090802648655266,0.029874213836477988
CT/Non-Profit/RN,2025-09-01,0.043090802648655266,0.05475040257648953
DC/For-Profit/CNA,2025-04-01,0.0543740207510313,0.04332129963898917
DC/For-Profit/CNA,2025-05-01,0.0543740207510313,0.039711191335740074
DC/For-Profit/CNA,2025-06-01,0.0543740207510313,0.057245080500894455
DC/For-Profit/CNA,2025-07-01,0.0543740207510313,0.052346570397111915
DC/For-Profit/CNA,2025-08-01,0.0543740207510313,0.06272401433691756
DC/For-Profit/CNA,2025-09-01,0.0543740207510313,0.0549645390070922
DC/For-Profit/LPN,2025-04-01,0.038724105161472476,0.026490066225165563
DC/For-Profit/LPN,2025-05-01,0.038724105161472476,0.033112582781456956
DC/For-Profit/LPN,2025-06-01,0.038724105161472476,0.03184713375796178
DC/For-Profit/LPN,2025-07-01,0.038724105161472476,0.013071895424836602
DC/For-Profit/LPN,2025-08-01,0.038724105161472476,0.039735099337748346
DC/For-Profit/LPN,2025-09-01,0.038724105161472476,0.026490066225165563
DC/For-Profit/RN,2025-04-01,0.049683830609227195,0.06209150326797386
DC/For-Profit/RN,2025-05-01,0.049683830609227195,0.023026315789473683
DC/For-Profit/RN,2025-06-01,0.049683830609227195,0.03870967741935484
DC/For-Profit/RN,2025-07-01,0.049683830609227195,0.06070287539936102
DC/For-Profit/RN,2025-08-01,0.049683830609227195,0.06557377049180328
DC/For-Profit/RN,2025-09-01,0.049683830609227195,0.050955414012738856
DC/Non-Profit/CNA,2025-04-01,0.04859531259825158,0.02572347266881029
DC/Non-Profit/CNA,2025-05-01,0.049411407263760886,0.039755351681957186
DC/Non-Profit/CNA,2025-06-01,0.050227501929270196,0.03773584905660377
DC/Non-Profit/CNA,2025-07-01,0.05104359659477951,0.03333333333333333
DC/Non-Profit/CNA,2025-08-01,0.05185969126028882,0.027522935779816515
DC/Non-Profit/CNA,2025-09-01,0.05267578592579812,0.03669724770642202
DC/Non-Profit/LPN,2025-04-01,0.029185985252110084,0.0
DC/Non-Profit/LPN,2025-05-01,0.029185985252110084,0.01
DC/Non-Profit/LPN,2025-06-01,0.029185985252110084,0.009900990099009901
DC/Non-Profit/LPN,2025-07-01,0.029185985252110084,0.009523809523809525
DC/Non-Profit/LPN,2025-08-01,0.029185985252110084,0.046296296296296294
DC/Non-Profit/LPN,2025-09-01,0.029185985252110084,0.03669724770642202
DC/Non-Profit/RN,2025-04-01,0.03880246167300539,0.03389830508474576
DC/Non-Profit/RN,2025-05-01,0.03880246167300539,0.02197802197802198
DC/Non-Profit/RN,2025-06-01,0.03880246167300539,0.03763440860215054
DC/Non-Profit/RN,2025-07-01,0.03880246167300539,0.027624309392265192
DC/Non-Profit/RN,2025-08-01,0.03880246167300539,0.031413612565445025
DC/Non-Profit/RN,2025-09-01,0.03880246167300539,0.04918032786885246
DE/For-Profit/CNA,2025-04-01,0.07598923128113,0.07260920897284534
DE/For-Profit/CNA,2025-05-01,0.07598923128113,0.06928948913681739
DE/For-Profit/CNA,2025-06-01,0.07598923128113,0.07508532423208192
DE/For-Profit/CNA,2025-07-01,0.07598923128113,0.0714687675858188
DE/For-Profit/CNA,2025-08-01,0.07598923128113,0.0912087912087912
DE/For-Profit/CNA,2025-09-01,0.07598923128113,0.0858416945373467
DE/For-Profit/LPN,2025-04-01,0.06487834314202146,0.04569420035149385
DE/For-Profit/LPN,2025-05-01,0.06487834314202146,0.07796610169491526
DE/For-Profit/LPN,2025-06-01,0.06487834314202146,0.052083333333333336
DE/For-Profit/LPN,2025-07-01,0.06487834314202146,0.05392156862745098
DE/For-Profit/LPN,2025-08-01,0.06487834314202146,0.03475513428120063
DE/For-Profit/LPN,2025-09-01,0.06487834314202146,0.06191950464396285
DE/For-Profit/RN,2025-04-01,0.06902991210502131,0.05595667870036101
DE/For-Profit/RN,2025-05-01,0.06902991210502131,0.0705244122965642
DE/For-Profit/RN,2025-06-01,0.06902991210502131,0.05385996409335727
DE/For-Profit/RN,2025-07-01,0.06902991210502131,0.06642728904847396
DE/For-Profit/RN,2025-08-01,0.06902991210502131,0.05871886120996441
DE/For-Profit/RN,2025-09-01,0.06902991210502131,0.08333333333333333
DE/Non-Profit/CNA,2025-04-01,0.054671019016696805,0.05343511450381679
DE/Non-Profit/CNA,2025-05-01,0.054671019016696805,0.06818181818181818
DE/Non-Profit/CNA,2025-06-01,0.054671019016696805,0.04477611940298507
DE/Non-Profit/CNA,2025-07-01,0.054671019016696805,0.06093189964157706
DE/Non-Profit/CNA,2025-08-01,0.054671019016696805,0.045774647887323945
DE/Non-Profit/CNA,2025-09-01,0.054671019016696805,0.06993006993006994
DE/Non-Profit/LPN,2025-04-01,0.03653517452492441,0.008403361344537815
DE/Non-Profit/LPN,2025-05-01,0.03653517452492441,0.008695652173913044
DE/Non-Profit/LPN,2025-06-01,0.03653517452492441,0.03937007874015748
DE/Non-Profit/LPN,2025-07-01,0.03653517452492441,0.031496062992125984
DE/Non-Profit/LPN,2025-08-01,0.03653517452492441,0.056451612903225805
DE/Non-Profit/LPN,2025-09-01,0.03653517452492441,0.03305785123966942
DE/Non-Profit/RN,2025-04-01,0.03375653852162453,0.051470588235294115
DE/Non-Profit/RN,2025-05-01,0.03375653852162453,0.0661764705882353
DE/Non-Profit/RN,2025-06-01,0.03375653852162453,0.046511627906976744
DE/Non-Profit/RN,2025-07-01,0.03375653852162453,0.031746031746031744
DE/Non-Profit/RN,2025-08-01,0.03375653852162453,0.023076923076923078
DE/Non-Profit/RN,2025-09-01,0.03375653852162453,0.03875968992248062
FL/For-Profit/CNA,2025-04-01,0.08862618229335474,0.07964826513444018
FL/For-Profit/CNA,2025-05-01,0.08862618229335474,0.08089690041767421
FL/For-Profit/CNA,2025-06-01,0.08862618229335474,0.1232372587827808
FL/For-Profit/CNA,2025-07-01,0.08862618229335474,0.08062869341913927
FL/For-Profit/CNA,2025-08-01,0.08862618229335474,0.08433994823123382
FL/For-Profit/CNA,2025-09-01,0.08862618229335474,0.09816485225505443
FL/For-Profit/LPN,2025-04-01,0.06808615293455822,0.07904700341675132
FL/For-Profit/LPN,2025-05-01,0.0657181832559065,0.08663343905754418
FL/For-Profit/LPN,2025-06-01,0.06335021357725477,0.12253928119920535
FL/For-Profit/LPN,2025-07-01,0.06098224389860306,0.08110799312030416
FL/For-Profit/LPN,2025-08-01,0.05861427421995134,0.0839186025571763
FL/For-Profit/LPN,2025-09-01,0.05624630454129963,0.09813168873571558
FL/For-Profit/RN,2025-04-01,0.08705012296762818,0.08348515700353659
FL/For-Profit/RN,2025-05-01,0.08705012296762818,0.08467013704451291
FL/For-Profit/RN,2025-06-01,0.08705012296762818,0.13133228014744602
FL/For-Profit/RN,2025-07-01,0.08705012296762818,0.08484020185029437
FL/For-Profit/RN,2025-08-01,0.08705012296762818,0.0828550558280288
FL/For-Profit/RN,2025-09-01,0.08705012296762818,0.0988942207385771
FL/Government/CNA,2025-04-01,0.03870160226342986,0.025348542458808618
FL/Government/CNA,2025-05-01,0.03870160226342986,0.03902439024390244
FL/Government/CNA,2025-06-01,0.03870160226342986,0.057001239157372985
FL/Government/CNA,2025-07-01,0.03870160226342986,0.04606060606060606
FL/Government/CNA,2025-08-01,0.03870160226342986,0.03866666666666667
FL/Government/CNA,2025-09-01,0.03870160226342986,0.0423841059602649
FL/Government/LPN,2025-04-01,0.06332899313021662,0.06572769953051644
FL/Government/LPN,2025-05-01,0.06332899313021662,0.07246376811594203
FL/Government/LPN,2025-06-01,0.06332899313021662,0.06965174129353234
FL/Government/LPN,2025-07-01,0.06332899313021662,0.0481283422459893
FL/Government/LPN,2025-08-01,0.06332899313021662,0.028089887640449437
FL/Government/LPN,2025-09-01,0.06332899313021662,0.04371584699453552
FL/Government/RN,2025-04-01,0.034447210546080596,0.03713527851458886
FL/Government/RN,2025-05-01,0.034447210546080596,0.0079155672823219
FL/Government/RN,2025-06-01,0.034447210546080596,0.03773584905660377
FL/Government/RN,2025-07-01,0.034447210546080596,0.028645833333333332
FL/Government/RN,2025-08-01,0.034447210546080596,0.045584045584045586
FL/Government/RN,2025-09-01,0.034447210546080596,0.03206997084548105
FL/Non-Profit/CNA,2025-04-01,0.058683002810646936,0.06303765336341842
FL/Non-Profit/CNA,2025-05-01,0.058683002810646936,0.05782792665726375
FL/Non-Profit/CNA,2025-06-01,0.058683002810646936,0.06501895801151523
FL/Non-Profit/CNA,2025-07-01,0.058683002810646936,0.05625431928127159
FL/Non-Profit/CNA,2025-08-01,0.058683002810646936,0.05826300027225701
FL/Non-Profit/CNA,2025-09-01,0.058683002810646936,0.07125171939477304
FL/Non-Profit/LPN,2025-04-01,0.06449168852539822,0.059149722735674676
FL/Non-Profit/LPN,2025-05-01,0.06449168852539822,0.05462962962962963
FL/Non-Profit/LPN,2025-06-01,0.06449168852539822,0.07366482504604052
FL/Non-Profit/LPN,2025-07-01,0.06449168852539822,0.06951385733757383
FL/Non-Profit/LPN,2025-08-01,0.06449168852539822,0.05658669081032141
FL/Non-Profit/LPN,2025-09-01,0.06449168852539822,0.08264840182648402
FL/Non-Profit/RN,2025-04-01,0.060370128178731434,0.05454545454545454
FL/Non-Profit/RN,2025-05-01,0.060370128178731434,0.059789473684210524
FL/Non-Profit/RN,2025-06-01,0.060370128178731434,0.06658395368072788
FL/Non-Profit/RN,2025-07-01,0.060370128178731434,0.06167400881057269
FL/Non-Profit/RN,2025-08-01,0.060370128178731434,0.05307599517490953
FL/Non-Profit/RN,2025-09-01,0.060370128178731434,0.06888265919102923
GA/For-Profit/CNA,2025-04-01,0.09902219369383414,0.09538883612957687
GA/For-Profit/CNA,2025-05-01,0.09902219369383414,0.1011510644799837
GA/For-Profit/CNA,2025-06-01,0.09902219369383414,0.11562998405103668
GA/For-Profit/CNA,2025-07-01,0.09902219369383414,0.12137100689387319
GA/For-Profit/CNA,2025-08-01,0.09902219369383414,0.10731997619519937
GA/For-Profit/CNA,2025-09-01,0.09902219369383414,0.12005224030540486
GA/For-Profit/LPN,2025-04-01,0.09768052648431116,0.08405029781601589
GA/For-Profit/LPN,2025-05-01,0.09851204806520328,0.08353273874265825
GA/For-Profit/LPN,2025-06-01,0.0993435696460954,0.0977459904638058
GA/For-Profit/LPN,2025-07-01,0.10017509122698752,0.099368054042275
GA/For-Profit/LPN,2025-08-01,0.10100661280787963,0.08795368514807393
GA/For-Profit/LPN,2025-09-01,0.10183813438877175,0.08977556109725686
GA/For-Profit/RN,2025-04-01,0.09399883195986627,0.08450704225352113
GA/For-Profit/RN,2025-05-01,0.09463610301574388,0.0777619724988146
GA/For-Profit/RN,2025-06-01,0.09527337407162148,0.08712121212121213
GA/For-Profit/RN,2025-07-01,0.09591064512749908,0.0865561694290976
GA/For-Profit/RN,2025-08-01,0.09654791618337669,0.08953168044077135
GA/For-Profit/RN,2025-09-01,0.09718518723925429,0.1077762619372442
GA/Government/CNA,2025-04-01,0.09277740656704822,0.046065259117082535
GA/Government/CNA,2025-05-01,0.09461984722156554,0.06951871657754011
GA/Government/CNA,2025-06-01,0.09646228787608287,0.06707317073170732
GA/Government/CNA,2025-07-01,0.09830472853060018,0.0859504132231405
GA/Government/CNA,2025-08-01,0.1001471691851175,0.04317789291882556
GA/Government/CNA,2025-09-01,0.10198960983963481,0.21598639455782312
GA/Government/LPN,2025-04-01,0.041951627505020836,0.043824701195219126
GA/Government/LPN,2025-05-01,0.03788569099579832,0.03278688524590164
GA/Government/LPN,2025-06-01,0.04141387621443598,0.05177993527508091
GA/Government/LPN,2025-07-01,0.05526631280943478,0.06642066420664207
GA/Government/LPN,2025-08-01,0.04767081592895616,0.04580152671755725
GA/Government/LPN,2025-09-01,0.19861015098786952,0.24812030075187969
GA/Government/RN,2025-04-01,0.027064739247625622,0.03571428571428571
GA/Government/RN,2025-05-01,0.03958130769894501,0.03592814371257485
GA/Government/RN,2025-06-01,0.07139187134235318,0.065
GA/Government/RN,2025-07-01,0.0547262499758552,0.05202312138728324
GA/Government/RN,2025-08-01,0.03544180673226362,0.047058823529411764
GA/Government/RN,2025-09-01,0.26418314003918403,0.329608938547486
GA/Non-Profit/CNA,2025-04-01,0.07340423339305088,0.061941803514837225
GA/Non-Profit/CNA,2025-05-01,0.0734097615001875,0.06990454800673779
GA/Non-Profit/CNA,2025-06-01,0.0734141839858968,0.09579060982191041
GA/Non-Profit/CNA,2025-07-01,0.07341772197446424,0.07357316743305382
GA/Non-Profit/CNA,2025-08-01,0.07342055236531818,0.07037730800107038
GA/Non-Profit/CNA,2025-09-01,0.07342281667800135,0.06745498521902714
GA/Non-Profit/LPN,2025-04-01,0.06222400940215969,0.05010438413361169
GA/Non-Profit/LPN,2025-05-01,0.06288654328671975,0.05583756345177665
GA/Non-Profit/LPN,2025-06-01,0.06354907717127982,0.07301360057265568
GA/Non-Profit/LPN,2025-07-01,0.06421161105583989,0.053519061583577714
GA/Non-Profit/LPN,2025-08-01,0.06487414494039995,0.05817378497790869
GA/Non-Profit/LPN,2025-09-01,0.06553667882496,0.05741983594332588
GA/Non-Profit/RN,2025-04-01,0.0486375420752302,0.05203619909502263
GA/Non-Profit/RN,2025-05-01,0.0486375420752302,0.05191873589164785
GA/Non-Profit/RN,2025-06-01,0.0486375420752302,0.05981941309255079
GA/Non-Profit/RN,2025-07-01,0.0486375420752302,0.060674157303370786
GA/Non-Profit/RN,2025-08-01,0.0486375420752302,0.048863636363636366
GA/Non-Profit/RN,2025-09-01,0.0486375420752302,0.049162011173184354
HI/For-Profit/CNA,2025-04-01,0.033220348877277206,0.06096528365791702
HI/For-Profit/CNA,2025-05-01,0.03221774881467172,0.027923211169284468
HI/For-Profit/CNA,2025-06-01,0.031215148752066234,0.06534823731728288
HI/For-Profit/CNA,2025-07-01,0.030212548689460748,0.04118616144975288
HI/For-Profit/CNA,2025-08-01,0.02920994862685526,0.04013104013104013
HI/For-Profit/CNA,2025-09-01,0.028207348564249772,0.08278145695364239
HI/For-Profit/LPN,2025-04-01,0.054600066125663115,0.053691275167785234
HI/For-Profit/LPN,2025-05-01,0.054600066125663115,0.03289473684210526
HI/For-Profit/LPN,2025-06-01,0.054600066125663115,0.08
HI/For-Profit/LPN,2025-07-01,0.054600066125663115,0.05228758169934641
HI/For-Profit/LPN,2025-08-01,0.054600066125663115,0.037267080745341616
HI/For-Profit/LPN,2025-09-01,0.054600066125663115,0.13333333333333333
HI/For-Profit/RN,2025-04-01,0.03061331113821096,0.04746835443037975
HI/For-Profit/RN,2025-05-01,0.029413277138195193,0.03481012658227848
HI/For-Profit/RN,2025-06-01,0.028213243138179425,0.040880503144654086
HI/For-Profit/RN,2025-07-01,0.027013209138163657,0.025835866261398176
HI/For-Profit/RN,2025-08-01,0.02581317513814789,0.04057971014492753
HI/For-Profit/RN,2025-09-01,0.024613141138132122,0.0975609756097561
HI/Government/CNA,2025-04-01,0.02930714194487103,0.014084507042253521
HI/Government/CNA,2025-05-01,0.02930714194487103,0.009345794392523364
HI/Government/CNA,2025-06-01,0.02930714194487103,0.046511627906976744
HI/Government/CNA,2025-07-01,0.02930714194487103,0.02262443438914027
HI/Government/CNA,2025-08-01,0.02930714194487103,0.022222222222222223
HI/Government/CNA,2025-09-01,0.02930714194487103,0.02262443438914027
HI/Government/RN,2025-04-01,0.04707202962169685,0.0
HI/Government/RN,2025-05-01,0.0573206073154005,0.0
HI/Government/RN,2025-06-01,0.06756918500910415,0.014925373134328358
HI/Government/RN,2025-07-01,0.0778177627028078,0.014705882352941176
HI/Government/RN,2025-08-01,0.08806634039651144,0.014492753623188406
HI/Government/RN,2025-09-01,0.09831491809021509,0.021739130434782608
HI/Non-Profit/CNA,2025-04-01,0.021881106125204403,0.03125
HI/Non-Profit/CNA,2025-05-01,0.018856155867948615,0.01680672268907563
HI/Non-Profit/CNA,2025-06-01,0.017331328110878754,0.011204481792717087
HI/Non-Profit/CNA,2025-07-01,0.024678237919764895,0.03561643835616438
HI/Non-Profit/CNA,2025-08-01,0.026346274391192023,0.03571428571428571
HI/Non-Profit/CNA,2025-09-01,0.04231969336431877,0.047619047619047616
HI/Non-Profit/LPN,2025-04-01,0.048271145898178304,0.05084745762711865
HI/Non-Profit/LPN,2025-05-01,0.048271145898178304,0.05263157894736842
HI/Non-Profit/LPN,2025-06-01,0.048271145898178304,0.07272727272727272
HI/Non-Profit/LPN,2025-07-01,0.048271145898178304,0.0196078431372549
HI/Non-Profit/LPN,2025-08-01,0.048271145898178304,0.09433962264150944
HI/Non-Profit/LPN,2025-09-01,0.048271145898178304,0.061224489795918366
HI/Non-Profit/RN,2025-04-01,0.08668231402422899,0.02577319587628866
HI/Non-Profit/RN,2025-05-01,0.08668231402422899,0.02512562814070352
HI/Non-Profit/RN,2025-06-01,0.08668231402422899,0.019704433497536946
HI/Non-Profit/RN,2025-07-01,0.08668231402422899,0.05687203791469194
HI/Non-Profit/RN,2025-08-01,0.08668231402422899,0.04245283018867924
HI/Non-Profit/RN,2025-09-01,0.08668231402422899,0.013953488372093023
IA/For-Profit/CNA,2025-04-01,0.08315929351743355,0.0825386386057218
IA/For-Profit/CNA,2025-05-01,0.08315929351743355,0.0818545163868905
IA/For-Profit/CNA,2025-06-01,0.08315929351743355,0.08791035353535354
IA/For-Profit/CNA,2025-07-01,0.08315929351743355,0.08665247795682578
IA/For-Profit/CNA,2025-08-01,0.08315929351743355,0.0886789577936919
IA/For-Profit/CNA,2025-09-01,0.08315929351743355,0.12722686425981397
IA/For-Profit/LPN,2025-04-01,0.06613638243097365,0.05114083398898505
IA/For-Profit/LPN,2025-05-01,0.06613638243097365,0.05308352849336456
IA/For-Profit/LPN,2025-06-01,0.06613638243097365,0.08339828526890102
IA/For-Profit/LPN,2025-07-01,0.06613638243097365,0.07668944570994685
IA/For-Profit/LPN,2025-08-01,0.06613638243097365,0.06859756097560976
IA/For-Profit/LPN,2025-09-01,0.06613638243097365,0.10152671755725191
IA/For-Profit/RN,2025-04-01,0.07187584729604403,0.0645577792123951
IA/For-Profit/RN,2025-05-01,0.07187584729604403,0.07450224791265253
IA/For-Profit/RN,2025-06-01,0.07187584729604403,0.07366362451108213
IA/For-Profit/RN,2025-07-01,0.07187584729604403,0.07648902821316614
IA/For-Profit/RN,2025-08-01,0.07187584729604403,0.07456140350877193
IA/For-Profit/RN,2025-09-01,0.07187584729604403,0.13147914032869784
IA/Government/CNA,2025-04-01,0.036167706136810286,0.033126293995859216
IA/Government/CNA,2025-05-01,0.036167706136810286,0.026
IA/Government/CNA,2025-06-01,0.036167706136810286,0.03300970873786408
IA/Government/CNA,2025-07-01,0.036167706136810286,0.038461538461538464
IA/Government/CNA,2025-08-01,0.036167706136810286,0.03875968992248062
IA/Government/CNA,2025-09-01,0.036167706136810286,0.03838383838383838
IA/Government/LPN,2025-04-01,0.031918693066602624,0.0
IA/Government/LPN,2025-05-01,0.031918693066602624,0.047058823529411764
IA/Government/LPN,2025-06-01,0.031918693066602624,0.06976744186046512
IA/Government/LPN,2025-07-01,0.031918693066602624,0.05555555555555555
IA/Government/LPN,2025-08-01,0.031918693066602624,0.056818181818181816
IA/Government/LPN,2025-09-01,0.031918693066602624,0.011904761904761904
IA/Government/RN,2025-04-01,0.023708155915812927,0.00819672131147541
IA/Government/RN,2025-05-01,0.023708155915812927,0.016260162601626018
IA/Government/RN,2025-06-01,0.023708155915812927,0.024390243902439025
IA/Government/RN,2025-07-01,0.023708155915812927,0.015625
IA/Government/RN,2025-08-01,0.023708155915812927,0.007575757575757576
IA/Government/RN,2025-09-01,0.023708155915812927,0.021897810218978103
IA/Non-Profit/CNA,2025-04-01,0.059309110658503125,0.0687603305785124
IA/Non-Profit/CNA,2025-05-01,0.059309110658503125,0.07503561817318348
IA/Non-Profit/CNA,2025-06-01,0.059309110658503125,0.0785299198994817
IA/Non-Profit/CNA,2025-07-01,0.059309110658503125,0.06628729621654876
IA/Non-Profit/CNA,2025-08-01,0.059309110658503125,0.072483630272575
IA/Non-Profit/CNA,2025-09-01,0.059309110658503125,0.06561264822134387
IA/Non-Profit/LPN,2025-04-01,0.05979180405710168,0.051597051597051594
IA/Non-Profit/LPN,2025-05-01,0.05979180405710168,0.055098684210526314
IA/Non-Profit/LPN,2025-06-01,0.05979180405710168,0.08777686628383921
IA/Non-Profit/LPN,2025-07-01,0.05979180405710168,0.07212317666126418
IA/Non-Profit/LPN,2025-08-01,0.05979180405710168,0.048582995951417005
IA/Non-Profit/LPN,2025-09-01,0.05979180405710168,0.06188925081433225
IA/Non-Profit/RN,2025-04-01,0.05739265062875664,0.05820721769499418
IA/Non-Profit/RN,2025-05-01,0.05739265062875664,0.06803887935963408
IA/Non-Profit/RN,2025-06-01,0.05739265062875664,0.06214039125431531
IA/Non-Profit/RN,2025-07-01,0.05739265062875664,0.05200678349349915
IA/Non-Profit/RN,2025-08-01,0.05739265062875664,0.06398234969663541
IA/Non-Profit/RN,2025-09-01,0.05739265062875664,0.05812641083521445
ID/For-Profit/CNA,2025-04-01,0.07776259310835358,0.07892249527410208
ID/For-Profit/CNA,2025-05-01,0.07731544848122868,0.08344923504867872
ID/For-Profit/CNA,2025-06-01,0.07686830385410377,0.07166276346604215
ID/For-Profit/CNA,2025-07-01,0.07642115922697887,0.08775877587758776
ID/For-Profit/CNA,2025-08-01,0.07597401459985396,0.09878213802435724
ID/For-Profit/CNA,2025-09-01,0.07552686997272906,0.0819375282933454
ID/For-Profit/LPN,2025-04-01,0.06282203461763677,0.055284552845528454
ID/For-Profit/LPN,2025-05-01,0.06282203461763677,0.06026058631921824
ID/For-Profit/LPN,2025-06-01,0.06282203461763677,0.05654281098546042
ID/For-Profit/LPN,2025-07-01,0.06282203461763677,0.05116279069767442
ID/For-Profit/LPN,2025-08-01,0.06282203461763677,0.0764525993883792
ID/For-Profit/LPN,2025-09-01,0.06282203461763677,0.06441717791411043
ID/For-Profit/RN,2025-04-01,0.06375533231438037,0.08074534161490683
ID/For-Profit/RN,2025-05-01,0.06375533231438037,0.07097791798107256
ID/For-Profit/RN,2025-06-01,0.06375533231438037,0.0671875
ID/For-Profit/RN,2025-07-01,0.06375533231438037,0.06736526946107785
ID/For-Profit/RN,2025-08-01,0.06375533231438037,0.08779761904761904
ID/For-Profit/RN,2025-09-01,0.06375533231438037,0.0532724505327245
ID/Government/CNA,2025-04-01,0.06828259883692787,0.03524229074889868
ID/Government/CNA,2025-05-01,0.06828259883692787,0.0611353711790393
ID/Government/CNA,2025-06-01,0.06828259883692787,0.06726457399103139
ID/Government/CNA,2025-07-01,0.06828259883692787,0.06306306306306306
ID/Government/CNA,2025-08-01,0.06828259883692787,0.05286343612334802
ID/Government/CNA,2025-09-01,0.06828259883692787,0.04932735426008968
ID/Government/LPN,2025-04-01,6.521087021732486e-06,0.0
ID/Government/LPN,2025-05-01,6.521087021732486e-06,0.0
ID/Government/LPN,2025-06-01,6.521087021732486e-06,0.07407407407407407
ID/Government/LPN,2025-07-01,6.521087021732486e-06,0.061224489795918366
ID/Government/LPN,2025-08-01,6.521087021732486e-06,0.020833333333333332
ID/Government/LPN,2025-09-01,6.521087021732486e-06,0.058823529411764705
ID/Government/RN,2025-04-01,0.06228498898221498,0.02127659574468085
ID/Government/RN,2025-05-01,0.06228498898221498,0.08163265306122448
ID/Government/RN,2025-06-01,0.06228498898221498,0.043010752688172046
ID/Government/RN,2025-07-01,0.06228498898221498,0.05319148936170213
ID/Government/RN,2025-08-01,0.06228498898221498,0.029411764705882353
ID/Government/RN,2025-09-01,0.06228498898221498,0.0761904761904762
ID/Non-Profit/CNA,2025-04-01,0.45829560797293317,0.015151515151515152
ID/Non-Profit/CNA,2025-05-01,0.45829560797293317,0.030303030303030304
ID/Non-Profit/CNA,2025-06-01,0.45829560797293317,0.014084507042253521
ID/Non-Profit/CNA,2025-07-01,0.45829560797293317,0.07246376811594203
ID/Non-Profit/CNA,2025-08-01,0.45829560797293317,0.05555555555555555
ID/Non-Profit/CNA,2025-09-01,0.45829560797293317,0.02857142857142857
IL/For-Profit/CNA,2025-04-01,0.09147065375020998,0.08419444694042591
IL/For-Profit/CNA,2025-05-01,0.09147065375020998,0.08709776548575442
IL/For-Profit/CNA,2025-06-01,0.09147065375020998,0.12710759603685035
IL/For-Profit/CNA,2025-07-01,0.09147065375020998,0.08731970056600329
IL/For-Profit/CNA,2025-08-01,0.09147065375020998,0.09760974279741888
IL/For-Profit/CNA,2025-09-01,0.09147065375020998,0.09863535090976606
IL/For-Profit/LPN,2025-04-01,0.07937877702950494,0.06985083189902468
IL/For-Profit/LPN,2025-05-01,0.07937877702950494,0.06870990734141126
IL/For-Profit/LPN,2025-06-01,0.07937877702950494,0.11935621706309643
IL/For-Profit/LPN,2025-07-01,0.07937877702950494,0.07639304973037747
IL/For-Profit/LPN,2025-08-01,0.07937877702950494,0.08043413618792744
IL/For-Profit/LPN,2025-09-01,0.07937877702950494,0.08365758754863813
IL/For-Profit/RN,2025-04-01,0.07858194599400797,0.06713780918727916
IL/For-Profit/RN,2025-05-01,0.07858194599400797,0.06625713032031592
IL/For-Profit/RN,2025-06-01,0.07858194599400797,0.12802818969314345
IL/For-Profit/RN,2025-07-01,0.07858194599400797,0.06201550387596899
IL/For-Profit/RN,2025-08-01,0.07858194599400797,0.06962895098488318
IL/For-Profit/RN,2025-09-01,0.07858194599400797,0.07554122524182405
IL/Government/CNA,2025-04-01,0.06354458109603106,0.06179775280898876
IL/Government/CNA,2025-05-01,0.06354458109603106,0.07446808510638298
IL/Government/CNA,2025-06-01,0.06354458109603106,0.06544502617801047
IL/Government/CNA,2025-07-01,0.06354458109603106,0.07984293193717278
IL/Government/CNA,2025-08-01,0.06354458109603106,0.08483290488431877
IL/Government/CNA,2025-09-01,0.06354458109603106,0.06754966887417219
IL/Government/LPN,2025-04-01,0.044739551500220666,0.03409090909090909
IL/Government/LPN,2025-05-01,0.044739551500220666,0.03977272727272727
IL/Government/LPN,2025-06-01,0.044739551500220666,0.03296703296703297
IL/Government/LPN,2025-07-01,0.044739551500220666,0.08648648648648649
IL/Government/LPN,2025-08-01,0.044739551500220666,0.05
IL/Government/LPN,2025-09-01,0.044739551500220666,0.06111111111111111
IL/Government/RN,2025-04-01,0.04271423682289502,0.023166023166023165
IL/Government/RN,2025-05-01,0.04271423682289502,0.05660377358490566
IL/Government/RN,2025-06-01,0.04271423682289502,0.040892193308550186
IL/Government/RN,2025-07-01,0.04271423682289502,0.03985507246376811
IL/Government/RN,2025-08-01,0.04271423682289502,0.05454545454545454
IL/Government/RN,2025-09-01,0.04271423682289502,0.051094890510948905
IL/Non-Profit/CNA,2025-04-01,0.07311664580811221,0.06865804725813643
IL/Non-Profit/CNA,2025-05-01,0.07311664580811221,0.07144408251900108
IL/Non-Profit/CNA,2025-06-01,0.07311664580811221,0.07627302275189599
IL/Non-Profit/CNA,2025-07-01,0.07311664580811221,0.07959356477561388
IL/Non-Profit/CNA,2025-08-01,0.07311664580811221,0.07743174061433447
IL/Non-Profit/CNA,2025-09-01,0.07311664580811221,0.0812690134724033
IL/Non-Profit/LPN,2025-04-01,0.05297308073224391,0.07348242811501597
IL/Non-Profit/LPN,2025-05-01,0.05200416631820349,0.04940923737916219
IL/Non-Profit/LPN,2025-06-01,0.05103525190416307,0.08779443254817987
IL/Non-Profit/LPN,2025-07-01,0.050066337490122646,0.0738327904451683
IL/Non-Profit/LPN,2025-08-01,0.049097423076082225,0.05010893246187364
IL/Non-Profit/LPN,2025-09-01,0.048128508662041804,0.06774193548387097
IL/Non-Profit/RN,2025-04-01,0.04445537870475972,0.0396361273554256
IL/Non-Profit/RN,2025-05-01,0.04372940705308253,0.043086816720257236
IL/Non-Profit/RN,2025-06-01,0.04300343540140534,0.07115628970775095
IL/Non-Profit/RN,2025-07-01,0.042277463749728156,0.036561898652982684
IL/Non-Profit/RN,2025-08-01,0.041551492098050966,0.045368620037807186
IL/Non-Profit/RN,2025-09-01,0.040825520446373775,0.046675191815856776
IN/For-Profit/CNA,2025-04-01,0.08583049986241191,0.08501204819277108
IN/For-Profit/CNA,2025-05-01,0.08583049986241191,0.09774294078760978
IN/For-Profit/CNA,2025-06-01,0.08583049986241191,0.09541301685975323
IN/For-Profit/CNA,2025-07-01,0.08583049986241191,0.09166743905830012
IN/For-Profit/CNA,2025-08-01,0.08583049986241191,0.09150812064965197
IN/For-Profit/CNA,2025-09-01,0.08583049986241191,0.08609083151607091
IN/For-Profit/LPN,2025-04-01,0.06788861915772225,0.06540342298288508
IN/For-Profit/LPN,2025-05-01,0.06788861915772225,0.06619239096814104
IN/For-Profit/LPN,2025-06-01,0.06788861915772225,0.07429281939695369
IN/For-Profit/LPN,2025-07-01,0.06788861915772225,0.06867878041268864
IN/For-Profit/LPN,2025-08-01,0.06788861915772225,0.07219333129397369
IN/For-Profit/LPN,2025-09-01,0.06788861915772225,0.07173913043478261
IN/For-Profit/RN,2025-04-01,0.0714172838336674,0.06329574390687523
IN/For-Profit/RN,2025-05-01,0.0714172838336674,0.06927494615936827
IN/For-Profit/RN,2025-06-01,0.0714172838336674,0.07866761162296244
IN/For-Profit/RN,2025-07-01,0.0714172838336674,0.0674955595026643
IN/For-Profit/RN,2025-08-01,0.0714172838336674,0.06537530266343826
IN/For-Profit/RN,2025-09-01,0.0714172838336674,0.07009021512838307
IN/Government/CNA,2025-04-01,0.0848932314966906,0.08553685897435898
IN/Government/CNA,2025-05-01,0.0848932314966906,0.09792916586026708
IN/Government/CNA,2025-06-01,0.0848932314966906,0.09831623766208632
IN/Government/CNA,2025-07-01,0.0848932314966906,0.08307692307692308
IN/Government/CNA,2025-08-01,0.0848932314966906,0.08956655159186805
IN/Government/CNA,2025-09-01,0.0848932314966906,0.08173640985529917
IN/Government/LPN,2025-04-01,0.0646416209156262,0.06832298136645963
IN/Government/LPN,2025-05-01,0.0646416209156262,0.059190031152647975
IN/Government/LPN,2025-06-01,0.0646416209156262,0.08229426433915212
IN/Government/LPN,2025-07-01,0.0646416209156262,0.056790123456790124
IN/Government/LPN,2025-08-01,0.0646416209156262,0.06311881188118812
IN/Government/LPN,2025-09-01,0.0646416209156262,0.058823529411764705
IN/Government/RN,2025-04-01,0.0659097995835098,0.06345565749235474
IN/Government/RN,2025-05-01,0.0659097995835098,0.0570592538405267
IN/Government/RN,2025-06-01,0.0659097995835098,0.07781818181818181
IN/Government/RN,2025-07-01,0.0659097995835098,0.06067251461988304
IN/Government/RN,2025-08-01,0.0659097995835098,0.05809731299927379
IN/Government/RN,2025-09-01,0.0659097995835098,0.06564551422319474
IN/Non-Profit/CNA,2025-04-01,0.08379496323272716,0.08454452405322416
IN/Non-Profit/CNA,2025-05-01,0.08379496323272716,0.09181836367273455
IN/Non-Profit/CNA,2025-06-01,0.08379496323272716,0.0936936936936937
IN/Non-Profit/CNA,2025-07-01,0.08379496323272716,0.07764471057884231
IN/Non-Profit/CNA,2025-08-01,0.08379496323272716,0.09147894221351616
IN/Non-Profit/CNA,2025-09-01,0.08379496323272716,0.0856116543604071
IN/Non-Profit/LPN,2025-04-01,0.06487313181616874,0.054279749478079335
IN/Non-Profit/LPN,2025-05-01,0.06487313181616874,0.0722972972972973
IN/Non-Profit/LPN,2025-06-01,0.06487313181616874,0.08066759388038942
IN/Non-Profit/LPN,2025-07-01,0.06487313181616874,0.059846903270702856
IN/Non-Profit/LPN,2025-08-01,0.06487313181616874,0.05931034482758621
IN/Non-Profit/LPN,2025-09-01,0.06487313181616874,0.06588881262868909
IN/Non-Profit/RN,2025-04-01,0.0635020174292841,0.06127886323268206
IN/Non-Profit/RN,2025-05-01,0.0635020174292841,0.05026455026455026
IN/Non-Profit/RN,2025-06-01,0.0635020174292841,0.06976744186046512
IN/Non-Profit/RN,2025-07-01,0.0635020174292841,0.04978165938864629
IN/Non-Profit/RN,2025-08-01,0.0635020174292841,0.05432937181663837
IN/Non-Profit/RN,2025-09-01,0.0635020174292841,0.06416666666666666
KS/For-Profit/CNA,2025-04-01,0.10313072540937512,0.12131860776439089
KS/For-Profit/CNA,2025-05-01,0.10313072540937512,0.1263718528082634
KS/For-Profit/CNA,2025-06-01,0.10313072540937512,0.11592544146500981
KS/For-Profit/CNA,2025-07-01,0.10313072540937512,0.1145233525271913
KS/For-Profit/CNA,2025-08-01,0.10313072540937512,0.12098329048843187
KS/For-Profit/CNA,2025-09-01,0.10313072540937512,0.11209341117597998
KS/For-Profit/LPN,2025-04-01,0.08117327591949026,0.08717948717948718
KS/For-Profit/LPN,2025-05-01,0.08117327591949026,0.09492847854356307
KS/For-Profit/LPN,2025-06-01,0.08117327591949026,0.09036544850498339
KS/For-Profit/LPN,2025-07-01,0.08117327591949026,0.08639587362991619
KS/For-Profit/LPN,2025-08-01,0.08117327591949026,0.0900131406044678
KS/For-Profit/LPN,2025-09-01,0.08117327591949026,0.09581646423751687
KS/For-Profit/RN,2025-04-01,0.07506350180946901,0.08888888888888889
KS/For-Profit/RN,2025-05-01,0.07506350180946901,0.09162491052254831
KS/For-Profit/RN,2025-06-01,0.07506350180946901,0.07937685459940653
KS/For-Profit/RN,2025-07-01,0.07506350180946901,0.08051761322789361
KS/For-Profit/RN,2025-08-01,0.07506350180946901,0.07101865136298421
KS/For-Profit/RN,2025-09-01,0.07506350180946901,0.07290132547864507
KS/Government/CNA,2025-04-01,0.06953701382025791,0.04935064935064935
KS/Government/CNA,2025-05-01,0.06953701382025791,0.07804878048780488
KS/Government/CNA,2025-06-01,0.06953701382025791,0.07231920199501247
KS/Government/CNA,2025-07-01,0.06953701382025791,0.08595988538681948
KS/Government/CNA,2025-08-01,0.06953701382025791,0.058997050147492625
KS/Government/CNA,2025-09-01,0.06953701382025791,0.046153846153846156
KS/Government/LPN,2025-04-01,0.05540417133703248,0.03389830508474576
KS/Government/LPN,2025-05-01,0.05540417133703248,0.12121212121212122
KS/Government/LPN,2025-06-01,0.05540417133703248,0.08771929824561403
KS/Government/LPN,2025-07-01,0.05540417133703248,0.10526315789473684
KS/Government/LPN,2025-08-01,0.05540417133703248,0.08928571428571429
KS/Government/LPN,2025-09-01,0.05540417133703248,0.06779661016949153
KS/Government/RN,2025-04-01,0.046473771380887964,0.023809523809523808
KS/Government/RN,2025-05-01,0.046473771380887964,0.07526881720430108
KS/Government/RN,2025-06-01,0.046473771380887964,0.05555555555555555
KS/Government/RN,2025-07-01,0.046473771380887964,0.024691358024691357
KS/Government/RN,2025-08-01,0.046473771380887964,0.024390243902439025
KS/Government/RN,2025-09-01,0.046473771380887964,0.04819277108433735
KS/Non-Profit/CNA,2025-04-01,0.06737082317854784,0.07874682472480948
KS/Non-Profit/CNA,2025-05-01,0.06654065507285328,0.0796221322537112
KS/Non-Profit/CNA,2025-06-01,0.06571048696715873,0.08659517426273458
KS/Non-Profit/CNA,2025-07-01,0.06488031886146417,0.07967178401270514
KS/Non-Profit/CNA,2025-08-01,0.06405015075576961,0.08537220197813639
KS/Non-Profit/CNA,2025-09-01,0.06321998265007506,0.08782867985904039
KS/Non-Profit/LPN,2025-04-01,0.06484184132482236,0.05202312138728324
KS/Non-Profit/LPN,2025-05-01,0.06484184132482236,0.056022408963585436
KS/Non-Profit/LPN,2025-06-01,0.06484184132482236,0.06293706293706294
KS/Non-Profit/LPN,2025-07-01,0.06484184132482236,0.07862068965517241
KS/Non-Profit/LPN,2025-08-01,0.06484184132482236,0.06130790190735695
KS/Non-Profit/LPN,2025-09-01,0.06484184132482236,0.0862533692722372
KS/Non-Profit/RN,2025-04-01,0.055015813698340035,0.05063291139240506
KS/Non-Profit/RN,2025-05-01,0.055015813698340035,0.04642409033877039
KS/Non-Profit/RN,2025-06-01,0.055015813698340035,0.05067985166872682
KS/Non-Profit/RN,2025-07-01,0.055015813698340035,0.06180469715698393
KS/Non-Profit/RN,2025-08-01,0.055015813698340035,0.055345911949685536
KS/Non-Profit/RN,2025-09-01,0.055015813698340035,0.06265664160401002
KY/For-Profit/CNA,2025-04-01,0.08741639709940101,0.10721544715447154
KY/For-Profit/CNA,2025-05-01,0.08610034904118471,0.09919839679358718
KY/For-Profit/CNA,2025-06-01,0.08478430098296842,0.09236907730673316
KY/For-Profit/CNA,2025-07-01,0.08346825292475213,0.11540749553837001
KY/For-Profit/CNA,2025-08-01,0.08215220486653584,0.10001015331505736
KY/For-Profit/CNA,2025-09-01,0.08083615680831954,0.1061296334644854
KY/For-Profit/LPN,2025-04-01,0.0692878732664846,0.08750414318859795
KY/For-Profit/LPN,2025-05-01,0.0692878732664846,0.0901612372490951
KY/For-Profit/LPN,2025-06-01,0.0692878732664846,0.07269681742043552
KY/For-Profit/LPN,2025-07-01,0.0692878732664846,0.09461718488799732
KY/For-Profit/LPN,2025-08-01,0.0692878732664846,0.06506849315068493
KY/For-Profit/LPN,2025-09-01,0.0692878732664846,0.0924914675767918
KY/For-Profit/RN,2025-04-01,0.08105769060136164,0.07841584158415842
KY/For-Profit/RN,2025-05-01,0.08105769060136164,0.07047244094488189
KY/For-Profit/RN,2025-06-01,0.08105769060136164,0.06948757763975155
KY/For-Profit/RN,2025-07-01,0.08105769060136164,0.08764044943820225
KY/For-Profit/RN,2025-08-01,0.08105769060136164,0.07368421052631578
KY/For-Profit/RN,2025-09-01,0.08105769060136164,0.08782510365623822
KY/Government/CNA,2025-04-01,0.03485478699770135,0.02
KY/Government/CNA,2025-05-01,0.03553584855476748,0.04040404040404041
KY/Government/CNA,2025-06-01,0.0362169101118336,0.035
KY/Government/CNA,2025-07-01,0.03689797166889972,0.02
KY/Government/CNA,2025-08-01,0.03757903322596585,0.019704433497536946
KY/Government/CNA,2025-09-01,0.038260094783031974,0.029556650246305417
KY/Government/LPN,2025-04-01,0.01674495034401812,0.0
KY/Government/LPN,2025-05-01,0.01674495034401812,0.0
KY/Government/LPN,2025-06-01,0.01674495034401812,0.025
KY/Government/LPN,2025-07-01,0.01674495034401812,0.0975609756097561
KY/Government/LPN,2025-08-01,0.01674495034401812,0.0
KY/Government/LPN,2025-09-01,0.01674495034401812,0.02702702702702703
KY/Government/RN,2025-04-01,0.01731483622993502,0.014925373134328358
KY/Government/RN,2025-05-01,0.01731483622993502,0.0
KY/Government/RN,2025-06-01,0.01731483622993502,0.0
KY/Government/RN,2025-07-01,0.01731483622993502,0.014084507042253521
KY/Government/RN,2025-08-01,0.01731483622993502,0.0
KY/Government/RN,2025-09-01,0.01731483622993502,0.0410958904109589
KY/Non-Profit/CNA,2025-04-01,0.07585365165966625,0.062462819750148724
KY/Non-Profit/CNA,2025-05-01,0.07585365165966625,0.08197674418604652
KY/Non-Profit/CNA,2025-06-01,0.07585365165966625,0.07845366685616828
KY/Non-Profit/CNA,2025-07-01,0.07585365165966625,0.08373333333333334
KY/Non-Profit/CNA,2025-08-01,0.07585365165966625,0.09973474801061008
KY/Non-Profit/CNA,2025-09-01,0.07585365165966625,0.08393152954168967
KY/Non-Profit/LPN,2025-04-01,0.053030946012361926,0.03790613718411552
KY/Non-Profit/LPN,2025-05-01,0.053030946012361926,0.07001795332136446
KY/Non-Profit/LPN,2025-06-01,0.053030946012361926,0.046296296296296294
KY/Non-Profit/LPN,2025-07-01,0.053030946012361926,0.050590219224283306
KY/Non-Profit/LPN,2025-08-01,0.053030946012361926,0.056572379367720464
KY/Non-Profit/LPN,2025-09-01,0.053030946012361926,0.08080808080808081
KY/Non-Profit/RN,2025-04-01,0.05835784757680711,0.03616636528028933
KY/Non-Profit/RN,2025-05-01,0.05835784757680711,0.04063604240282685
KY/Non-Profit/RN,2025-06-01,0.05835784757680711,0.060034305317324184
KY/Non-Profit/RN,2025-07-01,0.05835784757680711,0.055267702936096716
KY/Non-Profit/RN,2025-08-01,0.05835784757680711,0.05199306759098787
KY/Non-Profit/RN,2025-09-01,0.05835784757680711,0.06315789473684211
LA/For-Profit/CNA,2025-04-01,0.0896123904084405,0.08453336264702649
LA/For-Profit/CNA,2025-05-01,0.0896123904084405,0.09078151986183074
LA/For-Profit/CNA,2025-06-01,0.0896123904084405,0.0944764342077202
LA/For-Profit/CNA,2025-07-01,0.0896123904084405,0.0887029288702929
LA/For-Profit/CNA,2025-08-01,0.0896123904084405,0.09069212410501193
LA/For-Profit/CNA,2025-09-01,0.0896123904084405,0.08977212506624271
LA/For-Profit/LPN,2025-04-01,0.06436028730073791,0.04917268701934281
LA/For-Profit/LPN,2025-05-01,0.06436028730073791,0.056616643929058665
LA/For-Profit/LPN,2025-06-01,0.06436028730073791,0.0758496511366194
LA/For-Profit/LPN,2025-07-01,0.06436028730073791,0.06176405243279271
LA/For-Profit/LPN,2025-08-01,0.06436028730073791,0.07171139463264409
LA/For-Profit/LPN,2025-09-01,0.06436028730073791,0.06366285586191436
LA/For-Profit/RN,2025-04-01,0.06542672545448898,0.05734767025089606
LA/For-Profit/RN,2025-05-01,0.06542672545448898,0.06613047363717604
LA/For-Profit/RN,2025-06-01,0.06542672545448898,0.07562277580071175
LA/For-Profit/RN,2025-07-01,0.06542672545448898,0.06568712186689715
LA/For-Profit/RN,2025-08-01,0.06542672545448898,0.06399317406143344
LA/For-Profit/RN,2025-09-01,0.06542672545448898,0.07599309153713299
LA/Government/CNA,2025-04-01,0.05735975918925494,0.023696682464454975
LA/Government/CNA,2025-05-01,0.05846335517187495,0.04878048780487805
LA/Government/CNA,2025-06-01,0.059346231957970966,0.041474654377880185
LA/Government/CNA,2025-07-01,0.06005253338684778,0.049773755656108594
LA/Government/CNA,2025-08-01,0.06061757452994923,0.04
LA/Government/CNA,2025-09-01,0.061069607444430386,0.05309734513274336
LA/Government/LPN,2025-04-01,0.03996489987742923,0.009708737864077669
LA/Government/LPN,2025-05-01,0.03996489987742923,0.027522935779816515
LA/Government/LPN,2025-06-01,0.03996489987742923,0.037383177570093455
LA/Government/LPN,2025-07-01,0.03996489987742923,0.06306306306306306
LA/Government/LPN,2025-08-01,0.03996489987742923,0.0
LA/Government/LPN,2025-09-01,0.03996489987742923,0.01818181818181818
LA/Government/RN,2025-04-01,0.03402718264200906,0.0
LA/Government/RN,2025-05-01,0.03402718264200906,0.02
LA/Government/RN,2025-06-01,0.03402718264200906,0.02127659574468085
LA/Government/RN,2025-07-01,0.03402718264200906,0.02127659574468085
LA/Government/RN,2025-08-01,0.03402718264200906,0.02040816326530612
LA/Government/RN,2025-09-01,0.03402718264200906,0.0425531914893617
LA/Non-Profit/CNA,2025-04-01,0.07063701778774174,0.0816708229426434
LA/Non-Profit/CNA,2025-05-01,0.07058950034757756,0.09282700421940929
LA/Non-Profit/CNA,2025-06-01,0.07055148639544623,0.08531383302864107
LA/Non-Profit/CNA,2025-07-01,0.07052107523374117,0.0757020757020757
LA/Non-Profit/CNA,2025-08-01,0.0704967463043771,0.07803121248499399
LA/Non-Profit/CNA,2025-09-01,0.07047728316088586,0.09157064887810794
LA/Non-Profit/LPN,2025-04-01,0.05391819908904208,0.046263345195729534
LA/Non-Profit/LPN,2025-05-01,0.05406107449319767,0.07334109429569266
LA/Non-Profit/LPN,2025-06-01,0.05417537481652215,0.06060606060606061
LA/Non-Profit/LPN,2025-07-01,0.054266815075181725,0.05764705882352941
LA/Non-Profit/LPN,2025-08-01,0.05433996728210939,0.06611570247933884
LA/Non-Profit/LPN,2025-09-01,0.054398489047651516,0.07004830917874397
LA/Non-Profit/RN,2025-04-01,0.0381875757644119,0.10810810810810811
LA/Non-Profit/RN,2025-05-01,0.034480838503261675,0.07874015748031496
LA/Non-Profit/RN,2025-06-01,0.030774101242111447,0.0708955223880597
LA/Non-Profit/RN,2025-07-01,0.02706736398096122,0.06060606060606061
LA/Non-Profit/RN,2025-08-01,0.02336062671981099,0.07749077490774908
LA/Non-Profit/RN,2025-09-01,0.019653889458660763,0.08118081180811808
MA/For-Profit/CNA,2025-04-01,0.06033366689020775,0.06508087535680304
MA/For-Profit/CNA,2025-05-01,0.06033366689020775,0.05586278001687131
MA/For-Profit/CNA,2025-06-01,0.06033366689020775,0.06408717333087081
MA/For-Profit/CNA,2025-07-01,0.06033366689020775,0.05864281196349508
MA/For-Profit/CNA,2025-08-01,0.06033366689020775,0.061141671927134995
MA/For-Profit/CNA,2025-09-01,0.06033366689020775,0.07025207025207025
MA/For-Profit/LPN,2025-04-01,0.06354469385593556,0.06271379703534778
MA/For-Profit/LPN,2025-05-01,0.06354469385593556,0.05487249544626594
MA/For-Profit/LPN,2025-06-01,0.06354469385593556,0.058877225011410315
MA/For-Profit/LPN,2025-07-01,0.06354469385593556,0.05695632597928861
MA/For-Profit/LPN,2025-08-01,0.06354469385593556,0.05892857142857143
MA/For-Profit/LPN,2025-09-01,0.06354469385593556,0.07841409691629955
MA/For-Profit/RN,2025-04-01,0.0745060677754843,0.06960322797579019
MA/For-Profit/RN,2025-05-01,0.0745060677754843,0.06875631951466127
MA/For-Profit/RN,2025-06-01,0.0745060677754843,0.06224627875507442
MA/For-Profit/RN,2025-07-01,0.0745060677754843,0.07447165380744716
MA/For-Profit/RN,2025-08-01,0.0745060677754843,0.06798392498325519
MA/For-Profit/RN,2025-09-01,0.0745060677754843,0.08990641711229946
MA/Government/CNA,2025-04-01,0.018705507796324208,0.0
MA/Government/CNA,2025-05-01,0.018705507796324208,0.0
MA/Government/CNA,2025-06-01,0.018705507796324208,0.02564102564102564
MA/Government/CNA,2025-07-01,0.018705507796324208,0.011695906432748537
MA/Government/CNA,2025-08-01,0.018705507796324208,0.017964071856287425
MA/Government/CNA,2025-09-01,0.018705507796324208,0.030303030303030304
MA/Government/LPN,2025-04-01,0.023197702506641202,0.0
MA/Government/LPN,2025-05-01,0.023197702506641202,0.06666666666666667
MA/Government/LPN,2025-06-01,0.023197702506641202,0.0
MA/Government/LPN,2025-07-01,0.023197702506641202,0.0
MA/Government/LPN,2025-08-01,0.023197702506641202,0.0
MA/Government/LPN,2025-09-01,0.023197702506641202,0.04838709677419355
MA/Government/RN,2025-04-01,0.01617087015377653,0.0
MA/Government/RN,2025-05-01,0.01617087015377653,0.0
MA/Government/RN,2025-06-01,0.01617087015377653,0.0
MA/Government/RN,2025-07-01,0.01617087015377653,0.0
MA/Government/RN,2025-08-01,0.01617087015377653,0.0
MA/Government/RN,2025-09-01,0.01617087015377653,0.023255813953488372
MA/Non-Profit/CNA,2025-04-01,0.05915506742685792,0.06501250240430852
MA/Non-Profit/CNA,2025-05-01,0.05915506742685792,0.04433497536945813
MA/Non-Profit/CNA,2025-06-01,0.05915506742685792,0.15482924785250365
MA/Non-Profit/CNA,2025-07-01,0.05915506742685792,0.0430064308681672
MA/Non-Profit/CNA,2025-08-01,0.05915506742685792,0.05018697106868727
MA/Non-Profit/CNA,2025-09-01,0.05915506742685792,0.08113054087027247
MA/Non-Profit/LPN,2025-04-01,0.05391611038509533,0.065206316861946
MA/Non-Profit/LPN,2025-05-01,0.04353757434018993,0.0421865715983363
MA/Non-Profit/LPN,2025-06-01,0.14598700187734012,0.18433734939759036
MA/Non-Profit/LPN,2025-07-01,0.0408991132133372,0.042220936957779065
MA/Non-Profit/LPN,2025-08-01,0.04914039112678652,0.04971751412429379
MA/Non-Profit/LPN,2025-09-01,0.06538525035961874,0.07171089779785432
MA/Non-Profit/RN,2025-04-01,0.06157208981860998,0.07058823529411765
MA/Non-Profit/RN,2025-05-01,0.06157208981860998,0.03643410852713178
MA/Non-Profit/RN,2025-06-01,0.06157208981860998,0.13837920489296637
MA/Non-Profit/RN,2025-07-01,0.06157208981860998,0.04744525547445255
MA/Non-Profit/RN,2025-08-01,0.06157208981860998,0.061745919091554295
MA/Non-Profit/RN,2025-09-01,0.06157208981860998,0.08261494252873564
MD/For-Profit/CNA,2025-04-01,0.06882641602889941,0.0634184068058778
MD/For-Profit/CNA,2025-05-01,0.06881041689231052,0.05973394730110002
MD/For-Profit/CNA,2025-06-01,0.06879761758303941,0.07060156053360181
MD/For-Profit/CNA,2025-07-01,0.06878737813562252,0.06411201179071481
MD/For-Profit/CNA,2025-08-01,0.06877918657768901,0.07596634556761371
MD/For-Profit/CNA,2025-09-01,0.0687726333313422,0.08299669482188762
MD/For-Profit/LPN,2025-04-01,0.052520014664527916,0.045890821835632874
MD/For-Profit/LPN,2025-05-01,0.052499198189702154,0.0522740696987596
MD/For-Profit/LPN,2025-06-01,0.05248254500984155,0.061327776123846385
MD/For-Profit/LPN,2025-07-01,0.052469222465953064,0.04733901793590121
MD/For-Profit/LPN,2025-08-01,0.05245856443084228,0.05591334894613583
MD/For-Profit/LPN,2025-09-01,0.05245003800275365,0.06398591135896683
MD/For-Profit/RN,2025-04-01,0.07356611062231887,0.05364511691884457
MD/For-Profit/RN,2025-05-01,0.07356611062231887,0.06605691056910569
MD/For-Profit/RN,2025-06-01,0.07356611062231887,0.07130787428185198
MD/For-Profit/RN,2025-07-01,0.07356611062231887,0.05760905760905761
MD/For-Profit/RN,2025-08-01,0.07356611062231887,0.07395179927368768
MD/For-Profit/RN,2025-09-01,0.07356611062231887,0.079476861167002
MD/Government/CNA,2025-04-01,0.02638249139703947,0.03896103896103896
MD/Government/CNA,2025-05-01,0.02638249139703947,0.039735099337748346
MD/Government/CNA,2025-06-01,0.02638249139703947,0.08053691275167785
MD/Government/CNA,2025-07-01,0.02638249139703947,0.006993006993006993
MD/Government/CNA,2025-08-01,0.02638249139703947,0.05
MD/Government/CNA,2025-09-01,0.02638249139703947,0.04316546762589928
MD/Government/LPN,2025-04-01,0.04292627344059611,0.0
MD/Government/LPN,2025-05-01,0.04292627344059611,0.03571428571428571
MD/Government/LPN,2025-06-01,0.04292627344059611,0.037037037037037035
MD/Government/LPN,2025-07-01,0.04292627344059611,0.05660377358490566
MD/Government/LPN,2025-08-01,0.04292627344059611,0.06
MD/Government/LPN,2025-09-01,0.04292627344059611,0.058823529411764705
MD/Government/RN,2025-04-01,0.025305489556270423,0.0136986301369863
MD/Government/RN,2025-05-01,0.025305489556270423,0.02531645569620253
MD/Government/RN,2025-06-01,0.025305489556270423,0.0
MD/Government/RN,2025-07-01,0.025305489556270423,0.012987012987012988
MD/Government/RN,2025-08-01,0.025305489556270423,0.0
MD/Government/RN,2025-09-01,0.025305489556270423,0.08333333333333333
MD/Non-Profit/CNA,2025-04-01,0.051869414923738366,0.047875523638539794
MD/Non-Profit/CNA,2025-05-01,0.051869414923738366,0.043686415320167565
MD/Non-Profit/CNA,2025-06-01,0.051869414923738366,0.05108173076923077
MD/Non-Profit/CNA,2025-07-01,0.051869414923738366,0.042270531400966184
MD/Non-Profit/CNA,2025-08-01,0.051869414923738366,0.04580606781677573
MD/Non-Profit/CNA,2025-09-01,0.051869414923738366,0.06733608978145304
MD/Non-Profit/LPN,2025-04-01,0.046267510818266404,0.03189792663476874
MD/Non-Profit/LPN,2025-05-01,0.046267510818266404,0.054838709677419356
MD/Non-Profit/LPN,2025-06-01,0.046267510818266404,0.05016181229773463
MD/Non-Profit/LPN,2025-07-01,0.046267510818266404,0.03761755485893417
MD/Non-Profit/LPN,2025-08-01,0.046267510818266404,0.03610675039246468
MD/Non-Profit/LPN,2025-09-01,0.046267510818266404,0.03949447077409163
MD/Non-Profit/RN,2025-04-01,0.030221097268210016,0.021645021645021644
MD/Non-Profit/RN,2025-05-01,0.03706372697256435,0.04597701149425287
MD/Non-Profit/RN,2025-06-01,0.04374967030649023,0.053824362606232294
MD/Non-Profit/RN,2025-07-01,0.039830978172464726,0.0460431654676259
MD/Non-Profit/RN,2025-08-01,0.04003434700049251,0.04667609618104668
MD/Non-Profit/RN,2025-09-01,0.06779925691909598,0.06195965417867435
ME/For-Profit/CNA,2025-04-01,0.07469751420134524,0.051566265060240965
ME/For-Profit/CNA,2025-05-01,0.07469751420134524,0.08985641500694766
ME/For-Profit/CNA,2025-06-01,0.07469751420134524,0.06775700934579439
ME/For-Profit/CNA,2025-07-01,0.07469751420134524,0.07109665427509294
ME/For-Profit/CNA,2025-08-01,0.07469751420134524,0.07483930211202938
ME/For-Profit/CNA,2025-09-01,0.07469751420134524,0.07627906976744186
ME/For-Profit/LPN,2025-04-01,0.0725024824243285,0.07368421052631578
ME/For-Profit/LPN,2025-05-01,0.0725024824243285,0.08041958041958042
ME/For-Profit/LPN,2025-06-01,0.0725024824243285,0.057971014492753624
ME/For-Profit/LPN,2025-07-01,0.0725024824243285,0.04929577464788732
ME/For-Profit/LPN,2025-08-01,0.0725024824243285,0.07586206896551724
ME/For-Profit/LPN,2025-09-01,0.0725024824243285,0.03900709219858156
ME/For-Profit/RN,2025-04-01,0.06055410921777481,0.041968162083936326
ME/For-Profit/RN,2025-05-01,0.06055410921777481,0.051893408134642355
ME/For-Profit/RN,2025-06-01,0.06055410921777481,0.06536856745479833
ME/For-Profit/RN,2025-07-01,0.06055410921777481,0.05234159779614325
ME/For-Profit/RN,2025-08-01,0.06055410921777481,0.06353591160220995
ME/For-Profit/RN,2025-09-01,0.06055410921777481,0.05182072829131653
ME/Government/CNA,2025-04-01,0.03488415768185894,0.043478260869565216
ME/Government/CNA,2025-05-01,0.03488415768185894,0.013157894736842105
ME/Government/CNA,2025-06-01,0.03488415768185894,0.04819277108433735
ME/Government/CNA,2025-07-01,0.03488415768185894,0.03529411764705882
ME/Government/CNA,2025-08-01,0.03488415768185894,0.02197802197802198
ME/Government/CNA,2025-09-01,0.03488415768185894,0.07692307692307693
ME/Non-Profit/CNA,2025-04-01,0.056813928315192525,0.052415210688591986
ME/Non-Profit/CNA,2025-05-01,0.056813928315192525,0.04843592330978809
ME/Non-Profit/CNA,2025-06-01,0.056813928315192525,0.05517241379310345
ME/Non-Profit/CNA,2025-07-01,0.056813928315192525,0.054490413723511606
ME/Non-Profit/CNA,2025-08-01,0.056813928315192525,0.06578947368421052
ME/Non-Profit/CNA,2025-09-01,0.056813928315192525,0.06964656964656965
ME/Non-Profit/LPN,2025-04-01,0.06678251317512668,0.060240963855421686
ME/Non-Profit/LPN,2025-05-01,0.06678251317512668,0.05747126436781609
ME/Non-Profit/LPN,2025-06-01,0.06678251317512668,0.056818181818181816
ME/Non-Profit/LPN,2025-07-01,0.06678251317512668,0.06521739130434782
ME/Non-Profit/LPN,2025-08-01,0.06678251317512668,0.06896551724137931
ME/Non-Profit/LPN,2025-09-01,0.06678251317512668,0.14606741573033707
ME/Non-Profit/RN,2025-04-01,0.03864160580849602,0.032520325203252036
ME/Non-Profit/RN,2025-05-01,0.03864160580849602,0.032171581769437
ME/Non-Profit/RN,2025-06-01,0.03864160580849602,0.029333333333333333
ME/Non-Profit/RN,2025-07-01,0.03864160580849602,0.03551912568306011
ME/Non-Profit/RN,2025-08-01,0.03864160580849602,0.03504043126684636
ME/Non-Profit/RN,2025-09-01,0.03864160580849602,0.05249343832020997
MI/For-Profit/CNA,2025-04-01,0.09735484874543782,0.09374556800453836
MI/For-Profit/CNA,2025-05-01,0.09735484874543782,0.09100396576915049
MI/For-Profit/CNA,2025-06-01,0.09735484874543782,0.09212532926660197
MI/For-Profit/CNA,2025-07-01,0.09735484874543782,0.09234540997003542
MI/For-Profit/CNA,2025-08-01,0.09735484874543782,0.10334141740770682
MI/For-Profit/CNA,2025-09-01,0.09735484874543782,0.13387771906951212
MI/For-Profit/LPN,2025-04-01,0.08476361086261205,0.07045215562565721
MI/For-Profit/LPN,2025-05-01,0.08476361086261205,0.08733321781320395
MI/For-Profit/LPN,2025-06-01,0.08476361086261205,0.08421417431987524
MI/For-Profit/LPN,2025-07-01,0.08476361086261205,0.0730260928498814
MI/For-Profit/LPN,2025-08-01,0.08476361086261205,0.09021432131583319
MI/For-Profit/LPN,2025-09-01,0.08476361086261205,0.12409618294938625
MI/For-Profit/RN,2025-04-01,0.07731811683988406,0.07358024691358024
MI/For-Profit/RN,2025-05-01,0.07731811683988406,0.07437210436478908
MI/For-Profit/RN,2025-06-01,0.07731811683988406,0.085693359375
MI/For-Profit/RN,2025-07-01,0.07731811683988406,0.06999522216913522
MI/For-Profit/RN,2025-08-01,0.07731811683988406,0.07245692707104083
MI/For-Profit/RN,2025-09-01,0.07731811683988406,0.1311436672967864
MI/Government/CNA,2025-04-01,0.05048330810084462,0.055513595166163145
MI/Government/CNA,2025-05-01,0.05048330810084462,0.05493273542600897
MI/Government/CNA,2025-06-01,0.05048330810084462,0.05899925317401045
MI/Government/CNA,2025-07-01,0.05048330810084462,0.045722713864306784
MI/Government/CNA,2025-08-01,0.05048330810084462,0.053545051698670604
MI/Government/CNA,2025-09-01,0.05048330810084462,0.045420699925539834
MI/Government/LPN,2025-04-01,0.04273841073504091,0.0336
MI/Government/LPN,2025-05-01,0.04273841073504091,0.03980891719745223
MI/Government/LPN,2025-06-01,0.04273841073504091,0.06528662420382166
MI/Government/LPN,2025-07-01,0.04273841073504091,0.027914614121510674
MI/Government/LPN,2025-08-01,0.04273841073504091,0.04462809917355372
MI/Government/LPN,2025-09-01,0.04273841073504091,0.03782894736842105
MI/Government/RN,2025-04-01,0.033486570851971514,0.0161090458488228
MI/Government/RN,2025-05-01,0.033486570851971514,0.020884520884520884
MI/Government/RN,2025-06-01,0.033486570851971514,0.05224787363304982
MI/Government/RN,2025-07-01,0.033486570851971514,0.03878787878787879
MI/Government/RN,2025-08-01,0.033486570851971514,0.02679658952496955
MI/Government/RN,2025-09-01,0.033486570851971514,0.033128834355828224
MI/Non-Profit/CNA,2025-04-01,0.07093403230310864,0.06964573268921095
MI/Non-Profit/CNA,2025-05-01,0.07093403230310864,0.07890433360588717
MI/Non-Profit/CNA,2025-06-01,0.07093403230310864,0.06647750304012971
MI/Non-Profit/CNA,2025-07-01,0.07093403230310864,0.06745098039215686
MI/Non-Profit/CNA,2025-08-01,0.07093403230310864,0.07512650836901517
MI/Non-Profit/CNA,2025-09-01,0.07093403230310864,0.06861958266452649
MI/Non-Profit/LPN,2025-04-01,0.05808527034814749,0.05022321428571429
MI/Non-Profit/LPN,2025-05-01,0.05808527034814749,0.048478015783540024
MI/Non-Profit/LPN,2025-06-01,0.05808527034814749,0.05310734463276836
MI/Non-Profit/LPN,2025-07-01,0.05808527034814749,0.0664488017429194
MI/Non-Profit/LPN,2025-08-01,0.05808527034814749,0.04793756967670011
MI/Non-Profit/LPN,2025-09-01,0.05808527034814749,0.06994535519125683
MI/Non-Profit/RN,2025-04-01,0.051199806081486526,0.052884615384615384
MI/Non-Profit/RN,2025-05-01,0.051199806081486526,0.05644171779141104
MI/Non-Profit/RN,2025-06-01,0.051199806081486526,0.03291139240506329
MI/Non-Profit/RN,2025-07-01,0.051199806081486526,0.03664302600472813
MI/Non-Profit/RN,2025-08-01,0.051199806081486526,0.039568345323741004
MI/Non-Profit/RN,2025-09-01,0.051199806081486526,0.05263157894736842
MN/For-Profit/CNA,2025-04-01,0.07034000988665712,0.07950530035335689
MN/For-Profit/CNA,2025-05-01,0.06937970677761011,0.08908685968819599
MN/For-Profit/CNA,2025-06-01,0.06841940366856311,0.09505280711506392
MN/For-Profit/CNA,2025-07-01,0.06745910055951611,0.0957683741648107
MN/For-Profit/CNA,2025-08-01,0.0664987974504691,0.08475048787287427
MN/For-Profit/CNA,2025-09-01,0.0655384943414221,0.07761366927309586
MN/For-Profit/LPN,2025-04-01,0.05986632588135444,0.07562076749435666
MN/For-Profit/LPN,2025-05-01,0.05986632588135444,0.06858407079646017
MN/For-Profit/LPN,2025-06-01,0.05986632588135444,0.10857763300760044
MN/For-Profit/LPN,2025-07-01,0.05986632588135444,0.0659217877094972
MN/For-Profit/LPN,2025-08-01,0.05986632588135444,0.04820627802690583
MN/For-Profit/LPN,2025-09-01,0.05986632588135444,0.05895196506550218
MN/For-Profit/RN,2025-04-01,0.07521211767698352,0.0834710743801653
MN/For-Profit/RN,2025-05-01,0.07521211767698352,0.06704824202780049
MN/For-Profit/RN,2025-06-01,0.07521211767698352,0.08617886178861789
MN/For-Profit/RN,2025-07-01,0.07521211767698352,0.06760098928276999
MN/For-Profit/RN,2025-08-01,0.07521211767698352,0.06498781478472786
MN/For-Profit/RN,2025-09-01,0.07521211767698352,0.07741935483870968
MN/Government/CNA,2025-04-01,0.04172638188493886,0.029411764705882353
MN/Government/CNA,2025-05-01,0.04172638188493886,0.04118268215417107
MN/Government/CNA,2025-06-01,0.04172638188493886,0.042682926829268296
MN/Government/CNA,2025-07-01,0.04172638188493886,0.034764826175869123
MN/Government/CNA,2025-08-01,0.04172638188493886,0.050505050505050504
MN/Government/CNA,2025-09-01,0.04172638188493886,0.05460385438972163
MN/Government/LPN,2025-04-01,0.03153264470962378,0.014778325123152709
MN/Government/LPN,2025-05-01,0.03153264470962378,0.03902439024390244
MN/Government/LPN,2025-06-01,0.03153264470962378,0.05527638190954774
MN/Government/LPN,2025-07-01,0.03153264470962378,0.025
MN/Government/LPN,2025-08-01,0.03153264470962378,0.02926829268292683
MN/Government/LPN,2025-09-01,0.03153264470962378,0.04591836734693878
MN/Government/RN,2025-04-01,0.02518103660555695,0.01639344262295082
MN/Government/RN,2025-05-01,0.02518103660555695,0.01929260450160772
MN/Government/RN,2025-06-01,0.02518103660555695,0.031746031746031744
MN/Government/RN,2025-07-01,0.02518103660555695,0.018461538461538463
MN/Government/RN,2025-08-01,0.02518103660555695,0.021021021021021023
MN/Government/RN,2025-09-01,0.02518103660555695,0.03951367781155015
MN/Non-Profit/CNA,2025-04-01,0.05565457480115544,0.053024994160242936
MN/Non-Profit/CNA,2025-05-01,0.05565457480115544,0.06074663132317208
MN/Non-Profit/CNA,2025-06-01,0.05565457480115544,0.057692307692307696
MN/Non-Profit/CNA,2025-07-01,0.05565457480115544,0.05391636595202717
MN/Non-Profit/CNA,2025-08-01,0.05565457480115544,0.06879194630872483
MN/Non-Profit/CNA,2025-09-01,0.05565457480115544,0.0655210643015521
MN/Non-Profit/LPN,2025-04-01,0.0418969855791089,0.032175689479060264
MN/Non-Profit/LPN,2025-05-01,0.0418969855791089,0.05015197568389058
MN/Non-Profit/LPN,2025-06-01,0.0418969855791089,0.05711371749107598
MN/Non-Profit/LPN,2025-07-01,0.0418969855791089,0.045771144278606964
MN/Non-Profit/LPN,2025-08-01,0.0418969855791089,0.03751875937968985
MN/Non-Profit/LPN,2025-09-01,0.0418969855791089,0.04116465863453815
MN/Non-Profit/RN,2025-04-01,0.03787992578402858,0.04024468770122344
MN/Non-Profit/RN,2025-05-01,0.03733545890113303,0.03744351194318916
MN/Non-Profit/RN,2025-06-01,0.03679099201823748,0.041157556270096464
MN/Non-Profit/RN,2025-07-01,0.036246525135341934,0.030122372136805773
MN/Non-Profit/RN,2025-08-01,0.035702058252446385,0.044027093596059115
MN/Non-Profit/RN,2025-09-01,0.035157591369550836,0.04939024390243903
MO/For-Profit/CNA,2025-04-01,0.13273179136505645,0.12095160453568517
MO/For-Profit/CNA,2025-05-01,0.13273179136505645,0.13329440105117163
MO/For-Profit/CNA,2025-06-01,0.13273179136505645,0.13574169260841237
MO/For-Profit/CNA,2025-07-01,0.13273179136505645,0.13441433752933646
MO/For-Profit/CNA,2025-08-01,0.13273179136505645,0.13581645659255062
MO/For-Profit/CNA,2025-09-01,0.13273179136505645,0.14080871809578435
MO/For-Profit/LPN,2025-04-01,0.097747743210235,0.07609282245008095
MO/For-Profit/LPN,2025-05-01,0.097747743210235,0.09799196787148594
MO/For-Profit/LPN,2025-06-01,0.097747743210235,0.11332271762208068
MO/For-Profit/LPN,2025-07-01,0.097747743210235,0.0931909212283044
MO/For-Profit/LPN,2025-08-01,0.097747743210235,0.09554655870445344
MO/For-Profit/LPN,2025-09-01,0.097747743210235,0.09874900186318872
MO/For-Profit/RN,2025-04-01,0.09758155700008778,0.07699037620297462
MO/For-Profit/RN,2025-05-01,0.09758155700008778,0.0905579399141631
MO/For-Profit/RN,2025-06-01,0.09758155700008778,0.09360034828036569
MO/For-Profit/RN,2025-07-01,0.09758155700008778,0.07860824742268041
MO/For-Profit/RN,2025-08-01,0.09758155700008778,0.08930075821398484
MO/For-Profit/RN,2025-09-01,0.09758155700008778,0.10559796437659033
MO/Government/CNA,2025-04-01,0.09021680020177997,0.07236842105263158
MO/Government/CNA,2025-05-01,0.09021680020177997,0.11442786069651742
MO/Government/CNA,2025-06-01,0.09021680020177997,0.0728476821192053
MO/Government/CNA,2025-07-01,0.09021680020177997,0.09951845906902086
MO/Government/CNA,2025-08-01,0.09021680020177997,0.096
MO/Government/CNA,2025-09-01,0.09021680020177997,0.15251572327044025
MO/Government/LPN,2025-04-01,0.07583706835941212,0.09929078014184398
MO/Government/LPN,2025-05-01,0.07583706835941212,0.12142857142857143
MO/Government/LPN,2025-06-01,0.07583706835941212,0.07801418439716312
MO/Government/LPN,2025-07-01,0.07583706835941212,0.12162162162162163
MO/Government/LPN,2025-08-01,0.07583706835941212,0.06382978723404255
MO/Government/LPN,2025-09-01,0.07583706835941212,0.08108108108108109
MO/Government/RN,2025-04-01,0.08798688140274771,0.026785714285714284
MO/Government/RN,2025-05-01,0.08934491749456283,0.11403508771929824
MO/Government/RN,2025-06-01,0.09070295358637795,0.03389830508474576
MO/Government/RN,2025-07-01,0.09206098967819307,0.05737704918032787
MO/Government/RN,2025-08-01,0.09341902577000818,0.08
MO/Government/RN,2025-09-01,0.0947770618618233,0.09523809523809523
MO/Non-Profit/CNA,2025-04-01,0.09741309937312106,0.08342322905429701
MO/Non-Profit/CNA,2025-05-01,0.09741309937312106,0.1007994438651373
MO/Non-Profit/CNA,2025-06-01,0.09741309937312106,0.10944741532976827
MO/Non-Profit/CNA,2025-07-01,0.09741309937312106,0.08945260347129506
MO/Non-Profit/CNA,2025-08-01,0.09741309937312106,0.09237487403426269
MO/Non-Profit/CNA,2025-09-01,0.09741309937312106,0.0987612989621694
MO/Non-Profit/LPN,2025-04-01,0.07568820998960908,0.053003533568904596
MO/Non-Profit/LPN,2025-05-01,0.07568820998960908,0.08554913294797688
MO/Non-Profit/LPN,2025-06-01,0.07568820998960908,0.06867469879518072
MO/Non-Profit/LPN,2025-07-01,0.07568820998960908,0.05909090909090909
MO/Non-Profit/LPN,2025-08-01,0.07568820998960908,0.06307339449541284
MO/Non-Profit/LPN,2025-09-01,0.07568820998960908,0.08680947012401354
MO/Non-Profit/RN,2025-04-01,0.06774571157661849,0.06228956228956229
MO/Non-Profit/RN,2025-05-01,0.06774571157661849,0.048414023372287146
MO/Non-Profit/RN,2025-06-01,0.06774571157661849,0.0945273631840796
MO/Non-Profit/RN,2025-07-01,0.06774571157661849,0.06754530477759473
MO/Non-Profit/RN,2025-08-01,0.06774571157661849,0.05365853658536585
MO/Non-Profit/RN,2025-09-01,0.06774571157661849,0.09794628751974724
MS/For-Profit/CNA,2025-04-01,0.09146938516466911,0.08295625942684766
MS/For-Profit/CNA,2025-05-01,0.09146938516466911,0.09494290375203915
MS/For-Profit/CNA,2025-06-01,0.09146938516466911,0.08488745980707396
MS/For-Profit/CNA,2025-07-01,0.09146938516466911,0.09640043256604357
MS/For-Profit/CNA,2025-08-01,0.09146938516466911,0.09164588528678304
MS/For-Profit/CNA,2025-09-01,0.09146938516466911,0.10020322025949664
MS/For-Profit/LPN,2025-04-01,0.0658802240055376,0.05237919586868314
MS/For-Profit/LPN,2025-05-01,0.0658802240055376,0.07294721407624634
MS/For-Profit/LPN,2025-06-01,0.0658802240055376,0.06415929203539823
MS/For-Profit/LPN,2025-07-01,0.0658802240055376,0.06466763005780347
MS/For-Profit/LPN,2025-08-01,0.0658802240055376,0.06549295774647887
MS/For-Profit/LPN,2025-09-01,0.0658802240055376,0.07467870788468219
MS/For-Profit/RN,2025-04-01,0.0687833821577239,0.06170212765957447
MS/For-Profit/RN,2025-05-01,0.0687833821577239,0.06616643929058663
MS/For-Profit/RN,2025-06-01,0.0687833821577239,0.0676841406768414
MS/For-Profit/RN,2025-07-01,0.0687833821577239,0.06328279499011207
MS/For-Profit/RN,2025-08-01,0.0687833821577239,0.08181818181818182
MS/For-Profit/RN,2025-09-01,0.0687833821577239,0.06402640264026403
MS/Government/CNA,2025-04-01,0.0746192675733876,0.0725925925925926
MS/Government/CNA,2025-05-01,0.0746192675733876,0.06268221574344024
MS/Government/CNA,2025-06-01,0.0746192675733876,0.06647398843930635
MS/Government/CNA,2025-07-01,0.0746192675733876,0.06368563685636856
MS/Government/CNA,2025-08-01,0.0746192675733876,0.07258064516129033
MS/Government/CNA,2025-09-01,0.0746192675733876,0.06740027510316368
MS/Government/LPN,2025-04-01,0.049148026069923294,0.04844290657439446
MS/Government/LPN,2025-05-01,0.049148026069923294,0.04878048780487805
MS/Government/LPN,2025-06-01,0.049148026069923294,0.04827586206896552
MS/Government/LPN,2025-07-01,0.049148026069923294,0.05704697986577181
MS/Government/LPN,2025-08-01,0.049148026069923294,0.03436426116838488
MS/Government/LPN,2025-09-01,0.049148026069923294,0.03934426229508197
MS/Government/RN,2025-04-01,0.04691108203590448,0.039603960396039604
MS/Government/RN,2025-05-01,0.04691108203590448,0.0430622009569378
MS/Government/RN,2025-06-01,0.04691108203590448,0.057692307692307696
MS/Government/RN,2025-07-01,0.04691108203590448,0.028985507246376812
MS/Government/RN,2025-08-01,0.04691108203590448,0.04225352112676056
MS/Government/RN,2025-09-01,0.04691108203590448,0.06363636363636363
MS/Non-Profit/CNA,2025-04-01,0.06888419692880829,0.044372294372294376
MS/Non-Profit/CNA,2025-05-01,0.06888419692880829,0.05938494167550371
MS/Non-Profit/CNA,2025-06-01,0.06888419692880829,0.060860440713536204
MS/Non-Profit/CNA,2025-07-01,0.06888419692880829,0.059356136820925554
MS/Non-Profit/CNA,2025-08-01,0.06888419692880829,0.06686332350049164
MS/Non-Profit/CNA,2025-09-01,0.06888419692880829,0.13524185587364265
MS/Non-Profit/LPN,2025-04-01,0.08329295068462014,0.039660056657223795
MS/Non-Profit/LPN,2025-05-01,0.08505561257133887,0.049586776859504134
MS/Non-Profit/LPN,2025-06-01,0.08681827445805759,0.03581267217630854
MS/Non-Profit/LPN,2025-07-01,0.08858093634477632,0.04120879120879121
MS/Non-Profit/LPN,2025-08-01,0.09034359823149504,0.05291005291005291
MS/Non-Profit/LPN,2025-09-01,0.09210626011821377,0.1518324607329843
MS/Non-Profit/RN,2025-04-01,0.05320499857645908,0.04597701149425287
MS/Non-Profit/RN,2025-05-01,0.05320499857645908,0.060836501901140684
MS/Non-Profit/RN,2025-06-01,0.05320499857645908,0.06614785992217899
MS/Non-Profit/RN,2025-07-01,0.05320499857645908,0.04247104247104247
MS/Non-Profit/RN,2025-08-01,0.05320499857645908,0.056818181818181816
MS/Non-Profit/RN,2025-09-01,0.05320499857645908,0.12749003984063745
MT/For-Profit/CNA,2025-04-01,0.11051073148128641,0.1
MT/For-Profit/CNA,2025-05-01,0.11051073148128641,0.10602678571428571
MT/For-Profit/CNA,2025-06-01,0.11051073148128641,0.11495535714285714
MT/For-Profit/CNA,2025-07-01,0.11051073148128641,0.11342592592592593
MT/For-Profit/CNA,2025-08-01,0.11051073148128641,0.11045828437132785
MT/For-Profit/CNA,2025-09-01,0.11051073148128641,0.09454545454545454
MT/For-Profit/LPN,2025-04-01,0.04417001055493627,0.05365853658536585
MT/For-Profit/LPN,2025-05-01,0.04148487611712919,0.05314009661835749
MT/For-Profit/LPN,2025-06-01,0.03879974167932211,0.07692307692307693
MT/For-Profit/LPN,2025-07-01,0.03611460724151504,0.08823529411764706
MT/For-Profit/LPN,2025-08-01,0.033429472803707956,0.06930693069306931
MT/For-Profit/LPN,2025-09-01,0.030744338365900875,0.075
MT/For-Profit/RN,2025-04-01,0.09632348647610643,0.05944055944055944
MT/For-Profit/RN,2025-05-01,0.10557182142439378,0.058419243986254296
MT/For-Profit/RN,2025-06-01,0.11482015637268114,0.05964912280701754
MT/For-Profit/RN,2025-07-01,0.1240684913209685,0.03985507246376811
MT/For-Profit/RN,2025-08-01,0.13331682626925587,0.04844290657439446
MT/For-Profit/RN,2025-09-01,0.14256516121754323,0.07432432432432433
MT/Government/CNA,2025-04-01,0.09608412331226815,0.1092896174863388
MT/Government/CNA,2025-05-01,0.09608412331226815,0.0898876404494382
MT/Government/CNA,2025-06-01,0.09608412331226815,0.1256544502617801
MT/Government/CNA,2025-07-01,0.09608412331226815,0.06629834254143646
MT/Government/CNA,2025-08-01,0.09608412331226815,0.08808290155440414
MT/Government/CNA,2025-09-01,0.09608412331226815,0.10945273631840796
MT/Government/RN,2025-04-01,0.06442981390922325,0.06578947368421052
MT/Government/RN,2025-05-01,0.06442981390922325,0.041666666666666664
MT/Government/RN,2025-06-01,0.06442981390922325,0.08
MT/Government/RN,2025-07-01,0.06442981390922325,0.08974358974358974
MT/Government/RN,2025-08-01,0.06442981390922325,0.06329113924050633
MT/Government/RN,2025-09-01,0.06442981390922325,0.11627906976744186
MT/Non-Profit/CNA,2025-04-01,0.12136611583265043,0.061619718309859156
MT/Non-Profit/CNA,2025-05-01,0.12136611583265043,0.07830342577487764
MT/Non-Profit/CNA,2025-06-01,0.12136611583265043,0.09682539682539683
MT/Non-Profit/CNA,2025-07-01,0.12136611583265043,0.09235668789808917
MT/Non-Profit/CNA,2025-08-01,0.12136611583265043,0.08401976935749589
MT/Non-Profit/CNA,2025-09-01,0.12136611583265043,0.06172839506172839
MT/Non-Profit/LPN,2025-04-01,0.058036519850702614,0.03125
MT/Non-Profit/LPN,2025-05-01,0.058036519850702614,0.042105263157894736
MT/Non-Profit/LPN,2025-06-01,0.058036519850702614,0.10309278350515463
MT/Non-Profit/LPN,2025-07-01,0.058036519850702614,0.06422018348623854
MT/Non-Profit/LPN,2025-08-01,0.058036519850702614,0.02727272727272727
MT/Non-Profit/LPN,2025-09-01,0.058036519850702614,0.03669724770642202
MT/Non-Profit/RN,2025-04-01,0.055366112705535514,0.02336448598130841
MT/Non-Profit/RN,2025-05-01,0.05538013937013258,0.04932735426008968
MT/Non-Profit/RN,2025-06-01,0.05539136070181023,0.04484304932735426
MT/Non-Profit/RN,2025-07-01,0.05540033776715235,0.07203389830508475
MT/Non-Profit/RN,2025-08-01,0.055407519419426045,0.0641025641025641
MT/Non-Profit/RN,2025-09-01,0.055413264741245,0.048034934497816595
NC/For-Profit/CNA,2025-04-01,0.09455744800103562,0.08970976253298153
NC/For-Profit/CNA,2025-05-01,0.09455744800103562,0.10652129748764136
NC/For-Profit/CNA,2025-06-01,0.09455744800103562,0.09592736364234489
NC/For-Profit/CNA,2025-07-01,0.09455744800103562,0.0910783055198973
NC/For-Profit/CNA,2025-08-01,0.09455744800103562,0.10306919997458219
NC/For-Profit/CNA,2025-09-01,0.09455744800103562,0.10478272049370017
NC/For-Profit/LPN,2025-04-01,0.08253336882384778,0.07475708903430497
NC/For-Profit/LPN,2025-05-01,0.08253336882384778,0.09911330049261084
NC/For-Profit/LPN,2025-06-01,0.08253336882384778,0.09378046402807565
NC/For-Profit/LPN,2025-07-01,0.08253336882384778,0.08554286820205148
NC/For-Profit/LPN,2025-08-01,0.08253336882384778,0.08604427333974976
NC/For-Profit/LPN,2025-09-01,0.08253336882384778,0.09845153890269547
NC/For-Profit/RN,2025-04-01,0.09842983012303472,0.08420424007166319
NC/For-Profit/RN,2025-05-01,0.099025385741624,0.1014792899408284
NC/For-Profit/RN,2025-06-01,0.0996209413602133,0.0942468921653657
NC/For-Profit/RN,2025-07-01,0.10021649697880258,0.08640226628895184
NC/For-Profit/RN,2025-08-01,0.10081205259739187,0.0922085201793722
NC/For-Profit/RN,2025-09-01,0.10140760821598116,0.10033444816053512
NC/Government/CNA,2025-04-01,0.08041131015206723,0.0946969696969697
NC/Government/CNA,2025-05-01,0.06465384603751062,0.055776892430278883
NC/Government/CNA,2025-06-01,0.0627582733912514,0.06584362139917696
NC/Government/CNA,2025-07-01,0.07775060976564774,0.05504587155963303
NC/Government/CNA,2025-08-01,0.08678317457478105,0.07692307692307693
NC/Government/CNA,2025-09-01,0.10478861273087002,0.10185185185185185
NC/Government/LPN,2025-04-01,0.07147877772240874,0.058823529411764705
NC/Government/LPN,2025-05-01,0.07147877772240874,0.08536585365853659
NC/Government/LPN,2025-06-01,0.07147877772240874,0.09876543209876543
NC/Government/LPN,2025-07-01,0.07147877772240874,0.09433962264150944
NC/Government/LPN,2025-08-01,0.07147877772240874,0.04
NC/Government/LPN,2025-09-01,0.07147877772240874,0.07407407407407407
NC/Government/RN,2025-04-01,0.11205693186487078,0.1566265060240964
NC/Government/RN,2025-05-01,0.11449277722176919,0.04
NC/Government/RN,2025-06-01,0.1169286225786676,0.0958904109589041
NC/Government/RN,2025-07-01,0.119364467935566,0.1016949152542373
NC/Government/RN,2025-08-01,0.12180031329246441,0.05172413793103448
NC/Government/RN,2025-09-01,0.1242361586493628,0.01818181818181818
NC/Non-Profit/CNA,2025-04-01,0.06466640290494981,0.04721549636803874
NC/Non-Profit/CNA,2025-05-01,0.06466640290494981,0.07066719305171733
NC/Non-Profit/CNA,2025-06-01,0.06466640290494981,0.08085277554304103
NC/Non-Profit/CNA,2025-07-01,0.06466640290494981,0.061068702290076333
NC/Non-Profit/CNA,2025-08-01,0.06466640290494981,0.0654490106544901
NC/Non-Profit/CNA,2025-09-01,0.06466640290494981,0.0660377358490566
NC/Non-Profit/LPN,2025-04-01,0.05468144229218912,0.047841306884480746
NC/Non-Profit/LPN,2025-05-01,0.05468144229218912,0.05146198830409357
NC/Non-Profit/LPN,2025-06-01,0.05468144229218912,0.0843520782396088
NC/Non-Profit/LPN,2025-07-01,0.05468144229218912,0.055288461538461536
NC/Non-Profit/LPN,2025-08-01,0.05468144229218912,0.051094890510948905
NC/Non-Profit/LPN,2025-09-01,0.05468144229218912,0.04151404151404151
NC/Non-Profit/RN,2025-04-01,0.04852412427939475,0.04185351270553064
NC/Non-Profit/RN,2025-05-01,0.04852412427939475,0.04852941176470588
NC/Non-Profit/RN,2025-06-01,0.04852412427939475,0.06230529595015576
NC/Non-Profit/RN,2025-07-01,0.04852412427939475,0.0391304347826087
NC/Non-Profit/RN,2025-08-01,0.04852412427939475,0.04836415362731152
NC/Non-Profit/RN,2025-09-01,0.04852412427939475,0.049062049062049064
ND/For-Profit/CNA,2025-04-01,0.08700717924324314,0.08641975308641975
ND/For-Profit/CNA,2025-05-01,0.08700717924324314,0.1188118811881188
ND/For-Profit/CNA,2025-06-01,0.08700717924324314,0.09375
ND/For-Profit/CNA,2025-07-01,0.08700717924324314,0.038461538461538464
ND/For-Profit/CNA,2025-08-01,0.08700717924324314,0.1326530612244898
ND/For-Profit/CNA,2025-09-01,0.08700717924324314,0.08791208791208792
ND/For-Profit/RN,2025-04-01,0.06974837345088428,0.029411764705882353
ND/For-Profit/RN,2025-05-01,0.06974837345088428,0.08571428571428572
ND/For-Profit/RN,2025-06-01,0.06974837345088428,0.07894736842105263
ND/For-Profit/RN,2025-07-01,0.06974837345088428,0.09090909090909091
ND/For-Profit/RN,2025-08-01,0.06974837345088428,0.09302325581395349
ND/For-Profit/RN,2025-09-01,0.06974837345088428,0.11627906976744186
ND/Government/CNA,2025-04-01,0.04511211941939106,0.0
ND/Government/CNA,2025-05-01,0.04511211941939106,0.022727272727272728
ND/Government/CNA,2025-06-01,0.04511211941939106,0.023255813953488372
ND/Government/CNA,2025-07-01,0.04511211941939106,0.020833333333333332
ND/Government/CNA,2025-08-01,0.04511211941939106,0.07142857142857142
ND/Government/CNA,2025-09-01,0.04511211941939106,0.04395604395604396
ND/Non-Profit/CNA,2025-04-01,0.06103093590853319,0.05822873082287308
ND/Non-Profit/CNA,2025-05-01,0.06103093590853319,0.06972846128059002
ND/Non-Profit/CNA,2025-06-01,0.06103093590853319,0.06133333333333333
ND/Non-Profit/CNA,2025-07-01,0.06103093590853319,0.06641952425084956
ND/Non-Profit/CNA,2025-08-01,0.06103093590853319,0.07740130556419024
ND/Non-Profit/CNA,2025-09-01,0.06103093590853319,0.06209150326797386
ND/Non-Profit/LPN,2025-04-01,0.049671363786235545,0.04602510460251046
ND/Non-Profit/LPN,2025-05-01,0.049671363786235545,0.07322175732217573
ND/Non-Profit/LPN,2025-06-01,0.049671363786235545,0.07017543859649122
ND/Non-Profit/LPN,2025-07-01,0.049671363786235545,0.04703476482617587
ND/Non-Profit/LPN,2025-08-01,0.049671363786235545,0.04397705544933078
ND/Non-Profit/LPN,2025-09-01,0.049671363786235545,0.0419047619047619
ND/Non-Profit/RN,2025-04-01,0.04039278842162012,0.032171581769437
ND/Non-Profit/RN,2025-05-01,0.04039278842162012,0.04666666666666667
ND/Non-Profit/RN,2025-06-01,0.04039278842162012,0.034210526315789476
ND/Non-Profit/RN,2025-07-01,0.04039278842162012,0.05773955773955774
ND/Non-Profit/RN,2025-08-01,0.04039278842162012,0.05766871165644172
ND/Non-Profit/RN,2025-09-01,0.04039278842162012,0.03345724907063197
NE/For-Profit/CNA,2025-04-01,0.10525816716350965,0.10803324099722991
NE/For-Profit/CNA,2025-05-01,0.10525816716350965,0.1024653312788906
NE/For-Profit/CNA,2025-06-01,0.10525816716350965,0.0972644376899696
NE/For-Profit/CNA,2025-07-01,0.10525816716350965,0.09958970533383066
NE/For-Profit/CNA,2025-08-01,0.10525816716350965,0.10459469555472543
NE/For-Profit/CNA,2025-09-01,0.10525816716350965,0.13188073394495411
NE/For-Profit/LPN,2025-04-01,0.08327990544856355,0.09671532846715329
NE/For-Profit/LPN,2025-05-01,0.08327990544856355,0.09568480300187618
NE/For-Profit/LPN,2025-06-01,0.08327990544856355,0.062135922330097085
NE/For-Profit/LPN,2025-07-01,0.08327990544856355,0.07076350093109869
NE/For-Profit/LPN,2025-08-01,0.08327990544856355,0.06946983546617916
NE/For-Profit/LPN,2025-09-01,0.08327990544856355,0.10091743119266056
NE/For-Profit/RN,2025-04-01,0.08428421629925706,0.08620689655172414
NE/For-Profit/RN,2025-05-01,0.08428421629925706,0.08145580589254767
NE/For-Profit/RN,2025-06-01,0.08428421629925706,0.07908611599297012
NE/For-Profit/RN,2025-07-01,0.08428421629925706,0.06902356902356903
NE/For-Profit/RN,2025-08-01,0.08428421629925706,0.07131011608623548
NE/For-Profit/RN,2025-09-01,0.08428421629925706,0.13993174061433447
NE/Government/CNA,2025-04-01,0.060642912629391275,0.08622620380739082
NE/Government/CNA,2025-05-01,0.060642912629391275,0.052127659574468084
NE/Government/CNA,2025-06-01,0.060642912629391275,0.06574761399787911
NE/Government/CNA,2025-07-01,0.060642912629391275,0.07267144319344933
NE/Government/CNA,2025-08-01,0.060642912629391275,0.05037513397642015
NE/Government/CNA,2025-09-01,0.060642912629391275,0.0756578947368421
NE/Government/LPN,2025-04-01,0.04441289621634894,0.062146892655367235
NE/Government/LPN,2025-05-01,0.04441289621634894,0.04597701149425287
NE/Government/LPN,2025-06-01,0.04441289621634894,0.045714285714285714
NE/Government/LPN,2025-07-01,0.04441289621634894,0.0449438202247191
NE/Government/LPN,2025-08-01,0.04441289621634894,0.03954802259887006
NE/Government/LPN,2025-09-01,0.04441289621634894,0.06077348066298342
NE/Government/RN,2025-04-01,0.039602338559034105,0.06726457399103139
NE/Government/RN,2025-05-01,0.039602338559034105,0.013574660633484163
NE/Government/RN,2025-06-01,0.039602338559034105,0.02727272727272727
NE/Government/RN,2025-07-01,0.039602338559034105,0.029166666666666667
NE/Government/RN,2025-08-01,0.039602338559034105,0.04219409282700422
NE/Government/RN,2025-09-01,0.039602338559034105,0.06967213114754098
NE/Non-Profit/CNA,2025-04-01,0.06017790687211551,0.04738504738504738
NE/Non-Profit/CNA,2025-05-01,0.06017790687211551,0.06679764243614932
NE/Non-Profit/CNA,2025-06-01,0.06017790687211551,0.07707317073170732
NE/Non-Profit/CNA,2025-07-01,0.06017790687211551,0.060206961429915336
NE/Non-Profit/CNA,2025-08-01,0.06017790687211551,0.06965326787358085
NE/Non-Profit/CNA,2025-09-01,0.06017790687211551,0.0705026873221625
NE/Non-Profit/LPN,2025-04-01,0.03974685663109133,0.04833333333333333
NE/Non-Profit/LPN,2025-05-01,0.03974685663109133,0.03571428571428571
NE/Non-Profit/LPN,2025-06-01,0.03974685663109133,0.07357859531772576
NE/Non-Profit/LPN,2025-07-01,0.03974685663109133,0.04146730462519936
NE/Non-Profit/LPN,2025-08-01,0.03974685663109133,0.034976152623211444
NE/Non-Profit/LPN,2025-09-01,0.03974685663109133,0.056782334384858045
NE/Non-Profit/RN,2025-04-01,0.07097949747476101,0.03855721393034826
NE/Non-Profit/RN,2025-05-01,0.07097949747476101,0.03841229193341869
NE/Non-Profit/RN,2025-06-01,0.07097949747476101,0.05
NE/Non-Profit/RN,2025-07-01,0.07097949747476101,0.0438489646772229
NE/Non-Profit/RN,2025-08-01,0.07097949747476101,0.039711191335740074
NE/Non-Profit/RN,2025-09-01,0.07097949747476101,0.05263157894736842
NH/For-Profit/CNA,2025-04-01,0.08158009972730282,0.07870081199250469
NH/For-Profit/CNA,2025-05-01,0.08158009972730282,0.09017912291537987
NH/For-Profit/CNA,2025-06-01,0.08158009972730282,0.05945604048070841
NH/For-Profit/CNA,2025-07-01,0.08158009972730282,0.05761067313523347
NH/For-Profit/CNA,2025-08-01,0.08158009972730282,0.09583333333333334
NH/For-Profit/CNA,2025-09-01,0.08158009972730282,0.10144020037570445
NH/For-Profit/LPN,2025-04-01,0.06862450741575564,0.05786618444846293
NH/For-Profit/LPN,2025-05-01,0.06862450741575564,0.07567567567567568
NH/For-Profit/LPN,2025-06-01,0.06862450741575564,0.05656934306569343
NH/For-Profit/LPN,2025-07-01,0.06862450741575564,0.06678383128295255
NH/For-Profit/LPN,2025-08-01,0.06862450741575564,0.07295373665480427
NH/For-Profit/LPN,2025-09-01,0.06862450741575564,0.09040590405904059
NH/For-Profit/RN,2025-04-01,0.07470593988281064,0.05113636363636364
NH/For-Profit/RN,2025-05-01,0.07470593988281064,0.08828828828828829
NH/For-Profit/RN,2025-06-01,0.07470593988281064,0.06630824372759857
NH/For-Profit/RN,2025-07-01,0.07470593988281064,0.06283662477558348
NH/For-Profit/RN,2025-08-01,0.07470593988281064,0.10499139414802065
NH/For-Profit/RN,2025-09-01,0.07470593988281064,0.11270125223613596
NH/Government/CNA,2025-04-01,0.060321752288281114,0.027061855670103094
NH/Government/CNA,2025-05-01,0.06174677834919465,0.04182509505703422
NH/Government/CNA,2025-06-01,0.06317180441010818,0.06472081218274112
NH/Government/CNA,2025-07-01,0.06459683047102172,0.0295159386068477
NH/Government/CNA,2025-08-01,0.06602185653193525,0.04055619930475087
NH/Government/CNA,2025-09-01,0.06744688259284878,0.05112960760998811
NH/Government/LPN,2025-04-01,0.026960016082003015,0.0
NH/Government/LPN,2025-05-01,0.026960016082003015,0.019736842105263157
NH/Government/LPN,2025-06-01,0.026960016082003015,0.052980132450331126
NH/Government/LPN,2025-07-01,0.026960016082003015,0.05228758169934641
NH/Government/LPN,2025-08-01,0.026960016082003015,0.006578947368421052
NH/Government/LPN,2025-09-01,0.026960016082003015,0.031055900621118012
NH/Government/RN,2025-04-01,0.027086814695064,0.01593625498007968
NH/Government/RN,2025-05-01,0.027086814695064,0.024
NH/Government/RN,2025-06-01,0.027086814695064,0.05138339920948617
NH/Government/RN,2025-07-01,0.027086814695064,0.02074688796680498
NH/Government/RN,2025-08-01,0.027086814695064,0.028925619834710745
NH/Government/RN,2025-09-01,0.027086814695064,0.029535864978902954
NH/Non-Profit/CNA,2025-04-01,0.06418237047743007,0.06279069767441861
NH/Non-Profit/CNA,2025-05-01,0.06418237047743007,0.05307855626326964
NH/Non-Profit/CNA,2025-06-01,0.06418237047743007,0.07083333333333333
NH/Non-Profit/CNA,2025-07-01,0.06418237047743007,0.07414829659318638
NH/Non-Profit/CNA,2025-08-01,0.06418237047743007,0.043568464730290454
NH/Non-Profit/CNA,2025-09-01,0.06418237047743007,0.07802874743326489
NH/Non-Profit/LPN,2025-04-01,0.053166049617162627,0.03597122302158273
NH/Non-Profit/LPN,2025-05-01,0.053166049617162627,0.06164383561643835
NH/Non-Profit/LPN,2025-06-01,0.053166049617162627,0.08333333333333333
NH/Non-Profit/LPN,2025-07-01,0.053166049617162627,0.05185185185185185
NH/Non-Profit/LPN,2025-08-01,0.053166049617162627,0.03546099290780142
NH/Non-Profit/LPN,2025-09-01,0.053166049617162627,0.043478260869565216
NH/Non-Profit/RN,2025-04-01,0.057258610359051075,0.03937007874015748
NH/Non-Profit/RN,2025-05-01,0.057258610359051075,0.044444444444444446
NH/Non-Profit/RN,2025-06-01,0.057258610359051075,0.050359712230215826
NH/Non-Profit/RN,2025-07-01,0.057258610359051075,0.060810810810810814
NH/Non-Profit/RN,2025-08-01,0.057258610359051075,0.06040268456375839
NH/Non-Profit/RN,2025-09-01,0.057258610359051075,0.043795620437956206
NJ/For-Profit/CNA,2025-04-01,0.05296534791307323,0.05358037055583375
NJ/For-Profit/CNA,2025-05-01,0.05043296470723536,0.04812701562887621
NJ/For-Profit/CNA,2025-06-01,0.05539773748014457,0.057056812632264364
NJ/For-Profit/CNA,2025-07-01,0.05069893749703113,0.051062124248496994
NJ/For-Profit/CNA,2025-08-01,0.05530913951378658,0.0563570069752695
NJ/For-Profit/CNA,2025-09-01,0.06825517517899181,0.0609516319307904
NJ/For-Profit/LPN,2025-04-01,0.06344905713077158,0.0526493990181141
NJ/For-Profit/LPN,2025-05-01,0.06344905713077158,0.05678022712090848
NJ/For-Profit/LPN,2025-06-01,0.06344905713077158,0.05870546914199699
NJ/For-Profit/LPN,2025-07-01,0.06344905713077158,0.054692663582286846
NJ/For-Profit/LPN,2025-08-01,0.06344905713077158,0.057777777777777775
NJ/For-Profit/LPN,2025-09-01,0.06344905713077158,0.06862586791538834
NJ/For-Profit/RN,2025-04-01,0.0529619582994784,0.05357142857142857
NJ/For-Profit/RN,2025-05-01,0.05649849810252088,0.05696063338464922
NJ/For-Profit/RN,2025-06-01,0.07663562333115567,0.08396436525612472
NJ/For-Profit/RN,2025-07-01,0.049758170022843544,0.05078929306794784
NJ/For-Profit/RN,2025-08-01,0.05214678250356945,0.049278019711207884
NJ/For-Profit/RN,2025-09-01,0.07240065728641071,0.06442133815551537
NJ/Government/CNA,2025-04-01,0.014706843877237563,0.02073365231259968
NJ/Government/CNA,2025-05-01,0.014669203468557377,0.027552674230145867
NJ/Government/CNA,2025-06-01,0.014637404963866679,0.013223140495867768
NJ/Government/CNA,2025-07-01,0.01461054168219629,0.01652892561983471
NJ/Government/CNA,2025-08-01,0.014587847662174845,0.013223140495867768
NJ/Government/CNA,2025-09-01,0.0145686758219264,0.022950819672131147
NJ/Government/LPN,2025-04-01,0.035103870082114734,0.035897435897435895
NJ/Government/LPN,2025-05-01,0.035103870082114734,0.02072538860103627
NJ/Government/LPN,2025-06-01,0.035103870082114734,0.035897435897435895
NJ/Government/LPN,2025-07-01,0.035103870082114734,0.025906735751295335
NJ/Government/LPN,2025-08-01,0.035103870082114734,0.0
NJ/Government/LPN,2025-09-01,0.035103870082114734,0.02512562814070352
NJ/Government/RN,2025-04-01,0.02189587874267009,0.029914529914529916
NJ/Government/RN,2025-05-01,0.021882746597764555,0.02564102564102564
NJ/Government/RN,2025-06-01,0.021872240597016205,0.034934497816593885
NJ/Government/RN,2025-07-01,0.021863835568552207,0.009009009009009009
NJ/Government/RN,2025-08-01,0.021857111363483818,0.013392857142857142
NJ/Government/RN,2025-09-01,0.021851731853587394,0.03508771929824561
NJ/Non-Profit/CNA,2025-04-01,0.02669605712817281,0.02961038961038961
NJ/Non-Profit/CNA,2025-05-01,0.0355431876394075,0.036654620547238
NJ/Non-Profit/CNA,2025-06-01,0.05459283851662376,0.04069119286510591
NJ/Non-Profit/CNA,2025-07-01,0.030562124135767626,0.032192130812468064
NJ/Non-Profit/CNA,2025-08-01,0.037702914562807825,0.036391594054331115
NJ/Non-Profit/CNA,2025-09-01,0.047859242490080244,0.05609382967873534
NJ/Non-Profit/LPN,2025-04-01,0.03019852981449947,0.03337969401947149
NJ/Non-Profit/LPN,2025-05-01,0.03192288181866405,0.03234880450070324
NJ/Non-Profit/LPN,2025-06-01,0.05423171339795435,0.03982300884955752
NJ/Non-Profit/LPN,2025-07-01,0.04253575707901942,0.049723756906077346
NJ/Non-Profit/LPN,2025-08-01,0.05865092711332205,0.06275579809004093
NJ/Non-Profit/LPN,2025-09-01,0.04058537506663631,0.041379310344827586
NJ/Non-Profit/RN,2025-04-01,0.03720520189266136,0.04670912951167728
NJ/Non-Profit/RN,2025-05-01,0.027692646466337206,0.03007518796992481
NJ/Non-Profit/RN,2025-06-01,0.07156734664805509,0.03755868544600939
NJ/Non-Profit/RN,2025-07-01,0.030815014480786673,0.035218783351120594
NJ/Non-Profit/RN,2025-08-01,0.03150244166907617,0.03167898627243928
NJ/Non-Profit/RN,2025-09-01,0.0398757511527928,0.04909284951974386
NM/For-Profit/CNA,2025-04-01,0.08028505865269557,0.07510431154381085
NM/For-Profit/CNA,2025-05-01,0.08028505865269557,0.07315936626281454
NM/For-Profit/CNA,2025-06-01,0.08028505865269557,0.08976744186046512
NM/For-Profit/CNA,2025-07-01,0.08028505865269557,0.06961429915333961
NM/For-Profit/CNA,2025-08-01,0.08028505865269557,0.06612749762131304
NM/For-Profit/CNA,2025-09-01,0.08028505865269557,0.07743785850860421
NM/For-Profit/LPN,2025-04-01,0.08357786086164679,0.09539473684210527
NM/For-Profit/LPN,2025-05-01,0.08357786086164679,0.07166666666666667
NM/For-Profit/LPN,2025-06-01,0.08357786086164679,0.08445945945945946
NM/For-Profit/LPN,2025-07-01,0.08357786086164679,0.08488964346349745
NM/For-Profit/LPN,2025-08-01,0.08357786086164679,0.06993006993006994
NM/For-Profit/LPN,2025-09-01,0.08357786086164679,0.09278350515463918
NM/For-Profit/RN,2025-04-01,0.091530833000601,0.08443708609271523
NM/For-Profit/RN,2025-05-01,0.091530833000601,0.0926517571884984
NM/For-Profit/RN,2025-06-01,0.091530833000601,0.10272873194221509
NM/For-Profit/RN,2025-07-01,0.091530833000601,0.09151414309484193
NM/For-Profit/RN,2025-08-01,0.091530833000601,0.06937394247038917
NM/For-Profit/RN,2025-09-01,0.091530833000601,0.09899328859060402
NM/Government/CNA,2025-04-01,0.04092568586484468,0.04827586206896552
NM/Government/CNA,2025-05-01,0.04092568586484468,0.06802721088435375
NM/Government/CNA,2025-06-01,0.04092568586484468,0.10294117647058823
NM/Government/CNA,2025-07-01,0.04092568586484468,0.038461538461538464
NM/Government/CNA,2025-08-01,0.04092568586484468,0.056074766355140186
NM/Government/CNA,2025-09-01,0.04092568586484468,0.027522935779816515
NM/Government/RN,2025-04-01,0.030891863727605048,0.01818181818181818
NM/Government/RN,2025-05-01,0.030891863727605048,0.07017543859649122
NM/Government/RN,2025-06-01,0.030891863727605048,0.03636363636363636
NM/Government/RN,2025-07-01,0.030891863727605048,0.02127659574468085
NM/Government/RN,2025-08-01,0.030891863727605048,0.061224489795918366
NM/Government/RN,2025-09-01,0.030891863727605048,0.022222222222222223
NM/Non-Profit/CNA,2025-04-01,0.10429528172403339,0.06074766355140187
NM/Non-Profit/CNA,2025-05-01,0.1057348421064023,0.06818181818181818
NM/Non-Profit/CNA,2025-06-01,0.10717440248877119,0.06726457399103139
NM/Non-Profit/CNA,2025-07-01,0.10861396287114009,0.0761904761904762
NM/Non-Profit/CNA,2025-08-01,0.11005352325350899,0.0761904761904762
NM/Non-Profit/CNA,2025-09-01,0.11149308363587788,0.07177033492822966
NM/Non-Profit/LPN,2025-04-01,0.10417395133590238,0.15151515151515152
NM/Non-Profit/LPN,2025-05-01,0.10417395133590238,0.0967741935483871
NM/Non-Profit/LPN,2025-06-01,0.10417395133590238,0.06896551724137931
NM/Non-Profit/LPN,2025-07-01,0.10417395133590238,0.12
NM/Non-Profit/LPN,2025-08-01,0.10417395133590238,0.06666666666666667
NM/Non-Profit/LPN,2025-09-01,0.10417395133590238,0.10344827586206896
NM/Non-Profit/RN,2025-04-01,0.09589552372721229,0.09090909090909091
NM/Non-Profit/RN,2025-05-01,0.09589552372721229,0.15384615384615385
NM/Non-Profit/RN,2025-06-01,0.09589552372721229,0.11290322580645161
NM/Non-Profit/RN,2025-07-01,0.09589552372721229,0.05357142857142857
NM/Non-Profit/RN,2025-08-01,0.09589552372721229,0.05555555555555555
NM/Non-Profit/RN,2025-09-01,0.09589552372721229,0.057692307692307696
NV/For-Profit/CNA,2025-04-01,0.08265668675634341,0.075
NV/For-Profit/CNA,2025-05-01,0.082609265665556,0.08505154639175258
NV/For-Profit/CNA,2025-06-01,0.08256885442013925,0.0886415963161934
NV/For-Profit/CNA,2025-07-01,0.08253441681592108,0.09606824925816024
NV/For-Profit/CNA,2025-08-01,0.08250506982173522,0.07837338262476895
NV/For-Profit/CNA,2025-09-01,0.0824800609371947,0.09795918367346938
NV/For-Profit/LPN,2025-04-01,0.07646432806366572,0.06462882096069869
NV/For-Profit/LPN,2025-05-01,0.07646432806366572,0.08138528138528138
NV/For-Profit/LPN,2025-06-01,0.07646432806366572,0.06589492430988424
NV/For-Profit/LPN,2025-07-01,0.07646432806366572,0.07929515418502203
NV/For-Profit/LPN,2025-08-01,0.07646432806366572,0.07739130434782608
NV/For-Profit/LPN,2025-09-01,0.07646432806366572,0.08348294434470377
NV/For-Profit/RN,2025-04-01,0.07578710210865962,0.07096069868995633
NV/For-Profit/RN,2025-05-01,0.07578710210865962,0.07860262008733625
NV/For-Profit/RN,2025-06-01,0.07578710210865962,0.08577878103837472
NV/For-Profit/RN,2025-07-01,0.07578710210865962,0.07243243243243243
NV/For-Profit/RN,2025-08-01,0.07578710210865962,0.08519701810436635
NV/For-Profit/RN,2025-09-01,0.07578710210865962,0.0755939524838013
NV/Government/CNA,2025-04-01,0.03573161681806616,0.022222222222222223
NV/Government/CNA,2025-05-01,0.03573161681806616,0.011111111111111112
NV/Government/CNA,2025-06-01,0.03573161681806616,0.06666666666666667
NV/Government/CNA,2025-07-01,0.03573161681806616,0.07954545454545454
NV/Government/CNA,2025-08-01,0.03573161681806616,0.046511627906976744
NV/Government/CNA,2025-09-01,0.03573161681806616,0.03614457831325301
NV/Non-Profit/CNA,2025-04-01,0.05826598181544567,0.02857142857142857
NV/Non-Profit/CNA,2025-05-01,0.05826598181544567,0.07407407407407407
NV/Non-Profit/CNA,2025-06-01,0.05826598181544567,0.0273972602739726
NV/Non-Profit/CNA,2025-07-01,0.05826598181544567,0.0625
NV/Non-Profit/CNA,2025-08-01,0.05826598181544567,0.0375
NV/Non-Profit/CNA,2025-09-01,0.05826598181544567,0.10975609756097561
NV/Non-Profit/RN,2025-04-01,0.06917283288012323,0.07894736842105263
NV/Non-Profit/RN,2025-05-01,0.06917283288012323,0.10810810810810811
NV/Non-Profit/RN,2025-06-01,0.06917283288012323,0.030303030303030304
NV/Non-Profit/RN,2025-07-01,0.06917283288012323,0.029411764705882353
NV/Non-Profit/RN,2025-08-01,0.06917283288012323,0.030303030303030304
NV/Non-Profit/RN,2025-09-01,0.06917283288012323,0.10810810810810811
NY/For-Profit/CNA,2025-04-01,0.0539504989205528,0.05080602302922941
NY/For-Profit/CNA,2025-05-01,0.0539504989205528,0.05311535223126579
NY/For-Profit/CNA,2025-06-01,0.0539504989205528,0.057763240308998536
NY/For-Profit/CNA,2025-07-01,0.0539504989205528,0.05295714629368707
NY/For-Profit/CNA,2025-08-01,0.0539504989205528,0.05622875974048265
NY/For-Profit/CNA,2025-09-01,0.0539504989205528,0.05593634829332139
NY/For-Profit/LPN,2025-04-01,0.050362975157440606,0.051387461459403906
NY/For-Profit/LPN,2025-05-01,0.050362975157440606,0.04539217928195747
NY/For-Profit/LPN,2025-06-01,0.050362975157440606,0.060109289617486336
NY/For-Profit/LPN,2025-07-01,0.050362975157440606,0.05027743177443098
NY/For-Profit/LPN,2025-08-01,0.050362975157440606,0.052697473252902347
NY/For-Profit/LPN,2025-09-01,0.050362975157440606,0.05513156395944868
NY/For-Profit/RN,2025-04-01,0.060324475205011684,0.05406970012735904
NY/For-Profit/RN,2025-05-01,0.060324475205011684,0.05591766723842195
NY/For-Profit/RN,2025-06-01,0.060324475205011684,0.06629329066178992
NY/For-Profit/RN,2025-07-01,0.060324475205011684,0.05667878237164925
NY/For-Profit/RN,2025-08-01,0.060324475205011684,0.05984839914017423
NY/For-Profit/RN,2025-09-01,0.060324475205011684,0.06576293972664127
NY/Government/CNA,2025-04-01,0.03587700212083703,0.03113278319579895
NY/Government/CNA,2025-05-01,0.03587700212083703,0.037630402384500744
NY/Government/CNA,2025-06-01,0.03587700212083703,0.04380103934669636
NY/Government/CNA,2025-07-01,0.03587700212083703,0.035982008995502246
NY/Government/CNA,2025-08-01,0.03587700212083703,0.03864382063434196
NY/Government/CNA,2025-09-01,0.03587700212083703,0.04321209938782859
NY/Government/LPN,2025-04-01,0.03113766249481737,0.026993865030674847
NY/Government/LPN,2025-05-01,0.03113766249481737,0.018115942028985508
NY/Government/LPN,2025-06-01,0.03113766249481737,0.02916160388821385
NY/Government/LPN,2025-07-01,0.03113766249481737,0.025454545454545455
NY/Government/LPN,2025-08-01,0.03113766249481737,0.031668696711327646
NY/Government/LPN,2025-09-01,0.03113766249481737,0.031026252983293555
NY/Government/RN,2025-04-01,0.02870813826540498,0.02242152466367713
NY/Government/RN,2025-05-01,0.02870813826540498,0.03128491620111732
NY/Government/RN,2025-06-01,0.02870813826540498,0.034292035398230086
NY/Government/RN,2025-07-01,0.02870813826540498,0.026845637583892617
NY/Government/RN,2025-08-01,0.02870813826540498,0.024498886414253896
NY/Government/RN,2025-09-01,0.02870813826540498,0.02832244008714597
NY/Non-Profit/CNA,2025-04-01,0.06267562835746354,0.050121401318071454
NY/Non-Profit/CNA,2025-05-01,0.06324872163580095,0.05268586162440911
NY/Non-Profit/CNA,2025-06-01,0.06382181491413834,0.06958011996572408
NY/Non-Profit/CNA,2025-07-01,0.06439490819247573,0.05556490991749453
NY/Non-Profit/CNA,2025-08-01,0.06496800147081314,0.05662227306152463
NY/Non-Profit/CNA,2025-09-01,0.06554109474915054,0.08190668009399127
NY/Non-Profit/LPN,2025-04-01,0.057302218827232576,0.043512658227848104
NY/Non-Profit/LPN,2025-05-01,0.05790242720498712,0.04553781732530751
NY/Non-Profit/LPN,2025-06-01,0.058502635582741665,0.055541000785957556
NY/Non-Profit/LPN,2025-07-01,0.05910284396049621,0.05446177448222961
NY/Non-Profit/LPN,2025-08-01,0.05970305233825075,0.04810064134188456
NY/Non-Profit/LPN,2025-09-01,0.0603032607160053,0.0733502538071066
NY/Non-Profit/RN,2025-04-01,0.04416393868170397,0.03693867696764848
NY/Non-Profit/RN,2025-05-01,0.04416393868170397,0.03641186399807089
NY/Non-Profit/RN,2025-06-01,0.04416393868170397,0.0787515006002401
NY/Non-Profit/RN,2025-07-01,0.04416393868170397,0.05246615087040619
NY/Non-Profit/RN,2025-08-01,0.04416393868170397,0.04271297817413753
NY/Non-Profit/RN,2025-09-01,0.04416393868170397,0.06527541858772143
OH/For-Profit/CNA,2025-04-01,0.10755598949037075,0.10446042161105681
OH/For-Profit/CNA,2025-05-01,0.1070279519782619,0.10847156802512117
OH/For-Profit/CNA,2025-06-01,0.10649991446615306,0.12512654383478436
OH/For-Profit/CNA,2025-07-01,0.10597187695404421,0.10967248036213553
OH/For-Profit/CNA,2025-08-01,0.10544383944193537,0.11456252497003595
OH/For-Profit/CNA,2025-09-01,0.10491580192982652,0.12731755091013475
OH/For-Profit/LPN,2025-04-01,0.09443580516730747,0.08373796067818197
OH/For-Profit/LPN,2025-05-01,0.09443580516730747,0.08556660039761431
OH/For-Profit/LPN,2025-06-01,0.09443580516730747,0.1079428117553614
OH/For-Profit/LPN,2025-07-01,0.09443580516730747,0.08978914949064203
OH/For-Profit/LPN,2025-08-01,0.09443580516730747,0.08890124731866211
OH/For-Profit/LPN,2025-09-01,0.09443580516730747,0.10570390267024807
OH/For-Profit/RN,2025-04-01,0.0887751529919372,0.08067184120117063
OH/For-Profit/RN,2025-05-01,0.0821003130280756,0.08213655832703452
OH/For-Profit/RN,2025-06-01,0.09735768301961636,0.09786967418546366
OH/For-Profit/RN,2025-07-01,0.08424630335538337,0.08206083178150217
OH/For-Profit/RN,2025-08-01,0.086772935756961,0.08872573419611747
OH/For-Profit/RN,2025-09-01,0.10210029614316923,0.10322742684917745
OH/Government/CNA,2025-04-01,0.07409586970340402,0.07063197026022305
OH/Government/CNA,2025-05-01,0.07409586970340402,0.056179775280898875
OH/Government/CNA,2025-06-01,0.07409586970340402,0.06678700361010831
OH/Government/CNA,2025-07-01,0.07409586970340402,0.06403940886699508
OH/Government/CNA,2025-08-01,0.07409586970340402,0.11165048543689321
OH/Government/CNA,2025-09-01,0.07409586970340402,0.10051107325383304
OH/Government/LPN,2025-04-01,0.05079075810108334,0.059322033898305086
OH/Government/LPN,2025-05-01,0.05079075810108334,0.03389830508474576
OH/Government/LPN,2025-06-01,0.05079075810108334,0.059574468085106386
OH/Government/LPN,2025-07-01,0.05079075810108334,0.0694980694980695
OH/Government/LPN,2025-08-01,0.05079075810108334,0.07114624505928854
OH/Government/LPN,2025-09-01,0.05079075810108334,0.0642570281124498
OH/Government/RN,2025-04-01,0.050366570339195636,0.028368794326241134
OH/Government/RN,2025-05-01,0.05120093214993603,0.039735099337748346
OH/Government/RN,2025-06-01,0.05203529396067643,0.02040816326530612
OH/Government/RN,2025-07-01,0.05286965577141683,0.0136986301369863
OH/Government/RN,2025-08-01,0.053704017582157225,0.04054054054054054
OH/Government/RN,2025-09-01,0.05453837939289762,0.03424657534246575
OH/Non-Profit/CNA,2025-04-01,0.0967515999775819,0.08479244540625615
OH/Non-Profit/CNA,2025-05-01,0.0967515999775819,0.08864906533050684
OH/Non-Profit/CNA,2025-06-01,0.0967515999775819,0.08959757023538345
OH/Non-Profit/CNA,2025-07-01,0.0967515999775819,0.0776461740928746
OH/Non-Profit/CNA,2025-08-01,0.0967515999775819,0.0910268270120259
OH/Non-Profit/CNA,2025-09-01,0.0967515999775819,0.09270774448841153
OH/Non-Profit/LPN,2025-04-01,0.08795424935666059,0.05864509605662285
OH/Non-Profit/LPN,2025-05-01,0.08795424935666059,0.05981216015818092
OH/Non-Profit/LPN,2025-06-01,0.08795424935666059,0.08146341463414634
OH/Non-Profit/LPN,2025-07-01,0.08795424935666059,0.07569141193595343
OH/Non-Profit/LPN,2025-08-01,0.08795424935666059,0.07212475633528265
OH/Non-Profit/LPN,2025-09-01,0.08795424935666059,0.07062285434036292
OH/Non-Profit/RN,2025-04-01,0.0907110204029923,0.05278380332610268
OH/Non-Profit/RN,2025-05-01,0.0907110204029923,0.054804270462633455
OH/Non-Profit/RN,2025-06-01,0.0907110204029923,0.07954545454545454
OH/Non-Profit/RN,2025-07-01,0.0907110204029923,0.07358093903293624
OH/Non-Profit/RN,2025-08-01,0.0907110204029923,0.08503162333099086
OH/Non-Profit/RN,2025-09-01,0.0907110204029923,0.07355021216407355
OK/For-Profit/CNA,2025-04-01,0.12371729421278538,0.10764907135874878
OK/For-Profit/CNA,2025-05-01,0.12371729421278538,0.12395736793327154
OK/For-Profit/CNA,2025-06-01,0.12371729421278538,0.12147907731540512
OK/For-Profit/CNA,2025-07-01,0.12371729421278538,0.11533755978200423
OK/For-Profit/CNA,2025-08-01,0.12371729421278538,0.11867229129662522
OK/For-Profit/CNA,2025-09-01,0.12371729421278538,0.13416675968300035
OK/For-Profit/LPN,2025-04-01,0.09490164084213834,0.0801658604008293
OK/For-Profit/LPN,2025-05-01,0.09490164084213834,0.09259259259259259
OK/For-Profit/LPN,2025-06-01,0.09490164084213834,0.10204081632653061
OK/For-Profit/LPN,2025-07-01,0.09490164084213834,0.08113522537562605
OK/For-Profit/LPN,2025-08-01,0.09490164084213834,0.099090318388564
OK/For-Profit/LPN,2025-09-01,0.09490164084213834,0.10088148873653281
OK/For-Profit/RN,2025-04-01,0.0928392959230069,0.07788944723618091
OK/For-Profit/RN,2025-05-01,0.0928392959230069,0.08823529411764706
OK/For-Profit/RN,2025-06-01,0.0928392959230069,0.10513036164844407
OK/For-Profit/RN,2025-07-01,0.0928392959230069,0.08395061728395062
OK/For-Profit/RN,2025-08-01,0.0928392959230069,0.0750625521267723
OK/For-Profit/RN,2025-09-01,0.0928392959230069,0.1013179571663921
OK/Government/CNA,2025-04-01,0.07007005166820633,0.08843537414965986
OK/Government/CNA,2025-05-01,0.07007005166820633,0.13286713286713286
OK/Government/CNA,2025-06-01,0.07007005166820633,0.09285714285714286
OK/Government/CNA,2025-07-01,0.07007005166820633,0.07246376811594203
OK/Government/CNA,2025-08-01,0.07007005166820633,0.07751937984496124
OK/Government/CNA,2025-09-01,0.07007005166820633,0.04316546762589928
OK/Government/LPN,2025-04-01,0.0667702357981231,0.06818181818181818
OK/Government/LPN,2025-05-01,0.0667702357981231,0.05405405405405406
OK/Government/LPN,2025-06-01,0.0667702357981231,0.13953488372093023
OK/Government/LPN,2025-07-01,0.0667702357981231,0.08108108108108109
OK/Government/LPN,2025-08-01,0.0667702357981231,0.08333333333333333
OK/Government/LPN,2025-09-01,0.0667702357981231,0.11764705882352941
OK/Non-Profit/CNA,2025-04-01,0.12145806942130383,0.12003872216844143
OK/Non-Profit/CNA,2025-05-01,0.12145806942130383,0.1264591439688716
OK/Non-Profit/CNA,2025-06-01,0.12145806942130383,0.1598477640342531
OK/Non-Profit/CNA,2025-07-01,0.12145806942130383,0.11302681992337164
OK/Non-Profit/CNA,2025-08-01,0.12145806942130383,0.12422360248447205
OK/Non-Profit/CNA,2025-09-01,0.12145806942130383,0.13387241689128482
OK/Non-Profit/LPN,2025-04-01,0.11094856655289498,0.09348441926345609
OK/Non-Profit/LPN,2025-05-01,0.11094856655289498,0.09169054441260745
OK/Non-Profit/LPN,2025-06-01,0.11094856655289498,0.13793103448275862
OK/Non-Profit/LPN,2025-07-01,0.11094856655289498,0.08947368421052632
OK/Non-Profit/LPN,2025-08-01,0.11094856655289498,0.09852216748768473
OK/Non-Profit/LPN,2025-09-01,0.11094856655289498,0.12468193384223919
OK/Non-Profit/RN,2025-04-01,0.08665291527192914,0.11347517730496454
OK/Non-Profit/RN,2025-05-01,0.08665291527192914,0.07142857142857142
OK/Non-Profit/RN,2025-06-01,0.08665291527192914,0.11594202898550725
OK/Non-Profit/RN,2025-07-01,0.08665291527192914,0.06206896551724138
OK/Non-Profit/RN,2025-08-01,0.08665291527192914,0.10828025477707007
OK/Non-Profit/RN,2025-09-01,0.08665291527192914,0.10365853658536585
OR/For-Profit/CNA,2025-04-01,0.08052481319600491,0.07613306541638759
OR/For-Profit/CNA,2025-05-01,0.08052481319600491,0.09850617016670275
OR/For-Profit/CNA,2025-06-01,0.08052481319600491,0.1001719690455718
OR/For-Profit/CNA,2025-07-01,0.08052481319600491,0.08438646555238484
OR/For-Profit/CNA,2025-08-01,0.08052481319600491,0.1188417454252966
OR/For-Profit/CNA,2025-09-01,0.08052481319600491,0.07026915964659955
OR/For-Profit/LPN,2025-04-01,0.09118966182560677,0.08142726440988106
OR/For-Profit/LPN,2025-05-01,0.09118966182560677,0.11993097497842968
OR/For-Profit/LPN,2025-06-01,0.09118966182560677,0.12510860121633363
OR/For-Profit/LPN,2025-07-01,0.09118966182560677,0.0957983193277311
OR/For-Profit/LPN,2025-08-01,0.09118966182560677,0.12941176470588237
OR/For-Profit/LPN,2025-09-01,0.09118966182560677,0.08188153310104529
OR/For-Profit/RN,2025-04-01,0.10301125112905715,0.08082191780821918
OR/For-Profit/RN,2025-05-01,0.10301125112905715,0.1325459317585302
OR/For-Profit/RN,2025-06-01,0.10301125112905715,0.13443072702331962
OR/For-Profit/RN,2025-07-01,0.10301125112905715,0.09113924050632911
OR/For-Profit/RN,2025-08-01,0.10301125112905715,0.13630731102850063
OR/For-Profit/RN,2025-09-01,0.10301125112905715,0.1277139208173691
OR/Government/CNA,2025-04-01,0.038088240845333694,0.031746031746031744
OR/Government/CNA,2025-05-01,0.03692587038058398,0.0663265306122449
OR/Government/CNA,2025-06-01,0.03576349991583427,0.06930693069306931
OR/Government/CNA,2025-07-01,0.03460112945108455,0.04093567251461988
OR/Government/CNA,2025-08-01,0.03343875898633484,0.07272727272727272
OR/Government/CNA,2025-09-01,0.032276388521585125,0.029411764705882353
OR/Government/LPN,2025-04-01,0.05584339681028207,0.0425531914893617
OR/Government/LPN,2025-05-01,0.05584339681028207,0.0625
OR/Government/LPN,2025-06-01,0.05584339681028207,0.1
OR/Government/LPN,2025-07-01,0.05584339681028207,0.0975609756097561
OR/Government/LPN,2025-08-01,0.05584339681028207,0.022222222222222223
OR/Government/LPN,2025-09-01,0.05584339681028207,0.02631578947368421
OR/Government/RN,2025-04-01,0.052871461363411906,0.05714285714285714
OR/Government/RN,2025-05-01,0.052871461363411906,0.05555555555555555
OR/Government/RN,2025-06-01,0.052871461363411906,0.030303030303030304
OR/Government/RN,2025-07-01,0.052871461363411906,0.034482758620689655
OR/Government/RN,2025-08-01,0.052871461363411906,0.02702702702702703
OR/Government/RN,2025-09-01,0.052871461363411906,0.0
OR/Non-Profit/CNA,2025-04-01,0.08144891814291112,0.07169117647058823
OR/Non-Profit/CNA,2025-05-01,0.08270268073216853,0.06469500924214418
OR/Non-Profit/CNA,2025-06-01,0.08395644332142593,0.061371841155234655
OR/Non-Profit/CNA,2025-07-01,0.08521020591068333,0.057724957555178265
OR/Non-Profit/CNA,2025-08-01,0.08646396849994074,0.04965753424657534
OR/Non-Profit/CNA,2025-09-01,0.08771773108919814,0.06643356643356643
OR/Non-Profit/LPN,2025-04-01,0.08093901097767509,0.01818181818181818
OR/Non-Profit/LPN,2025-05-01,0.08093901097767509,0.04424778761061947
OR/Non-Profit/LPN,2025-06-01,0.08093901097767509,0.02608695652173913
OR/Non-Profit/LPN,2025-07-01,0.08093901097767509,0.05172413793103448
OR/Non-Profit/LPN,2025-08-01,0.08093901097767509,0.05982905982905983
OR/Non-Profit/LPN,2025-09-01,0.08093901097767509,0.027777777777777776
OR/Non-Profit/RN,2025-04-01,0.060126429822502346,0.04424778761061947
OR/Non-Profit/RN,2025-05-01,0.06110699328698938,0.035398230088495575
OR/Non-Profit/RN,2025-06-01,0.06208755675147642,0.03418803418803419
OR/Non-Profit/RN,2025-07-01,0.06306812021596345,0.03773584905660377
OR/Non-Profit/RN,2025-08-01,0.06404868368045048,0.053691275167785234
OR/Non-Profit/RN,2025-09-01,0.06502924714493752,0.033783783783783786
PA/For-Profit/CNA,2025-04-01,0.08601448063268018,0.07617931438617052
PA/For-Profit/CNA,2025-05-01,0.08601448063268018,0.08335730311223609
PA/For-Profit/CNA,2025-06-01,0.08601448063268018,0.09665448732587349
PA/For-Profit/CNA,2025-07-01,0.08601448063268018,0.0828796800355516
PA/For-Profit/CNA,2025-08-01,0.08601448063268018,0.08430488341399033
PA/For-Profit/CNA,2025-09-01,0.08601448063268018,0.09931506849315068
PA/For-Profit/LPN,2025-04-01,0.07305782147226114,0.05962059620596206
PA/For-Profit/LPN,2025-05-01,0.07305782147226114,0.07147575637468621
PA/For-Profit/LPN,2025-06-01,0.07305782147226114,0.08841909320569073
PA/For-Profit/LPN,2025-07-01,0.07305782147226114,0.06366358547064184
PA/For-Profit/LPN,2025-08-01,0.07305782147226114,0.07570332480818415
PA/For-Profit/LPN,2025-09-01,0.07305782147226114,0.09022653721682848
PA/For-Profit/RN,2025-04-01,0.0772664101260466,0.07250702247191011
PA/For-Profit/RN,2025-05-01,0.0772664101260466,0.06856448533240757
PA/For-Profit/RN,2025-06-01,0.0772664101260466,0.08499566348655681
PA/For-Profit/RN,2025-07-01,0.0772664101260466,0.06979542719614922
PA/For-Profit/RN,2025-08-01,0.0772664101260466,0.07334010840108401
PA/For-Profit/RN,2025-09-01,0.0772664101260466,0.09358930407953377
PA/Government/CNA,2025-04-01,0.05695546766531603,0.039239001189060645
PA/Government/CNA,2025-05-01,0.057856638472493505,0.03364817001180637
PA/Government/CNA,2025-06-01,0.05875780927967098,0.0345855694692904
PA/Government/CNA,2025-07-01,0.05965898008684846,0.04051054384017758
PA/Government/CNA,2025-08-01,0.060560150894025944,0.03551609322974473
PA/Government/CNA,2025-09-01,0.06146132170120342,0.05263157894736842
PA/Government/LPN,2025-04-01,0.06043688970758849,0.03477051460361613
PA/Government/LPN,2025-05-01,0.06172933613758229,0.039160839160839164
PA/Government/LPN,2025-06-01,0.0630217825675761,0.026685393258426966
PA/Government/LPN,2025-07-01,0.06431422899756989,0.02894736842105263
PA/Government/LPN,2025-08-01,0.06560667542756368,0.045572916666666664
PA/Government/LPN,2025-09-01,0.06689912185755749,0.04617414248021108
PA/Government/RN,2025-04-01,0.0322494461394961,0.015822784810126583
PA/Government/RN,2025-05-01,0.0322494461394961,0.023076923076923078
PA/Government/RN,2025-06-01,0.0322494461394961,0.03076923076923077
PA/Government/RN,2025-07-01,0.0322494461394961,0.02452316076294278
PA/Government/RN,2025-08-01,0.0322494461394961,0.029689608636977057
PA/Government/RN,2025-09-01,0.0322494461394961,0.04172274562584118
PA/Non-Profit/CNA,2025-04-01,0.05935732665697517,0.056575089586274295
PA/Non-Profit/CNA,2025-05-01,0.05935732665697517,0.05835827276613938
PA/Non-Profit/CNA,2025-06-01,0.05935732665697517,0.06467608062951385
PA/Non-Profit/CNA,2025-07-01,0.05935732665697517,0.056198519445313316
PA/Non-Profit/CNA,2025-08-01,0.05935732665697517,0.06124352331606218
PA/Non-Profit/CNA,2025-09-01,0.05935732665697517,0.06727158948685857
PA/Non-Profit/LPN,2025-04-01,0.05119043388849253,0.04777870913663034
PA/Non-Profit/LPN,2025-05-01,0.05119043388849253,0.05121816168327796
PA/Non-Profit/LPN,2025-06-01,0.05119043388849253,0.057844243792325056
PA/Non-Profit/LPN,2025-07-01,0.05119043388849253,0.04985179196981945
PA/Non-Profit/LPN,2025-08-01,0.05119043388849253,0.05527096252359127
PA/Non-Profit/LPN,2025-09-01,0.05119043388849253,0.06429734129137277
PA/Non-Profit/RN,2025-04-01,0.04348585795208034,0.04146952407458948
PA/Non-Profit/RN,2025-05-01,0.04348585795208034,0.031224095053882288
PA/Non-Profit/RN,2025-06-01,0.04348585795208034,0.04591696453120704
PA/Non-Profit/RN,2025-07-01,0.04348585795208034,0.05258964143426295
PA/Non-Profit/RN,2025-08-01,0.04348585795208034,0.04009687836383208
PA/Non-Profit/RN,2025-09-01,0.04348585795208034,0.043685464654487687
PR/For-Profit/RN,2025-04-01,0.04375203893304208,0.075
PR/For-Profit/RN,2025-05-01,0.04375203893304208,0.02631578947368421
PR/For-Profit/RN,2025-06-01,0.04375203893304208,0.02702702702702703
PR/For-Profit/RN,2025-07-01,0.04375203893304208,0.02702702702702703
PR/For-Profit/RN,2025-08-01,0.04375203893304208,0.0
PR/For-Profit/RN,2025-09-01,0.04375203893304208,0.05263157894736842
RI/For-Profit/CNA,2025-04-01,0.0517376692586245,0.06774898532625663
RI/For-Profit/CNA,2025-05-01,0.05031247158865936,0.06974581525108493
RI/For-Profit/CNA,2025-06-01,0.04888727391869423,0.07476923076923077
RI/For-Profit/CNA,2025-07-01,0.04746207624872909,0.05673316708229426
RI/For-Profit/CNA,2025-08-01,0.04603687857876396,0.07069767441860465
RI/For-Profit/CNA,2025-09-01,0.044611680908798815,0.07474874371859297
RI/For-Profit/LPN,2025-04-01,0.0631946465863735,0.06628242074927954
RI/For-Profit/LPN,2025-05-01,0.0631946465863735,0.059941520467836254
RI/For-Profit/LPN,2025-06-01,0.0631946465863735,0.07988587731811697
RI/For-Profit/LPN,2025-07-01,0.0631946465863735,0.059077809798270896
RI/For-Profit/LPN,2025-08-01,0.0631946465863735,0.06930693069306931
RI/For-Profit/LPN,2025-09-01,0.0631946465863735,0.06509695290858726
RI/For-Profit/RN,2025-04-01,0.05370731261236254,0.06955645161290322
RI/For-Profit/RN,2025-05-01,0.05370731261236254,0.06726907630522089
RI/For-Profit/RN,2025-06-01,0.05370731261236254,0.07309644670050762
RI/For-Profit/RN,2025-07-01,0.05370731261236254,0.060240963855421686
RI/For-Profit/RN,2025-08-01,0.05370731261236254,0.04648760330578512
RI/For-Profit/RN,2025-09-01,0.05370731261236254,0.058823529411764705
RI/Non-Profit/CNA,2025-04-01,0.07363649816908274,0.04838709677419355
RI/Non-Profit/CNA,2025-05-01,0.07445489509238162,0.059336823734729496
RI/Non-Profit/CNA,2025-06-01,0.0752732920156805,0.06282722513089005
RI/Non-Profit/CNA,2025-07-01,0.07609168893897938,0.06467661691542288
RI/Non-Profit/CNA,2025-08-01,0.07691008586227827,0.06050420168067227
RI/Non-Profit/CNA,2025-09-01,0.07772848278557715,0.06688963210702341
RI/Non-Profit/LPN,2025-04-01,0.07444878018965072,0.05194805194805195
RI/Non-Profit/LPN,2025-05-01,0.07444878018965072,0.0641025641025641
RI/Non-Profit/LPN,2025-06-01,0.07444878018965072,0.10126582278481013
RI/Non-Profit/LPN,2025-07-01,0.07444878018965072,0.05263157894736842
RI/Non-Profit/LPN,2025-08-01,0.07444878018965072,0.013513513513513514
RI/Non-Profit/LPN,2025-09-01,0.07444878018965072,0.07142857142857142
RI/Non-Profit/RN,2025-04-01,0.05294377127005633,0.053763440860215055
RI/Non-Profit/RN,2025-05-01,0.05294377127005633,0.038461538461538464
RI/Non-Profit/RN,2025-06-01,0.05294377127005633,0.032432432432432434
RI/Non-Profit/RN,2025-07-01,0.05294377127005633,0.04
RI/Non-Profit/RN,2025-08-01,0.05294377127005633,0.03980099502487562
RI/Non-Profit/RN,2025-09-01,0.05294377127005633,0.06091370558375635
SC/For-Profit/CNA,2025-04-01,0.07999113287570339,0.07091105287498073
SC/For-Profit/CNA,2025-05-01,0.0797778061884438,0.08221451199275909
SC/For-Profit/CNA,2025-06-01,0.07959070159180379,0.08391712624832315
SC/For-Profit/CNA,2025-07-01,0.07942659586957306,0.07981151524075983
SC/For-Profit/CNA,2025-08-01,0.07928266200288843,0.08851499634235552
SC/For-Profit/CNA,2025-09-01,0.07915642046970371,0.09062265566391597
SC/For-Profit/LPN,2025-04-01,0.0650985429287202,0.054818435754189945
SC/For-Profit/LPN,2025-05-01,0.06499403684278217,0.07534722222222222
SC/For-Profit/LPN,2025-06-01,0.0649061318353717,0.07297486033519553
SC/For-Profit/LPN,2025-07-01,0.06483219077960947,0.05898778359511344
SC/For-Profit/LPN,2025-08-01,0.06476999546345752,0.07181756296800544
SC/For-Profit/LPN,2025-09-01,0.06471768004394715,0.07702984038861901
SC/For-Profit/RN,2025-04-01,0.06510298721471883,0.06164828033744322
SC/For-Profit/RN,2025-05-01,0.06503818102117734,0.06193548387096774
SC/For-Profit/RN,2025-06-01,0.06498432031313084,0.06418485237483953
SC/For-Profit/RN,2025-07-01,0.06493955644547036,0.06139240506329114
SC/For-Profit/RN,2025-08-01,0.0649023530012417,0.07058823529411765
SC/For-Profit/RN,2025-09-01,0.06487143305766191,0.07335423197492164
SC/Government/CNA,2025-04-01,0.04844398772226382,0.04013377926421405
SC/Government/CNA,2025-05-01,0.04844398772226382,0.05853658536585366
SC/Government/CNA,2025-06-01,0.04844398772226382,0.06158833063209076
SC/Government/CNA,2025-07-01,0.04844398772226382,0.04662379421221865
SC/Government/CNA,2025-08-01,0.04844398772226382,0.059006211180124224
SC/Government/CNA,2025-09-01,0.04844398772226382,0.05873015873015873
SC/Government/LPN,2025-04-01,0.04091270470978898,0.020100502512562814
SC/Government/LPN,2025-05-01,0.04091270470978898,0.06018518518518518
SC/Government/LPN,2025-06-01,0.04091270470978898,0.07042253521126761
SC/Government/LPN,2025-07-01,0.04091270470978898,0.04455445544554455
SC/Government/LPN,2025-08-01,0.04091270470978898,0.03
SC/Government/LPN,2025-09-01,0.04091270470978898,0.03431372549019608
SC/Government/RN,2025-04-01,0.035038224630548696,0.0365296803652968
SC/Government/RN,2025-05-01,0.035038224630548696,0.023696682464454975
SC/Government/RN,2025-06-01,0.035038224630548696,0.06310679611650485
SC/Government/RN,2025-07-01,0.035038224630548696,0.02358490566037736
SC/Government/RN,2025-08-01,0.035038224630548696,0.03255813953488372
SC/Government/RN,2025-09-01,0.035038224630548696,0.0684931506849315
SC/Non-Profit/CNA,2025-04-01,0.11618457488722783,0.07201889020070838
SC/Non-Profit/CNA,2025-05-01,0.11778773476217748,0.0726643598615917
SC/Non-Profit/CNA,2025-06-01,0.11939089463712711,0.07710011507479862
SC/Non-Profit/CNA,2025-07-01,0.12099405451207675,0.08181818181818182
SC/Non-Profit/CNA,2025-08-01,0.1225972143870264,0.09486607142857142
SC/Non-Profit/CNA,2025-09-01,0.12420037426197603,0.13495575221238937
SC/Non-Profit/LPN,2025-04-01,0.08925655872771168,0.07520891364902507
SC/Non-Profit/LPN,2025-05-01,0.09054107791084366,0.07714285714285714
SC/Non-Profit/LPN,2025-06-01,0.09182559709397564,0.06069364161849711
SC/Non-Profit/LPN,2025-07-01,0.09311011627710762,0.05099150141643059
SC/Non-Profit/LPN,2025-08-01,0.0943946354602396,0.07163323782234957
SC/Non-Profit/LPN,2025-09-01,0.09567915464337158,0.10584958217270195
SC/Non-Profit/RN,2025-04-01,0.09169274104377093,0.05829596412556054
SC/Non-Profit/RN,2025-05-01,0.09320697679150294,0.048672566371681415
SC/Non-Profit/RN,2025-06-01,0.09472121253923496,0.049107142857142856
SC/Non-Profit/RN,2025-07-01,0.09623544828696698,0.05761316872427984
SC/Non-Profit/RN,2025-08-01,0.097749684034699,0.08064516129032258
SC/Non-Profit/RN,2025-09-01,0.09926391978243101,0.09055118110236221
SD/For-Profit/CNA,2025-04-01,0.07835574893975986,0.0735826296743064
SD/For-Profit/CNA,2025-05-01,0.07835574893975986,0.08215962441314555
SD/For-Profit/CNA,2025-06-01,0.07835574893975986,0.06820809248554913
SD/For-Profit/CNA,2025-07-01,0.07835574893975986,0.08039647577092511
SD/For-Profit/CNA,2025-08-01,0.07835574893975986,0.0756578947368421
SD/For-Profit/CNA,2025-09-01,0.07835574893975986,0.07745664739884393
SD/For-Profit/LPN,2025-04-01,0.054844698749585016,0.06451612903225806
SD/For-Profit/LPN,2025-05-01,0.054844698749585016,0.02631578947368421
SD/For-Profit/LPN,2025-06-01,0.054844698749585016,0.06962025316455696
SD/For-Profit/LPN,2025-07-01,0.054844698749585016,0.06748466257668712
SD/For-Profit/LPN,2025-08-01,0.054844698749585016,0.06748466257668712
SD/For-Profit/LPN,2025-09-01,0.054844698749585016,0.1165644171779141
SD/For-Profit/RN,2025-04-01,0.047941589148342546,0.05286343612334802
SD/For-Profit/RN,2025-05-01,0.047941589148342546,0.034934497816593885
SD/For-Profit/RN,2025-06-01,0.047941589148342546,0.03404255319148936
SD/For-Profit/RN,2025-07-01,0.047941589148342546,0.06584362139917696
SD/For-Profit/RN,2025-08-01,0.047941589148342546,0.0423728813559322
SD/For-Profit/RN,2025-09-01,0.047941589148342546,0.044534412955465584
SD/Government/CNA,2025-04-01,0.06629731434257662,0.06951871657754011
SD/Government/CNA,2025-05-01,0.06398127709334146,0.02577319587628866
SD/Government/CNA,2025-06-01,0.2786264502111296,0.34375
SD/Government/CNA,2025-07-01,0.040014254395387285,0.03787878787878788
SD/Government/CNA,2025-08-01,0.07592947353804727,0.07913669064748201
SD/Government/CNA,2025-09-01,0.05091788564119273,0.05
SD/Government/RN,2025-04-01,0.05167482063662753,0.0625
SD/Government/RN,2025-05-01,0.05167482063662753,0.01639344262295082
SD/Government/RN,2025-06-01,0.05167482063662753,0.4
SD/Government/RN,2025-07-01,0.05167482063662753,0.05263157894736842
SD/Government/RN,2025-08-01,0.05167482063662753,0.02631578947368421
SD/Government/RN,2025-09-01,0.05167482063662753,0.027777777777777776
SD/Non-Profit/CNA,2025-04-01,0.07534153008378382,0.08346134152585766
SD/Non-Profit/CNA,2025-05-01,0.07534153008378382,0.09200385356454721
SD/Non-Profit/CNA,2025-06-01,0.07534153008378382,0.0744208969935929
SD/Non-Profit/CNA,2025-07-01,0.07534153008378382,0.0726120857699805
SD/Non-Profit/CNA,2025-08-01,0.07534153008378382,0.10080836899667142
SD/Non-Profit/CNA,2025-09-01,0.07534153008378382,0.07971745711402624
SD/Non-Profit/LPN,2025-04-01,0.052952197727541166,0.06875
SD/Non-Profit/LPN,2025-05-01,0.052952197727541166,0.058823529411764705
SD/Non-Profit/LPN,2025-06-01,0.052952197727541166,0.05825242718446602
SD/Non-Profit/LPN,2025-07-01,0.052952197727541166,0.07278481012658228
SD/Non-Profit/LPN,2025-08-01,0.052952197727541166,0.084375
SD/Non-Profit/LPN,2025-09-01,0.052952197727541166,0.09090909090909091
SD/Non-Profit/RN,2025-04-01,0.044461639393057605,0.03636363636363636
SD/Non-Profit/RN,2025-05-01,0.044461639393057605,0.02857142857142857
SD/Non-Profit/RN,2025-06-01,0.044461639393057605,0.04194630872483222
SD/Non-Profit/RN,2025-07-01,0.044461639393057605,0.04715447154471545
SD/Non-Profit/RN,2025-08-01,0.044461639393057605,0.04153354632587859
SD/Non-Profit/RN,2025-09-01,0.044461639393057605,0.05405405405405406
TN/For-Profit/CNA,2025-04-01,0.10126156424772662,0.10192697768762678
TN/For-Profit/CNA,2025-05-01,0.10126788726902812,0.104989501049895
TN/For-Profit/CNA,2025-06-01,0.10127294568606932,0.09388821873743466
TN/For-Profit/CNA,2025-07-01,0.10127699241970228,0.0921013706735036
TN/For-Profit/CNA,2025-08-01,0.10128022980660864,0.09697560975609756
TN/For-Profit/CNA,2025-09-01,0.10128281971613375,0.10921568627450981
TN/For-Profit/LPN,2025-04-01,0.07392605658232067,0.07593062605752961
TN/For-Profit/LPN,2025-05-01,0.07392605658232067,0.07713498622589532
TN/For-Profit/LPN,2025-06-01,0.07392605658232067,0.06229860365198711
TN/For-Profit/LPN,2025-07-01,0.07392605658232067,0.07529863481228669
TN/For-Profit/LPN,2025-08-01,0.07392605658232067,0.07320205479452055
TN/For-Profit/LPN,2025-09-01,0.07392605658232067,0.08594583066751972
TN/For-Profit/RN,2025-04-01,0.07916904748600795,0.06475111290975313
TN/For-Profit/RN,2025-05-01,0.07916904748600795,0.06618819776714513
TN/For-Profit/RN,2025-06-01,0.07916904748600795,0.07246947617172116
TN/For-Profit/RN,2025-07-01,0.07916904748600795,0.07695195195195195
TN/For-Profit/RN,2025-08-01,0.07916904748600795,0.06730038022813688
TN/For-Profit/RN,2025-09-01,0.07916904748600795,0.09066967644845748
TN/Government/CNA,2025-04-01,0.05472345921351689,0.05908096280087528
TN/Government/CNA,2025-05-01,0.05472345921351689,0.04184100418410042
TN/Government/CNA,2025-06-01,0.05472345921351689,0.0631163708086785
TN/Government/CNA,2025-07-01,0.05472345921351689,0.055776892430278883
TN/Government/CNA,2025-08-01,0.05472345921351689,0.04554455445544554
TN/Government/CNA,2025-09-01,0.05472345921351689,0.043478260869565216
TN/Government/LPN,2025-04-01,0.03657098765127881,0.019230769230769232
TN/Government/LPN,2025-05-01,0.03657098765127881,0.031818181818181815
TN/Government/LPN,2025-06-01,0.03657098765127881,0.02336448598130841
TN/Government/LPN,2025-07-01,0.03657098765127881,0.027649769585253458
TN/Government/LPN,2025-08-01,0.03657098765127881,0.013824884792626729
TN/Government/LPN,2025-09-01,0.03657098765127881,0.030837004405286344
TN/Government/RN,2025-04-01,0.04091738849963348,0.01020408163265306
TN/Government/RN,2025-05-01,0.04091738849963348,0.019801980198019802
TN/Government/RN,2025-06-01,0.04091738849963348,0.049019607843137254
TN/Government/RN,2025-07-01,0.04091738849963348,0.019417475728155338
TN/Government/RN,2025-08-01,0.04091738849963348,0.06481481481481481
TN/Government/RN,2025-09-01,0.04091738849963348,0.13675213675213677
TN/Non-Profit/CNA,2025-04-01,0.09447379742255173,0.0753474762253109
TN/Non-Profit/CNA,2025-05-01,0.09448695754049556,0.08291636883488206
TN/Non-Profit/CNA,2025-06-01,0.09449748567444928,0.1362339514978602
TN/Non-Profit/CNA,2025-07-01,0.09450590821329131,0.09908643710470837
TN/Non-Profit/CNA,2025-08-01,0.09451264626970828,0.10515463917525773
TN/Non-Profit/CNA,2025-09-01,0.09451803673511658,0.08519553072625698
TN/Non-Profit/LPN,2025-04-01,0.07212998608784,0.05067064083457526
TN/Non-Profit/LPN,2025-05-01,0.07212998608784,0.05547445255474453
TN/Non-Profit/LPN,2025-06-01,0.07212998608784,0.13478260869565217
TN/Non-Profit/LPN,2025-07-01,0.07212998608784,0.10970464135021098
TN/Non-Profit/LPN,2025-08-01,0.07212998608784,0.06432748538011696
TN/Non-Profit/LPN,2025-09-01,0.07212998608784,0.07270029673590504
TN/Non-Profit/RN,2025-04-01,0.06429057357461869,0.043478260869565216
TN/Non-Profit/RN,2025-05-01,0.06429057357461869,0.06451612903225806
TN/Non-Profit/RN,2025-06-01,0.06429057357461869,0.12993039443155452
TN/Non-Profit/RN,2025-07-01,0.06429057357461869,0.04751131221719457
TN/Non-Profit/RN,2025-08-01,0.06429057357461869,0.0835214446952596
TN/Non-Profit/RN,2025-09-01,0.06429057357461869,0.05429864253393665
TX/For-Profit/CNA,2025-04-01,0.11251613913071647,0.10060394151303242
TX/For-Profit/CNA,2025-05-01,0.11251613913071647,0.10434681902408895
TX/For-Profit/CNA,2025-06-01,0.11251613913071647,0.11199237368922783
TX/For-Profit/CNA,2025-07-01,0.11251613913071647,0.1044986812288718
TX/For-Profit/CNA,2025-08-01,0.11251613913071647,0.11656175385283264
TX/For-Profit/CNA,2025-09-01,0.11251613913071647,0.1216851538970102
TX/For-Profit/LPN,2025-04-01,0.09803999577547794,0.07584112522976105
TX/For-Profit/LPN,2025-05-01,0.09803999577547794,0.09147771696637999
TX/For-Profit/LPN,2025-06-01,0.09803999577547794,0.10550171928727728
TX/For-Profit/LPN,2025-07-01,0.09803999577547794,0.09041138745502894
TX/For-Profit/LPN,2025-08-01,0.09803999577547794,0.09062718040158152
TX/For-Profit/LPN,2025-09-01,0.09803999577547794,0.10345093800663939
TX/For-Profit/RN,2025-04-01,0.1076341238381124,0.09595501541810267
TX/For-Profit/RN,2025-05-01,0.1076341238381124,0.09551270499189043
TX/For-Profit/RN,2025-06-01,0.1076341238381124,0.11334419699438711
TX/For-Profit/RN,2025-07-01,0.1076341238381124,0.09458987783595113
TX/For-Profit/RN,2025-08-01,0.1076341238381124,0.09921178889650445
TX/For-Profit/RN,2025-09-01,0.1076341238381124,0.11829787234042553
TX/Government/CNA,2025-04-01,0.10536652244000076,0.0864879428802371
TX/Government/CNA,2025-05-01,0.10536652244000076,0.09289902280130294
TX/Government/CNA,2025-06-01,0.10536652244000076,0.1185918026467943
TX/Government/CNA,2025-07-01,0.10536652244000076,0.09857710549929496
TX/Government/CNA,2025-08-01,0.10536652244000076,0.10364004044489383
TX/Government/CNA,2025-09-01,0.10536652244000076,0.11283656856606136
TX/Government/LPN,2025-04-01,0.08864725983938583,0.06737787759685569
TX/Government/LPN,2025-05-01,0.08864725983938583,0.07958957293399889
TX/Government/LPN,2025-06-01,0.08864725983938583,0.10855718637496538
TX/Government/LPN,2025-07-01,0.08864725983938583,0.07619593239759381
TX/Government/LPN,2025-08-01,0.08864725983938583,0.07434733257661748
TX/Government/LPN,2025-09-01,0.08864725983938583,0.10067302299495233
TX/Government/RN,2025-04-01,0.09986948293525806,0.09941520467836257
TX/Government/RN,2025-05-01,0.09986948293525806,0.08878807517822424
TX/Government/RN,2025-06-01,0.09986948293525806,0.09884467265725289
TX/Government/RN,2025-07-01,0.09986948293525806,0.08207070707070707
TX/Government/RN,2025-08-01,0.09986948293525806,0.09351620947630923
TX/Government/RN,2025-09-01,0.09986948293525806,0.09565217391304348
TX/Non-Profit/CNA,2025-04-01,0.08204475050737688,0.08116570327552987
TX/Non-Profit/CNA,2025-05-01,0.08204475050737688,0.07642393655371305
TX/Non-Profit/CNA,2025-06-01,0.08204475050737688,0.08057210965435042
TX/Non-Profit/CNA,2025-07-01,0.08204475050737688,0.07459485224022878
TX/Non-Profit/CNA,2025-08-01,0.08204475050737688,0.07590132827324478
TX/Non-Profit/CNA,2025-09-01,0.08204475050737688,0.08528428093645485
TX/Non-Profit/LPN,2025-04-01,0.05495899667765342,0.0454788657035848
TX/Non-Profit/LPN,2025-05-01,0.053873743585878923,0.06536636794939378
TX/Non-Profit/LPN,2025-06-01,0.052788490494104424,0.07146666666666666
TX/Non-Profit/LPN,2025-07-01,0.051703237402329925,0.05866807610993657
TX/Non-Profit/LPN,2025-08-01,0.050617984310555426,0.06170212765957447
TX/Non-Profit/LPN,2025-09-01,0.04953273121878093,0.07234726688102894
TX/Non-Profit/RN,2025-04-01,0.06772129208253169,0.07142857142857142
TX/Non-Profit/RN,2025-05-01,0.06692924353934798,0.059085841694537344
TX/Non-Profit/RN,2025-06-01,0.06613719499616426,0.08089887640449438
TX/Non-Profit/RN,2025-07-01,0.06534514645298053,0.07222222222222222
TX/Non-Profit/RN,2025-08-01,0.06455309790979682,0.07367280606717226
TX/Non-Profit/RN,2025-09-01,0.0637610493666131,0.07906458797327394
UT/For-Profit/CNA,2025-04-01,0.09631397866970294,0.11232980332829047
UT/For-Profit/CNA,2025-05-01,0.09543258563238927,0.11410635155096012
UT/For-Profit/CNA,2025-06-01,0.09455119259507559,0.10656660412757973
UT/For-Profit/CNA,2025-07-01,0.09366979955776192,0.09775280898876404
UT/For-Profit/CNA,2025-08-01,0.09278840652044823,0.12068338785896038
UT/For-Profit/CNA,2025-09-01,0.09190701348313456,0.10660825118656445
UT/For-Profit/LPN,2025-04-01,0.07044561343234726,0.0759493670886076
UT/For-Profit/LPN,2025-05-01,0.07044561343234726,0.07966101694915254
UT/For-Profit/LPN,2025-06-01,0.07044561343234726,0.11204013377926421
UT/For-Profit/LPN,2025-07-01,0.07044561343234726,0.06260575296108291
UT/For-Profit/LPN,2025-08-01,0.07044561343234726,0.10894308943089431
UT/For-Profit/LPN,2025-09-01,0.07044561343234726,0.10420168067226891
UT/For-Profit/RN,2025-04-01,0.06805661384876593,0.07019230769230769
UT/For-Profit/RN,2025-05-01,0.06805661384876593,0.07174887892376682
UT/For-Profit/RN,2025-06-01,0.06805661384876593,0.06135531135531135
UT/For-Profit/RN,2025-07-01,0.06805661384876593,0.06940639269406393
UT/For-Profit/RN,2025-08-01,0.06805661384876593,0.06439742410303588
UT/For-Profit/RN,2025-09-01,0.06805661384876593,0.06805807622504537
UT/Government/CNA,2025-04-01,0.09392682972325127,0.10030395136778116
UT/Government/CNA,2025-05-01,0.09392682972325127,0.05709876543209876
UT/Government/CNA,2025-06-01,0.09392682972325127,0.09615384615384616
UT/Government/CNA,2025-07-01,0.09392682972325127,0.0830860534124629
UT/Government/CNA,2025-08-01,0.09392682972325127,0.08961593172119488
UT/Government/CNA,2025-09-01,0.09392682972325127,0.09829059829059829
UT/Government/LPN,2025-04-01,0.07908494322712861,0.07894736842105263
UT/Government/LPN,2025-05-01,0.07908494322712861,0.09482758620689655
UT/Government/LPN,2025-06-01,0.07908494322712861,0.075
UT/Government/LPN,2025-07-01,0.07908494322712861,0.06299212598425197
UT/Government/LPN,2025-08-01,0.07908494322712861,0.08823529411764706
UT/Government/LPN,2025-09-01,0.07908494322712861,0.10077519379844961
UT/Government/RN,2025-04-01,0.05927494297957904,0.025
UT/Government/RN,2025-05-01,0.05927494297957904,0.05964912280701754
UT/Government/RN,2025-06-01,0.05927494297957904,0.06293706293706294
UT/Government/RN,2025-07-01,0.05927494297957904,0.04529616724738676
UT/Government/RN,2025-08-01,0.05927494297957904,0.06896551724137931
UT/Government/RN,2025-09-01,0.05927494297957904,0.07142857142857142
UT/Non-Profit/CNA,2025-04-01,0.08041240790535198,0.08695652173913043
UT/Non-Profit/CNA,2025-05-01,0.08041240790535198,0.0989010989010989
UT/Non-Profit/CNA,2025-06-01,0.08041240790535198,0.12014134275618374
UT/Non-Profit/CNA,2025-07-01,0.08041240790535198,0.12177121771217712
UT/Non-Profit/CNA,2025-08-01,0.08041240790535198,0.12773722627737227
UT/Non-Profit/CNA,2025-09-01,0.08041240790535198,0.11439114391143912
UT/Non-Profit/LPN,2025-04-01,0.06886590644533781,0.07017543859649122
UT/Non-Profit/LPN,2025-05-01,0.06886590644533781,0.15789473684210525
UT/Non-Profit/LPN,2025-06-01,0.06886590644533781,0.07407407407407407
UT/Non-Profit/LPN,2025-07-01,0.06886590644533781,0.07547169811320754
UT/Non-Profit/LPN,2025-08-01,0.06886590644533781,0.09803921568627451
UT/Non-Profit/LPN,2025-09-01,0.06886590644533781,0.061224489795918366
UT/Non-Profit/RN,2025-04-01,0.05497645295093597,0.010416666666666666
UT/Non-Profit/RN,2025-05-01,0.05497645295093597,0.0625
UT/Non-Profit/RN,2025-06-01,0.05497645295093597,0.03225806451612903
UT/Non-Profit/RN,2025-07-01,0.05497645295093597,0.0392156862745098
UT/Non-Profit/RN,2025-08-01,0.05497645295093597,0.047619047619047616
UT/Non-Profit/RN,2025-09-01,0.05497645295093597,0.04854368932038835
VA/For-Profit/CNA,2025-04-01,0.07940376715260432,0.0809884747170595
VA/For-Profit/CNA,2025-05-01,0.07808474470894772,0.08072622833111089
VA/For-Profit/CNA,2025-06-01,0.07676572226529112,0.07926090468497576
VA/For-Profit/CNA,2025-07-01,0.07544669982163452,0.08485210636390798
VA/For-Profit/CNA,2025-08-01,0.07412767737797792,0.09015008448464368
VA/For-Profit/CNA,2025-09-01,0.07280865493432132,0.08085624429339555
VA/For-Profit/LPN,2025-04-01,0.0773062293553419,0.07076989062835085
VA/For-Profit/LPN,2025-05-01,0.0773062293553419,0.06706922579253828
VA/For-Profit/LPN,2025-06-01,0.0773062293553419,0.06632324533161622
VA/For-Profit/LPN,2025-07-01,0.0773062293553419,0.07868020304568528
VA/For-Profit/LPN,2025-08-01,0.0773062293553419,0.07624759049046904
VA/For-Profit/LPN,2025-09-01,0.0773062293553419,0.07064633884474984
VA/For-Profit/RN,2025-04-01,0.0969397989623037,0.07036747458952307
VA/For-Profit/RN,2025-05-01,0.0969397989623037,0.07229862475442043
VA/For-Profit/RN,2025-06-01,0.0969397989623037,0.0879163439194423
VA/For-Profit/RN,2025-07-01,0.0969397989623037,0.08105022831050228
VA/For-Profit/RN,2025-08-01,0.0969397989623037,0.08693986978169284
VA/For-Profit/RN,2025-09-01,0.0969397989623037,0.08590138674884437
VA/Government/CNA,2025-04-01,0.14082371436058247,0.060109289617486336
VA/Government/CNA,2025-05-01,0.14450329785519256,0.06375227686703097
VA/Government/CNA,2025-06-01,0.14818288134980265,0.07207207207207207
VA/Government/CNA,2025-07-01,0.15186246484441274,0.06620209059233449
VA/Government/CNA,2025-08-01,0.15554204833902283,0.05344827586206897
VA/Government/CNA,2025-09-01,0.15922163183363292,0.22128378378378377
VA/Government/LPN,2025-04-01,0.09592034145638474,0.03802281368821293
VA/Government/LPN,2025-05-01,0.09850707738873898,0.05058365758754864
VA/Government/LPN,2025-06-01,0.10109381332109321,0.05791505791505792
VA/Government/LPN,2025-07-01,0.10368054925344745,0.022988505747126436
VA/Government/LPN,2025-08-01,0.10626728518580168,0.041044776119402986
VA/Government/LPN,2025-09-01,0.10885402111815592,0.17803030303030304
VA/Government/RN,2025-04-01,0.1254980782975551,0.06832298136645963
VA/Government/RN,2025-05-01,0.12899845195330417,0.050955414012738856
VA/Government/RN,2025-06-01,0.13249882560905318,0.031446540880503145
VA/Government/RN,2025-07-01,0.13599919926480225,0.03571428571428571
VA/Government/RN,2025-08-01,0.13949957292055126,0.024096385542168676
VA/Government/RN,2025-09-01,0.14299994657630033,0.23809523809523808
VA/Non-Profit/CNA,2025-04-01,0.06774214635811729,0.06424344885883347
VA/Non-Profit/CNA,2025-05-01,0.06774214635811729,0.06906655504395144
VA/Non-Profit/CNA,2025-06-01,0.06774214635811729,0.06390041493775933
VA/Non-Profit/CNA,2025-07-01,0.06774214635811729,0.06378600823045268
VA/Non-Profit/CNA,2025-08-01,0.06774214635811729,0.06452938758734073
VA/Non-Profit/CNA,2025-09-01,0.06774214635811729,0.07430469074304691
VA/Non-Profit/LPN,2025-04-01,0.05847641825916179,0.051387461459403906
VA/Non-Profit/LPN,2025-05-01,0.05847641825916179,0.050672182006204755
VA/Non-Profit/LPN,2025-06-01,0.05847641825916179,0.06275303643724696
VA/Non-Profit/LPN,2025-07-01,0.05847641825916179,0.065775950668037
VA/Non-Profit/LPN,2025-08-01,0.05847641825916179,0.06478578892371996
VA/Non-Profit/LPN,2025-09-01,0.05847641825916179,0.06645898234683281
VA/Non-Profit/RN,2025-04-01,0.05540500230603665,0.03978779840848806
VA/Non-Profit/RN,2025-05-01,0.05540500230603665,0.0425531914893617
VA/Non-Profit/RN,2025-06-01,0.05540500230603665,0.04199475065616798
VA/Non-Profit/RN,2025-07-01,0.05540500230603665,0.043645699614890884
VA/Non-Profit/RN,2025-08-01,0.05540500230603665,0.0493046776232617
VA/Non-Profit/RN,2025-09-01,0.05540500230603665,0.052496798975672214
VT/For-Profit/CNA,2025-04-01,0.08739320574059185,0.06842923794712286
VT/For-Profit/CNA,2025-05-01,0.08739320574059185,0.08779761904761904
VT/For-Profit/CNA,2025-06-01,0.08739320574059185,0.08088235294117647
VT/For-Profit/CNA,2025-07-01,0.08739320574059185,0.11954992967651196
VT/For-Profit/CNA,2025-08-01,0.08739320574059185,0.10533910533910534
VT/For-Profit/CNA,2025-09-01,0.08739320574059185,0.1111111111111111
VT/For-Profit/LPN,2025-04-01,0.08471843139712773,0.06578947368421052
VT/For-Profit/LPN,2025-05-01,0.08471843139712773,0.07692307692307693
VT/For-Profit/LPN,2025-06-01,0.08471843139712773,0.11061946902654868
VT/For-Profit/LPN,2025-07-01,0.08471843139712773,0.08370044052863436
VT/For-Profit/LPN,2025-08-01,0.08471843139712773,0.09956709956709957
VT/For-Profit/LPN,2025-09-01,0.08471843139712773,0.1078838174273859
VT/For-Profit/RN,2025-04-01,0.07193286853479242,0.055350553505535055
VT/For-Profit/RN,2025-05-01,0.07193286853479242,0.04905660377358491
VT/For-Profit/RN,2025-06-01,0.07193286853479242,0.06343283582089553
VT/For-Profit/RN,2025-07-01,0.07193286853479242,0.05660377358490566
VT/For-Profit/RN,2025-08-01,0.07193286853479242,0.06060606060606061
VT/For-Profit/RN,2025-09-01,0.07193286853479242,0.06691449814126393
VT/Government/CNA,2025-04-01,0.019711824271303434,0.05263157894736842
VT/Government/CNA,2025-05-01,0.019711824271303434,0.0
VT/Government/CNA,2025-06-01,0.019711824271303434,0.0
VT/Government/CNA,2025-07-01,0.019711824271303434,0.02702702702702703
VT/Government/CNA,2025-08-01,0.019711824271303434,0.10256410256410256
VT/Government/CNA,2025-09-01,0.019711824271303434,0.0
VT/Non-Profit/CNA,2025-04-01,0.06755731447159367,0.06382978723404255
VT/Non-Profit/CNA,2025-05-01,0.06755731447159367,0.07456140350877193
VT/Non-Profit/CNA,2025-06-01,0.06755731447159367,0.048458149779735685
VT/Non-Profit/CNA,2025-07-01,0.06755731447159367,0.07666666666666666
VT/Non-Profit/CNA,2025-08-01,0.06755731447159367,0.0627062706270627
VT/Non-Profit/CNA,2025-09-01,0.06755731447159367,0.11371237458193979
VT/Non-Profit/LPN,2025-04-01,0.06542822681548585,0.02631578947368421
VT/Non-Profit/LPN,2025-05-01,0.06542822681548585,0.11538461538461539
VT/Non-Profit/LPN,2025-06-01,0.06542822681548585,0.06944444444444445
VT/Non-Profit/LPN,2025-07-01,0.06542822681548585,0.06930693069306931
VT/Non-Profit/LPN,2025-08-01,0.06542822681548585,0.04950495049504951
VT/Non-Profit/LPN,2025-09-01,0.06542822681548585,0.11428571428571428
VT/Non-Profit/RN,2025-04-01,0.04876377367517672,0.044642857142857144
VT/Non-Profit/RN,2025-05-01,0.04876377367517672,0.05405405405405406
VT/Non-Profit/RN,2025-06-01,0.04876377367517672,0.02727272727272727
VT/Non-Profit/RN,2025-07-01,0.04876377367517672,0.06569343065693431
VT/Non-Profit/RN,2025-08-01,0.04876377367517672,0.007692307692307693
VT/Non-Profit/RN,2025-09-01,0.04876377367517672,0.10526315789473684
WA/For-Profit/CNA,2025-04-01,0.07529639459782522,0.07563959955506118
WA/For-Profit/CNA,2025-05-01,0.07529639459782522,0.11029298972235005
WA/For-Profit/CNA,2025-06-01,0.07529639459782522,0.09209066413060707
WA/For-Profit/CNA,2025-07-01,0.07529639459782522,0.10647482014388489
WA/For-Profit/CNA,2025-08-01,0.07529639459782522,0.0871900173748223
WA/For-Profit/CNA,2025-09-01,0.07529639459782522,0.08567835246030499
WA/For-Profit/LPN,2025-04-01,0.07379880509461596,0.07573564881813796
WA/For-Profit/LPN,2025-05-01,0.07379880509461596,0.09557774607703282
WA/For-Profit/LPN,2025-06-01,0.07379880509461596,0.08518877057115198
WA/For-Profit/LPN,2025-07-01,0.07379880509461596,0.09691417550626807
WA/For-Profit/LPN,2025-08-01,0.07379880509461596,0.0706337687469763
WA/For-Profit/LPN,2025-09-01,0.07379880509461596,0.07077515647568608
WA/For-Profit/RN,2025-04-01,0.07979216308833677,0.07518427518427519
WA/For-Profit/RN,2025-05-01,0.07979216308833677,0.10241820768136557
WA/For-Profit/RN,2025-06-01,0.07979216308833677,0.09464816650148662
WA/For-Profit/RN,2025-07-01,0.07979216308833677,0.09190263288623944
WA/For-Profit/RN,2025-08-01,0.07979216308833677,0.07646768623581648
WA/For-Profit/RN,2025-09-01,0.07979216308833677,0.07493917274939173
WA/Government/CNA,2025-04-01,0.0360333678549268,0.040498442367601244
WA/Government/CNA,2025-05-01,0.0360333678549268,0.03125
WA/Government/CNA,2025-06-01,0.0360333678549268,0.05128205128205128
WA/Government/CNA,2025-07-01,0.0360333678549268,0.031446540880503145
WA/Government/CNA,2025-08-01,0.0360333678549268,0.027777777777777776
WA/Government/CNA,2025-09-01,0.0360333678549268,0.03550295857988166
WA/Government/LPN,2025-04-01,0.0395002016248865,0.015873015873015872
WA/Government/LPN,2025-05-01,0.0395002016248865,0.031746031746031744
WA/Government/LPN,2025-06-01,0.0395002016248865,0.06451612903225806
WA/Government/LPN,2025-07-01,0.0395002016248865,0.016666666666666666
WA/Government/LPN,2025-08-01,0.0395002016248865,0.05084745762711865
WA/Government/LPN,2025-09-01,0.0395002016248865,0.10606060606060606
WA/Government/RN,2025-04-01,0.03804001152220748,0.015384615384615385
WA/Government/RN,2025-05-01,0.03804001152220748,0.022900763358778626
WA/Government/RN,2025-06-01,0.03804001152220748,0.021739130434782608
WA/Government/RN,2025-07-01,0.03804001152220748,0.0
WA/Government/RN,2025-08-01,0.03804001152220748,0.04195804195804196
WA/Government/RN,2025-09-01,0.03804001152220748,0.028985507246376812
WA/Non-Profit/CNA,2025-04-01,0.06526697012962251,0.056
WA/Non-Profit/CNA,2025-05-01,0.06526697012962251,0.05044035228182546
WA/Non-Profit/CNA,2025-06-01,0.06526697012962251,0.06877470355731226
WA/Non-Profit/CNA,2025-07-01,0.06526697012962251,0.05611390284757119
WA/Non-Profit/CNA,2025-08-01,0.06526697012962251,0.06628003314001657
WA/Non-Profit/CNA,2025-09-01,0.06526697012962251,0.12427506213753108
WA/Non-Profit/LPN,2025-04-01,0.06600628851867728,0.022222222222222223
WA/Non-Profit/LPN,2025-05-01,0.06600628851867728,0.04912280701754386
WA/Non-Profit/LPN,2025-06-01,0.06600628851867728,0.06713780918727916
WA/Non-Profit/LPN,2025-07-01,0.06600628851867728,0.07142857142857142
WA/Non-Profit/LPN,2025-08-01,0.06600628851867728,0.055350553505535055
WA/Non-Profit/LPN,2025-09-01,0.06600628851867728,0.19047619047619047
WA/Non-Profit/RN,2025-04-01,0.058581677539714175,0.04831932773109244
WA/Non-Profit/RN,2025-05-01,0.058581677539714175,0.04680851063829787
WA/Non-Profit/RN,2025-06-01,0.058581677539714175,0.052854122621564484
WA/Non-Profit/RN,2025-07-01,0.058581677539714175,0.05714285714285714
WA/Non-Profit/RN,2025-08-01,0.058581677539714175,0.058426966292134834
WA/Non-Profit/RN,2025-09-01,0.058581677539714175,0.11036036036036036
WI/For-Profit/CNA,2025-04-01,0.09996632900299107,0.0943716268311488
WI/For-Profit/CNA,2025-05-01,0.09996632900299107,0.10371906949177656
WI/For-Profit/CNA,2025-06-01,0.09996632900299107,0.10445974259203832
WI/For-Profit/CNA,2025-07-01,0.09996632900299107,0.0907076377603782
WI/For-Profit/CNA,2025-08-01,0.09996632900299107,0.0991953182150695
WI/For-Profit/CNA,2025-09-01,0.09996632900299107,0.11117936117936118
WI/For-Profit/LPN,2025-04-01,0.07631850088616547,0.05878594249201278
WI/For-Profit/LPN,2025-05-01,0.07631850088616547,0.08135168961201501
WI/For-Profit/LPN,2025-06-01,0.07631850088616547,0.1021437578814628
WI/For-Profit/LPN,2025-07-01,0.07631850088616547,0.06905210295040803
WI/For-Profit/LPN,2025-08-01,0.07631850088616547,0.08159509202453988
WI/For-Profit/LPN,2025-09-01,0.07631850088616547,0.10797237915881984
WI/For-Profit/RN,2025-04-01,0.07557278410826025,0.06069094304388422
WI/For-Profit/RN,2025-05-01,0.07557278410826025,0.06783571758191048
WI/For-Profit/RN,2025-06-01,0.07557278410826025,0.06970260223048327
WI/For-Profit/RN,2025-07-01,0.07557278410826025,0.06672597864768683
WI/For-Profit/RN,2025-08-01,0.07557278410826025,0.07630878438331855
WI/For-Profit/RN,2025-09-01,0.07557278410826025,0.11470985155195682
WI/Government/CNA,2025-04-01,0.04893645696332904,0.042803638309256285
WI/Government/CNA,2025-05-01,0.04893645696332904,0.05313765182186235
WI/Government/CNA,2025-06-01,0.04893645696332904,0.04749478079331942
WI/Government/CNA,2025-07-01,0.04893645696332904,0.04838709677419355
WI/Government/CNA,2025-08-01,0.04893645696332904,0.05656934306569343
WI/Government/CNA,2025-09-01,0.04893645696332904,0.0643588493417845
WI/Government/LPN,2025-04-01,0.052279390601827194,0.0425531914893617
WI/Government/LPN,2025-05-01,0.052279390601827194,0.038461538461538464
WI/Government/LPN,2025-06-01,0.052279390601827194,0.07037037037037037
WI/Government/LPN,2025-07-01,0.052279390601827194,0.04377104377104377
WI/Government/LPN,2025-08-01,0.052279390601827194,0.0297029702970297
WI/Government/LPN,2025-09-01,0.052279390601827194,0.028938906752411574
WI/Government/RN,2025-04-01,0.03562717683453076,0.04
WI/Government/RN,2025-05-01,0.03562717683453076,0.03099730458221024
WI/Government/RN,2025-06-01,0.03562717683453076,0.03347280334728033
WI/Government/RN,2025-07-01,0.03562717683453076,0.03942181340341656
WI/Government/RN,2025-08-01,0.03562717683453076,0.040051679586563305
WI/Government/RN,2025-09-01,0.03562717683453076,0.04679144385026738
WI/Non-Profit/CNA,2025-04-01,0.0794934068000825,0.06683480453972257
WI/Non-Profit/CNA,2025-05-01,0.0794934068000825,0.08478513356562137
WI/Non-Profit/CNA,2025-06-01,0.0794934068000825,0.08378148881969998
WI/Non-Profit/CNA,2025-07-01,0.0794934068000825,0.06624102154828412
WI/Non-Profit/CNA,2025-08-01,0.0794934068000825,0.08652849740932643
WI/Non-Profit/CNA,2025-09-01,0.0794934068000825,0.08523042754025541
WI/Non-Profit/LPN,2025-04-01,0.05986318012076417,0.040955631399317405
WI/Non-Profit/LPN,2025-05-01,0.05986318012076417,0.0472972972972973
WI/Non-Profit/LPN,2025-06-01,0.05986318012076417,0.08809135399673736
WI/Non-Profit/LPN,2025-07-01,0.05986318012076417,0.06287425149700598
WI/Non-Profit/LPN,2025-08-01,0.05986318012076417,0.06818181818181818
WI/Non-Profit/LPN,2025-09-01,0.05986318012076417,0.05413533834586466
WI/Non-Profit/RN,2025-04-01,0.05323644971225763,0.04641775983854692
WI/Non-Profit/RN,2025-05-01,0.05323644971225763,0.03496503496503497
WI/Non-Profit/RN,2025-06-01,0.05323644971225763,0.0463768115942029
WI/Non-Profit/RN,2025-07-01,0.05323644971225763,0.04501323918799647
WI/Non-Profit/RN,2025-08-01,0.05323644971225763,0.03680430879712747
WI/Non-Profit/RN,2025-09-01,0.05323644971225763,0.05412599822537711
WV/For-Profit/CNA,2025-04-01,0.09607157677696163,0.09237170596393897
WV/For-Profit/CNA,2025-05-01,0.09607157677696163,0.16457461645746166
WV/For-Profit/CNA,2025-06-01,0.09607157677696163,0.3900472616068946
WV/For-Profit/CNA,2025-07-01,0.09607157677696163,0.08108108108108109
WV/For-Profit/CNA,2025-08-01,0.09607157677696163,0.10234077299945564
WV/For-Profit/CNA,2025-09-01,0.09607157677696163,0.07571508693213685
WV/For-Profit/LPN,2025-04-01,0.08195336514168869,0.06973595125253892
WV/For-Profit/LPN,2025-05-01,0.08195336514168869,0.13297150610583447
WV/For-Profit/LPN,2025-06-01,0.08195336514168869,0.40054310930074677
WV/For-Profit/LPN,2025-07-01,0.08195336514168869,0.055445544554455446
WV/For-Profit/LPN,2025-08-01,0.08195336514168869,0.08938906752411575
WV/For-Profit/LPN,2025-09-01,0.08195336514168869,0.06688963210702341
WV/For-Profit/RN,2025-04-01,0.08457844012895993,0.08418367346938775
WV/For-Profit/RN,2025-05-01,0.08457844012895993,0.12531969309462915
WV/For-Profit/RN,2025-06-01,0.08457844012895993,0.34709351305812974
WV/For-Profit/RN,2025-07-01,0.08457844012895993,0.07113316790736146
WV/For-Profit/RN,2025-08-01,0.08457844012895993,0.09038142620232173
WV/For-Profit/RN,2025-09-01,0.08457844012895993,0.08503401360544217
WV/Government/CNA,2025-04-01,0.07227533459226074,0.06451612903225806
WV/Government/CNA,2025-05-01,0.07227533459226074,0.08571428571428572
WV/Government/CNA,2025-06-01,0.07227533459226074,0.0
WV/Government/CNA,2025-07-01,0.07227533459226074,0.0
WV/Government/CNA,2025-08-01,0.07227533459226074,0.018867924528301886
WV/Government/CNA,2025-09-01,0.07227533459226074,0.018867924528301886
WV/Non-Profit/CNA,2025-04-01,0.06269537694515019,0.04780876494023904
WV/Non-Profit/CNA,2025-05-01,0.06269537694515019,0.0625
WV/Non-Profit/CNA,2025-06-01,0.06269537694515019,0.06909090909090909
WV/Non-Profit/CNA,2025-07-01,0.06269537694515019,0.06872852233676977
WV/Non-Profit/CNA,2025-08-01,0.06269537694515019,0.06608695652173913
WV/Non-Profit/CNA,2025-09-01,0.06269537694515019,0.04504504504504504
WV/Non-Profit/LPN,2025-04-01,0.04762068181000609,0.0273224043715847
WV/Non-Profit/LPN,2025-05-01,0.04762068181000609,0.035175879396984924
WV/Non-Profit/LPN,2025-06-01,0.04762068181000609,0.05181347150259067
WV/Non-Profit/LPN,2025-07-01,0.04762068181000609,0.03571428571428571
WV/Non-Profit/LPN,2025-08-01,0.04762068181000609,0.054187192118226604
WV/Non-Profit/LPN,2025-09-01,0.04762068181000609,0.03414634146341464
WV/Non-Profit/RN,2025-04-01,0.053965349733612805,0.05084745762711865
WV/Non-Profit/RN,2025-05-01,0.053965349733612805,0.03488372093023256
WV/Non-Profit/RN,2025-06-01,0.053965349733612805,0.055865921787709494
WV/Non-Profit/RN,2025-07-01,0.053965349733612805,0.04891304347826087
WV/Non-Profit/RN,2025-08-01,0.053965349733612805,0.06521739130434782
WV/Non-Profit/RN,2025-09-01,0.053965349733612805,0.05202312138728324
WY/For-Profit/CNA,2025-04-01,0.08918600695893414,0.08838821490467938
WY/For-Profit/CNA,2025-05-01,0.08918600695893414,0.08950086058519793
WY/For-Profit/CNA,2025-06-01,0.08918600695893414,0.09866220735785954
WY/For-Profit/CNA,2025-07-01,0.08918600695893414,0.08803986710963455
WY/For-Profit/CNA,2025-08-01,0.08918600695893414,0.08196721311475409
WY/For-Profit/CNA,2025-09-01,0.08918600695893414,0.07868852459016394
WY/For-Profit/LPN,2025-04-01,0.06681335466129891,0.07936507936507936
WY/For-Profit/LPN,2025-05-01,0.06681335466129891,0.08208955223880597
WY/For-Profit/LPN,2025-06-01,0.06681335466129891,0.078125
WY/For-Profit/LPN,2025-07-01,0.06681335466129891,0.07142857142857142
WY/For-Profit/LPN,2025-08-01,0.06681335466129891,0.07086614173228346
WY/For-Profit/LPN,2025-09-01,0.06681335466129891,0.08130081300813008
WY/For-Profit/RN,2025-04-01,0.0654585236898312,0.038834951456310676
WY/For-Profit/RN,2025-05-01,0.0654585236898312,0.0892018779342723
WY/For-Profit/RN,2025-06-01,0.0654585236898312,0.07
WY/For-Profit/RN,2025-07-01,0.0654585236898312,0.09313725490196079
WY/For-Profit/RN,2025-08-01,0.0654585236898312,0.023809523809523808
WY/For-Profit/RN,2025-09-01,0.0654585236898312,0.05909090909090909
WY/Government/CNA,2025-04-01,0.0578616078319028,0.04590163934426229
WY/Government/CNA,2025-05-01,0.0578616078319028,0.05956112852664577
WY/Government/CNA,2025-06-01,0.0578616078319028,0.1864406779661017
WY/Government/CNA,2025-07-01,0.0578616078319028,0.046153846153846156
WY/Government/CNA,2025-08-01,0.0578616078319028,0.07142857142857142
WY/Government/CNA,2025-09-01,0.0578616078319028,0.04929577464788732
WY/Government/LPN,2025-04-01,0.07357454905804887,0.045454545454545456
WY/Government/LPN,2025-05-01,0.07357454905804887,0.08888888888888889
WY/Government/LPN,2025-06-01,0.07357454905804887,0.19148936170212766
WY/Government/LPN,2025-07-01,0.07357454905804887,0.061224489795918366
WY/Government/LPN,2025-08-01,0.07357454905804887,0.020833333333333332
WY/Government/LPN,2025-09-01,0.07357454905804887,0.022222222222222223
WY/Government/RN,2025-04-01,0.06072842480567081,0.07194244604316546
WY/Government/RN,2025-05-01,0.06072842480567081,0.07913669064748201
WY/Government/RN,2025-06-01,0.06072842480567081,0.22
WY/Government/RN,2025-07-01,0.06072842480567081,0.05925925925925926
WY/Government/RN,2025-08-01,0.06072842480567081,0.03937007874015748
WY/Government/RN,2025-09-01,0.06072842480567081,0.07575757575757576
WY/Non-Profit/CNA,2025-04-01,0.0824457773641027,0.04477611940298507
WY/Non-Profit/CNA,2025-05-01,0.0824457773641027,0.05223880597014925
WY/Non-Profit/CNA,2025-06-01,0.0824457773641027,0.050359712230215826
WY/Non-Profit/CNA,2025-07-01,0.0824457773641027,0.04945054945054945
WY/Non-Profit/CNA,2025-08-01,0.0824457773641027,0.07344632768361582
WY/Non-Profit/CNA,2025-09-01,0.0824457773641027,0.05844155844155844
WY/Non-Profit/RN,2025-04-01,0.043626990231694605,0.0
WY/Non-Profit/RN,2025-05-01,0.043626990231694605,0.037037037037037035
WY/Non-Profit/RN,2025-06-01,0.043626990231694605,0.04
WY/Non-Profit/RN,2025-07-01,0.043626990231694605,0.0
WY/Non-Profit/RN,2025-08-01,0.043626990231694605,0.04
WY/Non-Profit/RN,2025-09-01,0.043626990231694605,0.0196078431372549
AK/For-Profit/total,2025-04-01,0.2387284385339966,0.040894593563592985
AK/For-Profit/total,2025-05-01,0.2387284385339966,0.03768575187991499
AK/For-Profit/total,2025-06-01,0.2387284385339966,0.051497083317013345
AK/For-Profit/total,2025-07-01,0.2387284385339966,0.08987182098773264
AK/For-Profit/total,2025-08-01,0.2387284385339966,0.07175778914596297
AK/For-Profit/total,2025-09-01,0.2387284385339966,0.04380254629726419
AK/Government/total,2025-04-01,0.04927868034339579,0.038461538461538464
AK/Government/total,2025-05-01,0.04927868034339579,0.03773584905660377
AK/Government/total,2025-06-01,0.04927868034339579,0.06
AK/Government/total,2025-07-01,0.04927868034339579,0.07017543859649122
AK/Government/total,2025-08-01,0.04927868034339579,0.01818181818181818
AK/Government/total,2025-09-01,0.04927868034339579,0.05172413793103448
AK/Non-Profit/total,2025-04-01,0.048917632143814185,0.058823529411764705
AK/Non-Profit/total,2025-05-01,0.048917632143814185,0.06122448979591837
AK/Non-Profit/total,2025-06-01,0.048917632143814185,0.0
AK/Non-Profit/total,2025-07-01,0.048917632143814185,0.08
AK/Non-Profit/total,2025-08-01,0.048917632143814185,0.020833333333333332
AK/Non-Profit/total,2025-09-01,0.048917632143814185,0.06
AL/For-Profit/total,2025-04-01,0.0881607552361514,0.08745013368695524
AL/For-Profit/total,2025-05-01,0.0881607552361514,0.08282086668695321
AL/For-Profit/total,2025-06-01,0.0881607552361514,0.1101983346288524
AL/For-Profit/total,2025-07-01,0.0881607552361514,0.0890533776110794
AL/For-Profit/total,2025-08-01,0.0881607552361514,0.0913662635123977
AL/For-Profit/total,2025-09-01,0.0881607552361514,0.09446311003292615
AL/Government/total,2025-04-01,0.05682579402439796,0.06333333716725792
AL/Government/total,2025-05-01,0.05682579402439796,0.04530211097574442
AL/Government/total,2025-06-01,0.05682579402439796,0.06008180418172685
AL/Government/total,2025-07-01,0.05682579402439796,0.04333963938856004
AL/Government/total,2025-08-01,0.05682579402439796,0.04795472661785546
AL/Government/total,2025-09-01,0.05682579402439796,0.08197839673089904
AL/Non-Profit/total,2025-04-01,0.06786805737541785,0.06374738830183797
AL/Non-Profit/total,2025-05-01,0.06786805737541785,0.0724443493348301
AL/Non-Profit/total,2025-06-01,0.06786805737541785,0.06506423849247929
AL/Non-Profit/total,2025-07-01,0.06786805737541785,0.063324413777064
AL/Non-Profit/total,2025-08-01,0.06786805737541785,0.073302030639858
AL/Non-Profit/total,2025-09-01,0.06786805737541785,0.08143084420870104
AR/For-Profit/total,2025-04-01,0.08943976945779097,0.0786534553378008
AR/For-Profit/total,2025-05-01,0.08943976945779097,0.09209740200502305
AR/For-Profit/total,2025-06-01,0.08943976945779097,0.0846502366934186
AR/For-Profit/total,2025-07-01,0.08943976945779097,0.0859558464741851
AR/For-Profit/total,2025-08-01,0.08943976945779097,0.08919214394927627
AR/For-Profit/total,2025-09-01,0.08943976945779097,0.09046155738561029
AR/Government/total,2025-04-01,0.04616706121567653,0.03390043483711702
AR/Government/total,2025-05-01,0.04616706121567653,0.03621462276298854
AR/Government/total,2025-06-01,0.04616706121567653,0.04946958006652749
AR/Government/total,2025-07-01,0.04616706121567653,0.034062981822281665
AR/Government/total,2025-08-01,0.04616706121567653,0.06272715241341771
AR/Government/total,2025-09-01,0.04616706121567653,0.10054950697184906
AR/Non-Profit/total,2025-04-01,0.0808691492821185,0.05061629692896262
AR/Non-Profit/total,2025-05-01,0.0808691492821185,0.06794585381180464
AR/Non-Profit/total,2025-06-01,0.0808691492821185,0.09455856021945874
AR/Non-Profit/total,2025-07-01,0.0808691492821185,0.0762736197905078
AR/Non-Profit/total,2025-08-01,0.0808691492821185,0.06816276847035743
AR/Non-Profit/total,2025-09-01,0.0808691492821185,0.054552973778995914
AZ/For-Profit/total,2025-04-01,0.08232139897792685,0.07893343813120254
AZ/For-Profit/total,2025-05-01,0.08232139897792685,0.08863281491530806
AZ/For-Profit/total,2025-06-01,0.08232139897792685,0.07652703283435737
AZ/For-Profit/total,2025-07-01,0.08232139897792685,0.07326763307644178
AZ/For-Profit/total,2025-08-01,0.08232139897792685,0.07894585492025931
AZ/For-Profit/total,2025-09-01,0.08232139897792685,0.0888064095015122
AZ/Government/total,2025-04-01,0.034704855185089575,0.04004699273399346
AZ/Government/total,2025-05-01,0.034704855185089575,0.023789526170478553
AZ/Government/total,2025-06-01,0.034704855185089575,0.03392045115494363
AZ/Government/total,2025-07-01,0.034704855185089575,0.024044300887567992
AZ/Government/total,2025-08-01,0.034704855185089575,0.02728375665531989
AZ/Government/total,2025-09-01,0.034704855185089575,0.03266264770142441
AZ/Non-Profit/total,2025-04-01,0.07045675841128345,0.06462133121148135
AZ/Non-Profit/total,2025-05-01,0.07045675841128345,0.060485154762111505
AZ/Non-Profit/total,2025-06-01,0.07045675841128345,0.056498281950595794
AZ/Non-Profit/total,2025-07-01,0.07045675841128345,0.0580057979686566
AZ/Non-Profit/total,2025-08-01,0.07045675841128345,0.07056283060919845
AZ/Non-Profit/total,2025-09-01,0.07045675841128345,0.0771737890057034
CA/For-Profit/total,2025-04-01,0.06138294166444283,0.06606853371657577
CA/For-Profit/total,2025-05-01,0.06074912863306308,0.06827666994209262
CA/For-Profit/total,2025-06-01,0.06015850577103052,0.07609711170701651
CA/For-Profit/total,2025-07-01,0.05960809804810832,0.07169700275636141
CA/For-Profit/total,2025-08-01,0.05909513777745107,0.07289348267741542
CA/For-Profit/total,2025-09-01,0.058617049982723435,0.0729340057596598
CA/Government/total,2025-04-01,0.04985817521867698,0.05249277693019637
CA/Government/total,2025-05-01,0.04985817521867698,0.05165411910690876
CA/Government/total,2025-06-01,0.04985817521867698,0.06432569634725244
CA/Government/total,2025-07-01,0.04985817521867698,0.03269033420048934
CA/Government/total,2025-08-01,0.04985817521867698,0.03783364443039138
CA/Government/total,2025-09-01,0.04985817521867698,0.07006101067604953
CA/Non-Profit/total,2025-04-01,0.05164395582857604,0.04881447812147677
CA/Non-Profit/total,2025-05-01,0.05151583118425765,0.04945861721214937
CA/Non-Profit/total,2025-06-01,0.05138770653993926,0.060703358174323825
CA/Non-Profit/total,2025-07-01,0.05125958189562086,0.0448733936188985
CA/Non-Profit/total,2025-08-01,0.05113145725130247,0.04597941678235552
CA/Non-Profit/total,2025-09-01,0.05100333260698408,0.06918948885938676
CO/For-Profit/total,2025-04-01,0.07927217232090605,0.08111916462108715
CO/For-Profit/total,2025-05-01,0.07927217232090605,0.08256346818808327
CO/For-Profit/total,2025-06-01,0.07927217232090605,0.095257362017913
CO/For-Profit/total,2025-07-01,0.07927217232090605,0.09447949000823475
CO/For-Profit/total,2025-08-01,0.07927217232090605,0.10385945343626433
CO/For-Profit/total,2025-09-01,0.07927217232090605,0.12163314777601049
CO/Government/total,2025-04-01,0.05581254541715463,0.060118896181233054
CO/Government/total,2025-05-01,0.0561870261301251,0.032118205649966085
CO/Government/total,2025-06-01,0.05656150684309558,0.04944291566845723
CO/Government/total,2025-07-01,0.05693598755606605,0.05676602832772475
CO/Government/total,2025-08-01,0.05731046826903651,0.055947812796046534
CO/Government/total,2025-09-01,0.05768494898200698,0.06873559950192094
CO/Non-Profit/total,2025-04-01,0.06036884196422246,0.056789190249177834
CO/Non-Profit/total,2025-05-01,0.06036884196422246,0.059853825987655436
CO/Non-Profit/total,2025-06-01,0.06036884196422246,0.04353493356930943
CO/Non-Profit/total,2025-07-01,0.06036884196422246,0.042565685157774744
CO/Non-Profit/total,2025-08-01,0.06036884196422246,0.04507254363367161
CO/Non-Profit/total,2025-09-01,0.06036884196422246,0.07517829314388329
CT/For-Profit/total,2025-04-01,0.06479124640320215,0.06071349239558162
CT/For-Profit/total,2025-05-01,0.06494018201127524,0.05995361984531299
CT/For-Profit/total,2025-06-01,0.06508911761934831,0.10309978791923259
CT/For-Profit/total,2025-07-01,0.06523805322742139,0.05624239626362466
CT/For-Profit/total,2025-08-01,0.06538698883549446,0.0605060353781665
CT/For-Profit/total,2025-09-01,0.06553592444356754,0.08414651523942712
CT/Government/total,2025-04-01,0.022631602902658345,0.028955682364773274
CT/Government/total,2025-05-01,0.022631602902658345,0.03588520388392511
CT/Government/total,2025-06-01,0.022631602902658345,0.022820865651748005
CT/Government/total,2025-07-01,0.022631602902658345,0.022235218918132422
CT/Government/total,2025-08-01,0.022631602902658345,0.04299446952539421
CT/Government/total,2025-09-01,0.022631602902658345,0.03297856990882458
CT/Non-Profit/total,2025-04-01,0.05856547240621769,0.04398712595148309
CT/Non-Profit/total,2025-05-01,0.05856547240621769,0.05369425781086295
CT/Non-Profit/total,2025-06-01,0.05856547240621769,0.06495563070305042
CT/Non-Profit/total,2025-07-01,0.05856547240621769,0.055222492599799236
CT/Non-Profit/total,2025-08-01,0.05856547240621769,0.05897459923637692
CT/Non-Profit/total,2025-09-01,0.05856547240621769,0.05612049957141834
DC/For-Profit/total,2025-04-01,0.050610603815109276,0.04680759189833441
DC/For-Profit/total,2025-05-01,0.050610603815109276,0.03347167468004173
DC/For-Profit/total,2025-06-01,0.050610603815109276,0.04768172213631621
DC/For-Profit/total,2025-07-01,0.050610603815109276,0.049269144079252494
DC/For-Profit/total,2025-08-01,0.050610603815109276,0.060276847700603854
DC/For-Profit/total,2025-09-01,0.050610603815109276,0.04954848064118055
DC/Non-Profit/total,2025-04-01,0.04272990401401158,0.02522424450636315
DC/Non-Profit/total,2025-05-01,0.043160333689913115,0.02981277532258835
DC/Non-Profit/total,2025-06-01,0.04359076336581465,0.034118842325614095
DC/Non-Profit/total,2025-07-01,0.04402119304171618,0.028306008745200298
DC/Non-Profit/total,2025-08-01,0.04445162271761772,0.0312768499307927
DC/Non-Profit/total,2025-09-01,0.04488205239351925,0.040989952488017296
DE/For-Profit/total,2025-04-01,0.07227503736301778,0.06365040028163302
DE/For-Profit/total,2025-05-01,0.07227503736301778,0.07140495555538366
DE/For-Profit/total,2025-06-01,0.07227503736301778,0.06612172424941455
DE/For-Profit/total,2025-07-01,0.07227503736301778,0.06671502293560935
DE/For-Profit/total,2025-08-01,0.07227503736301778,0.07287365612386836
DE/For-Profit/total,2025-09-01,0.07227503736301778,0.0801767233847626
DE/Non-Profit/total,2025-04-01,0.04583325516796367,0.043479062206209555
DE/Non-Profit/total,2025-05-01,0.04583325516796367,0.05517154414213238
DE/Non-Profit/total,2025-06-01,0.04583325516796367,0.04405387936232158
DE/Non-Profit/total,2025-07-01,0.04583325516796367,0.047729573800911654
DE/Non-Profit/total,2025-08-01,0.04583325516796367,0.04257766808268329
DE/Non-Profit/total,2025-09-01,0.04583325516796367,0.05468533562532587
FL/For-Profit/total,2025-04-01,0.08410569818374525,0.08022456725402813
FL/For-Profit/total,2025-05-01,0.08361771003065031,0.0827676716096321
FL/For-Profit/total,2025-06-01,0.08312972187755537,0.1245707124812094
FL/For-Profit/total,2025-07-01,0.08264173372446042,0.08149604148707769
FL/For-Profit/total,2025-08-01,0.08215374557136546,0.08398213404889016
FL/For-Profit/total,2025-09-01,0.08166575741827052,0.0982911232589845
FL/Government/total,2025-04-01,0.041096107598329365,0.03416358063437135
FL/Government/total,2025-05-01,0.041096107598329365,0.035674718820016146
FL/Government/total,2025-06-01,0.041096107598329365,0.05378059274582305
FL/Government/total,2025-07-01,0.041096107598329365,0.04181685154553432
FL/Government/total,2025-08-01,0.041096107598329365,0.03896468831338871
FL/Government/total,2025-09-01,0.041096107598329365,0.039885918649515455
FL/Non-Profit/total,2025-04-01,0.06011381043913831,0.06051155542507634
FL/Non-Profit/total,2025-05-01,0.06011381043913831,0.05765583084823695
FL/Non-Profit/total,2025-06-01,0.06011381043913831,0.06694707504188253
FL/Non-Profit/total,2025-07-01,0.06011381043913831,0.05985454379889169
FL/Non-Profit/total,2025-08-01,0.06011381043913831,0.05684889466776429
FL/Non-Profit/total,2025-09-01,0.06011381043913831,0.07284922055824843
GA/For-Profit/total,2025-04-01,0.09800178370002777,0.090911700129812
GA/For-Profit/total,2025-05-01,0.09830900539164553,0.09334316789563166
GA/For-Profit/total,2025-06-01,0.09861622708326327,0.10707827116014604
GA/For-Profit/total,2025-07-01,0.09892344877488102,0.11088384289618697
GA/For-Profit/total,2025-08-01,0.09923067046649876,0.09977779109966896
GA/For-Profit/total,2025-09-01,0.09953789215811651,0.11030115783704109
GA/Government/total,2025-04-01,0.06790327772290192,0.043679031026958304
GA/Government/total,2025-05-01,0.07002264130390519,0.05394711129960305
GA/Government/total,2025-06-01,0.07749800344109678,0.06265097976287473
GA/Government/total,2025-07-01,0.07932934680736864,0.07489123683315016
GA/Government/total,2025-08-01,0.07500875514580846,0.0445464756815972
GA/Government/total,2025-09-01,0.15572453536977776,0.24418323821212792
GA/Non-Profit/total,2025-04-01,0.06719563099898856,0.05782900558746104
GA/Non-Profit/total,2025-05-01,0.06734568253727527,0.06407989934807005
GA/Non-Profit/total,2025-06-01,0.06749503980277737,0.0853265602983551
GA/Non-Profit/total,2025-07-01,0.06764384165005176,0.06719105906014677
GA/Non-Profit/total,2025-08-01,0.06779219916274398,0.06443289767087178
GA/Non-Profit/total,2025-09-01,0.06794020120777049,0.062476023811312675
HI/For-Profit/total,2025-04-01,0.03403390429550049,0.055797955338168254
HI/For-Profit/total,2025-05-01,0.03304389562598268,0.030660059329053548
HI/For-Profit/total,2025-06-01,0.03205388695646486,0.05819420151189783
HI/For-Profit/total,2025-07-01,0.03106387828694705,0.03684975937872874
HI/For-Profit/total,2025-08-01,0.030073869617429232,0.04005586823826485
HI/For-Profit/total,2025-09-01,0.02908386094791142,0.0918259839552038
HI/Government/total,2025-04-01,0.035879674114849484,0.008873617037344711
HI/Government/total,2025-05-01,0.03967137310072376,0.005888101024780135
HI/Government/total,2025-06-01,0.043463072086598026,0.03482556045757868
HI/Government/total,2025-07-01,0.04725477107247231,0.01969478242936688
HI/Government/total,2025-08-01,0.051046470058346574,0.019362526064938934
HI/Government/total,2025-09-01,0.05483816904422084,0.022296895660718397
HI/Non-Profit/total,2025-04-01,0.04691858917756732,0.031055023960236055
HI/Non-Profit/total,2025-05-01,0.045220210429183956,0.02287578008256125
HI/Non-Profit/total,2025-06-01,0.04436408558834048,0.019598731744185395
HI/Non-Profit/total,2025-07-01,0.04848905771169081,0.04165823649777761
HI/Non-Profit/total,2025-08-01,0.049425588052249295,0.04323609651149949
HI/Non-Profit/total,2025-09-01,0.058393971997707406,0.03701566591982454
IA/For-Profit/total,2025-04-01,0.07895159571303889,0.07524700461236104
IA/For-Profit/total,2025-05-01,0.07895159571303889,0.07668532847112798
IA/For-Profit/total,2025-06-01,0.07895159571303889,0.08492931527985864
IA/For-Profit/total,2025-07-01,0.07895159571303889,0.08359980807186292
IA/For-Profit/total,2025-08-01,0.07895159571303889,0.08358153125013322
IA/For-Profit/total,2025-09-01,0.07895159571303889,0.12440286174310354
IA/Government/total,2025-04-01,0.033498405604634705,0.024945338629486398
IA/Government/total,2025-05-01,0.033498405604634705,0.026725291990115158
IA/Government/total,2025-06-01,0.033498405604634705,0.03574160679473105
IA/Government/total,2025-07-01,0.033498405604634705,0.036438868306739036
IA/Government/total,2025-08-01,0.033498405604634705,0.03538825785487736
IA/Government/total,2025-09-01,0.033498405604634705,0.03244636329341167
IA/Non-Profit/total,2025-04-01,0.059000740484803374,0.0646120137413647
IA/Non-Profit/total,2025-05-01,0.059000740484803374,0.07122739969929069
IA/Non-Profit/total,2025-06-01,0.059000740484803374,0.07652553784810934
IA/Non-Profit/total,2025-07-01,0.059000740484803374,0.06426626473049744
IA/Non-Profit/total,2025-08-01,0.059000740484803374,0.06789649456630102
IA/Non-Profit/total,2025-09-01,0.059000740484803374,0.06371470379114083
ID/For-Profit/total,2025-04-01,0.07243059798438682,0.07496128320175251
ID/For-Profit/total,2025-05-01,0.07214824183208374,0.07690292868372392
ID/For-Profit/total,2025-06-01,0.07186588567978065,0.0680765017289574
ID/For-Profit/total,2025-07-01,0.07158352952747758,0.07729475530843609
ID/For-Profit/total,2025-08-01,0.0713011733751745,0.0926695510927705
ID/For-Profit/total,2025-09-01,0.07101881722287141,0.07340140210003002
ID/Government/total,2025-04-01,0.05860490061051717,0.027446644938386486
ID/Government/total,2025-05-01,0.05860490061051717,0.059133781855893956
ID/Government/total,2025-06-01,0.05860490061051717,0.06182746352677908
ID/Government/total,2025-07-01,0.05860490061051717,0.06030097163726309
ID/Government/total,2025-08-01,0.05860490061051717,0.04300664980258642
ID/Government/total,2025-09-01,0.05860490061051717,0.05737889406908684
ID/Non-Profit/total,2025-04-01,0.4582956079729332,0.01515151515151515
ID/Non-Profit/total,2025-05-01,0.4582956079729332,0.0303030303030303
ID/Non-Profit/total,2025-06-01,0.4582956079729332,0.014084507042253521
ID/Non-Profit/total,2025-07-01,0.4582956079729332,0.07246376811594203
ID/Non-Profit/total,2025-08-01,0.4582956079729332,0.05555555555555555
ID/Non-Profit/total,2025-09-01,0.4582956079729332,0.028571428571428567
IL/For-Profit/total,2025-04-01,0.08680437553336726,0.07833115178344353
IL/For-Profit/total,2025-05-01,0.08680437553336726,0.07977154332017801
IL/For-Profit/total,2025-06-01,0.08680437553336726,0.12582044923952831
IL/For-Profit/total,2025-07-01,0.08680437553336726,0.08056854702181424
IL/For-Profit/total,2025-08-01,0.08680437553336726,0.08918647868255862
IL/For-Profit/total,2025-09-01,0.08680437553336726,0.0915323483454828
IL/Government/total,2025-04-01,0.05654299248654686,0.049810396756707426
IL/Government/total,2025-05-01,0.05654299248654686,0.06587924980413712
IL/Government/total,2025-06-01,0.05654299248654686,0.05575698584021312
IL/Government/total,2025-07-01,0.05654299248654686,0.07235086171896374
IL/Government/total,2025-08-01,0.05654299248654686,0.07361009051637944
IL/Government/total,2025-09-01,0.05654299248654686,0.06319016109358319
IL/Non-Profit/total,2025-04-01,0.06423816977791916,0.06290561646235394
IL/Non-Profit/total,2025-05-01,0.06395439982613307,0.06238955935547152
IL/Non-Profit/total,2025-06-01,0.06367062987434698,0.07662869095406084
IL/Non-Profit/total,2025-07-01,0.0633868599225609,0.06940644316354844
IL/Non-Profit/total,2025-08-01,0.06310308997077482,0.06688476296238273
IL/Non-Profit/total,2025-09-01,0.06281932001898873,0.0719374294150336
IN/For-Profit/total,2025-04-01,0.07977050685219397,0.07734884696533717
IN/For-Profit/total,2025-05-01,0.07977050685219397,0.0865418974566488
IN/For-Profit/total,2025-06-01,0.07977050685219397,0.08831807925959852
IN/For-Profit/total,2025-07-01,0.07977050685219397,0.0829079048054681
IN/For-Profit/total,2025-08-01,0.07977050685219397,0.08313267462548253
IN/For-Profit/total,2025-09-01,0.07977050685219397,0.08046353786997039
IN/Government/total,2025-04-01,0.07761209098260917,0.07834054485692452
IN/Government/total,2025-05-01,0.07761209098260917,0.08322907224971271
IN/Government/total,2025-06-01,0.07761209098260917,0.09162739016329857
IN/Government/total,2025-07-01,0.07761209098260917,0.07400483337428528
IN/Government/total,2025-08-01,0.07761209098260917,0.07892625471029276
IN/Government/total,2025-09-01,0.07761209098260917,0.0744112284711731
IN/Non-Profit/total,2025-04-01,0.07682849360807073,0.07487604623934843
IN/Non-Profit/total,2025-05-01,0.07682849360807073,0.08132475819142185
IN/Non-Profit/total,2025-06-01,0.07682849360807073,0.0873011902763539
IN/Non-Profit/total,2025-07-01,0.07682849360807073,0.06968474622877167
IN/Non-Profit/total,2025-08-01,0.07682849360807073,0.0792104251827811
IN/Non-Profit/total,2025-09-01,0.07682849360807073,0.07830328975326611
KS/For-Profit/total,2025-04-01,0.09517172288235617,0.11069738352749921
KS/For-Profit/total,2025-05-01,0.09517172288235617,0.11582628680863569
KS/For-Profit/total,2025-06-01,0.09517172288235617,0.1060542525181561
KS/For-Profit/total,2025-07-01,0.09517172288235617,0.10463264374124524
KS/For-Profit/total,2025-08-01,0.09517172288235617,0.10813423227377816
KS/For-Profit/total,2025-09-01,0.09517172288235617,0.1033174440029058
KS/Government/total,2025-04-01,0.06448131143335878,0.04377354247484118
KS/Government/total,2025-05-01,0.06448131143335878,0.08235059888017472
KS/Government/total,2025-06-01,0.06448131143335878,0.07145461325799954
KS/Government/total,2025-07-01,0.06448131143335878,0.07875185910532155
KS/Government/total,2025-08-01,0.06448131143335878,0.057047649539070884
KS/Government/total,2025-09-01,0.06448131143335878,0.048833094616227146
KS/Non-Profit/total,2025-04-01,0.06515862812479402,0.07079957952101988
KS/Non-Profit/total,2025-05-01,0.0645688356060373,0.0713431894883261
KS/Non-Profit/total,2025-06-01,0.06397904308728057,0.07789886152206682
KS/Non-Profit/total,2025-07-01,0.06338925056852383,0.07683473271914479
KS/Non-Profit/total,2025-08-01,0.06279945804976711,0.0775064189984599
KS/Non-Profit/total,2025-09-01,0.06220966553101038,0.08381857490314022
KY/For-Profit/total,2025-04-01,0.0828563825028755,0.09845156429126584
KY/For-Profit/total,2025-05-01,0.08201994953878744,0.09248122051250356
KY/For-Profit/total,2025-06-01,0.08118351657469935,0.08464174149782754
KY/For-Profit/total,2025-07-01,0.0803470836106113,0.10661756704313168
KY/For-Profit/total,2025-08-01,0.07951065064652321,0.08877435837355115
KY/For-Profit/total,2025-09-01,0.07867421768243515,0.10034795655484297
KY/Government/total,2025-04-01,0.028574254752144767,0.016472274389641196
KY/Government/total,2025-05-01,0.029014013042303357,0.02608870158539033
KY/Government/total,2025-06-01,0.029453771332461947,0.025496688741721858
KY/Government/total,2025-07-01,0.029893529622620537,0.027578538587363303
KY/Government/total,2025-08-01,0.030333287912779127,0.012723061364303657
KY/Government/total,2025-09-01,0.030773046202937714,0.03201455911776339
KY/Non-Profit/total,2025-04-01,0.06819907540419011,0.0527890361921974
KY/Non-Profit/total,2025-05-01,0.06819907540419011,0.07177510001346858
KY/Non-Profit/total,2025-06-01,0.06819907540419011,0.06886753932821262
KY/Non-Profit/total,2025-07-01,0.06819907540419011,0.07202889839999756
KY/Non-Profit/total,2025-08-01,0.06819907540419011,0.08243875449518036
KY/Non-Profit/total,2025-09-01,0.06819907540419011,0.07934742220784691
LA/For-Profit/total,2025-04-01,0.08018321556948706,0.07185387343006837
LA/For-Profit/total,2025-05-01,0.08018321556948706,0.07865755243945186
LA/For-Profit/total,2025-06-01,0.08018321556948706,0.08744164373244076
LA/For-Profit/total,2025-07-01,0.08018321556948706,0.07886245269225069
LA/For-Profit/total,2025-08-01,0.08018321556948706,0.08293622496230521
LA/For-Profit/total,2025-09-01,0.08018321556948706,0.08090380156855564
LA/Government/total,2025-04-01,0.049672731501026295,0.01690173454310941
LA/Government/total,2025-05-01,0.05033547300381661,0.03935332289102708
LA/Government/total,2025-06-01,0.05086566620604888,0.037837558230340004
LA/Government/total,2025-07-01,0.05128982076783469,0.049886775376971455
LA/Government/total,2025-08-01,0.05162914441726334,0.026558686966850233
LA/Government/total,2025-09-01,0.05190060333680626,0.04217991120645988
LA/Non-Profit/total,2025-04-01,0.06225064376154754,0.07318964755420139
LA/Non-Profit/total,2025-05-01,0.06190575763386351,0.08536701671308307
LA/Non-Profit/total,2025-06-01,0.06155755468365788,0.07619051217711269
LA/Non-Profit/total,2025-07-01,0.061206698275434956,0.06859060584183882
LA/Non-Profit/total,2025-08-01,0.06085371910079819,0.07425678957447149
LA/Non-Profit/total,2025-09-01,0.06049904171303036,0.08383511929731802
MA/For-Profit/total,2025-04-01,0.0633882080232481,0.0652420098708404
MA/For-Profit/total,2025-05-01,0.0633882080232481,0.05770343835911462
MA/For-Profit/total,2025-06-01,0.0633882080232481,0.06254076309645498
MA/For-Profit/total,2025-07-01,0.0633882080232481,0.060789589997692885
MA/For-Profit/total,2025-08-01,0.0633882080232481,0.061713664637948494
MA/For-Profit/total,2025-09-01,0.0633882080232481,0.07537777706788196
MA/Government/total,2025-04-01,0.019230887218372357,0.0
MA/Government/total,2025-05-01,0.019230887218372357,0.014111922141119221
MA/Government/total,2025-06-01,0.019230887218372357,0.015908665543702037
MA/Government/total,2025-07-01,0.019230887218372357,0.007256584283092158
MA/Government/total,2025-08-01,0.019230887218372357,0.011145592027623585
MA/Government/total,2025-09-01,0.019230887218372357,0.032947935059411834
MA/Non-Profit/total,2025-04-01,0.058432606394862106,0.06601297177607979
MA/Non-Profit/total,2025-05-01,0.05617838005060687,0.04251031704229108
MA/Non-Profit/total,2025-06-01,0.07843047779434192,0.15841095130734603
MA/Non-Profit/total,2025-07-01,0.05560530417991465,0.04359877867110991
MA/Non-Profit/total,2025-08-01,0.057395316345642565,0.052071789275606864
MA/Non-Profit/total,2025-09-01,0.06092371278642422,0.07933972999726602
MD/For-Profit/total,2025-04-01,0.06594503915202371,0.057214435976459734
MD/For-Profit/total,2025-05-01,0.06593123937218259,0.05928392522980047
MD/For-Profit/total,2025-06-01,0.06592019954830969,0.06854718883708924
MD/For-Profit/total,2025-07-01,0.06591136768921137,0.05877058085735226
MD/For-Profit/total,2025-08-01,0.06590430220193272,0.07078401103125367
MD/For-Profit/total,2025-09-01,0.06589864981210979,0.07774727770462714
MD/Government/total,2025-04-01,0.028914278577711696,0.023942952025143804
MD/Government/total,2025-05-01,0.028914278577711696,0.034337520626186904
MD/Government/total,2025-06-01,0.028914278577711696,0.04672187949592871
MD/Government/total,2025-07-01,0.028914278577711696,0.01758990009418826
MD/Government/total,2025-08-01,0.028914278577711696,0.035454545454545454
MD/Government/total,2025-09-01,0.028914278577711696,0.058978752826615716
MD/Non-Profit/total,2025-04-01,0.045544384320704484,0.03829350376209747
MD/Non-Profit/total,2025-05-01,0.04717402278885923,0.046559739178415334
MD/Non-Profit/total,2025-06-01,0.048766344881918715,0.05154290232414821
MD/Non-Profit/total,2025-07-01,0.047833070435926175,0.042197814167033394
MD/Non-Profit/total,2025-08-01,0.04788150468996256,0.04398875425711633
MD/Non-Profit/total,2025-09-01,0.05449398661915635,0.060244313870797365
ME/For-Profit/total,2025-04-01,0.07127186965152722,0.051389622719216196
ME/For-Profit/total,2025-05-01,0.07127186965152722,0.08033890468114124
ME/For-Profit/total,2025-06-01,0.07127186965152722,0.06632179346531479
ME/For-Profit/total,2025-07-01,0.07127186965152722,0.06483518434475269
ME/For-Profit/total,2025-08-01,0.07127186965152722,0.07235421882196634
ME/For-Profit/total,2025-09-01,0.07127186965152722,0.06730901636716757
ME/Government/total,2025-04-01,0.03488415768185894,0.043478260869565216
ME/Government/total,2025-05-01,0.03488415768185894,0.013157894736842106
ME/Government/total,2025-06-01,0.03488415768185894,0.04819277108433735
ME/Government/total,2025-07-01,0.03488415768185894,0.03529411764705882
ME/Government/total,2025-08-01,0.03488415768185894,0.02197802197802198
ME/Government/total,2025-09-01,0.03488415768185894,0.07692307692307693
ME/Non-Profit/total,2025-04-01,0.052719262793232795,0.04773558067116993
ME/Non-Profit/total,2025-05-01,0.052719262793232795,0.04477840063897339
ME/Non-Profit/total,2025-06-01,0.052719262793232795,0.048551613122570676
ME/Non-Profit/total,2025-07-01,0.052719262793232795,0.0502361274923717
ME/Non-Profit/total,2025-08-01,0.052719262793232795,0.05798819583154216
ME/Non-Profit/total,2025-09-01,0.052719262793232795,0.07005319231862056
MI/For-Profit/total,2025-04-01,0.09096398362564306,0.08478323849611598
MI/For-Profit/total,2025-05-01,0.09096398362564306,0.08731458719568261
MI/For-Profit/total,2025-06-01,0.09096398362564306,0.08915198761168698
MI/For-Profit/total,2025-07-01,0.09096398362564306,0.0839600974942546
MI/For-Profit/total,2025-08-01,0.09096398362564306,0.09498696308048303
MI/For-Profit/total,2025-09-01,0.09096398362564306,0.131084628159218
MI/Government/total,2025-04-01,0.04596232530523777,0.04443463502862462
MI/Government/total,2025-05-01,0.04596232530523777,0.04593524008084459
MI/Government/total,2025-06-01,0.04596232530523777,0.05861741584441362
MI/Government/total,2025-07-01,0.04596232530523777,0.041666180410818404
MI/Government/total,2025-08-01,0.04596232530523777,0.04692420809493771
MI/Government/total,2025-09-01,0.04596232530523777,0.04185056384405995
MI/Non-Profit/total,2025-04-01,0.06431355030968836,0.06218561863611643
MI/Non-Profit/total,2025-05-01,0.06431355030968836,0.06795733638696953
MI/Non-Profit/total,2025-06-01,0.06431355030968836,0.05704830615024276
MI/Non-Profit/total,2025-07-01,0.06431355030968836,0.0612294439622265
MI/Non-Profit/total,2025-08-01,0.06431355030968836,0.06232577976243144
MI/Non-Profit/total,2025-09-01,0.06431355030968836,0.06578936189624929
MN/For-Profit/total,2025-04-01,0.06975405624493951,0.07976034124854589
MN/For-Profit/total,2025-05-01,0.06915534566524043,0.08103068547817577
MN/For-Profit/total,2025-06-01,0.06855663508554133,0.09524437776917936
MN/For-Profit/total,2025-07-01,0.06795792450584223,0.08489736610926094
MN/For-Profit/total,2025-08-01,0.06735921392614314,0.07466209337102836
MN/For-Profit/total,2025-09-01,0.06676050334644404,0.07462763428672355
MN/Government/total,2025-04-01,0.03668071661065685,0.024508234566819262
MN/Government/total,2025-05-01,0.03668071661065685,0.03610622302083858
MN/Government/total,2025-06-01,0.03668071661065685,0.04207652112289328
MN/Government/total,2025-07-01,0.03668071661065685,0.029832472566844875
MN/Government/total,2025-08-01,0.03668071661065685,0.041080045159812374
MN/Government/total,2025-09-01,0.03668071661065685,0.05008830679606093
MN/Non-Profit/total,2025-04-01,0.049777088598608694,0.047337443787965595
MN/Non-Profit/total,2025-05-01,0.049653261613221304,0.054033699346744006
MN/Non-Profit/total,2025-06-01,0.049529434627833914,0.05385466878375907
MN/Non-Profit/total,2025-07-01,0.049405607642446524,0.04741850928402574
MN/Non-Profit/total,2025-08-01,0.049281780657059134,0.05898840214770979
MN/Non-Profit/total,2025-09-01,0.04915795367167174,0.05860372430723953
MO/For-Profit/total,2025-04-01,0.1221322382840703,0.10749103097512554
MO/For-Profit/total,2025-05-01,0.1221322382840703,0.12174230228841441
MO/For-Profit/total,2025-06-01,0.1221322382840703,0.1266380977993653
MO/For-Profit/total,2025-07-01,0.1221322382840703,0.12022938269749239
MO/For-Profit/total,2025-08-01,0.1221322382840703,0.12290207392404759
MO/For-Profit/total,2025-09-01,0.1221322382840703,0.12889580947329182
MO/Government/total,2025-04-01,0.08762706145468246,0.0705023413093582
MO/Government/total,2025-05-01,0.08781032584077517,0.11548915670884591
MO/Government/total,2025-06-01,0.08799359022686784,0.06841388765706737
MO/Government/total,2025-07-01,0.08817685461296054,0.09734970644535515
MO/Government/total,2025-08-01,0.08836011899905324,0.0887203121548995
MO/Government/total,2025-09-01,0.08854338338514595,0.13341599650929153
MO/Non-Profit/total,2025-04-01,0.08921430872798229,0.07478698130225972
MO/Non-Profit/total,2025-05-01,0.08921430872798229,0.09064605840006361
MO/Non-Profit/total,2025-06-01,0.08921430872798229,0.0997401578781066
MO/Non-Profit/total,2025-07-01,0.08921430872798229,0.08071939635182801
MO/Non-Profit/total,2025-08-01,0.08921430872798229,0.0814975708749427
MO/Non-Profit/total,2025-09-01,0.08921430872798229,0.09641168822207885
MS/For-Profit/total,2025-04-01,0.0814113458614306,0.07177192074558349
MS/For-Profit/total,2025-05-01,0.0814113458614306,0.0849753491683409
MS/For-Profit/total,2025-06-01,0.0814113458614306,0.0769072662930059
MS/For-Profit/total,2025-07-01,0.0814113458614306,0.08321716781964786
MS/For-Profit/total,2025-08-01,0.0814113458614306,0.08326991997596925
MS/For-Profit/total,2025-09-01,0.0814113458614306,0.08823984418278585
MS/Government/total,2025-04-01,0.06320845054252484,0.06059720677624295
MS/Government/total,2025-05-01,0.06320845054252484,0.05566672387816794
MS/Government/total,2025-06-01,0.06320845054252484,0.060250560647347164
MS/Government/total,2025-07-01,0.06320845054252484,0.05589898656954969
MS/Government/total,2025-08-01,0.06320845054252484,0.05742970697789259
MS/Government/total,2025-09-01,0.06320845054252484,0.05951759804579994
MS/Non-Profit/total,2025-04-01,0.069751690078444,0.04353985449734382
MS/Non-Profit/total,2025-05-01,0.07015656817242365,0.05736042441048848
MS/Non-Profit/total,2025-06-01,0.07056144626640327,0.05593059978081615
MS/Non-Profit/total,2025-07-01,0.07096632436038292,0.05255776516339897
MS/Non-Profit/total,2025-08-01,0.07137120245436256,0.062093692611928056
MS/Non-Profit/total,2025-09-01,0.07177608054834218,0.13784526346225365
MT/For-Profit/total,2025-04-01,0.09800015930608025,0.0843179352587018
MT/For-Profit/total,2025-05-01,0.09971890613845537,0.08783088819782607
MT/For-Profit/total,2025-06-01,0.1014376529708305,0.09709710832713651
MT/For-Profit/total,2025-07-01,0.10315639980320562,0.09322975969775994
MT/For-Profit/total,2025-08-01,0.10487514663558074,0.09064311453180397
MT/For-Profit/total,2025-09-01,0.10659389346795588,0.08722572665429808
MT/Government/total,2025-04-01,0.08682780901029473,0.09656935882939875
MT/Government/total,2025-05-01,0.08682780901029473,0.07578692248407902
MT/Government/total,2025-06-01,0.08682780901029473,0.11230423195418375
MT/Government/total,2025-07-01,0.08682780901029473,0.07315417295073037
MT/Government/total,2025-08-01,0.08682780901029473,0.08083332484889612
MT/Government/total,2025-09-01,0.08682780901029473,0.11144888436668142
MT/Non-Profit/total,2025-04-01,0.0982029036297878,0.04893618150934811
MT/Non-Profit/total,2025-05-01,0.09820624971378114,0.06715066975019114
MT/Non-Profit/total,2025-06-01,0.0982089265809758,0.08515912067546266
MT/Non-Profit/total,2025-07-01,0.09821106807473154,0.0842125767648234
MT/Non-Profit/total,2025-08-01,0.09821278126973612,0.07262080385544128
MT/Non-Profit/total,2025-09-01,0.09821415182573981,0.055529501158214076
NC/For-Profit/total,2025-04-01,0.09253220312197193,0.08572070999651221
NC/For-Profit/total,2025-05-01,0.0926170574276503,0.10421524762060969
NC/For-Profit/total,2025-06-01,0.0927019117333287,0.09522781171901444
NC/For-Profit/total,2025-07-01,0.09278676603900708,0.08922572213949391
NC/For-Profit/total,2025-08-01,0.09287162034468548,0.09787302720329732
NC/For-Profit/total,2025-09-01,0.09295647465036387,0.1027920466921138
NC/Government/total,2025-04-01,0.08501080029985346,0.10010351403169616
NC/Government/total,2025-05-01,0.07598073767023546,0.0583961196195779
NC/Government/total,2025-06-01,0.07532410186664477,0.07830218941716365
NC/Government/total,2025-07-01,0.08486879181664808,0.07207859563368943
NC/Government/total,2025-08-01,0.09081341670946207,0.06465456650823359
NC/Government/total,2025-09-01,0.10217820367480253,0.07964672101727939
NC/Non-Profit/total,2025-04-01,0.05997995587671566,0.046457356221327885
NC/Non-Profit/total,2025-05-01,0.05997995587671566,0.0631237340208944
NC/Non-Profit/total,2025-06-01,0.05997995587671566,0.07850063485185742
NC/Non-Profit/total,2025-07-01,0.05997995587671566,0.05627739947169489
NC/Non-Profit/total,2025-08-01,0.05997995587671566,0.0597220337006264
NC/Non-Profit/total,2025-09-01,0.05997995587671566,0.05826892546936594
ND/For-Profit/total,2025-04-01,0.08216826173136682,0.07043620494234383
ND/For-Profit/total,2025-05-01,0.08216826173136682,0.10953218152255811
ND/For-Profit/total,2025-06-01,0.08216826173136682,0.08959972946384653
ND/For-Profit/total,2025-07-01,0.08216826173136682,0.05316645970851579
ND/For-Profit/total,2025-08-01,0.08216826173136682,0.12154190082901234
ND/For-Profit/total,2025-09-01,0.08216826173136682,0.09586544731078528
ND/Government/total,2025-04-01,0.04511211941939106,0.0
ND/Government/total,2025-05-01,0.04511211941939106,0.022727272727272728
ND/Government/total,2025-06-01,0.04511211941939106,0.02325581395348837
ND/Government/total,2025-07-01,0.04511211941939106,0.020833333333333332
ND/Government/total,2025-08-01,0.04511211941939106,0.07142857142857142
ND/Government/total,2025-09-01,0.04511211941939106,0.04395604395604396
ND/Non-Profit/total,2025-04-01,0.05582242186344155,0.0519009628957032
ND/Non-Profit/total,2025-05-01,0.05582242186344155,0.06578802740197773
ND/Non-Profit/total,2025-06-01,0.05582242186344155,0.057248727163821504
ND/Non-Profit/total,2025-07-01,0.05582242186344155,0.06253263913729831
ND/Non-Profit/total,2025-08-01,0.05582242186344155,0.06980112955386156
ND/Non-Profit/total,2025-09-01,0.05582242186344155,0.054351008084606744
NE/For-Profit/total,2025-04-01,0.09905320413267367,0.10324950142329772
NE/For-Profit/total,2025-05-01,0.09905320413267367,0.0984564556522921
NE/For-Profit/total,2025-06-01,0.09905320413267367,0.08955757555977319
NE/For-Profit/total,2025-07-01,0.09905320413267367,0.0910109735019874
NE/For-Profit/total,2025-08-01,0.09905320413267367,0.09471203757533074
NE/For-Profit/total,2025-09-01,0.09905320413267367,0.12855595530839245
NE/Government/total,2025-04-01,0.05502397928372966,0.07993379009699875
NE/Government/total,2025-05-01,0.05502397928372966,0.044897886559610335
NE/Government/total,2025-06-01,0.05502397928372966,0.056726433948258256
NE/Government/total,2025-07-01,0.05502397928372966,0.06181123345450411
NE/Government/total,2025-08-01,0.05502397928372966,0.04760332225328979
NE/Government/total,2025-09-01,0.05502397928372966,0.07272487959664496
NE/Non-Profit/total,2025-04-01,0.05936009019711063,0.04597349667082765
NE/Non-Profit/total,2025-05-01,0.05936009019711063,0.05775122112351312
NE/Non-Profit/total,2025-06-01,0.05936009019711063,0.07189865702864666
NE/Non-Profit/total,2025-07-01,0.05936009019711063,0.05488446581608319
NE/Non-Profit/total,2025-08-01,0.05936009019711063,0.05986124015715366
NE/Non-Profit/total,2025-09-01,0.05936009019711063,0.06557965123911508
NH/For-Profit/total,2025-04-01,0.07752420783664213,0.0687276206055608
NH/For-Profit/total,2025-05-01,0.07752420783664213,0.0868518731909881
NH/For-Profit/total,2025-06-01,0.07752420783664213,0.06030463169994189
NH/For-Profit/total,2025-07-01,0.07752420783664213,0.06055740959371038
NH/For-Profit/total,2025-08-01,0.07752420783664213,0.09312206181472571
NH/For-Profit/total,2025-09-01,0.07752420783664213,0.10156314446413756
NH/Government/total,2025-04-01,0.04958832448967431,0.02139462035156466
NH/Government/total,2025-05-01,0.05055383911212938,0.035520900400634915
NH/Government/total,2025-06-01,0.05151935373458446,0.06062842796710529
NH/Government/total,2025-07-01,0.05248486835703953,0.030804370169805948
NH/Government/total,2025-08-01,0.0534503829794946,0.03388956505667129
NH/Government/total,2025-09-01,0.05441589760194967,0.04436489252064805
NH/Non-Profit/total,2025-04-01,0.061049230065186005,0.053967251222158105
NH/Non-Profit/total,2025-05-01,0.061049230065186005,0.05296130830371646
NH/Non-Profit/total,2025-06-01,0.061049230065186005,0.06922811384144519
NH/Non-Profit/total,2025-07-01,0.061049230065186005,0.0679300921914511
NH/Non-Profit/total,2025-08-01,0.061049230065186005,0.04525716909686839
NH/Non-Profit/total,2025-09-01,0.061049230065186005,0.06592208049603354
NJ/For-Profit/total,2025-04-01,0.05572112705582894,0.05333391021373922
NJ/For-Profit/total,2025-05-01,0.05499861095978545,0.05206736318948464
NJ/For-Profit/total,2025-06-01,0.06151814195519544,0.06256258349172486
NJ/For-Profit/total,2025-07-01,0.05387390659435393,0.051965248979207165
NJ/For-Profit/total,2025-08-01,0.056853187860448816,0.05539611309220317
NJ/For-Profit/total,2025-09-01,0.06777298987935185,0.06362344103429929
NJ/Government/total,2025-04-01,0.02008328131974798,0.02557021225994936
NJ/Government/total,2025-05-01,0.02005802267796768,0.02586132790541119
NJ/Government/total,2025-06-01,0.020036812931147813,0.022202285548684128
NJ/Government/total,2025-07-01,0.02001899794582914,0.01663181327514716
NJ/Government/total,2025-08-01,0.020004030258034,0.01079473040564574
NJ/Government/total,2025-09-01,0.019991451488752882,0.026012392023114735
NJ/Non-Profit/total,2025-04-01,0.030074679907423154,0.03471469859243736
NJ/Non-Profit/total,2025-05-01,0.03281489038011788,0.03410914746986992
NJ/Non-Profit/total,2025-06-01,0.05882465454557651,0.03971990860671847
NJ/Non-Profit/total,2025-07-01,0.03306417865616695,0.0365293557337105
NJ/Non-Profit/total,2025-08-01,0.04039540915909229,0.040564237695746824
NJ/Non-Profit/total,2025-09-01,0.04435333450796116,0.05132215480020829
NM/For-Profit/total,2025-04-01,0.08290672723419104,0.0805038189987033
NM/For-Profit/total,2025-05-01,0.08290672723419104,0.07638149669723326
NM/For-Profit/total,2025-06-01,0.08290672723419104,0.09111760668162014
NM/For-Profit/total,2025-07-01,0.08290672723419104,0.07634704303105536
NM/For-Profit/total,2025-08-01,0.08290672723419104,0.06740798476929541
NM/For-Profit/total,2025-09-01,0.08290672723419104,0.08412173571628648
NM/Government/total,2025-04-01,0.03845159273511436,0.040855412891312747
NM/Government/total,2025-05-01,0.03845159273511436,0.06855691086816847
NM/Government/total,2025-06-01,0.03845159273511436,0.08652479671818915
NM/Government/total,2025-07-01,0.03845159273511436,0.034224155325874944
NM/Government/total,2025-08-01,0.03845159273511436,0.05734456117615398
NM/Government/total,2025-09-01,0.03845159273511436,0.02621591051903984
NM/Non-Profit/total,2025-04-01,0.10262965390871273,0.07873637125126523
NM/Non-Profit/total,2025-05-01,0.10359515966365503,0.08880491888970593
NM/Non-Profit/total,2025-06-01,0.10456066541859729,0.07645295426600911
NM/Non-Profit/total,2025-07-01,0.10552617117353959,0.07757229175658178
NM/Non-Profit/total,2025-08-01,0.10649167692848187,0.07087229655205486
NM/Non-Profit/total,2025-09-01,0.10745718268342416,0.07321673260422362
NV/For-Profit/total,2025-04-01,0.0797849553425053,0.07172301205369007
NV/For-Profit/total,2025-05-01,0.07975846132189943,0.0828623717462947
NV/For-Profit/total,2025-06-01,0.07973588368079074,0.08268529493130454
NV/For-Profit/total,2025-07-01,0.07971664349502902,0.08725741254772498
NV/For-Profit/total,2025-08-01,0.07970024741776108,0.07954239073284484
NV/For-Profit/total,2025-09-01,0.07968627502928699,0.08995127763806979
NV/Government/total,2025-04-01,0.03573161681806616,0.022222222222222223
NV/Government/total,2025-05-01,0.03573161681806616,0.011111111111111112
NV/Government/total,2025-06-01,0.03573161681806616,0.06666666666666667
NV/Government/total,2025-07-01,0.03573161681806616,0.07954545454545454
NV/Government/total,2025-08-01,0.03573161681806616,0.046511627906976744
NV/Government/total,2025-09-01,0.03573161681806616,0.03614457831325301
NV/Non-Profit/total,2025-04-01,0.06174489120676523,0.04463961628208452
NV/Non-Profit/total,2025-05-01,0.06174489120676523,0.08492975734355045
NV/Non-Profit/total,2025-06-01,0.06174489120676523,0.028324100714275487
NV/Non-Profit/total,2025-07-01,0.06174489120676523,0.0519459939148073
NV/Non-Profit/total,2025-08-01,0.06174489120676523,0.03520441483803553
NV/Non-Profit/total,2025-09-01,0.06174489120676523,0.10923044575273338
NY/For-Profit/total,2025-04-01,0.05449537639368435,0.051541287801418444
NY/For-Profit/total,2025-05-01,0.05449537639368435,0.052195362653774544
NY/For-Profit/total,2025-06-01,0.05449537639368435,0.05984086464077549
NY/For-Profit/total,2025-07-01,0.05449537639368435,0.05316491187991812
NY/For-Profit/total,2025-08-01,0.05449537639368435,0.0562563098760291
NY/For-Profit/total,2025-09-01,0.05449537639368435,0.057668022511157095
NY/Government/total,2025-04-01,0.033545453014929276,0.028587716417272476
NY/Government/total,2025-05-01,0.033545453014929276,0.03284222042337673
NY/Government/total,2025-06-01,0.033545453014929276,0.03922289208147715
NY/Government/total,2025-07-01,0.033545453014929276,0.03221251921760993
NY/Government/total,2025-08-01,0.033545453014929276,0.03446599227320424
NY/Government/total,2025-09-01,0.033545453014929276,0.037952941467637835
NY/Non-Profit/total,2025-04-01,0.05780651794290069,0.04610694374875085
NY/Non-Profit/total,2025-05-01,0.058266909807982596,0.04792869924120952
NY/Non-Profit/total,2025-06-01,0.058727301673064496,0.06870872334776876
NY/Non-Profit/total,2025-07-01,0.0591876935381464,0.05470980482128725
NY/Non-Profit/total,2025-08-01,0.05964808540322831,0.05208206958486709
NY/Non-Profit/total,2025-09-01,0.06010847726831021,0.07679902696495973
OH/For-Profit/total,2025-04-01,0.10124515255633698,0.09544271754499928
OH/For-Profit/total,2025-05-01,0.09985501640234667,0.09849748325125787
OH/For-Profit/total,2025-06-01,0.10201108268771755,0.11643115411573261
OH/For-Profit/total,2025-07-01,0.09958022729782189,0.10024603448440524
OH/For-Profit/total,2025-08-01,0.09967787025110744,0.10398115217343344
OH/For-Profit/total,2025-09-01,0.10184525323045521,0.11802869226266617
OH/Government/total,2025-04-01,0.06431822622515727,0.06130285255044447
OH/Government/total,2025-05-01,0.06444261890890864,0.04776225449446119
OH/Government/total,2025-06-01,0.06456701159265998,0.05794136577107542
OH/Government/total,2025-07-01,0.06469140427641135,0.057995790138082655
OH/Government/total,2025-08-01,0.06481579696016271,0.09020395261797691
OH/Government/total,2025-09-01,0.06494018964391407,0.08092491796955702
OH/Non-Profit/total,2025-04-01,0.09370595811415272,0.07344430603719777
OH/Non-Profit/total,2025-05-01,0.09370595811415272,0.07637153253450488
OH/Non-Profit/total,2025-06-01,0.09370595811415272,0.0860518383360805
OH/Non-Profit/total,2025-07-01,0.09370595811415272,0.0765246183842391
OH/Non-Profit/total,2025-08-01,0.09370595811415272,0.08562373885964711
OH/Non-Profit/total,2025-09-01,0.09370595811415272,0.08440964454802319
OK/For-Profit/total,2025-04-01,0.11416588015311915,0.09851061590814161
OK/For-Profit/total,2025-05-01,0.11416588015311915,0.1133650625767696
OK/For-Profit/total,2025-06-01,0.11416588015311915,0.11545155807387204
OK/For-Profit/total,2025-07-01,0.11416588015311915,0.10448883111420196
OK/For-Profit/total,2025-08-01,0.11416588015311915,0.11008285558478473
OK/For-Profit/total,2025-09-01,0.11416588015311915,0.12339526437492371
OK/Government/total,2025-04-01,0.0693275930974376,0.08387832405689548
OK/Government/total,2025-05-01,0.0693275930974376,0.11513419013419016
OK/Government/total,2025-06-01,0.0693275930974376,0.10335963455149502
OK/Government/total,2025-07-01,0.0693275930974376,0.07440266353309832
OK/Government/total,2025-08-01,0.0693275930974376,0.07882751937984496
OK/Government/total,2025-09-01,0.0693275930974376,0.059923825645366066
OK/Non-Profit/total,2025-04-01,0.11568587373308706,0.11356695225948263
OK/Non-Profit/total,2025-05-01,0.11568587373308706,0.11335602138822011
OK/Non-Profit/total,2025-06-01,0.11568587373308706,0.1506692503122661
OK/Non-Profit/total,2025-07-01,0.11568587373308706,0.10278676532179257
OK/Non-Profit/total,2025-08-01,0.11568587373308706,0.11700358206142258
OK/Non-Profit/total,2025-09-01,0.11568587373308706,0.12884690269127305
OR/For-Profit/total,2025-04-01,0.08488040530160457,0.07755207117799087
OR/For-Profit/total,2025-05-01,0.08488040530160457,0.10597807158574704
OR/For-Profit/total,2025-06-01,0.08488040530160457,0.10825323172973568
OR/For-Profit/total,2025-07-01,0.08488040530160457,0.08706012768348918
OR/For-Profit/total,2025-08-01,0.08488040530160457,0.12260517348339467
OR/For-Profit/total,2025-09-01,0.08488040530160457,0.07879554188537365
OR/Government/total,2025-04-01,0.04281754641396259,0.036566593789438134
OR/Government/total,2025-05-01,0.04198782802300638,0.0644090695488722
OR/Government/total,2025-06-01,0.04115810963205017,0.06983721398455635
OR/Government/total,2025-07-01,0.040328391241093955,0.049671151322746396
OR/Government/total,2025-08-01,0.039498672850137743,0.05884251476356739
OR/Government/total,2025-09-01,0.03866895445918153,0.02540940198794199
OR/Non-Profit/total,2025-04-01,0.07726402076632335,0.05945708320227306
OR/Non-Profit/total,2025-05-01,0.07830256717032677,0.05638656853464584
OR/Non-Profit/total,2025-06-01,0.07934111357433016,0.051549130139562825
OR/Non-Profit/total,2025-07-01,0.08037965997833355,0.053086201427472696
OR/Non-Profit/total,2025-08-01,0.08141820638233695,0.051754591166659814
OR/Non-Profit/total,2025-09-01,0.08245675278634033,0.055118252998111655
PA/For-Profit/total,2025-04-01,0.08125419241413057,0.07146578688904566
PA/For-Profit/total,2025-05-01,0.08125419241413057,0.077756384395667
PA/For-Profit/total,2025-06-01,0.08125419241413057,0.09251584097661933
PA/For-Profit/total,2025-07-01,0.08125419241413057,0.07579960581725877
PA/For-Profit/total,2025-08-01,0.08125419241413057,0.08020348871702425
PA/For-Profit/total,2025-09-01,0.08125419241413057,0.09605087222289986
PA/Government/total,2025-04-01,0.052231402823371346,0.03292018553382944
PA/Government/total,2025-05-01,0.05302290705550301,0.03258045655190796
PA/Government/total,2025-06-01,0.053814411287634666,0.03185569836482256
PA/Government/total,2025-07-01,0.054605915519766325,0.034178608696804835
PA/Government/total,2025-08-01,0.05539741975189799,0.03659127081217338
PA/Government/total,2025-09-01,0.05618892398402966,0.04865062689869648
PA/Non-Profit/total,2025-04-01,0.054113699303056144,0.051363655486029204
PA/Non-Profit/total,2025-05-01,0.054113699303056144,0.0508655864442298
PA/Non-Profit/total,2025-06-01,0.054113699303056144,0.059087063679413895
PA/Non-Profit/total,2025-07-01,0.054113699303056144,0.05403753093384525
PA/Non-Profit/total,2025-08-01,0.054113699303056144,0.05531617072852591
PA/Non-Profit/total,2025-09-01,0.054113699303056144,0.06145601483302233
PR/For-Profit/total,2025-04-01,0.04375203893304208,0.075
PR/For-Profit/total,2025-05-01,0.04375203893304208,0.02631578947368421
PR/For-Profit/total,2025-06-01,0.04375203893304208,0.02702702702702703
PR/For-Profit/total,2025-07-01,0.04375203893304208,0.02702702702702703
PR/For-Profit/total,2025-08-01,0.04375203893304208,0.0
PR/For-Profit/total,2025-09-01,0.04375203893304208,0.05263157894736842
RI/For-Profit/total,2025-04-01,0.053793956132001525,0.0678862678496538
RI/For-Profit/total,2025-05-01,0.05285404504969933,0.06783229296600306
RI/For-Profit/total,2025-06-01,0.051914133967397115,0.07519122817074378
RI/For-Profit/total,2025-07-01,0.05097422288509492,0.057757711294999944
RI/For-Profit/total,2025-08-01,0.05003431180279272,0.06578676587158805
RI/For-Profit/total,2025-09-01,0.04909440072049051,0.07024235857993294
RI/Non-Profit/total,2025-04-01,0.06905372764434307,0.04989572972516984
RI/Non-Profit/total,2025-05-01,0.06961918452238228,0.05504626007725244
RI/Non-Profit/total,2025-06-01,0.07018464140042148,0.05923522504178428
RI/Non-Profit/total,2025-07-01,0.07075009827846068,0.058114602760881345
RI/Non-Profit/total,2025-08-01,0.07131555515649987,0.05188970641828059
RI/Non-Profit/total,2025-09-01,0.07188101203453907,0.06592897684154087
SC/For-Profit/total,2025-04-01,0.07385145810343528,0.06528819427606572
SC/For-Profit/total,2025-05-01,0.0736888829633159,0.07739531141440492
SC/For-Profit/total,2025-06-01,0.07354772487483956,0.07810277015912274
SC/For-Profit/total,2025-07-01,0.0734251191324823,0.0715821152940102
SC/For-Profit/total,2025-08-01,0.0733185907825691,0.08144831211850097
SC/For-Profit/total,2025-09-01,0.0732260006120625,0.0844734653819104
SC/Government/total,2025-04-01,0.04405422598516378,0.03524444049365085
SC/Government/total,2025-05-01,0.04405422598516378,0.05149907018108872
SC/Government/total,2025-06-01,0.04405422598516378,0.06372941069610899
SC/Government/total,2025-07-01,0.04405422598516378,0.04131927642831745
SC/Government/total,2025-08-01,0.04405422598516378,0.04743171170514877
SC/Government/total,2025-09-01,0.04405422598516378,0.05576840850561398
SC/Non-Profit/total,2025-04-01,0.10528931259655588,0.0705203503578964
SC/Non-Profit/total,2025-05-01,0.10679725355656774,0.06976760405214623
SC/Non-Profit/total,2025-06-01,0.10830519451657962,0.06826891419267478
SC/Non-Profit/total,2025-07-01,0.10981313547659151,0.06998855829008716
SC/Non-Profit/total,2025-08-01,0.1113210764366034,0.08662527817038553
SC/Non-Profit/total,2025-09-01,0.11282901739661529,0.12017060952951573
SD/For-Profit/total,2025-04-01,0.06973754162574074,0.06853024021388082
SD/For-Profit/total,2025-05-01,0.06973754162574074,0.06650010989449714
SD/For-Profit/total,2025-06-01,0.06973754162574074,0.061804132701286145
SD/For-Profit/total,2025-07-01,0.06973754162574074,0.076076987318383
SD/For-Profit/total,2025-08-01,0.06973754162574074,0.06829421818318733
SD/For-Profit/total,2025-09-01,0.06973754162574074,0.07573189250390204
SD/Government/total,2025-04-01,0.06408470016338697,0.0684566739375176
SD/Government/total,2025-05-01,0.062119115918970284,0.024353891107691487
SD/Government/total,2025-06-01,0.24428508520972467,0.3522615131578948
SD/Government/total,2025-07-01,0.04177868218189074,0.04011111810627046
SD/Government/total,2025-08-01,0.07225936158585876,0.07114405428565734
SD/Government/total,2025-09-01,0.0510324218576072,0.04663742690058479
SD/Non-Profit/total,2025-04-01,0.066677104779088,0.07229102868554285
SD/Non-Profit/total,2025-05-01,0.066677104779088,0.0755533105161662
SD/Non-Profit/total,2025-06-01,0.066677104779088,0.06608503621432231
SD/Non-Profit/total,2025-07-01,0.066677104779088,0.06742886789363159
SD/Non-Profit/total,2025-08-01,0.066677104779088,0.08696893755180898
SD/Non-Profit/total,2025-09-01,0.066677104779088,0.07565129645647972
TN/For-Profit/total,2025-04-01,0.09070048953629421,0.08943601242513222
TN/For-Profit/total,2025-05-01,0.09070418606087523,0.09176191171622515
TN/For-Profit/total,2025-06-01,0.09070714328054003,0.08230606431863767
TN/For-Profit/total,2025-07-01,0.09070950905627188,0.08537203473529985
TN/For-Profit/total,2025-08-01,0.09071140167685735,0.08620696133722358
TN/For-Profit/total,2025-09-01,0.09071291577332574,0.10026483596866978
TN/Government/total,2025-04-01,0.04803114363300975,0.04219485318266187
TN/Government/total,2025-05-01,0.04803114363300975,0.03644215087161055
TN/Government/total,2025-06-01,0.04803114363300975,0.05036804608209015
TN/Government/total,2025-07-01,0.04803114363300975,0.043638369542020834
TN/Government/total,2025-08-01,0.04803114363300975,0.038978889440403335
TN/Government/total,2025-09-01,0.04803114363300975,0.05097730803534289
TN/Non-Profit/total,2025-04-01,0.08346090146276301,0.06343200271992738
TN/Non-Profit/total,2025-05-01,0.08346835438670061,0.07254140941407312
TN/Non-Profit/total,2025-06-01,0.08347431674827643,0.1347856838644215
TN/Non-Profit/total,2025-07-01,0.08347908665547779,0.09319553607020419
TN/Non-Profit/total,2025-08-01,0.08348290259559148,0.09068815470189855
TN/Non-Profit/total,2025-09-01,0.08348595535916455,0.07667121955428473
TX/For-Profit/total,2025-04-01,0.10789038858383045,0.09317067842633008
TX/For-Profit/total,2025-05-01,0.10789038858383045,0.09965250380559552
TX/For-Profit/total,2025-06-01,0.10789038858383045,0.11037694011039588
TX/For-Profit/total,2025-07-01,0.10789038858383045,0.09932911648013344
TX/For-Profit/total,2025-08-01,0.10789038858383045,0.10716017485435599
TX/For-Profit/total,2025-09-01,0.10789038858383045,0.11621629560027875
TX/Government/total,2025-04-01,0.10018564362432522,0.08303630084484737
TX/Government/total,2025-05-01,0.10018564362432522,0.08880883275825076
TX/Government/total,2025-06-01,0.10018564362432522,0.11336744091650375
TX/Government/total,2025-07-01,0.10018564362432522,0.09046550916847057
TX/Government/total,2025-08-01,0.10018564362432522,0.094499598270325
TX/Government/total,2025-09-01,0.10018564362432522,0.10737202561307807
TX/Non-Profit/total,2025-04-01,0.0729623237908256,0.07042026119268364
TX/Non-Profit/total,2025-05-01,0.07256925419866106,0.07118005840056893
TX/Non-Profit/total,2025-06-01,0.07217618460649652,0.07820621813095077
TX/Non-Profit/total,2025-07-01,0.07178311501433197,0.07006298288607342
TX/Non-Profit/total,2025-08-01,0.07139004542216744,0.07184589112059399
TX/Non-Profit/total,2025-09-01,0.07099697583000289,0.08102932614960096
UT/For-Profit/total,2025-04-01,0.08559229248177568,0.09662552254807501
UT/For-Profit/total,2025-05-01,0.085054967432175,0.09859502934003399
UT/For-Profit/total,2025-06-01,0.08451764238257431,0.09547530086232106
UT/For-Profit/total,2025-07-01,0.08398031733297363,0.08580737640405356
UT/For-Profit/total,2025-08-01,0.08344299228337294,0.10447458018906917
UT/For-Profit/total,2025-09-01,0.08290566723377225,0.09623585075057225
UT/Government/total,2025-04-01,0.08335788107501148,0.07856554493055444
UT/Government/total,2025-05-01,0.08335788107501148,0.06201046398440221
UT/Government/total,2025-06-01,0.08335788107501148,0.08524105093872536
UT/Government/total,2025-07-01,0.08335788107501148,0.07111905033727917
UT/Government/total,2025-08-01,0.08335788107501148,0.08415969826637162
UT/Government/total,2025-09-01,0.08335788107501148,0.09167612628943077
UT/Non-Profit/total,2025-04-01,0.07224451007307864,0.0648423841322236
UT/Non-Profit/total,2025-05-01,0.07224451007307864,0.09757073823940382
UT/Non-Profit/total,2025-06-01,0.07224451007307864,0.09107383343676516
UT/Non-Profit/total,2025-07-01,0.07224451007307864,0.09405093586849748
UT/Non-Profit/total,2025-08-01,0.07224451007307864,0.10292505026039872
UT/Non-Profit/total,2025-09-01,0.07224451007307864,0.0900537882868479
VA/For-Profit/total,2025-04-01,0.08153802735210902,0.07660245467285563
VA/For-Profit/total,2025-05-01,0.08077716078640981,0.07575201815098463
VA/For-Profit/total,2025-06-01,0.08001629422071056,0.07710966867502257
VA/For-Profit/total,2025-07-01,0.07925542765501134,0.08260518801812497
VA/For-Profit/total,2025-08-01,0.0784945610893121,0.0859127979823428
VA/For-Profit/total,2025-09-01,0.07773369452361288,0.07888377600944389
VA/Government/total,2025-04-01,0.1263824777966585,0.055414784161262956
VA/Government/total,2025-05-01,0.12974022561345636,0.05824761885770345
VA/Government/total,2025-06-01,0.1330979734302542,0.06204576858542786
VA/Government/total,2025-07-01,0.13645572124705202,0.04989762548278311
VA/Government/total,2025-08-01,0.13981346906384987,0.04561828178054071
VA/Government/total,2025-09-01,0.14317121688064774,0.21220122373034994
VA/Non-Profit/total,2025-04-01,0.06334875160888977,0.056783274708886826
VA/Non-Profit/total,2025-05-01,0.06334875160888977,0.05996887243800243
VA/Non-Profit/total,2025-06-01,0.06334875160888977,0.05956734651597851
VA/Non-Profit/total,2025-07-01,0.06334875160888977,0.060492048526287666
VA/Non-Profit/total,2025-08-01,0.06334875160888977,0.061756633596422944
VA/Non-Profit/total,2025-09-01,0.06334875160888977,0.06847207710343983
VT/For-Profit/total,2025-04-01,0.0835532623026993,0.06510806789590998
VT/For-Profit/total,2025-05-01,0.0835532623026993,0.07737018051678721
VT/For-Profit/total,2025-06-01,0.0835532623026993,0.0828701574953125
VT/For-Profit/total,2025-07-01,0.0835532623026993,0.09909869666655181
VT/For-Profit/total,2025-08-01,0.0835532623026993,0.09460825096004248
VT/For-Profit/total,2025-09-01,0.0835532623026993,0.10098670196853575
VT/Government/total,2025-04-01,0.019711824271303434,0.05263157894736842
VT/Government/total,2025-05-01,0.019711824271303434,0.0
VT/Government/total,2025-06-01,0.019711824271303434,0.0
VT/Government/total,2025-07-01,0.019711824271303434,0.02702702702702703
VT/Government/total,2025-08-01,0.019711824271303434,0.10256410256410256
VT/Government/total,2025-09-01,0.019711824271303434,0.0
VT/Non-Profit/total,2025-04-01,0.06242984950507518,0.05245996083664588
VT/Non-Profit/total,2025-05-01,0.06242984950507518,0.07645651999416156
VT/Non-Profit/total,2025-06-01,0.06242984950507518,0.04673794207056907
VT/Non-Profit/total,2025-07-01,0.06242984950507518,0.07261099271580251
VT/Non-Profit/total,2025-08-01,0.06242984950507518,0.046486954996793325
VT/Non-Profit/total,2025-09-01,0.06242984950507518,0.11167286332579864
WA/For-Profit/total,2025-04-01,0.07587046310395824,0.07557055666935933
WA/For-Profit/total,2025-05-01,0.07587046310395824,0.10588919163622898
WA/For-Profit/total,2025-06-01,0.07587046310395824,0.09123146564020164
WA/For-Profit/total,2025-07-01,0.07587046310395824,0.10178884250388673
WA/For-Profit/total,2025-08-01,0.07587046310395824,0.08187587183203567
WA/For-Profit/total,2025-09-01,0.07587046310395824,0.08068494716176208
WA/Government/total,2025-04-01,0.03690350734234135,0.03137155738070433
WA/Government/total,2025-05-01,0.03690350734234135,0.029031660419207114
WA/Government/total,2025-06-01,0.03690350734234135,0.04451137615993931
WA/Government/total,2025-07-01,0.03690350734234135,0.021526941433605423
WA/Government/total,2025-08-01,0.03690350734234135,0.03379244701819531
WA/Government/total,2025-09-01,0.03690350734234135,0.0403653437969954
WA/Non-Profit/total,2025-04-01,0.06387594264522153,0.04960452010781941
WA/Non-Profit/total,2025-05-01,0.06387594264522153,0.04944648421506552
WA/Non-Profit/total,2025-06-01,0.06387594264522153,0.0649913607054436
WA/Non-Profit/total,2025-07-01,0.06387594264522153,0.0584655001253815
WA/Non-Profit/total,2025-08-01,0.06387594264522153,0.06301150544803286
WA/Non-Profit/total,2025-09-01,0.06387594264522153,0.13033828124669264
WI/For-Profit/total,2025-04-01,0.09134617969584412,0.08201456193795884
WI/For-Profit/total,2025-05-01,0.09134617969584412,0.0929643588099852
WI/For-Profit/total,2025-06-01,0.09134617969584412,0.09704288123606579
WI/For-Profit/total,2025-07-01,0.09134617969584412,0.08248004979379842
WI/For-Profit/total,2025-08-01,0.09134617969584412,0.09181891983704332
WI/For-Profit/total,2025-09-01,0.09134617969584412,0.11139898508850284
WI/Government/total,2025-04-01,0.046138504384831906,0.04212621379518203
WI/Government/total,2025-05-01,0.046138504384831906,0.04661711517690255
WI/Government/total,2025-06-01,0.046138504384831906,0.04633159781460784
WI/Government/total,2025-07-01,0.046138504384831906,0.045869076626319547
WI/Government/total,2025-08-01,0.046138504384831906,0.05023700185850933
WI/Government/total,2025-09-01,0.046138504384831906,0.05699278925221639
WI/Non-Profit/total,2025-04-01,0.0716641077507578,0.05947222423820861
WI/Non-Profit/total,2025-05-01,0.0716641077507578,0.06990079851607464
WI/Non-Profit/total,2025-06-01,0.0716641077507578,0.0765036035740269
WI/Non-Profit/total,2025-07-01,0.0716641077507578,0.06141272293209872
WI/Non-Profit/total,2025-08-01,0.0716641077507578,0.07396258335179595
WI/Non-Profit/total,2025-09-01,0.0716641077507578,0.07501420195856251
WV/For-Profit/total,2025-04-01,0.0905597782528439,0.08544150154128767
WV/For-Profit/total,2025-05-01,0.0905597782528439,0.149717243425556
WV/For-Profit/total,2025-06-01,0.0905597782528439,0.3845540157535574
WV/For-Profit/total,2025-07-01,0.0905597782528439,0.07310679062814962
WV/For-Profit/total,2025-08-01,0.0905597782528439,0.0970207036173838
WV/For-Profit/total,2025-09-01,0.0905597782528439,0.0753431520085421
WV/Government/total,2025-04-01,0.07227533459226074,0.06451612903225806
WV/Government/total,2025-05-01,0.07227533459226074,0.08571428571428573
WV/Government/total,2025-06-01,0.07227533459226074,0.0
WV/Government/total,2025-07-01,0.07227533459226074,0.0
WV/Government/total,2025-08-01,0.07227533459226074,0.018867924528301886
WV/Government/total,2025-09-01,0.07227533459226074,0.018867924528301886
WV/Non-Profit/total,2025-04-01,0.057691914453229985,0.04381640173517174
WV/Non-Profit/total,2025-05-01,0.057691914453229985,0.05120942755432355
WV/Non-Profit/total,2025-06-01,0.057691914453229985,0.06274989471110087
WV/Non-Profit/total,2025-07-01,0.057691914453229985,0.05763954948306336
WV/Non-Profit/total,2025-08-01,0.057691914453229985,0.06327164420250278
WV/Non-Profit/total,2025-09-01,0.057691914453229985,0.04393108564622286
WY/For-Profit/total,2025-04-01,0.08128475645919205,0.07601397582345107
WY/For-Profit/total,2025-05-01,0.08128475645919205,0.08862086237601136
WY/For-Profit/total,2025-06-01,0.08128475645919205,0.08982796245539043
WY/For-Profit/total,2025-07-01,0.08128475645919205,0.0873927640869659
WY/For-Profit/total,2025-08-01,0.08128475645919205,0.06738835657474138
WY/For-Profit/total,2025-09-01,0.08128475645919205,0.07447128553993501
WY/Government/total,2025-04-01,0.060263773394642235,0.05306104901298563
WY/Government/total,2025-05-01,0.060263773394642235,0.06798052095882796
WY/Government/total,2025-06-01,0.060263773394642235,0.19624312248439865
WY/Government/total,2025-07-01,0.060263773394642235,0.051323144009107285
WY/Government/total,2025-08-01,0.060263773394642235,0.05737758066189439
WY/Government/total,2025-09-01,0.060263773394642235,0.053845212070380066
WY/Non-Profit/total,2025-04-01,0.07207024900613188,0.03280830868697984
WY/Non-Profit/total,2025-05-01,0.07207024900613188,0.04817566035669069
WY/Non-Profit/total,2025-06-01,0.07207024900613188,0.047590756887577496
WY/Non-Profit/total,2025-07-01,0.07207024900613188,0.03623335190155466
WY/Non-Profit/total,2025-08-01,0.07207024900613188,0.06450675622900882
WY/Non-Profit/total,2025-09-01,0.07207024900613188,0.04806204006529298
AK/total/CNA,2025-04-01,0.21165850211547643,0.03812585976528819
AK/total/CNA,2025-05-01,0.21165850211547643,0.05333330929850103
AK/total/CNA,2025-06-01,0.21165850211547643,0.056117135184744545
AK/total/CNA,2025-07-01,0.21165850211547643,0.08403650939631088
AK/total/CNA,2025-08-01,0.21165850211547643,0.04674057639912135
AK/total/CNA,2025-09-01,0.21165850211547643,0.04989464160781964
AK/total/LPN,2025-04-01,0.05369704388911153,0.031746031746031744
AK/total/LPN,2025-05-01,0.05369704388911153,0.015873015873015872
AK/total/LPN,2025-06-01,0.05369704388911153,0.047619047619047616
AK/total/LPN,2025-07-01,0.05369704388911153,0.22388059701492535
AK/total/LPN,2025-08-01,0.05369704388911153,0.0847457627118644
AK/total/LPN,2025-09-01,0.05369704388911153,0.03508771929824561
AK/total/RN,2025-04-01,0.25841588274888017,0.05369127516778524
AK/total/RN,2025-05-01,0.25841588274888017,0.020134228187919462
AK/total/RN,2025-06-01,0.25841588274888017,0.03289473684210526
AK/total/RN,2025-07-01,0.25841588274888017,0.044585987261146494
AK/total/RN,2025-08-01,0.25841588274888017,0.08917197452229299
AK/total/RN,2025-09-01,0.25841588274888017,0.0410958904109589
AL/total/CNA,2025-04-01,0.09447107128503889,0.09426194003656639
AL/total/CNA,2025-05-01,0.09447107128503889,0.0925102229277246
AL/total/CNA,2025-06-01,0.09447107128503889,0.11256552314179091
AL/total/CNA,2025-07-01,0.09447107128503889,0.0938649176746576
AL/total/CNA,2025-08-01,0.09447107128503889,0.1005181645104772
AL/total/CNA,2025-09-01,0.09447107128503889,0.09899469224941487
AL/total/LPN,2025-04-01,0.06561953374118375,0.06404534207500334
AL/total/LPN,2025-05-01,0.06561953374118375,0.05323532974101795
AL/total/LPN,2025-06-01,0.06561953374118375,0.09556030636977297
AL/total/LPN,2025-07-01,0.06561953374118375,0.0684216319330832
AL/total/LPN,2025-08-01,0.06561953374118375,0.06425021038221486
AL/total/LPN,2025-09-01,0.06561953374118375,0.07933046154310136
AL/total/RN,2025-04-01,0.069323971343996,0.06646208522169043
AL/total/RN,2025-05-01,0.069323971343996,0.06504932072381209
AL/total/RN,2025-06-01,0.069323971343996,0.07597288097728411
AL/total/RN,2025-07-01,0.069323971343996,0.06729898092161003
AL/total/RN,2025-08-01,0.069323971343996,0.06604500855811371
AL/total/RN,2025-09-01,0.069323971343996,0.082637305183799
AR/total/CNA,2025-04-01,0.09479349624761613,0.08245125916356034
AR/total/CNA,2025-05-01,0.09479349624761613,0.09449433729178772
AR/total/CNA,2025-06-01,0.09479349624761613,0.09021142308598082
AR/total/CNA,2025-07-01,0.09479349624761613,0.0915796292883788
AR/total/CNA,2025-08-01,0.09479349624761613,0.09414405720180508
AR/total/CNA,2025-09-01,0.09479349624761613,0.09792087113129135
AR/total/LPN,2025-04-01,0.066562657112716,0.05555432211898457
AR/total/LPN,2025-05-01,0.066562657112716,0.07351850240740625
AR/total/LPN,2025-06-01,0.066562657112716,0.0624346092973135
AR/total/LPN,2025-07-01,0.066562657112716,0.06270227694502122
AR/total/LPN,2025-08-01,0.066562657112716,0.06440930114718248
AR/total/LPN,2025-09-01,0.066562657112716,0.06639178557577269
AR/total/RN,2025-04-01,0.0777699132088964,0.06537399748987907
AR/total/RN,2025-05-01,0.0777699132088964,0.07620331438381234
AR/total/RN,2025-06-01,0.0777699132088964,0.08443337712969538
AR/total/RN,2025-07-01,0.0777699132088964,0.06903990610497886
AR/total/RN,2025-08-01,0.0777699132088964,0.08377050686111193
AR/total/RN,2025-09-01,0.0777699132088964,0.074785787400847
AZ/total/CNA,2025-04-01,0.08452762805534522,0.07903658473076626
AZ/total/CNA,2025-05-01,0.08452762805534522,0.08775303845239556
AZ/total/CNA,2025-06-01,0.08452762805534522,0.07358052776537295
AZ/total/CNA,2025-07-01,0.08452762805534522,0.07678252513643372
AZ/total/CNA,2025-08-01,0.08452762805534522,0.08180260994876129
AZ/total/CNA,2025-09-01,0.08452762805534522,0.09344611159305606
AZ/total/LPN,2025-04-01,0.07253033502723198,0.07552435036645547
AZ/total/LPN,2025-05-01,0.07253033502723198,0.07727703025184957
AZ/total/LPN,2025-06-01,0.07253033502723198,0.07204387508749273
AZ/total/LPN,2025-07-01,0.07253033502723198,0.061593168685682015
AZ/total/LPN,2025-08-01,0.07253033502723198,0.06634805108588869
AZ/total/LPN,2025-09-01,0.07253033502723198,0.0738294986303647
AZ/total/RN,2025-04-01,0.075724215831803,0.07097810965242868
AZ/total/RN,2025-05-01,0.075724215831803,0.08580291447201556
AZ/total/RN,2025-06-01,0.075724215831803,0.07778337388398864
AZ/total/RN,2025-07-01,0.075724215831803,0.06353218913905952
AZ/total/RN,2025-08-01,0.075724215831803,0.07465307770074521
AZ/total/RN,2025-09-01,0.075724215831803,0.07997678626707244
CA/total/CNA,2025-04-01,0.06021002084592053,0.06494915991812547
CA/total/CNA,2025-05-01,0.059563065309511255,0.06851900968112673
CA/total/CNA,2025-06-01,0.058957241486674875,0.07577832445878116
CA/total/CNA,2025-07-01,0.058389934332379344,0.07139711989666864
CA/total/CNA,2025-08-01,0.05785869505920566,0.07159824177622251
CA/total/CNA,2025-09-01,0.057361230567130744,0.07205501896954292
CA/total/LPN,2025-04-01,0.059276938667175684,0.06488204038865909
CA/total/LPN,2025-05-01,0.05870699543406617,0.06447963867537772
CA/total/LPN,2025-06-01,0.05817741919216522,0.07173926449647841
CA/total/LPN,2025-07-01,0.05768514065274249,0.06610896416132897
CA/total/LPN,2025-08-01,0.0572273238992618,0.0693784927092055
CA/total/LPN,2025-09-01,0.05680134864301563,0.06952634880707304
CA/total/RN,2025-04-01,0.06292595942163569,0.06056232351121138
CA/total/RN,2025-05-01,0.06264497790507753,0.06034825523149693
CA/total/RN,2025-06-01,0.062388111414592176,0.07478961877169721
CA/total/RN,2025-07-01,0.062153290296311954,0.06096118448757009
CA/total/RN,2025-08-01,0.06193862252284647,0.06314684290790644
CA/total/RN,2025-09-01,0.06174237844862472,0.08095762189039898
CO/total/CNA,2025-04-01,0.07657434678352859,0.0872935326303261
CO/total/CNA,2025-05-01,0.07657434678352859,0.08408518441482828
CO/total/CNA,2025-06-01,0.07657434678352859,0.09416882387198429
CO/total/CNA,2025-07-01,0.07657434678352859,0.09553264532826704
CO/total/CNA,2025-08-01,0.07657434678352859,0.10260835772076257
CO/total/CNA,2025-09-01,0.07657434678352859,0.11723233574101448
CO/total/LPN,2025-04-01,0.07171491978818557,0.07562251066457391
CO/total/LPN,2025-05-01,0.07171491978818557,0.07306325687400692
CO/total/LPN,2025-06-01,0.07171491978818557,0.08909528342269989
CO/total/LPN,2025-07-01,0.07171491978818557,0.08292997535896839
CO/total/LPN,2025-08-01,0.07171491978818557,0.09076310388483243
CO/total/LPN,2025-09-01,0.07171491978818557,0.11374431464736302
CO/total/RN,2025-04-01,0.0804806318809211,0.05497561295832876
CO/total/RN,2025-05-01,0.0805418215399032,0.0679228094574555
CO/total/RN,2025-06-01,0.08060301119888531,0.07332428238537123
CO/total/RN,2025-07-01,0.08066420085786741,0.07225171804015924
CO/total/RN,2025-08-01,0.08072539051684952,0.0844115678396109
CO/total/RN,2025-09-01,0.08078658017583162,0.11104330080457409
CT/total/CNA,2025-04-01,0.06177451555861539,0.055465991794936276
CT/total/CNA,2025-05-01,0.06177451555861539,0.05876341293894247
CT/total/CNA,2025-06-01,0.06177451555861539,0.09728470789616898
CT/total/CNA,2025-07-01,0.06177451555861539,0.05790780820081402
CT/total/CNA,2025-08-01,0.06177451555861539,0.06263095310726406
CT/total/CNA,2025-09-01,0.06177451555861539,0.07528454743949006
CT/total/LPN,2025-04-01,0.068287696102164,0.059002203227346055
CT/total/LPN,2025-05-01,0.06880780658421447,0.060313563405364784
CT/total/LPN,2025-06-01,0.06932791706626493,0.09695491211738246
CT/total/LPN,2025-07-01,0.06984802754831539,0.051526221756333875
CT/total/LPN,2025-08-01,0.07036813803036583,0.05695847071838004
CT/total/LPN,2025-09-01,0.0708882485124163,0.07937613575506068
CT/total/RN,2025-04-01,0.060176510141167684,0.059957931789592404
CT/total/RN,2025-05-01,0.060176510141167684,0.05475924131588121
CT/total/RN,2025-06-01,0.060176510141167684,0.08299806820024767
CT/total/RN,2025-07-01,0.060176510141167684,0.052730306457854426
CT/total/RN,2025-08-01,0.060176510141167684,0.05482161245573768
CT/total/RN,2025-09-01,0.060176510141167684,0.08572844110557142
DC/total/CNA,2025-04-01,0.05267839042451143,0.038157618016284096
DC/total/CNA,2025-05-01,0.052917854821667915,0.039724149183808476
DC/total/CNA,2025-06-01,0.05315731921882441,0.05152054075785141
DC/total/CNA,2025-07-01,0.053396783615980895,0.046767568911261395
DC/total/CNA,2025-08-01,0.053636248013137384,0.05239505936124238
DC/total/CNA,2025-09-01,0.05387571241029387,0.04960441832027583
DC/total/LPN,2025-04-01,0.03612667072186932,0.019276253547776727
DC/total/LPN,2025-05-01,0.03612667072186932,0.026818531220435197
DC/total/LPN,2025-06-01,0.03612667072186932,0.02587072856512221
DC/total/LPN,2025-07-01,0.03612667072186932,0.012105675603574765
DC/total/LPN,2025-08-01,0.03612667072186932,0.04152185386663864
DC/total/LPN,2025-09-01,0.03612667072186932,0.02926970046782915
DC/total/RN,2025-04-01,0.046253147559702716,0.05320273865701413
DC/total/RN,2025-05-01,0.046253147559702716,0.022695809229963764
DC/total/RN,2025-06-01,0.046253147559702716,0.03837066616750899
DC/total/RN,2025-07-01,0.046253147559702716,0.050273849753023264
DC/total/RN,2025-08-01,0.046253147559702716,0.05480374004306751
DC/total/RN,2025-09-01,0.046253147559702716,0.05039576402926983
DE/total/CNA,2025-04-01,0.07301321281703975,0.06993250895390231
DE/total/CNA,2025-05-01,0.07301321281703975,0.06913485847767371
DE/total/CNA,2025-06-01,0.07301321281703975,0.0708541648794858
DE/total/CNA,2025-07-01,0.07301321281703975,0.06999782278206239
DE/total/CNA,2025-08-01,0.07301321281703975,0.08486619325791164
DE/total/CNA,2025-09-01,0.07301321281703975,0.08362043470385065
DE/total/LPN,2025-04-01,0.06074720956665243,0.04025890696011243
DE/total/LPN,2025-05-01,0.06074720956665243,0.06786964834267793
DE/total/LPN,2025-06-01,0.06074720956665243,0.05023032410872596
DE/total/LPN,2025-07-01,0.06074720956665243,0.050652958807346576
DE/total/LPN,2025-08-01,0.06074720956665243,0.037917485411153605
DE/total/LPN,2025-09-01,0.06074720956665243,0.05771279977514948
DE/total/RN,2025-04-01,0.06253087984141374,0.055130127573885954
DE/total/RN,2025-05-01,0.06253087984141374,0.06972331473848954
DE/total/RN,2025-06-01,0.06253087984141374,0.05250605123763878
DE/total/RN,2025-07-01,0.06253087984141374,0.0600373527522434
DE/total/RN,2025-08-01,0.06253087984141374,0.0521519218352409
DE/total/RN,2025-09-01,0.06253087984141374,0.0751207492449765
FL/total/CNA,2025-04-01,0.08205760168161758,0.07536586093642239
FL/total/CNA,2025-05-01,0.08205760168161758,0.07575447025657216
FL/total/CNA,2025-06-01,0.08205760168161758,0.11120604448686118
FL/total/CNA,2025-07-01,0.08205760168161758,0.07542746098782799
FL/total/CNA,2025-08-01,0.08205760168161758,0.07856681359620865
FL/total/CNA,2025-09-01,0.08205760168161758,0.09199914925238678
FL/total/LPN,2025-04-01,0.06740390317578196,0.07549644787174942
FL/total/LPN,2025-05-01,0.06547208244962224,0.0810485445484213
FL/total/LPN,2025-06-01,0.06354026172346253,0.11346753834450576
FL/total/LPN,2025-07-01,0.06160844099730281,0.07860102894489503
FL/total/LPN,2025-08-01,0.0596766202711431,0.07838942007494559
FL/total/LPN,2025-09-01,0.05774479954498339,0.09460359360860253
FL/total/RN,2025-04-01,0.07985443510718783,0.07603986936358657
FL/total/RN,2025-05-01,0.07985443510718783,0.07702890679425678
FL/total/RN,2025-06-01,0.07985443510718783,0.11501410767868081
FL/total/RN,2025-07-01,0.07985443510718783,0.07823869783266867
FL/total/RN,2025-08-01,0.07985443510718783,0.07554409651640005
FL/total/RN,2025-09-01,0.07985443510718783,0.0905428287826661
GA/total/CNA,2025-04-01,0.09202346922199428,0.0847365013475678
GA/total/CNA,2025-05-01,0.0920927169886887,0.09173106211158323
GA/total/CNA,2025-06-01,0.09216167261994355,0.10860137580207735
GA/total/CNA,2025-07-01,0.09223039454284675,0.10743831485308494
GA/total/CNA,2025-08-01,0.0922989294990686,0.09519879623857717
GA/total/CNA,2025-09-01,0.09236731488194538,0.10968421611445674
GA/total/LPN,2025-04-01,0.08760045750343752,0.07493931822445926
GA/total/LPN,2025-05-01,0.0881935565543804,0.07536258151336257
GA/total/LPN,2025-06-01,0.08909879251878318,0.09042319169073156
GA/total/LPN,2025-07-01,0.09042838037980876,0.08794122798235197
GA/total/LPN,2025-08-01,0.090876405896295,0.07967875457459438
GA/total/LPN,2025-09-01,0.09784059942940752,0.08917565634078432
GA/total/RN,2025-04-01,0.07803304231032128,0.07303451612979367
GA/total/RN,2025-05-01,0.07908414660172756,0.06848175749234793
GA/total/RN,2025-06-01,0.08109566309825116,0.07841601072171427
GA/total/RN,2025-07-01,0.08069414282983718,0.07762857136414708
GA/total/RN,2025-08-01,0.08016226342798567,0.07609067262044089
GA/total/RN,2025-09-01,0.09197655601442631,0.10249344533051957
HI/total/CNA,2025-04-01,0.030370697931660275,0.04870253298487512
HI/total/CNA,2025-05-01,0.029082494215958234,0.023199649230445398
HI/total/CNA,2025-06-01,0.028103507951547993,0.05172161182674735
HI/total/CNA,2025-07-01,0.028953236394326457,0.037607997993556935
HI/total/CNA,2025-08-01,0.028632389274508913,0.036876014313340214
HI/total/CNA,2025-09-01,0.03126028395169909,0.06765778466592202
HI/total/LPN,2025-04-01,0.052939082536549456,0.05294493391276867
HI/total/LPN,2025-05-01,0.052939082536549456,0.03807454155751369
HI/total/LPN,2025-06-01,0.052939082536549456,0.07809132044426162
HI/total/LPN,2025-07-01,0.052939082536549456,0.04371099872829976
HI/total/LPN,2025-08-01,0.052939082536549456,0.05224539490813679
HI/total/LPN,2025-09-01,0.052939082536549456,0.11440884045926063
HI/total/RN,2025-04-01,0.04489402672675806,0.03662199932964105
HI/total/RN,2025-05-01,0.045436128062330404,0.028205139144794195
HI/total/RN,2025-06-01,0.045978229397902755,0.03293164758188766
HI/total/RN,2025-07-01,0.04652033073347509,0.031120498412002106
HI/total/RN,2025-08-01,0.04706243206904742,0.03760850069849849
HI/total/RN,2025-09-01,0.047604533404619766,0.06962781971290195
IA/total/CNA,2025-04-01,0.06982880512075283,0.07393537591182336
IA/total/CNA,2025-05-01,0.06982880512075283,0.07632438221542791
IA/total/CNA,2025-06-01,0.06982880512075283,0.08119166958530277
IA/total/CNA,2025-07-01,0.06982880512075283,0.07494301381646869
IA/total/CNA,2025-08-01,0.06982880512075283,0.07889718836350425
IA/total/CNA,2025-09-01,0.06982880512075283,0.09410820876912968
IA/total/LPN,2025-04-01,0.06201232637420732,0.04955772044996769
IA/total/LPN,2025-05-01,0.06201232637420732,0.05380101523170974
IA/total/LPN,2025-06-01,0.06201232637420732,0.08493831461136668
IA/total/LPN,2025-07-01,0.06201232637420732,0.07384380340309749
IA/total/LPN,2025-08-01,0.06201232637420732,0.058960049117320563
IA/total/LPN,2025-09-01,0.06201232637420732,0.08011553906441626
IA/total/RN,2025-04-01,0.062489296018200156,0.05908164794256074
IA/total/RN,2025-05-01,0.062489296018200156,0.06889487824987493
IA/total/RN,2025-06-01,0.062489296018200156,0.06577274509428059
IA/total/RN,2025-07-01,0.062489296018200156,0.06141567252573728
IA/total/RN,2025-08-01,0.062489296018200156,0.06647751508312001
IA/total/RN,2025-09-01,0.062489296018200156,0.0891262466352619
ID/total/CNA,2025-04-01,0.08737285494143801,0.07343768866056194
ID/total/CNA,2025-05-01,0.08697622456089206,0.08008402161682039
ID/total/CNA,2025-06-01,0.08657959418034612,0.06970946293565408
ID/total/CNA,2025-07-01,0.08618296379980019,0.08522633923167428
ID/total/CNA,2025-08-01,0.08578633341925423,0.09366839825049615
ID/total/CNA,2025-09-01,0.0853897030387083,0.07768509454003214
ID/total/LPN,2025-04-01,0.0590443184192921,0.05195974756950366
ID/total/LPN,2025-05-01,0.0590443184192921,0.05663652308603448
ID/total/LPN,2025-06-01,0.0590443184192921,0.05759713869568474
ID/total/LPN,2025-07-01,0.0590443184192921,0.05176789987421217
ID/total/LPN,2025-08-01,0.0590443184192921,0.07310766450674708
ID/total/LPN,2025-09-01,0.0590443184192921,0.06408077667550782
ID/total/RN,2025-04-01,0.06358047051145022,0.07367297158174696
ID/total/RN,2025-05-01,0.06358047051145022,0.07224504120671722
ID/total/RN,2025-06-01,0.06358047051145022,0.06431226023017902
ID/total/RN,2025-07-01,0.06358047051145022,0.06567964088148458
ID/total/RN,2025-08-01,0.06358047051145022,0.08085403278958642
ID/total/RN,2025-09-01,0.06358047051145022,0.055997995783582444
IL/total/CNA,2025-04-01,0.08779960339133494,0.08111930490767916
IL/total/CNA,2025-05-01,0.08779960339133494,0.08425813313431128
IL/total/CNA,2025-06-01,0.08779960339133494,0.11734837133229324
IL/total/CNA,2025-07-01,0.08779960339133494,0.08588578184549522
IL/total/CNA,2025-08-01,0.08779960339133494,0.09404060099499938
IL/total/CNA,2025-09-01,0.08779960339133494,0.09504044540717363
IL/total/LPN,2025-04-01,0.07573072817986183,0.06955029393389761
IL/total/LPN,2025-05-01,0.07562203168321156,0.06597181150901832
IL/total/LPN,2025-06-01,0.0755133351865613,0.11410523747025082
IL/total/LPN,2025-07-01,0.07540463868991104,0.07630565131056415
IL/total/LPN,2025-08-01,0.07529594219326076,0.07642963086189034
IL/total/LPN,2025-09-01,0.0751872456966105,0.0814257535295332
IL/total/RN,2025-04-01,0.07151334128007365,0.06102302645451051
IL/total/RN,2025-05-01,0.07138415897324683,0.061866054183824064
IL/total/RN,2025-06-01,0.07125497666641999,0.11548855441134682
IL/total/RN,2025-07-01,0.07112579435959315,0.05687082906059126
IL/total/RN,2025-08-01,0.0709966120527663,0.06489312686445144
IL/total/RN,2025-09-01,0.07086742974593947,0.06972585354423445
IN/total/CNA,2025-04-01,0.08511447315943116,0.08503244999104168
IN/total/CNA,2025-05-01,0.08511447315943116,0.09638681096076286
IN/total/CNA,2025-06-01,0.08511447315943116,0.09573113885104749
IN/total/CNA,2025-07-01,0.08511447315943116,0.08620179743059495
IN/total/CNA,2025-08-01,0.08511447315943116,0.09101624364745597
IN/total/CNA,2025-09-01,0.08511447315943116,0.08488973003158937
IN/total/LPN,2025-04-01,0.06636938987179265,0.06358282643041212
IN/total/LPN,2025-05-01,0.06636938987179265,0.06582006653678964
IN/total/LPN,2025-06-01,0.06636938987179265,0.07779332767031144
IN/total/LPN,2025-07-01,0.06636938987179265,0.0636250533574869
IN/total/LPN,2025-08-01,0.06636938987179265,0.06692125133878371
IN/total/LPN,2025-09-01,0.06636938987179265,0.06711131995218905
IN/total/RN,2025-04-01,0.06830326777032131,0.06289301178971768
IN/total/RN,2025-05-01,0.06830326777032131,0.06204881037884537
IN/total/RN,2025-06-01,0.06830326777032131,0.07650171399997588
IN/total/RN,2025-07-01,0.06830326777032131,0.06190192216417239
IN/total/RN,2025-08-01,0.06830326777032131,0.061131562271367915
IN/total/RN,2025-09-01,0.06830326777032131,0.06767902713381346
KS/total/CNA,2025-04-01,0.08900335004058645,0.10325099613049014
KS/total/CNA,2025-05-01,0.08870584869057753,0.10773072476269877
KS/total/CNA,2025-06-01,0.08840834734056863,0.10371106289565706
KS/total/CNA,2025-07-01,0.08811084599055971,0.10091799950714252
KS/total/CNA,2025-08-01,0.0878133446405508,0.10580007417445635
KS/total/CNA,2025-09-01,0.08751584329054188,0.10082186809422146
KS/total/LPN,2025-04-01,0.07528363272424546,0.07455873877947675
KS/total/LPN,2025-05-01,0.07528363272424546,0.08320899741636956
KS/total/LPN,2025-06-01,0.07528363272424546,0.08154507756628902
KS/total/LPN,2025-07-01,0.07528363272424546,0.08441271385049588
KS/total/LPN,2025-08-01,0.07528363272424546,0.08083599199743313
KS/total/LPN,2025-09-01,0.07528363272424546,0.09202682116547792
KS/total/RN,2025-04-01,0.06718121209492467,0.07346672008095138
KS/total/RN,2025-05-01,0.06718121209492467,0.0755937390863875
KS/total/RN,2025-06-01,0.06718121209492467,0.06871276510693439
KS/total/RN,2025-07-01,0.06718121209492467,0.07210563177796128
KS/total/RN,2025-08-01,0.06718121209492467,0.06397794981061974
KS/total/RN,2025-09-01,0.06718121209492467,0.06850790677639408
KY/total/CNA,2025-04-01,0.08478433936675797,0.09887109942154004
KY/total/CNA,2025-05-01,0.08370467416025318,0.09558724693717256
KY/total/CNA,2025-06-01,0.08262500895374836,0.08929482537416336
KY/total/CNA,2025-07-01,0.08154534374724355,0.10896765703388007
KY/total/CNA,2025-08-01,0.08046567854073874,0.09869396647883813
KY/total/CNA,2025-09-01,0.07938601333423394,0.10146247583463881
KY/total/LPN,2025-04-01,0.066217568059488,0.07883125804031436
KY/total/LPN,2025-05-01,0.066217568059488,0.0861179816682226
KY/total/LPN,2025-06-01,0.066217568059488,0.0680696536978971
KY/total/LPN,2025-07-01,0.066217568059488,0.08768731910878953
KY/total/LPN,2025-08-01,0.066217568059488,0.06310523885793469
KY/total/LPN,2025-09-01,0.066217568059488,0.09002072650183428
KY/total/RN,2025-04-01,0.0758251508586494,0.06982652408187527
KY/total/RN,2025-05-01,0.0758251508586494,0.06387231457487257
KY/total/RN,2025-06-01,0.0758251508586494,0.06641335953043367
KY/total/RN,2025-07-01,0.0758251508586494,0.08053985902860207
KY/total/RN,2025-08-01,0.0758251508586494,0.06841790998738136
KY/total/RN,2025-09-01,0.0758251508586494,0.08260888320117701
LA/total/CNA,2025-04-01,0.08618780614254284,0.08288485560768288
LA/total/CNA,2025-05-01,0.08620318143752598,0.09023099514641877
LA/total/CNA,2025-06-01,0.08621548167351246,0.09206591572620007
LA/total/CNA,2025-07-01,0.08622532186230167,0.0860162187130104
LA/total/CNA,2025-08-01,0.08623319401333301,0.0878172014120349
LA/total/CNA,2025-09-01,0.08623949173415811,0.08929323010023422
LA/total/LPN,2025-04-01,0.06223169044573312,0.04795625409915127
LA/total/LPN,2025-05-01,0.062254445647716074,0.05872509847414437
LA/total/LPN,2025-06-01,0.06227264980930243,0.07268782547947376
LA/total/LPN,2025-07-01,0.062287213138571516,0.06113314356172989
LA/total/LPN,2025-08-01,0.06229886380198678,0.06945175319578832
LA/total/LPN,2025-09-01,0.062308184332718994,0.06381194679040575
LA/total/RN,2025-04-01,0.05950587780863508,0.06474121180003534
LA/total/RN,2025-05-01,0.05883440334488394,0.06696542822310075
LA/total/RN,2025-06-01,0.05816292888113279,0.07305903506711404
LA/total/RN,2025-07-01,0.05749145441738165,0.06337143849160914
LA/total/RN,2025-08-01,0.0568199799536305,0.065068945667004
LA/total/RN,2025-09-01,0.05614850548987936,0.07588226058204722
MA/total/CNA,2025-04-01,0.059549968898448484,0.0643845952652379
MA/total/CNA,2025-05-01,0.059549968898448484,0.05184589692796885
MA/total/CNA,2025-06-01,0.059549968898448484,0.09074032737560749
MA/total/CNA,2025-07-01,0.059549968898448484,0.0534936572389898
MA/total/CNA,2025-08-01,0.059549968898448484,0.05742738686382819
MA/total/CNA,2025-09-01,0.059549968898448484,0.0730803187599504
MA/total/LPN,2025-04-01,0.060533989173645504,0.06282241569976411
MA/total/LPN,2025-05-01,0.05768752062512972,0.05150132631168253
MA/total/LPN,2025-06-01,0.085785806552565,0.09274672181181509
MA/total/LPN,2025-07-01,0.05696388324683546,0.0523927207217613
MA/total/LPN,2025-08-01,0.059224176825690124,0.055862014114980076
MA/total/LPN,2025-09-01,0.06367957214168188,0.07630034154501524
MA/total/RN,2025-04-01,0.06992784362646146,0.06918904355500122
MA/total/RN,2025-05-01,0.06992784362646146,0.05810879736828895
MA/total/RN,2025-06-01,0.06992784362646146,0.08501608362956316
MA/total/RN,2025-07-01,0.06992784362646146,0.0653937274947161
MA/total/RN,2025-08-01,0.06992784362646146,0.06536532640799537
MA/total/RN,2025-09-01,0.06992784362646146,0.08697761031531437
MD/total/CNA,2025-04-01,0.06549668330251877,0.06055688352342039
MD/total/CNA,2025-05-01,0.0654835086713103,0.056848787672766826
MD/total/CNA,2025-06-01,0.06547296896634351,0.06754396685072034
MD/total/CNA,2025-07-01,0.0654645372023701,0.05979084793113479
MD/total/CNA,2025-08-01,0.06545779179119136,0.07069712669084828
MD/total/CNA,2025-09-01,0.06545239546224836,0.07991318885416047
MD/total/LPN,2025-04-01,0.05149593010772843,0.04333136634650179
MD/total/LPN,2025-05-01,0.05147840122766434,0.05246955154810388
MD/total/LPN,2025-06-01,0.05146437812361306,0.059420493208480925
MD/total/LPN,2025-07-01,0.05145315964037205,0.04601172780759381
MD/total/LPN,2025-08-01,0.05144418485377924,0.053047058960633844
MD/total/LPN,2025-09-01,0.05143700502450498,0.06032972069426
MD/total/RN,2025-04-01,0.06467984996787826,0.04698952477939029
MD/total/RN,2025-05-01,0.06591471572329109,0.06153501155147789
MD/total/RN,2025-06-01,0.06712130483046459,0.06658065833520356
MD/total/RN,2025-07-01,0.06641411199212725,0.05453807993536785
MD/total/RN,2025-08-01,0.06645081326229683,0.06739913336372706
MD/total/RN,2025-09-01,0.07146145068416222,0.07640060966393146
ME/total/CNA,2025-04-01,0.06821912989641589,0.05161176857587267
ME/total/CNA,2025-05-01,0.06821912989641589,0.07525912156275855
ME/total/CNA,2025-06-01,0.06821912989641589,0.06342016325816455
ME/total/CNA,2025-07-01,0.06821912989641589,0.06511164200867194
ME/total/CNA,2025-08-01,0.06821912989641589,0.0707018750779165
ME/total/CNA,2025-09-01,0.06821912989641589,0.07428109528419745
ME/total/LPN,2025-04-01,0.07111582321240079,0.07042524163640207
ME/total/LPN,2025-05-01,0.07111582321240079,0.07485635228581937
ME/total/LPN,2025-06-01,0.07111582321240079,0.057691539904978634
ME/total/LPN,2025-07-01,0.07111582321240079,0.05315556050399896
ME/total/LPN,2025-08-01,0.07111582321240079,0.0741901776384535
ME/total/LPN,2025-09-01,0.07111582321240079,0.06496111002446169
ME/total/RN,2025-04-01,0.05304562902858138,0.03873079140454101
ME/total/RN,2025-05-01,0.05304562902858138,0.04513557951999157
ME/total/RN,2025-06-01,0.05304562902858138,0.05302082988870193
ME/total/RN,2025-07-01,0.05304562902858138,0.04657725420494693
ME/total/RN,2025-08-01,0.05304562902858138,0.0537717260327497
ME/total/RN,2025-09-01,0.05304562902858138,0.052051237322196096
MI/total/CNA,2025-04-01,0.0875953042343005,0.0854689255450631
MI/total/CNA,2025-05-01,0.0875953042343005,0.08451397936096973
MI/total/CNA,2025-06-01,0.0875953042343005,0.08436309507429733
MI/total/CNA,2025-07-01,0.0875953042343005,0.08280952630567981
MI/total/CNA,2025-08-01,0.0875953042343005,0.09295484121990366
MI/total/CNA,2025-09-01,0.0875953042343005,0.11355051516163506
MI/total/LPN,2025-04-01,0.0779237755809327,0.06483864522464766
MI/total/LPN,2025-05-01,0.0779237755809327,0.0785436363507727
MI/total/LPN,2025-06-01,0.0779237755809327,0.07881534685120259
MI/total/LPN,2025-07-01,0.0779237755809327,0.06836273734234823
MI/total/LPN,2025-08-01,0.0779237755809327,0.08117529353871411
MI/total/LPN,2025-09-01,0.0779237755809327,0.1101301639027872
MI/total/RN,2025-04-01,0.0674210768835402,0.06249651309634665
MI/total/RN,2025-05-01,0.0674210768835402,0.0642425550651619
MI/total/RN,2025-06-01,0.0674210768835402,0.07355165495546027
MI/total/RN,2025-07-01,0.0674210768835402,0.0608870833880967
MI/total/RN,2025-08-01,0.0674210768835402,0.061353326472336975
MI/total/RN,2025-09-01,0.0674210768835402,0.1062030421457196
MN/total/CNA,2025-04-01,0.0584070746101531,0.0580984357635971
MN/total/CNA,2025-05-01,0.05816023178064917,0.06659538140674168
MN/total/CNA,2025-06-01,0.05791338895114524,0.06619399961250262
MN/total/CNA,2025-07-01,0.057666546121641314,0.06326854692914786
MN/total/CNA,2025-08-01,0.0574197032921374,0.07155176064163504
MN/total/CNA,2025-09-01,0.05717286046263347,0.06782809479899228
MN/total/LPN,2025-04-01,0.04642800542957443,0.043691159547541256
MN/total/LPN,2025-05-01,0.04642800542957443,0.05476335526546067
MN/total/LPN,2025-06-01,0.04642800542957443,0.07212843943508356
MN/total/LPN,2025-07-01,0.04642800542957443,0.050182626231882244
MN/total/LPN,2025-08-01,0.04642800542957443,0.04006097083592394
MN/total/LPN,2025-09-01,0.04642800542957443,0.046748531599158885
MN/total/RN,2025-04-01,0.04651231073417626,0.04959375431454906
MN/total/RN,2025-05-01,0.04614529156007866,0.04371818763946101
MN/total/RN,2025-06-01,0.04577827238598105,0.0519849336385088
MN/total/RN,2025-07-01,0.04541125321188345,0.03886547036927391
MN/total/RN,2025-08-01,0.04504423403778584,0.0477522656791002
MN/total/RN,2025-09-01,0.04467721486368823,0.055847285871045725
MO/total/CNA,2025-04-01,0.1252732899846353,0.11291345623486179
MO/total/CNA,2025-05-01,0.1252732899846353,0.12710363969439084
MO/total/CNA,2025-06-01,0.1252732899846353,0.1291530083749406
MO/total/CNA,2025-07-01,0.1252732899846353,0.12555697615017505
MO/total/CNA,2025-08-01,0.1252732899846353,0.12705628354701837
MO/total/CNA,2025-09-01,0.1252732899846353,0.13399573631572978
MO/total/LPN,2025-04-01,0.09317982332098099,0.07261035050470976
MO/total/LPN,2025-05-01,0.09317982332098099,0.09642310663689534
MO/total/LPN,2025-06-01,0.09317982332098099,0.10433178777404788
MO/total/LPN,2025-07-01,0.09317982332098099,0.08788362339020662
MO/total/LPN,2025-08-01,0.09317982332098099,0.08883738843957087
MO/total/LPN,2025-09-01,0.09317982332098099,0.0961131222355007
MO/total/RN,2025-04-01,0.09123421158272767,0.07222621817661623
MO/total/RN,2025-05-01,0.09128308584379884,0.0829248131454193
MO/total/RN,2025-06-01,0.09133196010487,0.09163822237853282
MO/total/RN,2025-07-01,0.09138083436594117,0.07561863970682643
MO/total/RN,2025-08-01,0.09142970862701234,0.0817959284212586
MO/total/RN,2025-09-01,0.09147858288808351,0.10368584461233954
MS/total/CNA,2025-04-01,0.0871492293101579,0.0771860495114183
MS/total/CNA,2025-05-01,0.0871492293101579,0.0876402757257241
MS/total/CNA,2025-06-01,0.0871492293101579,0.08024888368716995
MS/total/CNA,2025-07-01,0.0871492293101579,0.08887072757170673
MS/total/CNA,2025-08-01,0.0871492293101579,0.0868550881390122
MS/total/CNA,2025-09-01,0.0871492293101579,0.10175347589394176
MS/total/LPN,2025-04-01,0.06623527529138772,0.05066950817987583
MS/total/LPN,2025-05-01,0.06642324626917792,0.06828689010727848
MS/total/LPN,2025-06-01,0.06661121724696813,0.05971073179738838
MS/total/LPN,2025-07-01,0.06679918822475833,0.061481955512211535
MS/total/LPN,2025-08-01,0.06698715920254854,0.061357061533361984
MS/total/LPN,2025-09-01,0.06717513018033876,0.07973486550607331
MS/total/RN,2025-04-01,0.06440841530431396,0.057283799084237114
MS/total/RN,2025-05-01,0.06440841530431396,0.06297473247684193
MS/total/RN,2025-06-01,0.06440841530431396,0.06640261472104537
MS/total/RN,2025-07-01,0.06440841530431396,0.05688722907121634
MS/total/RN,2025-08-01,0.06440841530431396,0.07431291613316261
MS/total/RN,2025-09-01,0.06440841530431396,0.07213916078858883
MT/total/CNA,2025-04-01,0.112670022665725,0.08764474284341062
MT/total/CNA,2025-05-01,0.112670022665725,0.09451644781864367
MT/total/CNA,2025-06-01,0.112670022665725,0.10983318408237527
MT/total/CNA,2025-07-01,0.112670022665725,0.10073314570063656
MT/total/CNA,2025-08-01,0.112670022665725,0.09869103459333396
MT/total/CNA,2025-09-01,0.112670022665725,0.08476918794028396
MT/total/LPN,2025-04-01,0.04899695999333595,0.04585809663476381
MT/total/LPN,2025-05-01,0.047246524252233864,0.049298857122626785
MT/total/LPN,2025-06-01,0.04549608851113178,0.08603278491050904
MT/total/LPN,2025-07-01,0.0437456527700297,0.07987560370797954
MT/total/LPN,2025-08-01,0.04199521702892762,0.05467477127459583
MT/total/LPN,2025-09-01,0.040244781287825535,0.06166676344210894
MT/total/RN,2025-04-01,0.07789427142512614,0.04758040520680318
MT/total/RN,2025-05-01,0.08272630514087762,0.053100212541822525
MT/total/RN,2025-06-01,0.0875573539121558,0.05703448423834513
MT/total/RN,2025-07-01,0.09238761472785538,0.05748677605016384
MT/total/RN,2025-08-01,0.09721724517909204,0.05582608859988829
MT/total/RN,2025-09-01,0.10204637133875841,0.07042073664368921
NC/total/CNA,2025-04-01,0.09017961656612106,0.08381109253981806
NC/total/CNA,2025-05-01,0.08997555320453303,0.10083270766590338
NC/total/CNA,2025-06-01,0.08995100503336045,0.09342234169425594
NC/total/CNA,2025-07-01,0.09014515978671264,0.08640040335359786
NC/total/CNA,2025-08-01,0.09026213390928167,0.09745132830504386
NC/total/CNA,2025-09-01,0.09049530913406942,0.09930764909663325
NC/total/LPN,2025-04-01,0.0786146935889659,0.07090371844516398
NC/total/LPN,2025-05-01,0.0786146935889659,0.09247425034905978
NC/total/LPN,2025-06-01,0.0786146935889659,0.09256430040786696
NC/total/LPN,2025-07-01,0.0786146935889659,0.08154930877164954
NC/total/LPN,2025-08-01,0.0786146935889659,0.08072009474846358
NC/total/LPN,2025-09-01,0.0786146935889659,0.09041812273403055
NC/total/RN,2025-04-01,0.09068751076243346,0.07877897679298612
NC/total/RN,2025-05-01,0.09122223617335803,0.09183601013186059
NC/total/RN,2025-06-01,0.0917569615842826,0.08915833387335648
NC/total/RN,2025-07-01,0.09229168699520716,0.07911343005758452
NC/total/RN,2025-08-01,0.09282641240613172,0.08441963594808964
NC/total/RN,2025-09-01,0.0933611378170563,0.09057108012967069
ND/total/CNA,2025-04-01,0.061199918272583656,0.057270365078207534
ND/total/CNA,2025-05-01,0.061199918272583656,0.06957598431200174
ND/total/CNA,2025-06-01,0.061199918272583656,0.06103646723951208
ND/total/CNA,2025-07-01,0.061199918272583656,0.06448903764568077
ND/total/CNA,2025-08-01,0.061199918272583656,0.07853821315594936
ND/total/CNA,2025-09-01,0.061199918272583656,0.06219501375210718
ND/total/LPN,2025-04-01,0.049671363786235545,0.04602510460251046
ND/total/LPN,2025-05-01,0.049671363786235545,0.07322175732217573
ND/total/LPN,2025-06-01,0.049671363786235545,0.07017543859649122
ND/total/LPN,2025-07-01,0.049671363786235545,0.04703476482617587
ND/total/LPN,2025-08-01,0.049671363786235545,0.04397705544933078
ND/total/LPN,2025-09-01,0.049671363786235545,0.0419047619047619
ND/total/RN,2025-04-01,0.04140621483229667,0.032076306151592765
ND/total/RN,2025-05-01,0.04140621483229667,0.048014685736204724
ND/total/RN,2025-06-01,0.04140621483229667,0.0357549512446248
ND/total/RN,2025-07-01,0.04140621483229667,0.05888465094448984
ND/total/RN,2025-08-01,0.04140621483229667,0.05888923677120047
ND/total/RN,2025-09-01,0.04140621483229667,0.03631646037201781
NE/total/CNA,2025-04-01,0.07792801118495106,0.07633363326055352
NE/total/CNA,2025-05-01,0.07792801118495106,0.0788470581151938
NE/total/CNA,2025-06-01,0.07792801118495106,0.08349358976310381
NE/total/CNA,2025-07-01,0.07792801118495106,0.07731303664609918
NE/total/CNA,2025-08-01,0.07792801118495106,0.08080651711849328
NE/total/CNA,2025-09-01,0.07792801118495106,0.09526973921937805
NE/total/LPN,2025-04-01,0.05819039436294871,0.06991674498292338
NE/total/LPN,2025-05-01,0.05819039436294871,0.06160433903074779
NE/total/LPN,2025-06-01,0.05819039436294871,0.06537918213487652
NE/total/LPN,2025-07-01,0.05819039436294871,0.053921480563558735
NE/total/LPN,2025-08-01,0.05819039436294871,0.04970005853537343
NE/total/LPN,2025-09-01,0.05819039436294871,0.07538790740719717
NE/total/RN,2025-04-01,0.07128628194597462,0.05894176188851545
NE/total/RN,2025-05-01,0.07128628194597462,0.049886095617215416
NE/total/RN,2025-06-01,0.07128628194597462,0.05694079835381878
NE/total/RN,2025-07-01,0.07128628194597462,0.05053830142596471
NE/total/RN,2025-08-01,0.07128628194597462,0.05096624116091777
NE/total/RN,2025-09-01,0.07128628194597462,0.08511827431904717
NH/total/CNA,2025-04-01,0.07235389731792143,0.060857845494470576
NH/total/CNA,2025-05-01,0.07277017087774994,0.06962189452050872
NH/total/CNA,2025-06-01,0.07318644443757846,0.06296647762228721
NH/total/CNA,2025-07-01,0.07360271799740697,0.05227090947768246
NH/total/CNA,2025-08-01,0.0740189915572355,0.0706246774461443
NH/total/CNA,2025-09-01,0.07443526511706403,0.08268474424247656
NH/total/LPN,2025-04-01,0.05794214715955164,0.04296207508668314
NH/total/LPN,2025-05-01,0.05794214715955164,0.062405142255555324
NH/total/LPN,2025-06-01,0.05794214715955164,0.060127657769087496
NH/total/LPN,2025-07-01,0.05794214715955164,0.061544266983292864
NH/total/LPN,2025-08-01,0.05794214715955164,0.053884980762497724
NH/total/LPN,2025-09-01,0.05794214715955164,0.07121881346883444
NH/total/RN,2025-04-01,0.059790165166374726,0.04028218447182743
NH/total/RN,2025-05-01,0.059790165166374726,0.06507273872650654
NH/total/RN,2025-06-01,0.059790165166374726,0.0600431552793374
NH/total/RN,2025-07-01,0.059790165166374726,0.05168535217540824
NH/total/RN,2025-08-01,0.059790165166374726,0.07862850348679613
NH/total/RN,2025-09-01,0.059790165166374726,0.08081960038887655
NJ/total/CNA,2025-04-01,0.04839552828963395,0.04948966829636548
NJ/total/CNA,2025-05-01,0.047302764497159054,0.0459829941029289
NJ/total/CNA,2025-06-01,0.053739338557942405,0.053442796695544484
NJ/total/CNA,2025-07-01,0.04693660448463191,0.047509052975041335
NJ/total/CNA,2025-08-01,0.0516679801074193,0.052344691557738576
NJ/total/CNA,2025-09-01,0.06378727460887215,0.058920419827557344
NJ/total/LPN,2025-04-01,0.05951103093392695,0.05035870562817474
NJ/total/LPN,2025-05-01,0.05967687957406369,0.05348915606389839
NJ/total/LPN,2025-06-01,0.06182254900323422,0.05629392084285241
NJ/total/LPN,2025-07-01,0.060697628774702424,0.05346326526389785
NJ/total/LPN,2025-08-01,0.06224759016849356,0.056748214221966624
NJ/total/LPN,2025-09-01,0.06051004050750427,0.06486966623132917
NJ/total/RN,2025-04-01,0.049320085642577484,0.05158739100656662
NJ/total/RN,2025-05-01,0.05071206370387545,0.051598804146152706
NJ/total/RN,2025-06-01,0.0737049146761113,0.07490719992864701
NJ/total/RN,2025-07-01,0.04575132099800115,0.04675502208676428
NJ/total/RN,2025-08-01,0.047784410367548796,0.04516370281052975
NJ/total/RN,2025-09-01,0.06541666988199936,0.06091334888757459
NM/total/CNA,2025-04-01,0.079816825753195,0.0720416124216611
NM/total/CNA,2025-05-01,0.07994537861115393,0.07237424103697897
NM/total/CNA,2025-06-01,0.08007393146911286,0.08863229686595829
NM/total/CNA,2025-07-01,0.08020248432707178,0.06813389118394989
NM/total/CNA,2025-08-01,0.08033103718503072,0.06635890574015281
NM/total/CNA,2025-09-01,0.08045959004298965,0.07361881084766571
NM/total/LPN,2025-04-01,0.08497420597854546,0.099199510718244
NM/total/LPN,2025-05-01,0.08497420597854546,0.07336887187898669
NM/total/LPN,2025-06-01,0.08497420597854546,0.08340902269891165
NM/total/LPN,2025-07-01,0.08497420597854546,0.08727000661851457
NM/total/LPN,2025-08-01,0.08497420597854546,0.06970882225119514
NM/total/LPN,2025-09-01,0.08497420597854546,0.0935065404568378
NM/total/RN,2025-04-01,0.08731843941818966,0.07999046052352647
NM/total/RN,2025-05-01,0.08731843941818966,0.09654459462339872
NM/total/RN,2025-06-01,0.08731843941818966,0.09861271354775328
NM/total/RN,2025-07-01,0.08731843941818966,0.08269850365691155
NM/total/RN,2025-08-01,0.08731843941818966,0.06748906135224043
NM/total/RN,2025-09-01,0.08731843941818966,0.08937328670006617
NV/total/CNA,2025-04-01,0.0805949918375942,0.0721622593251224
NV/total/CNA,2025-05-01,0.0805502763069658,0.08255289571843592
NV/total/CNA,2025-06-01,0.08051217068239752,0.08631512795616754
NV/total/CNA,2025-07-01,0.0804796978792499,0.09465993250965146
NV/total/CNA,2025-08-01,0.08045202524676551,0.07630937566312065
NV/total/CNA,2025-09-01,0.08042844321767076,0.0964432431949543
NV/total/LPN,2025-04-01,0.07646432806366572,0.06462882096069869
NV/total/LPN,2025-05-01,0.07646432806366572,0.08138528138528138
NV/total/LPN,2025-06-01,0.07646432806366572,0.06589492430988424
NV/total/LPN,2025-07-01,0.07646432806366572,0.07929515418502203
NV/total/LPN,2025-08-01,0.07646432806366572,0.07739130434782608
NV/total/LPN,2025-09-01,0.07646432806366572,0.08348294434470377
NV/total/RN,2025-04-01,0.075551560278577,0.07124511330020712
NV/total/RN,2025-05-01,0.075551560278577,0.07965334487729636
NV/total/RN,2025-06-01,0.075551560278577,0.08380322494866564
NV/total/RN,2025-07-01,0.075551560278577,0.07090041635362362
NV/total/RN,2025-08-01,0.075551560278577,0.08324217927024756
NV/total/RN,2025-09-01,0.075551560278577,0.0767518194309614
NY/total/CNA,2025-04-01,0.05519275048815414,0.04937719135239098
NY/total/CNA,2025-05-01,0.05534928048222622,0.052020583634598105
NY/total/CNA,2025-06-01,0.05550581047629829,0.06010946569449837
NY/total/CNA,2025-07-01,0.055662340470370365,0.05259788284554147
NY/total/CNA,2025-08-01,0.055818870464442435,0.055226221439867586
NY/total/CNA,2025-09-01,0.05597540045851451,0.06222647503821153
NY/total/LPN,2025-04-01,0.05124143851651813,0.047669531565845275
NY/total/LPN,2025-05-01,0.05141533672758646,0.04382827146924317
NY/total/LPN,2025-06-01,0.051589234938654804,0.056963431574707145
NY/total/LPN,2025-07-01,0.05176313314972315,0.05002811714826911
NY/total/LPN,2025-08-01,0.051937031360791495,0.050127399399442316
NY/total/LPN,2025-09-01,0.05211092957185984,0.058990669841975964
NY/total/RN,2025-04-01,0.05347886255149293,0.04693712203313071
NY/total/RN,2025-05-01,0.05347886255149293,0.048554554257679856
NY/total/RN,2025-06-01,0.05347886255149293,0.06782199523622204
NY/total/RN,2025-07-01,0.05347886255149293,0.05345858223369328
NY/total/RN,2025-08-01,0.05347886255149293,0.052468410792191486
NY/total/RN,2025-09-01,0.05347886255149293,0.06313025079013398
OH/total/CNA,2025-04-01,0.10546309397231671,0.10108743607030417
OH/total/CNA,2025-05-01,0.1050194802442311,0.10477853156460408
OH/total/CNA,2025-06-01,0.10457586651614549,0.11907813041487923
OH/total/CNA,2025-07-01,0.10413225278805989,0.10433255023355091
OH/total/CNA,2025-08-01,0.10368863905997429,0.11113227278688542
OH/total/CNA,2025-09-01,0.10324502533188867,0.12190993770330957
OH/total/LPN,2025-04-01,0.09280199313220541,0.07996592580383995
OH/total/LPN,2025-05-01,0.09280199313220541,0.0812251428449904
OH/total/LPN,2025-06-01,0.09280199313220541,0.10356312064676668
OH/total/LPN,2025-07-01,0.09280199313220541,0.08755382849968267
OH/total/LPN,2025-08-01,0.09280199313220541,0.0863540781440184
OH/total/LPN,2025-09-01,0.09280199313220541,0.10030126260470112
OH/total/RN,2025-04-01,0.08847216715013417,0.07591517803528088
OH/total/RN,2025-05-01,0.08286036052343142,0.07760811956524373
OH/total/RN,2025-06-01,0.09572913736734638,0.09409516771156655
OH/total/RN,2025-07-01,0.0846937546652487,0.07982437536044663
OH/total/RN,2025-08-01,0.08683531983499802,0.0874742645794135
OH/total/RN,2025-09-01,0.09976307219179674,0.09796494361463892
OK/total/CNA,2025-04-01,0.12281532141817583,0.10876582786174471
OK/total/CNA,2025-05-01,0.12281532141817583,0.12433914532026484
OK/total/CNA,2025-06-01,0.12281532141817583,0.12531481010264797
OK/total/CNA,2025-07-01,0.12281532141817583,0.1145616099209382
OK/total/CNA,2025-08-01,0.12281532141817583,0.11877500517767965
OK/total/CNA,2025-09-01,0.12281532141817583,0.13302269211446371
OK/total/LPN,2025-04-01,0.09626119391458404,0.0814126007639218
OK/total/LPN,2025-05-01,0.09626119391458404,0.0920983731712845
OK/total/LPN,2025-06-01,0.09626119391458404,0.1061272219064599
OK/total/LPN,2025-07-01,0.09626119391458404,0.08199335154010995
OK/total/LPN,2025-08-01,0.09626119391458404,0.09886772273259023
OK/total/LPN,2025-09-01,0.09626119391458404,0.10350703660484735
OK/total/RN,2025-04-01,0.09211673379937706,0.08204581945762499
OK/total/RN,2025-05-01,0.09211673379937706,0.08627228829527485
OK/total/RN,2025-06-01,0.09211673379937706,0.10639315192141037
OK/total/RN,2025-07-01,0.09211673379937706,0.08139486559959092
OK/total/RN,2025-08-01,0.09211673379937706,0.07894234147741992
OK/total/RN,2025-09-01,0.09211673379937706,0.10159133414250872
OR/total/CNA,2025-04-01,0.07903870669564106,0.07404605180955393
OR/total/CNA,2025-05-01,0.0791189737101936,0.09398066934208579
OR/total/CNA,2025-06-01,0.07919924072474614,0.09520403158034882
OR/total/CNA,2025-07-01,0.07927950773929869,0.08014615228168973
OR/total/CNA,2025-08-01,0.07935977475385124,0.11031498365046599
OR/total/CNA,2025-09-01,0.07944004176840379,0.06837302661018413
OR/total/LPN,2025-04-01,0.08898482276687535,0.07470072053927654
OR/total/LPN,2025-05-01,0.08898482276687535,0.111462855840462
OR/total/LPN,2025-06-01,0.08898482276687535,0.11594914329425808
OR/total/LPN,2025-07-01,0.08898482276687535,0.09221798487833054
OR/total/LPN,2025-08-01,0.08898482276687535,0.1195391054108356
OR/total/LPN,2025-09-01,0.08898482276687535,0.07527109968452547
OR/total/RN,2025-04-01,0.09422582058647443,0.07401217274225556
OR/total/RN,2025-05-01,0.09438567387491964,0.11395360907742406
OR/total/RN,2025-06-01,0.09454552716336484,0.11436273626097646
OR/total/RN,2025-07-01,0.09470538045181004,0.08040585129595337
OR/total/RN,2025-08-01,0.09486523374025524,0.1189284640054287
OR/total/RN,2025-09-01,0.09502508702870044,0.10783097487011933
PA/total/CNA,2025-04-01,0.07562445838621794,0.06761331189766547
PA/total/CNA,2025-05-01,0.07567799507641855,0.07227939713367651
PA/total/CNA,2025-06-01,0.07573153176661916,0.08257398565084013
PA/total/CNA,2025-07-01,0.07578506845681976,0.07169112869995235
PA/total/CNA,2025-08-01,0.07583860514702037,0.07391140403353574
PA/total/CNA,2025-09-01,0.07589214183722098,0.08612743445874882
PA/total/LPN,2025-04-01,0.06567647008443053,0.05448086652245508
PA/total/LPN,2025-05-01,0.06575843368091543,0.06332992885371919
PA/total/LPN,2025-06-01,0.0658403972774003,0.07530263715737671
PA/total/LPN,2025-07-01,0.0659223608738852,0.05730533006440304
PA/total/LPN,2025-08-01,0.0660043244703701,0.06764343707768453
PA/total/LPN,2025-09-01,0.06608628806685497,0.07962948760500455
PA/total/RN,2025-04-01,0.061762014284703695,0.05716692397977047
PA/total/RN,2025-05-01,0.061762014284703695,0.051731514241760646
PA/total/RN,2025-06-01,0.061762014284703695,0.06690602621292846
PA/total/RN,2025-07-01,0.061762014284703695,0.060302158867321334
PA/total/RN,2025-08-01,0.061762014284703695,0.058128796479009696
PA/total/RN,2025-09-01,0.061762014284703695,0.07173042382838789
PR/total/RN,2025-04-01,0.04375203893304208,0.075
PR/total/RN,2025-05-01,0.04375203893304208,0.02631578947368421
PR/total/RN,2025-06-01,0.04375203893304208,0.02702702702702703
PR/total/RN,2025-07-01,0.04375203893304208,0.02702702702702703
PR/total/RN,2025-08-01,0.04375203893304208,0.0
PR/total/RN,2025-09-01,0.04375203893304208,0.05263157894736842
RI/total/CNA,2025-04-01,0.054914731860007684,0.06493997977338291
RI/total/CNA,2025-05-01,0.05381503289611813,0.06823568802921626
RI/total/CNA,2025-06-01,0.05271533393222857,0.07303669522341626
RI/total/CNA,2025-07-01,0.05161563496833902,0.05788559571187929
RI/total/CNA,2025-08-01,0.05051593600444946,0.06921881446922912
RI/total/CNA,2025-09-01,0.04941623704055989,0.0736085508031038
RI/total/LPN,2025-04-01,0.0641567875420941,0.06505694362378599
RI/total/LPN,2025-05-01,0.0641567875420941,0.06029725735888811
RI/total/LPN,2025-06-01,0.0641567875420941,0.08171369649013996
RI/total/LPN,2025-07-01,0.0641567875420941,0.0585267071607585
RI/total/LPN,2025-08-01,0.0641567875420941,0.06453702715181195
RI/total/LPN,2025-09-01,0.0641567875420941,0.06563825708257555
RI/total/RN,2025-04-01,0.05358689749027841,0.06706579758738968
RI/total/RN,2025-05-01,0.05358689749027841,0.0627259520574717
RI/total/RN,2025-06-01,0.05358689749027841,0.06668348387686852
RI/total/RN,2025-07-01,0.05358689749027841,0.05704884052338386
RI/total/RN,2025-08-01,0.05358689749027841,0.04543308443711123
RI/total/RN,2025-09-01,0.05358689749027841,0.05915316292992826
SC/total/CNA,2025-04-01,0.08151503410523897,0.06872854790207475
SC/total/CNA,2025-05-01,0.08151253092332973,0.07941947087804754
SC/total/CNA,2025-06-01,0.08153147599203478,0.08151617617460667
SC/total/CNA,2025-07-01,0.08156923289498044,0.0775451965368833
SC/total/CNA,2025-08-01,0.08162348928377508,0.08698983482359214
SC/total/CNA,2025-09-01,0.08169221704361192,0.0929939530510315
SC/total/LPN,2025-04-01,0.06620143285224572,0.05489068609153768
SC/total/LPN,2025-05-01,0.06625008997215065,0.07462696371988096
SC/total/LPN,2025-06-01,0.06631259607032794,0.07152290604831871
SC/total/LPN,2025-07-01,0.06638675119857587,0.05727576940005841
SC/total/LPN,2025-08-01,0.06647070487650149,0.06928784373797306
SC/total/LPN,2025-09-01,0.06656290057760021,0.07751337308548767
SC/total/RN,2025-04-01,0.06513092200096866,0.05867280213040828
SC/total/RN,2025-05-01,0.0652579835129593,0.056448788262671634
SC/total/RN,2025-06-01,0.06539358148069348,0.06230556383943043
SC/total/RN,2025-07-01,0.06553627413375676,0.05706238721762157
SC/total/RN,2025-08-01,0.0656848632105152,0.06785817331188213
SC/total/RN,2025-09-01,0.06583835283053674,0.07487151998762713
SD/total/CNA,2025-04-01,0.07581175345586401,0.08006958065603587
SD/total/CNA,2025-05-01,0.07571340954370097,0.08640160335350634
SD/total/CNA,2025-06-01,0.08482770425475913,0.0840964169430336
SD/total/CNA,2025-07-01,0.07469571832314927,0.07334341044504615
SD/total/CNA,2025-08-01,0.07622075560735042,0.09276024363631642
SD/total/CNA,2025-09-01,0.07515870990666107,0.07781485371294614
SD/total/LPN,2025-04-01,0.053558292826104234,0.06739405439595193
SD/total/LPN,2025-05-01,0.053558292826104234,0.04841255387603958
SD/total/LPN,2025-06-01,0.053558292826104234,0.06189310347874351
SD/total/LPN,2025-07-01,0.053558292826104234,0.07108737725112567
SD/total/LPN,2025-08-01,0.053558292826104234,0.07896567625005013
SD/total/LPN,2025-09-01,0.053558292826104234,0.09912550258995585
SD/total/RN,2025-04-01,0.045613642971734814,0.041612299546567505
SD/total/RN,2025-05-01,0.045613642971734814,0.030006460725657207
SD/total/RN,2025-06-01,0.045613642971734814,0.049240133317843236
SD/total/RN,2025-07-01,0.045613642971734814,0.05246099563600634
SD/total/RN,2025-08-01,0.045613642971734814,0.04136258199862013
SD/total/RN,2025-09-01,0.045613642971734814,0.050729464620204126
TN/total/CNA,2025-04-01,0.09823790829068198,0.09678268323176001
TN/total/CNA,2025-05-01,0.09824472142195596,0.09939317159904668
TN/total/CNA,2025-06-01,0.09825017193157289,0.09732675262541556
TN/total/CNA,2025-07-01,0.09825453234294466,0.09116749051169344
TN/total/CNA,2025-08-01,0.09825802067498464,0.09545468920873346
TN/total/CNA,2025-09-01,0.09826081134297072,0.10326892674579395
TN/total/LPN,2025-04-01,0.07188381152582615,0.07013487091579262
TN/total/LPN,2025-05-01,0.07188381152582615,0.07232670933036968
TN/total/LPN,2025-06-01,0.07188381152582615,0.06906586471674545
TN/total/LPN,2025-07-01,0.07188381152582615,0.07708398887298108
TN/total/LPN,2025-08-01,0.07188381152582615,0.06923565400131865
TN/total/LPN,2025-09-01,0.07188381152582615,0.08166529691136652
TN/total/RN,2025-04-01,0.0758100150846168,0.05995366804206654
TN/total/RN,2025-05-01,0.0758100150846168,0.06428947147379045
TN/total/RN,2025-06-01,0.0758100150846168,0.07925494427715336
TN/total/RN,2025-07-01,0.0758100150846168,0.07096152600072246
TN/total/RN,2025-08-01,0.0758100150846168,0.06936533128389964
TN/total/RN,2025-09-01,0.0758100150846168,0.0875038140055432
TX/total/CNA,2025-04-01,0.10790351898449094,0.09573012819521017
TX/total/CNA,2025-05-01,0.10790351898449094,0.09913034152997426
TX/total/CNA,2025-06-01,0.10790351898449094,0.1100601587615977
TX/total/CNA,2025-07-01,0.10790351898449094,0.10019327792246097
TX/total/CNA,2025-08-01,0.10790351898449094,0.109723293609624
TX/total/CNA,2025-09-01,0.10790351898449094,0.1161127588971569
TX/total/LPN,2025-04-01,0.0918921969599317,0.07114716202692407
TX/total/LPN,2025-05-01,0.09178368341374028,0.08653781453773285
TX/total/LPN,2025-06-01,0.09167516986754887,0.1026971908587582
TX/total/LPN,2025-07-01,0.09156665632135745,0.0844523976726572
TX/total/LPN,2025-08-01,0.09145814277516605,0.08454554306165912
TX/total/LPN,2025-09-01,0.09134962922897462,0.09979667635511111
TX/total/RN,2025-04-01,0.10185399606476774,0.09403366782394464
TX/total/RN,2025-05-01,0.101769814374467,0.09030908786571057
TX/total/RN,2025-06-01,0.10168563268416626,0.10702366870571312
TX/total/RN,2025-07-01,0.10160145099386551,0.08973271571356269
TX/total/RN,2025-08-01,0.10151726930356476,0.09536921238266971
TX/total/RN,2025-09-01,0.10143308761326401,0.10964226745976093
UT/total/CNA,2025-04-01,0.09469123830523854,0.10813741806471543
UT/total/CNA,2025-05-01,0.0940459326886339,0.10187805010841784
UT/total/CNA,2025-06-01,0.09340062707202923,0.10552283142204562
UT/total/CNA,2025-07-01,0.09275532145542457,0.0966389924908001
UT/total/CNA,2025-08-01,0.09211001583881992,0.11513549873193002
UT/total/CNA,2025-09-01,0.09146471022221526,0.10555180337047797
UT/total/LPN,2025-04-01,0.07177784329049387,0.07599415395463734
UT/total/LPN,2025-05-01,0.07177784329049387,0.08847198499828596
UT/total/LPN,2025-06-01,0.07177784329049387,0.10275385384781395
UT/total/LPN,2025-07-01,0.07177784329049387,0.06369892752998352
UT/total/LPN,2025-08-01,0.07177784329049387,0.10457612891774765
UT/total/LPN,2025-09-01,0.07177784329049387,0.10018949560164513
UT/total/RN,2025-04-01,0.06544987799454607,0.05733180631436445
UT/total/RN,2025-05-01,0.06544987799454607,0.06880240113817788
UT/total/RN,2025-06-01,0.06544987799454607,0.0595118066986034
UT/total/RN,2025-07-01,0.06544987799454607,0.06267027714774236
UT/total/RN,2025-08-01,0.06544987799454607,0.06401918507512873
UT/total/RN,2025-09-01,0.06544987799454607,0.06725432028714838
VA/total/CNA,2025-04-01,0.07939662023713001,0.07699183527135656
VA/total/CNA,2025-05-01,0.07851499627876299,0.07785432421454853
VA/total/CNA,2025-06-01,0.07763337232039595,0.07603197992775897
VA/total/CNA,2025-07-01,0.0767517483620289,0.08010251758066865
VA/total/CNA,2025-08-01,0.07587012440366188,0.08386122441085203
VA/total/CNA,2025-09-01,0.07498850044529484,0.0847234395957833
VA/total/LPN,2025-04-01,0.0749006831635354,0.06633230639437822
VA/total/LPN,2025-05-01,0.07499842875961756,0.06373902517734659
VA/total/LPN,2025-06-01,0.0750961743556997,0.06541605890880531
VA/total/LPN,2025-07-01,0.07519391995178185,0.07444519341051953
VA/total/LPN,2025-08-01,0.075291665547864,0.07302495690576721
VA/total/LPN,2025-09-01,0.07538941114394615,0.07401272254623295
VA/total/RN,2025-04-01,0.08875325966190169,0.06353251254834222
VA/total/RN,2025-05-01,0.08887580678071923,0.06497253155285372
VA/total/RN,2025-06-01,0.08899835389953678,0.07578275586151711
VA/total/RN,2025-07-01,0.08912090101835435,0.07119017451532864
VA/total/RN,2025-08-01,0.08924344813717189,0.0764158653437125
VA/total/RN,2025-09-01,0.08936599525598946,0.08384147382920018
VT/total/CNA,2025-04-01,0.07931495827284482,0.06655262535449542
VT/total/CNA,2025-05-01,0.07931495827284482,0.08098595737027754
VT/total/CNA,2025-06-01,0.07931495827284482,0.06866917043371437
VT/total/CNA,2025-07-01,0.07931495827284482,0.10387880109363934
VT/total/CNA,2025-08-01,0.07931495827284482,0.09273307876168162
VT/total/CNA,2025-09-01,0.07931495827284482,0.10817092640764138
VT/total/LPN,2025-04-01,0.0791572913375553,0.05440967283072546
VT/total/LPN,2025-05-01,0.0791572913375553,0.08801108801108802
VT/total/LPN,2025-06-01,0.0791572913375553,0.09874919166954564
VT/total/LPN,2025-07-01,0.0791572913375553,0.07955096021567866
VT/total/LPN,2025-08-01,0.0791572913375553,0.08513476830308514
VT/total/LPN,2025-09-01,0.0791572913375553,0.10972940931447157
VT/total/RN,2025-04-01,0.06390397427650975,0.05163996565708231
VT/total/RN,2025-05-01,0.06390397427650975,0.05078839347473759
VT/total/RN,2025-06-01,0.06390397427650975,0.050902105135886715
VT/total/RN,2025-07-01,0.06390397427650975,0.05975365474847994
VT/total/RN,2025-08-01,0.06390397427650975,0.04226961157654227
VT/total/RN,2025-09-01,0.06390397427650975,0.08020363765979414
WA/total/CNA,2025-04-01,0.07202333505630659,0.07101511116608505
WA/total/CNA,2025-05-01,0.07202333505630659,0.09739901495178518
WA/total/CNA,2025-06-01,0.07202333505630659,0.08663944868538571
WA/total/CNA,2025-07-01,0.07202333505630659,0.09526133574191617
WA/total/CNA,2025-08-01,0.07202333505630659,0.08132583837180446
WA/total/CNA,2025-09-01,0.07202333505630659,0.08966849094963933
WA/total/LPN,2025-04-01,0.07216169195127647,0.06823842442863229
WA/total/LPN,2025-05-01,0.07216169195127647,0.088816459573519
WA/total/LPN,2025-06-01,0.07216169195127647,0.08264960007980017
WA/total/LPN,2025-07-01,0.07216169195127647,0.09224062057989912
WA/total/LPN,2025-08-01,0.07216169195127647,0.06843524755062515
WA/total/LPN,2025-09-01,0.07216169195127647,0.08544278626416014
WA/total/RN,2025-04-01,0.07383166292156904,0.06724712739580226
WA/total/RN,2025-05-01,0.07383166292156904,0.08846938431014749
WA/total/RN,2025-06-01,0.07383166292156904,0.08342798079956376
WA/total/RN,2025-07-01,0.07383166292156904,0.08081869210674832
WA/total/RN,2025-08-01,0.07383166292156904,0.07145415104597945
WA/total/RN,2025-09-01,0.07383166292156904,0.07841000154234049
WI/total/CNA,2025-04-01,0.08520123821949861,0.07738990084941003
WI/total/CNA,2025-05-01,0.08520123821949861,0.08949275245725259
WI/total/CNA,2025-06-01,0.08520123821949861,0.08863219467811496
WI/total/CNA,2025-07-01,0.08520123821949861,0.07620903073250175
WI/total/CNA,2025-08-01,0.08520123821949861,0.08819640908451545
WI/total/CNA,2025-09-01,0.08520123821949861,0.09547594557004842
WI/total/LPN,2025-04-01,0.06929578117285225,0.05228008037471012
WI/total/LPN,2025-05-01,0.06929578117285225,0.06758939126742329
WI/total/LPN,2025-06-01,0.06929578117285225,0.09488212166270517
WI/total/LPN,2025-07-01,0.06929578117285225,0.06458761570885363
WI/total/LPN,2025-08-01,0.06929578117285225,0.07223894557533454
WI/total/LPN,2025-09-01,0.06929578117285225,0.08495284304861082
WI/total/RN,2025-04-01,0.06175057797536958,0.0527411563621722
WI/total/RN,2025-05-01,0.06175057797536958,0.051501775488226716
WI/total/RN,2025-06-01,0.06175057797536958,0.056269647907622476
WI/total/RN,2025-07-01,0.06175057797536958,0.05539420597245534
WI/total/RN,2025-08-01,0.06175057797536958,0.05814199987222579
WI/total/RN,2025-09-01,0.06175057797536958,0.08460086177290925
WV/total/CNA,2025-04-01,0.09146701071052084,0.08627365462221545
WV/total/CNA,2025-05-01,0.09146701071052084,0.1504150327952649
WV/total/CNA,2025-06-01,0.09146701071052084,0.34371698899779557
WV/total/CNA,2025-07-01,0.09146701071052084,0.07845732330268412
WV/total/CNA,2025-08-01,0.09146701071052084,0.09660600122029607
WV/total/CNA,2025-09-01,0.09146701071052084,0.07103877692222962
WV/total/LPN,2025-04-01,0.07782146662444549,0.06463153020349385
WV/total/LPN,2025-05-01,0.07782146662444549,0.12120191614726943
WV/total/LPN,2025-06-01,0.07782146662444549,0.3585739028913175
WV/total/LPN,2025-07-01,0.07782146662444549,0.05307091049636525
WV/total/LPN,2025-08-01,0.07782146662444549,0.08515256275143027
WV/total/LPN,2025-09-01,0.07782146662444549,0.06294901515165886
WV/total/RN,2025-04-01,0.08062471996719923,0.07987825813920539
WV/total/RN,2025-05-01,0.08062471996719923,0.11363977049037129
WV/total/RN,2025-06-01,0.08062471996719923,0.3094810935213596
WV/total/RN,2025-07-01,0.08062471996719923,0.06826341013976545
WV/total/RN,2025-08-01,0.08062471996719923,0.08713145859557234
WV/total/RN,2025-09-01,0.08062471996719923,0.0807706142414733
WY/total/CNA,2025-04-01,0.0802101090623613,0.07129396246348704
WY/total/CNA,2025-05-01,0.0802101090623613,0.07652286209284595
WY/total/CNA,2025-06-01,0.0802101090623613,0.1142248351837605
WY/total/CNA,2025-07-01,0.0802101090623613,0.07181615303405625
WY/total/CNA,2025-08-01,0.0802101090623613,0.07805488487048745
WY/total/CNA,2025-09-01,0.0802101090623613,0.06827900811693494
WY/total/LPN,2025-04-01,0.06882459603248402,0.06927776864485725
WY/total/LPN,2025-05-01,0.06882459603248402,0.0841121397233243
WY/total/LPN,2025-06-01,0.06882459603248402,0.11184731012658228
WY/total/LPN,2025-07-01,0.06882459603248402,0.06839318005683286
WY/total/LPN,2025-08-01,0.06882459603248402,0.05598296455031728
WY/total/LPN,2025-09-01,0.06882459603248402,0.06372680182498026
WY/total/RN,2025-04-01,0.06099213254423242,0.04350534530335503
WY/total/RN,2025-05-01,0.06099213254423242,0.07890561105039187
WY/total/RN,2025-06-01,0.06099213254423242,0.11141148325358852
WY/total/RN,2025-07-01,0.06099213254423242,0.06992082851215979
WY/total/RN,2025-08-01,0.06099213254423242,0.03078377762588289
WY/total/RN,2025-09-01,0.06099213254423242,0.058676193400370155
AK/total/total,2025-04-01,0.20843407855949433,0.042042066326077675
AK/total/total,2025-05-01,0.20843407855949433,0.03946582757930468
AK/total/total,2025-06-01,0.20843407855949433,0.0483289102426976
AK/total/total,2025-07-01,0.20843407855949433,0.08746626378850908
AK/total/total,2025-08-01,0.20843407855949433,0.0633983548391577
AK/total/total,2025-09-01,0.20843407855949433,0.04569248840076187
AL/total/total,2025-04-01,0.08484044762579453,0.08394063878806896
AL/total/total,2025-05-01,0.08484044762579453,0.08048807112206453
AL/total/total,2025-06-01,0.08484044762579453,0.10339176406399253
AL/total/total,2025-07-01,0.08484044762579453,0.08466680726476128
AL/total/total,2025-08-01,0.08484044762579453,0.08795219204866235
AL/total/total,2025-09-01,0.08484044762579453,0.09255641561025033
AR/total/total,2025-04-01,0.0869286523748381,0.07486543824665293
AR/total/total,2025-05-01,0.0869286523748381,0.08804181777946606
AR/total/total,2025-06-01,0.0869286523748381,0.08365700814194427
AR/total/total,2025-07-01,0.0869286523748381,0.08298150510012155
AR/total/total,2025-08-01,0.0869286523748381,0.08667568918858255
AR/total/total,2025-09-01,0.0869286523748381,0.08869230352212118
AZ/total/total,2025-04-01,0.08001183020934623,0.07677826951222218
AZ/total/total,2025-05-01,0.08001183020934623,0.08478984475567293
AZ/total/total,2025-06-01,0.08001183020934623,0.07391266837482582
AZ/total/total,2025-07-01,0.08001183020934623,0.07070571647284989
AZ/total/total,2025-08-01,0.08001183020934623,0.07670135641586032
AZ/total/total,2025-09-01,0.08001183020934623,0.0862204018176747
CA/total/total,2025-04-01,0.060321807013064,0.0643492388654974
CA/total/total,2025-05-01,0.059743923712580194,0.06635888173925784
CA/total/total,2025-06-01,0.05920471065513167,0.07457118666000442
CA/total/total,2025-07-01,0.05870150415256824,0.06860378861360426
CA/total/total,2025-08-01,0.058231826161284694,0.06988560373393939
CA/total/total,2025-09-01,0.057793371180696024,0.072562600217011
CO/total/total,2025-04-01,0.07659823134162035,0.07801398049178718
CO/total/total,2025-05-01,0.07661193220726473,0.0785366312837053
CO/total/total,2025-06-01,0.07662563307290911,0.08861330977333162
CO/total/total,2025-07-01,0.07663933393855349,0.08811344141031702
CO/total/total,2025-08-01,0.07665303480419787,0.09646013849919767
CO/total/total,2025-09-01,0.07666673566984224,0.11523589450970417
CT/total/total,2025-04-01,0.06297482820426958,0.05706985832012668
CT/total/total,2025-05-01,0.06309335027803493,0.05840527676859804
CT/total/total,2025-06-01,0.06321187235180029,0.09467138567148178
CT/total/total,2025-07-01,0.06333039442556562,0.05553374435181154
CT/total/total,2025-08-01,0.06344891649933097,0.05995090562112101
CT/total/total,2025-09-01,0.06356743857309632,0.07807239842059076
DC/total/total,2025-04-01,0.04826568749011222,0.04038542826757837
DC/total/total,2025-05-01,0.04839376261024865,0.032382962630178015
DC/total/total,2025-06-01,0.04852183773038507,0.04364606298360259
DC/total/total,2025-07-01,0.048649912850521504,0.04303152565593753
DC/total/total,2025-08-01,0.04877798797065793,0.05164784648096136
DC/total/total,2025-09-01,0.04890606309079436,0.047001875277339136
DE/total/total,2025-04-01,0.06831855255115164,0.0606321622467793
DE/total/total,2025-05-01,0.06831855255115164,0.06897594962728412
DE/total/total,2025-06-01,0.06831855255115164,0.0628197118327654
DE/total/total,2025-07-01,0.06831855255115164,0.06387422950520515
DE/total/total,2025-08-01,0.06831855255115164,0.06834046635393494
DE/total/total,2025-09-01,0.06831855255115164,0.07636244612615682
FL/total/total,2025-04-01,0.07869971385873856,0.07552007903543526
FL/total/total,2025-05-01,0.07831220657281587,0.07705848862663711
FL/total/total,2025-06-01,0.07792469928689322,0.11238299787060244
FL/total/total,2025-07-01,0.07753719200097055,0.0765980283400243
FL/total/total,2025-08-01,0.07714968471504786,0.07795708482492575
FL/total/total,2025-09-01,0.07676217742912521,0.09224496085356217
GA/total/total,2025-04-01,0.08895864455883151,0.08060851775575337
GA/total/total,2025-05-01,0.08929774641431114,0.0843240988659282
GA/total/total,2025-06-01,0.08984924750117407,0.09977325118269689
GA/total/total,2025-07-01,0.09017659963449617,0.0983236163628844
GA/total/total,2025-08-01,0.09025967224811766,0.08858080242144944
GA/total/total,2025-09-01,0.09371769280659462,0.10343033992009214
HI/total/total,2025-04-01,0.03701232073933541,0.04482833497338419
HI/total/total,2025-05-01,0.03644955446874325,0.025997573777161137
HI/total/total,2025-06-01,0.03606688077604491,0.047113436524816865
HI/total/total,2025-07-01,0.03674927616167355,0.03580173212997508
HI/total/total,2025-08-01,0.03674991193183825,0.038231453508028326
HI/total/total,2025-09-01,0.03846793625671705,0.0716915421903894
IA/total/total,2025-04-01,0.06750151610680029,0.06811436073355277
IA/total/total,2025-05-01,0.06750151610680029,0.07207182523695865
IA/total/total,2025-06-01,0.06750151610680029,0.07892052845409873
IA/total/total,2025-07-01,0.06750151610680029,0.07238109805173316
IA/total/total,2025-08-01,0.06750151610680029,0.07408792331491894
IA/total/total,2025-09-01,0.06750151610680029,0.09140078042934437
ID/total/total,2025-04-01,0.0779543992367398,0.06976034095437193
ID/total/total,2025-05-01,0.07770167474074967,0.0745350530927747
ID/total/total,2025-06-01,0.07744895024475953,0.06658757143122859
ID/total/total,2025-07-01,0.0771962257487694,0.07572359995624195
ID/total/total,2025-08-01,0.07694350125277928,0.08767669722838951
ID/total/total,2025-09-01,0.07669077675678915,0.07121723256701262
IL/total/total,2025-04-01,0.08253780174058745,0.07521673358099915
IL/total/total,2025-05-01,0.08249376252609848,0.07672303433575403
IL/total/total,2025-06-01,0.08244972331160953,0.11641630550724437
IL/total/total,2025-07-01,0.08240568409712057,0.07862867136785842
IL/total/total,2025-08-01,0.0823616448826316,0.08533191717944628
IL/total/total,2025-09-01,0.08231760566814265,0.08777538035136731
IN/total/total,2025-04-01,0.07854535734522712,0.07702236556382613
IN/total/total,2025-05-01,0.07854535734522712,0.08449832856922143
IN/total/total,2025-06-01,0.07854535734522712,0.08891105988513268
IN/total/total,2025-07-01,0.07854535734522712,0.07760140045379413
IN/total/total,2025-08-01,0.07854535734522712,0.08116625582747086
IN/total/total,2025-09-01,0.07854535734522712,0.07844420874612092
KS/total/total,2025-04-01,0.08354774890126976,0.0942866317498869
KS/total/total,2025-05-01,0.08334144997982333,0.09903878116457691
KS/total/total,2025-06-01,0.0831351510583769,0.09493665383246816
KS/total/total,2025-07-01,0.08292885213693049,0.09395995059794704
KS/total/total,2025-08-01,0.08272255321548407,0.09554697386676293
KS/total/total,2025-09-01,0.08251625429403765,0.09449823949547896
KY/total/total,2025-04-01,0.07968264603936183,0.08991907691653024
KY/total/total,2025-05-01,0.07899900260873698,0.08815775564294794
KY/total/total,2025-06-01,0.07831535917811211,0.08121486640618171
KY/total/total,2025-07-01,0.07763171574748724,0.09989091650791404
KY/total/total,2025-08-01,0.07694807231686238,0.08658480524466
KY/total/total,2025-09-01,0.07626442888623752,0.09594751707615
LA/total/total,2025-04-01,0.07680598921804013,0.07091502624453622
LA/total/total,2025-05-01,0.07676703031314885,0.07886604962987157
LA/total/total,2025-06-01,0.07672480682692479,0.08468905780365034
LA/total/total,2025-07-01,0.07667997167563446,0.07668875457863722
LA/total/total,2025-08-01,0.07663304719229115,0.0804360400354948
LA/total/total,2025-09-01,0.07658445124330543,0.08054655658541539
MA/total/total,2025-04-01,0.06148524588377523,0.06481057146857391
MA/total/total,2025-05-01,0.06082225766441179,0.05279523775077452
MA/total/total,2025-06-01,0.06736679951923343,0.09026660509568708
MA/total/total,2025-07-01,0.06065371090244236,0.05519355743353437
MA/total/total,2025-08-01,0.06118016956149371,0.05836775328707905
MA/total/total,2025-09-01,0.0622179026531345,0.07611497527442095
MD/total/total,2025-04-01,0.06207490128627388,0.053640659336919076
MD/total/total,2025-05-01,0.06232958210080838,0.05684309549801074
MD/total/total,2025-06-01,0.06258044046226541,0.06545316671436338
MD/total/total,2025-07-01,0.06242082879998302,0.055464815557039804
MD/total/total,2025-08-01,0.0624229262530605,0.06589480416486308
MD/total/total,2025-09-01,0.06349771882004819,0.07461641556299935
ME/total/total,2025-04-01,0.06490459412874616,0.05012215447813524
ME/total/total,2025-05-01,0.06490459412874616,0.06818064502818619
ME/total/total,2025-06-01,0.06490459412874616,0.06052395139504313
ME/total/total,2025-07-01,0.06490459412874616,0.05980844267861429
ME/total/total,2025-08-01,0.06490459412874616,0.06702436072631189
ME/total/total,2025-09-01,0.06490459412874616,0.06832696081856977
MI/total/total,2025-04-01,0.08187432851150388,0.07679710834518323
MI/total/total,2025-05-01,0.08187432851150388,0.07960613669829847
MI/total/total,2025-06-01,0.08187432851150388,0.08121538563356338
MI/total/total,2025-07-01,0.08187432851150388,0.07570961614861253
MI/total/total,2025-08-01,0.08187432851150388,0.08474933634652353
MI/total/total,2025-09-01,0.08187432851150388,0.11148981722003909
MN/total/total,2025-04-01,0.05405592041688978,0.054167562578398616
MN/total/total,2025-05-01,0.053816738203364016,0.05979947874680156
MN/total/total,2025-06-01,0.05357755598983825,0.0638370407949347
MN/total/total,2025-07-01,0.053338373776312474,0.055954154430786794
MN/total/total,2025-08-01,0.05309919156278671,0.06179019270402903
MN/total/total,2025-09-01,0.052860009349260946,0.06218059469605937
MO/total/total,2025-04-01,0.11520251894104887,0.10051811481372082
MO/total/total,2025-05-01,0.11520849001292945,0.11605435979365618
MO/total/total,2025-06-01,0.11521446108481005,0.11999727020658668
MO/total/total,2025-07-01,0.11522043215669063,0.11251585224913441
MO/total/total,2025-08-01,0.11522640322857121,0.11448618064094722
MO/total/total,2025-09-01,0.1152323743004518,0.12331411165774388
MS/total/total,2025-04-01,0.07833773996733248,0.0673276771684997
MS/total/total,2025-05-01,0.07838687204463383,0.07895357873479081
MS/total/total,2025-06-01,0.07843600412193517,0.07284393187805523
MS/total/total,2025-07-01,0.07848513619923653,0.07700732440185849
MS/total/total,2025-08-01,0.07853426827653788,0.07834553966742436
MS/total/total,2025-09-01,0.0785834003538392,0.09164221815111685
MT/total/total,2025-04-01,0.09691886216833966,0.07321226793124087
MT/total/total,2025-05-01,0.09786067148198865,0.07935921894055238
MT/total/total,2025-06-01,0.09880224684382306,0.09449197163308229
MT/total/total,2025-07-01,0.09974363504420583,0.08800709688951176
MT/total/total,2025-08-01,0.10068487351542724,0.0833310291009514
MT/total/total,2025-09-01,0.1016259922033196,0.078643097817927
NC/total/total,2025-04-01,0.08779780587871117,0.08033263632111226
NC/total/total,2025-05-01,0.08774530406608977,0.09773961779706022
NC/total/total,2025-06-01,0.08780789488104399,0.09261549277775522
NC/total/total,2025-07-01,0.08801070276723197,0.08430267215928908
NC/total/total,2025-08-01,0.08816402781258505,0.09198892376643192
NC/total/total,2025-09-01,0.08839185290526327,0.09613987342638029
ND/total/total,2025-04-01,0.05621906000181992,0.05131177650333364
ND/total/total,2025-05-01,0.05621906000181992,0.0659519189752044
ND/total/total,2025-06-01,0.05621906000181992,0.0573279104205876
ND/total/total,2025-07-01,0.05621906000181992,0.061501065368042285
ND/total/total,2025-08-01,0.05621906000181992,0.07102357250806364
ND/total/total,2025-09-01,0.05621906000181992,0.055102858248370586
NE/total/total,2025-04-01,0.07415659199100208,0.07264751348231852
NE/total/total,2025-05-01,0.07415659199100208,0.0718123184734048
NE/total/total,2025-06-01,0.07415659199100208,0.07672856950281229
NE/total/total,2025-07-01,0.07415659199100208,0.06979060629496638
NE/total/total,2025-08-01,0.07415659199100208,0.07173412365122075
NE/total/total,2025-09-01,0.07415659199100208,0.09091179393895978
NH/total/total,2025-04-01,0.06728270385204536,0.05356596788913027
NH/total/total,2025-05-01,0.06754182587859715,0.06743083792007104
NH/total/total,2025-06-01,0.06780094790514893,0.06187786971091135
NH/total/total,2025-07-01,0.06806006993170072,0.05380040458541185
NH/total/total,2025-08-01,0.06831919195825249,0.06925280647562512
NH/total/total,2025-09-01,0.06857831398480427,0.08027589413071701
NJ/total/total,2025-04-01,0.051391580570200115,0.05012366927300443
NJ/total/total,2025-05-01,0.05110781379733042,0.04899136083847757
NJ/total/total,2025-06-01,0.05972599212770703,0.05840092175699769
NJ/total/total,2025-07-01,0.050185874160718014,0.04886736799425065
NJ/total/total,2025-08-01,0.05357940304592079,0.05204200059713765
NJ/total/total,2025-09-01,0.06327933138156513,0.0608196473078985
NM/total/total,2025-04-01,0.08207255669426097,0.078093409078828
NM/total/total,2025-05-01,0.08215567305443935,0.07700531163849288
NM/total/total,2025-06-01,0.08223878941461775,0.08959359489187797
NM/total/total,2025-07-01,0.08232190577479613,0.07405332259431016
NM/total/total,2025-08-01,0.08240502213497451,0.06713302961538005
NM/total/total,2025-09-01,0.08248813849515291,0.07988482238773255
NV/total/total,2025-04-01,0.07862791529669622,0.07026742640839939
NV/total/total,2025-05-01,0.07860247415670463,0.08169558211707098
NV/total/total,2025-06-01,0.07858079375807163,0.08117368750263364
NV/total/total,2025-07-01,0.0785623181832727,0.08632108499517456
NV/total/total,2025-08-01,0.07854657369121193,0.07797169413500447
NV/total/total,2025-09-01,0.07853315656979899,0.08948088758482697
NY/total/total,2025-04-01,0.05410405773983038,0.04857244450464821
NY/total/total,2025-05-01,0.054233104297099856,0.04978057136813416
NY/total/total,2025-06-01,0.05436215085436932,0.061027984529810474
NY/total/total,2025-07-01,0.054491197411638805,0.052278363146486845
NY/total/total,2025-08-01,0.05462024396890828,0.053713931667259684
NY/total/total,2025-09-01,0.05474929052617775,0.0617887375082579
OH/total/total,2025-04-01,0.09957966144246444,0.09178559930640788
OH/total/total,2025-05-01,0.09841012532080765,0.09455126946383158
OH/total/total,2025-06-01,0.10022923074662615,0.11119543279113335
OH/total/total,2025-07-01,0.09818260517481271,0.09621365872179277
OH/total/total,2025-08-01,0.09826692822490454,0.10116968935250283
OH/total/total,2025-09-01,0.10009557104808758,0.1126859184660958
OK/total/total,2025-04-01,0.11385210371492138,0.09998642833308356
OK/total/total,2025-05-01,0.11385210371492138,0.11338296335570466
OK/total/total,2025-06-01,0.11385210371492138,0.11913979460827773
OK/total/total,2025-07-01,0.11385210371492138,0.10398325189023971
OK/total/total,2025-08-01,0.11385210371492138,0.11049943287478914
OK/total/total,2025-09-01,0.11385210371492138,0.12330878372306528
OR/total/total,2025-04-01,0.0825249588161266,0.07414832394071359
OR/total/total,2025-05-01,0.08260197025558685,0.09928120802939827
OR/total/total,2025-06-01,0.08267898169504712,0.10093487454297384
OR/total/total,2025-07-01,0.08275599313450738,0.08214085777829909
OR/total/total,2025-08-01,0.08283300457396765,0.11287480981349801
OR/total/total,2025-09-01,0.08291001601342791,0.0743507896472889
PA/total/total,2025-04-01,0.07055867805293062,0.06247459712892661
PA/total/total,2025-05-01,0.07060832200254472,0.06612938126396463
PA/total/total,2025-06-01,0.07065796595215883,0.0777796764838962
PA/total/total,2025-07-01,0.07070760990177291,0.06607270826421321
PA/total/total,2025-08-01,0.07075725385138702,0.0693297183023645
PA/total/total,2025-09-01,0.07080689780100112,0.08176506370488698
PR/total/total,2025-04-01,0.04375203893304208,0.075
PR/total/total,2025-05-01,0.04375203893304208,0.02631578947368421
PR/total/total,2025-06-01,0.04375203893304208,0.02702702702702703
PR/total/total,2025-07-01,0.04375203893304208,0.02702702702702703
PR/total/total,2025-08-01,0.04375203893304208,0.0
PR/total/total,2025-09-01,0.04375203893304208,0.05263157894736842
RI/total/total,2025-04-01,0.05592114165704397,0.06537841822325699
RI/total/total,2025-05-01,0.05519107624199249,0.06604994228914855
RI/total/total,2025-06-01,0.054461010826941006,0.07296698917306257
RI/total/total,2025-07-01,0.05373094541188954,0.05780746134267399
RI/total/total,2025-08-01,0.053000879996838064,0.06384954003004634
RI/total/total,2025-09-01,0.05227081458178657,0.06964108069117363
SC/total/total,2025-04-01,0.07501641215901837,0.06359290907154917
SC/total/total,2025-05-01,0.07504722696209849,0.07461789441996054
SC/total/total,2025-06-01,0.07509552345686842,0.07595393216203103
SC/total/total,2025-07-01,0.07515896332432946,0.06913016901542773
SC/total/total,2025-08-01,0.07523552638085347,0.07944784048789401
SC/total/total,2025-09-01,0.07532346649147269,0.08618253855894328
SD/total/total,2025-04-01,0.06746166265426805,0.0710825344266482
SD/total/total,2025-05-01,0.06739323186976247,0.07118301593853654
SD/total/total,2025-06-01,0.0737352445431923,0.07482444457693199
SD/total/total,2025-07-01,0.06668509033791728,0.06894983790609399
SD/total/total,2025-08-01,0.0677462592040197,0.08107992426081155
SD/total/total,2025-09-01,0.06700725443107095,0.0746642317965363
TN/total/total,2025-04-01,0.08785217100925571,0.08413132549694394
TN/total/total,2025-05-01,0.08785614498942529,0.08689307034474854
TN/total/total,2025-06-01,0.08785932417624273,0.08709789012933251
TN/total/total,2025-07-01,0.08786186752784211,0.08436851255291801
TN/total/total,2025-08-01,0.08786390221083798,0.08454845894436393
TN/total/total,2025-09-01,0.08786552995860777,0.09515331453074577
TX/total/total,2025-04-01,0.10274659901941081,0.08879757491920143
TX/total/total,2025-05-01,0.10270604555896463,0.09454726028276342
TX/total/total,2025-06-01,0.10266549209851845,0.10765566514626637
TX/total/total,2025-07-01,0.10262493863807227,0.09453781241823307
TX/total/total,2025-08-01,0.10258438517762611,0.10098584164534312
TX/total/total,2025-09-01,0.10254383171717993,0.11081799744754604
UT/total/total,2025-04-01,0.08418236450465778,0.0908511129095873
UT/total/total,2025-05-01,0.08378668111300872,0.09157792524534966
UT/total/total,2025-06-01,0.08339099772135965,0.09320835733598573
UT/total/total,2025-07-01,0.08299531432971058,0.08362939672018423
UT/total/total,2025-08-01,0.08259963093806151,0.10050563666234734
UT/total/total,2025-09-01,0.08220394754641243,0.09491404451867347
VA/total/total,2025-04-01,0.0797193562573267,0.07205518158514548
VA/total/total,2025-05-01,0.07925411632594768,0.07210763768094551
VA/total/total,2025-06-01,0.07878887639456865,0.07321993026108828
VA/total/total,2025-07-01,0.07832363646318961,0.0771994905475197
VA/total/total,2025-08-01,0.07785839653181059,0.0798404706160699
VA/total/total,2025-09-01,0.07739315660043158,0.08178541588434046
VT/total/total,2025-04-01,0.07585951489146298,0.061011448850274014
VT/total/total,2025-05-01,0.07585951489146298,0.07555918394682776
VT/total/total,2025-06-01,0.07585951489146298,0.07023149992805088
VT/total/total,2025-07-01,0.07585951489146298,0.08960927432654782
VT/total/total,2025-08-01,0.07585951489146298,0.08012026746530906
VT/total/total,2025-09-01,0.07585951489146298,0.10223817470364807
WA/total/total,2025-04-01,0.07241193541785355,0.06975015871026201
WA/total/total,2025-05-01,0.07241193541785355,0.09403496135534391
WA/total/total,2025-06-01,0.07241193541785355,0.08526436067583537
WA/total/total,2025-07-01,0.07241193541785355,0.09180722469498243
WA/total/total,2025-08-01,0.07241193541785355,0.07698440668581182
WA/total/total,2025-09-01,0.07241193541785355,0.08663362613765704
WI/total/total,2025-04-01,0.07814707335664342,0.06884690174398497
WI/total/total,2025-05-01,0.07814707335664342,0.07858433721537064
WI/total/total,2025-06-01,0.07814707335664342,0.08268929482285027
WI/total/total,2025-07-01,0.07814707335664342,0.07028342330347129
WI/total/total,2025-08-01,0.07814707335664342,0.07975107703260544
WI/total/total,2025-09-01,0.07814707335664342,0.09178144021172488
WV/total/total,2025-04-01,0.08625295963998521,0.08000364283991189
WV/total/total,2025-05-01,0.08625295963998521,0.13674143789737134
WV/total/total,2025-06-01,0.08625295963998521,0.34087018663767626
WV/total/total,2025-07-01,0.08625295963998521,0.07060414904901241
WV/total/total,2025-08-01,0.08625295963998521,0.09216032292777664
WV/total/total,2025-09-01,0.08625295963998521,0.07093934384697254
WY/total/total,2025-04-01,0.07439234264620836,0.06423230530592569
WY/total/total,2025-05-01,0.07439234264620836,0.07782173483241386
WY/total/total,2025-06-01,0.07439234264620836,0.11330671088444332
WY/total/total,2025-07-01,0.07439234264620836,0.07102735103372843
WY/total/total,2025-08-01,0.07439234264620836,0.06429944922620841
WY/total/total,2025-09-01,0.07439234264620836,0.06547828317867876
National/For-Profit/total,2025-04-01,0.08191979353266732,0.07777727810079274
National/For-Profit/total,2025-05-01,0.08166499901782724,0.0827826474335763
National/For-Profit/total,2025-06-01,0.08186573643180287,0.09516732153251509
National/For-Profit/total,2025-07-01,0.0813417693232725,0.08175080333315998
National/For-Profit/total,2025-08-01,0.08131098567206363,0.08538932909266683
National/For-Profit/total,2025-09-01,0.08166120404542067,0.09301785636268063
National/Government/total,2025-04-01,0.06415848584594808,0.0556337901279062
National/Government/total,2025-05-01,0.06426486079425212,0.05888467504022311
National/Government/total,2025-06-01,0.06493873279887029,0.07150295353378794
National/Government/total,2025-07-01,0.06467874443104918,0.05749134484478786
National/Government/total,2025-08-01,0.0648546809607813,0.06049026100031507
National/Government/total,2025-09-01,0.0662269592220309,0.07288363935973662
National/Non-Profit/total,2025-04-01,0.06337631865402256,0.057359102460110487
National/Non-Profit/total,2025-05-01,0.06336969582105732,0.06100164381679806
National/Non-Profit/total,2025-06-01,0.06470050638775868,0.07340163761228416
National/Non-Profit/total,2025-07-01,0.0634053946852498,0.060192333008607095
National/Non-Profit/total,2025-08-01,0.06361720848399355,0.06357145000838402
National/Non-Profit/total,2025-09-01,0.06395965431058571,0.0723159541806221
National/total/CNA,2025-04-01,0.08137282168673898,0.07777968395356144
National/total/CNA,2025-05-01,0.0812109202253753,0.08268982116252016
National/total/CNA,2025-06-01,0.08128422783681268,0.09307778984482001
National/total/CNA,2025-07-01,0.08096231287082112,0.08138723715658559
National/total/CNA,2025-08-01,0.08097214255627502,0.08589472894084209
National/total/CNA,2025-09-01,0.08116353304520814,0.09183091490811741
National/total/LPN,2025-04-01,0.07076512783452615,0.06445892277556788
National/total/LPN,2025-05-01,0.07054513647242751,0.07047720357740672
National/total/LPN,2025-06-01,0.07125043631317633,0.08541646249425953
National/total/LPN,2025-07-01,0.07030613514802778,0.06976539903495645
National/total/LPN,2025-08-01,0.07027960024795708,0.07140076661445129
National/total/LPN,2025-09-01,0.07039079547174623,0.08129540223177718
National/total/RN,2025-04-01,0.07052428847827762,0.0634336776023964
National/total/RN,2025-05-01,0.07030191784379788,0.06528403225207412
National/total/RN,2025-06-01,0.07178945385947862,0.08175441075166494
National/total/RN,2025-07-01,0.07027640780387572,0.06495321721582252
National/total/RN,2025-08-01,0.07044591665350133,0.06747602874612399
National/total/RN,2025-09-01,0.07203907034194186,0.08134509757469327
National/total/total,2025-04-01,0.07724070764727461,0.07246876901673314
National/total/total,2025-05-01,0.0770559989725699,0.07710310085280443
National/total/total,2025-06-01,0.07750505283000986,0.08950487678192035
National/total/total,2025-07-01,0.07684711768230588,0.0760926673465613
National/total/total,2025-08-01,0.07687599836563298,0.0796420884925064
National/total/total,2025-09-01,0.07728649764602682,0.08777566171797818
