state,month,ownership,role,separation,active_headcount,separation_rate
AK,2022-10-01,For-Profit,CNA,16,270,0.05925925925925926
AK,2022-10-01,For-Profit,LPN,1,51,0.0196078431372549
AK,2022-10-01,For-Profit,RN,8,147,0.05442176870748299
AK,2022-10-01,Government,CNA,2,45,0.044444444444444446
AK,2022-10-01,Government,LPN,0,9,0.0
AK,2022-10-01,Government,RN,0,13,0.0
AK,2022-10-01,Non-Profit,CNA,2,54,0.037037037037037035
AK,2022-10-01,Non-Profit,LPN,0,8,0.0
AK,2022-10-01,Non-Profit,RN,1,26,0.038461538461538464
AK,2022-11-01,For-Profit,CNA,8,259,0.03088803088803089
AK,2022-11-01,For-Profit,LPN,1,51,0.0196078431372549
AK,2022-11-01,For-Profit,RN,8,145,0.05517241379310345
AK,2022-11-01,Government,CNA,2,42,0.047619047619047616
AK,2022-11-01,Government,LPN,0,9,0.0
AK,2022-11-01,Government,RN,0,15,0.0
AK,2022-11-01,Non-Profit,CNA,1,60,0.016666666666666666
AK,2022-11-01,Non-Profit,LPN,0,7,0.0
AK,2022-11-01,Non-Profit,RN,0,26,0.0
AK,2022-12-01,For-Profit,CNA,14,267,0.052434456928838954
AK,2022-12-01,For-Profit,LPN,4,53,0.07547169811320754
AK,2022-12-01,For-Profit,RN,8,149,0.053691275167785234
AK,2022-12-01,Government,CNA,1,41,0.024390243902439025
AK,2022-12-01,Government,LPN,0,9,0.0
AK,2022-12-01,Government,RN,1,15,0.06666666666666667
AK,2022-12-01,Non-Profit,CNA,3,60,0.05
AK,2022-12-01,Non-Profit,LPN,0,8,0.0
AK,2022-12-01,Non-Profit,RN,1,25,0.04
AK,2023-01-01,For-Profit,CNA,12,266,0.045112781954887216
AK,2023-01-01,For-Profit,LPN,1,52,0.019230769230769232
AK,2023-01-01,For-Profit,RN,2,142,0.014084507042253521
AK,2023-01-01,Government,CNA,3,45,0.06666666666666667
AK,2023-01-01,Government,LPN,0,9,0.0
AK,2023-01-01,Government,RN,0,15,0.0
AK,2023-01-01,Non-Profit,CNA,1,56,0.017857142857142856
AK,2023-01-01,Non-Profit,LPN,0,7,0.0
AK,2023-01-01,Non-Profit,RN,2,24,0.08333333333333333
AK,2023-02-01,For-Profit,CNA,10,259,0.03861003861003861
AK,2023-02-01,For-Profit,LPN,3,53,0.05660377358490566
AK,2023-02-01,For-Profit,RN,4,140,0.02857142857142857
AK,2023-02-01,Government,CNA,1,41,0.024390243902439025
AK,2023-02-01,Government,LPN,0,9,0.0
AK,2023-02-01,Government,RN,1,15,0.06666666666666667
AK,2023-02-01,Non-Profit,CNA,3,55,0.05454545454545454
AK,2023-02-01,Non-Profit,LPN,1,7,0.14285714285714285
AK,2023-02-01,Non-Profit,RN,0,21,0.0
AK,2023-03-01,For-Profit,CNA,16,282,0.05673758865248227
AK,2023-03-01,For-Profit,LPN,3,55,0.05454545454545454
AK,2023-03-01,For-Profit,RN,8,148,0.05405405405405406
AK,2023-03-01,Government,CNA,0,40,0.0
AK,2023-03-01,Government,LPN,0,9,0.0
AK,2023-03-01,Government,RN,0,13,0.0
AK,2023-03-01,Non-Profit,CNA,3,55,0.05454545454545454
AK,2023-03-01,Non-Profit,LPN,0,6,0.0
AK,2023-03-01,Non-Profit,RN,1,25,0.04
AK,2023-04-01,For-Profit,CNA,15,283,0.053003533568904596
AK,2023-04-01,For-Profit,LPN,3,54,0.05555555555555555
AK,2023-04-01,For-Profit,RN,7,146,0.04794520547945205
AK,2023-04-01,Government,CNA,1,43,0.023255813953488372
AK,2023-04-01,Government,LPN,0,9,0.0
AK,2023-04-01,Government,RN,0,13,0.0
AK,2023-04-01,Non-Profit,CNA,6,54,0.1111111111111111
AK,2023-04-01,Non-Profit,LPN,2,8,0.25
AK,2023-04-01,Non-Profit,RN,0,24,0.0
AK,2023-05-01,For-Profit,CNA,12,289,0.04152249134948097
AK,2023-05-01,For-Profit,LPN,2,52,0.038461538461538464
AK,2023-05-01,For-Profit,RN,5,140,0.03571428571428571
AK,2023-05-01,Government,CNA,3,47,0.06382978723404255
AK,2023-05-01,Government,LPN,0,10,0.0
AK,2023-05-01,Government,RN,0,15,0.0
AK,2023-05-01,Non-Profit,CNA,2,52,0.038461538461538464
AK,2023-05-01,Non-Profit,LPN,0,6,0.0
AK,2023-05-01,Non-Profit,RN,2,26,0.07692307692307693
AK,2023-06-01,For-Profit,CNA,13,288,0.04513888888888889
AK,2023-06-01,For-Profit,LPN,3,52,0.057692307692307696
AK,2023-06-01,For-Profit,RN,5,140,0.03571428571428571
AK,2023-06-01,Government,CNA,6,45,0.13333333333333333
AK,2023-06-01,Government,LPN,2,11,0.18181818181818182
AK,2023-06-01,Government,RN,4,17,0.23529411764705882
AK,2023-06-01,Non-Profit,CNA,3,51,0.058823529411764705
AK,2023-06-01,Non-Profit,LPN,0,6,0.0
AK,2023-06-01,Non-Profit,RN,5,24,0.20833333333333334
AK,2023-07-01,For-Profit,CNA,18,289,0.06228373702422145
AK,2023-07-01,For-Profit,LPN,2,52,0.038461538461538464
AK,2023-07-01,For-Profit,RN,8,140,0.05714285714285714
AK,2023-07-01,Government,CNA,0,18,0.0
AK,2023-07-01,Government,LPN,0,6,0.0
AK,2023-07-01,Government,RN,2,10,0.2
AK,2023-07-01,Non-Profit,CNA,3,51,0.058823529411764705
AK,2023-07-01,Non-Profit,LPN,0,6,0.0
AK,2023-07-01,Non-Profit,RN,2,19,0.10526315789473684
AK,2023-08-01,For-Profit,CNA,24,290,0.08275862068965517
AK,2023-08-01,For-Profit,LPN,0,47,0.0
AK,2023-08-01,For-Profit,RN,10,142,0.07042253521126761
AK,2023-08-01,Government,CNA,2,17,0.11764705882352941
AK,2023-08-01,Government,LPN,0,8,0.0
AK,2023-08-01,Government,RN,0,8,0.0
AK,2023-08-01,Non-Profit,CNA,4,57,0.07017543859649122
AK,2023-08-01,Non-Profit,LPN,0,6,0.0
AK,2023-08-01,Non-Profit,RN,0,18,0.0
AK,2023-09-01,For-Profit,CNA,8,274,0.029197080291970802
AK,2023-09-01,For-Profit,LPN,0,49,0.0
AK,2023-09-01,For-Profit,RN,6,141,0.0425531914893617
AK,2023-09-01,Government,CNA,0,14,0.0
AK,2023-09-01,Government,LPN,2,9,0.2222222222222222
AK,2023-09-01,Government,RN,0,8,0.0
AK,2023-09-01,Non-Profit,CNA,2,57,0.03508771929824561
AK,2023-09-01,Non-Profit,LPN,0,7,0.0
AK,2023-09-01,Non-Profit,RN,0,18,0.0
AK,2023-10-01,For-Profit,CNA,9,281,0.03202846975088968
AK,2023-10-01,For-Profit,LPN,1,50,0.02
AK,2023-10-01,For-Profit,RN,8,139,0.05755395683453238
AK,2023-10-01,Government,CNA,1,38,0.02631578947368421
AK,2023-10-01,Government,LPN,0,9,0.0
AK,2023-10-01,Government,RN,0,14,0.0
AK,2023-10-01,Non-Profit,CNA,2,55,0.03636363636363636
AK,2023-10-01,Non-Profit,LPN,2,7,0.2857142857142857
AK,2023-10-01,Non-Profit,RN,1,18,0.05555555555555555
AK,2023-11-01,For-Profit,CNA,10,285,0.03508771929824561
AK,2023-11-01,For-Profit,LPN,0,53,0.0
AK,2023-11-01,For-Profit,RN,4,143,0.027972027972027972
AK,2023-11-01,Government,CNA,0,37,0.0
AK,2023-11-01,Government,LPN,0,8,0.0
AK,2023-11-01,Government,RN,0,16,0.0
AK,2023-11-01,Non-Profit,CNA,2,51,0.0392156862745098
AK,2023-11-01,Non-Profit,LPN,0,5,0.0
AK,2023-11-01,Non-Profit,RN,0,18,0.0
AK,2023-12-01,For-Profit,CNA,13,279,0.04659498207885305
AK,2023-12-01,For-Profit,LPN,5,56,0.08928571428571429
AK,2023-12-01,For-Profit,RN,14,146,0.0958904109589041
AK,2023-12-01,Government,CNA,1,39,0.02564102564102564
AK,2023-12-01,Government,LPN,0,8,0.0
AK,2023-12-01,Government,RN,0,19,0.0
AK,2023-12-01,Non-Profit,CNA,3,50,0.06
AK,2023-12-01,Non-Profit,LPN,0,5,0.0
AK,2023-12-01,Non-Profit,RN,0,19,0.0
AK,2024-01-01,For-Profit,CNA,11,285,0.03859649122807018
AK,2024-01-01,For-Profit,LPN,1,59,0.01694915254237288
AK,2024-01-01,For-Profit,RN,4,146,0.0273972602739726
AK,2024-01-01,Government,CNA,2,43,0.046511627906976744
AK,2024-01-01,Government,LPN,0,8,0.0
AK,2024-01-01,Government,RN,0,19,0.0
AK,2024-01-01,Non-Profit,CNA,3,51,0.058823529411764705
AK,2024-01-01,Non-Profit,LPN,0,6,0.0
AK,2024-01-01,Non-Profit,RN,0,18,0.0
AK,2024-02-01,For-Profit,CNA,14,286,0.04895104895104895
AK,2024-02-01,For-Profit,LPN,7,62,0.11290322580645161
AK,2024-02-01,For-Profit,RN,7,150,0.04666666666666667
AK,2024-02-01,Government,CNA,1,44,0.022727272727272728
AK,2024-02-01,Government,LPN,1,9,0.1111111111111111
AK,2024-02-01,Government,RN,1,19,0.05263157894736842
AK,2024-02-01,Non-Profit,CNA,3,49,0.061224489795918366
AK,2024-02-01,Non-Profit,LPN,0,7,0.0
AK,2024-02-01,Non-Profit,RN,0,18,0.0
AK,2024-03-01,For-Profit,CNA,18,294,0.061224489795918366
AK,2024-03-01,For-Profit,LPN,1,59,0.01694915254237288
AK,2024-03-01,For-Profit,RN,11,152,0.07236842105263158
AK,2024-03-01,Government,CNA,0,47,0.0
AK,2024-03-01,Government,LPN,0,8,0.0
AK,2024-03-01,Government,RN,0,18,0.0
AK,2024-03-01,Non-Profit,CNA,0,45,0.0
AK,2024-03-01,Non-Profit,LPN,0,7,0.0
AK,2024-03-01,Non-Profit,RN,0,18,0.0
AK,2024-04-01,For-Profit,CNA,10,290,0.034482758620689655
AK,2024-04-01,For-Profit,LPN,2,63,0.031746031746031744
AK,2024-04-01,For-Profit,RN,8,149,0.053691275167785234
AK,2024-04-01,Government,CNA,2,52,0.038461538461538464
AK,2024-04-01,Government,LPN,2,9,0.2222222222222222
AK,2024-04-01,Government,RN,0,19,0.0
AK,2024-04-01,Non-Profit,CNA,4,50,0.08
AK,2024-04-01,Non-Profit,LPN,0,8,0.0
AK,2024-04-01,Non-Profit,RN,1,18,0.05555555555555555
AK,2024-05-01,For-Profit,CNA,16,291,0.054982817869415807
AK,2024-05-01,For-Profit,LPN,1,63,0.015873015873015872
AK,2024-05-01,For-Profit,RN,3,149,0.020134228187919462
AK,2024-05-01,Government,CNA,2,53,0.03773584905660377
AK,2024-05-01,Government,LPN,0,7,0.0
AK,2024-05-01,Government,RN,0,18,0.0
AK,2024-05-01,Non-Profit,CNA,1,48,0.020833333333333332
AK,2024-05-01,Non-Profit,LPN,0,10,0.0
AK,2024-05-01,Non-Profit,RN,0,17,0.0
AK,2024-06-01,For-Profit,CNA,19,292,0.06506849315068493
AK,2024-06-01,For-Profit,LPN,3,63,0.047619047619047616
AK,2024-06-01,For-Profit,RN,5,152,0.03289473684210526
AK,2024-06-01,Government,CNA,3,50,0.06
AK,2024-06-01,Government,LPN,1,8,0.125
AK,2024-06-01,Government,RN,0,20,0.0
AK,2024-06-01,Non-Profit,CNA,3,50,0.06
AK,2024-06-01,Non-Profit,LPN,1,11,0.09090909090909091
AK,2024-06-01,Non-Profit,RN,2,18,0.1111111111111111
AK,2024-07-01,For-Profit,CNA,25,286,0.08741258741258741
AK,2024-07-01,For-Profit,LPN,15,67,0.22388059701492538
AK,2024-07-01,For-Profit,RN,7,157,0.044585987261146494
AK,2024-07-01,Government,CNA,4,57,0.07017543859649122
AK,2024-07-01,Government,LPN,0,7,0.0
AK,2024-07-01,Government,RN,0,21,0.0
AK,2024-07-01,Non-Profit,CNA,1,53,0.018867924528301886
AK,2024-07-01,Non-Profit,LPN,0,9,0.0
AK,2024-07-01,Non-Profit,RN,0,16,0.0
AK,2024-08-01,For-Profit,CNA,16,282,0.05673758865248227
AK,2024-08-01,For-Profit,LPN,5,59,0.0847457627118644
AK,2024-08-01,For-Profit,RN,14,157,0.08917197452229299
AK,2024-08-01,Government,CNA,1,55,0.01818181818181818
AK,2024-08-01,Government,LPN,1,7,0.14285714285714285
AK,2024-08-01,Government,RN,1,23,0.043478260869565216
AK,2024-08-01,Non-Profit,CNA,4,52,0.07692307692307693
AK,2024-08-01,Non-Profit,LPN,1,8,0.125
AK,2024-08-01,Non-Profit,RN,0,16,0.0
AK,2024-09-01,For-Profit,CNA,13,272,0.04779411764705882
AK,2024-09-01,For-Profit,LPN,2,57,0.03508771929824561
AK,2024-09-01,For-Profit,RN,6,146,0.0410958904109589
AK,2024-09-01,Government,CNA,3,58,0.05172413793103448
AK,2024-09-01,Government,LPN,0,6,0.0
AK,2024-09-01,Government,RN,0,24,0.0
AK,2024-09-01,Non-Profit,CNA,4,46,0.08695652173913043
AK,2024-09-01,Non-Profit,LPN,0,8,0.0
AK,2024-09-01,Non-Profit,RN,2,16,0.125
AK,2024-10-01,For-Profit,CNA,17,275,0.06181818181818182
AK,2024-10-01,For-Profit,LPN,2,58,0.034482758620689655
AK,2024-10-01,For-Profit,RN,2,148,0.013513513513513514
AK,2024-10-01,Government,CNA,4,62,0.06451612903225806
AK,2024-10-01,Government,LPN,0,7,0.0
AK,2024-10-01,Government,RN,2,26,0.07692307692307693
AK,2024-11-01,For-Profit,CNA,18,265,0.06792452830188679
AK,2024-11-01,For-Profit,LPN,1,61,0.01639344262295082
AK,2024-11-01,For-Profit,RN,8,152,0.05263157894736842
AK,2024-11-01,Government,CNA,4,63,0.06349206349206349
AK,2024-11-01,Government,LPN,1,8,0.125
AK,2024-11-01,Government,RN,0,24,0.0
AK,2024-12-01,For-Profit,CNA,6,265,0.022641509433962263
AK,2024-12-01,For-Profit,LPN,0,58,0.0
AK,2024-12-01,For-Profit,RN,6,150,0.04
AK,2024-12-01,Government,CNA,8,63,0.12698412698412698
AK,2024-12-01,Government,LPN,1,8,0.125
AK,2024-12-01,Government,RN,2,29,0.06896551724137931
AK,2025-01-01,For-Profit,CNA,13,269,0.048327137546468404
AK,2025-01-01,For-Profit,LPN,7,65,0.1076923076923077
AK,2025-01-01,For-Profit,RN,9,153,0.058823529411764705
AK,2025-01-01,Government,CNA,14,67,0.208955223880597
AK,2025-01-01,Government,LPN,0,8,0.0
AK,2025-01-01,Government,RN,2,27,0.07407407407407407
AK,2025-01-01,Non-Profit,CNA,0,54,0.0
AK,2025-01-01,Non-Profit,LPN,0,10,0.0
AK,2025-01-01,Non-Profit,RN,2,17,0.11764705882352941
AK,2025-02-01,For-Profit,CNA,23,252,0.09126984126984126
AK,2025-02-01,For-Profit,LPN,4,64,0.0625
AK,2025-02-01,For-Profit,RN,22,152,0.14473684210526316
AK,2025-02-01,Government,CNA,0,56,0.0
AK,2025-02-01,Government,LPN,1,8,0.125
AK,2025-02-01,Government,RN,3,28,0.10714285714285714
AK,2025-02-01,Non-Profit,CNA,3,51,0.058823529411764705
AK,2025-02-01,Non-Profit,LPN,1,10,0.1
AK,2025-02-01,Non-Profit,RN,0,15,0.0
AK,2025-03-01,For-Profit,CNA,80,295,0.2711864406779661
AK,2025-03-01,For-Profit,LPN,19,73,0.2602739726027397
AK,2025-03-01,For-Profit,RN,66,200,0.33
AK,2025-03-01,Government,CNA,4,57,0.07017543859649122
AK,2025-03-01,Government,LPN,0,6,0.0
AK,2025-03-01,Government,RN,2,31,0.06451612903225806
AK,2025-03-01,Non-Profit,CNA,3,51,0.058823529411764705
AK,2025-03-01,Non-Profit,LPN,0,10,0.0
AK,2025-03-01,Non-Profit,RN,1,16,0.0625
AL,2022-10-01,For-Profit,CNA,923,9472,0.09744510135135136
AL,2022-10-01,For-Profit,LPN,204,3028,0.06737120211360634
AL,2022-10-01,For-Profit,RN,155,2158,0.07182576459684893
AL,2022-10-01,Government,CNA,18,370,0.04864864864864865
AL,2022-10-01,Government,LPN,4,129,0.031007751937984496
AL,2022-10-01,Government,RN,4,92,0.043478260869565216
AL,2022-10-01,Non-Profit,CNA,81,1244,0.06511254019292605
AL,2022-10-01,Non-Profit,LPN,27,411,0.06569343065693431
AL,2022-10-01,Non-Profit,RN,14,305,0.04590163934426229
AL,2022-11-01,For-Profit,CNA,787,9398,0.08374122153649713
AL,2022-11-01,For-Profit,LPN,141,2989,0.047172967547674804
AL,2022-11-01,For-Profit,RN,131,2098,0.06244041944709247
AL,2022-11-01,Government,CNA,15,367,0.04087193460490463
AL,2022-11-01,Government,LPN,3,129,0.023255813953488372
AL,2022-11-01,Government,RN,1,93,0.010752688172043012
AL,2022-11-01,Non-Profit,CNA,94,1220,0.07704918032786885
AL,2022-11-01,Non-Profit,LPN,17,399,0.042606516290726815
AL,2022-11-01,Non-Profit,RN,12,280,0.04285714285714286
AL,2022-12-01,For-Profit,CNA,926,9416,0.09834324553950723
AL,2022-12-01,For-Profit,LPN,189,3053,0.06190632165083525
AL,2022-12-01,For-Profit,RN,135,2075,0.06506024096385542
AL,2022-12-01,Government,CNA,32,366,0.08743169398907104
AL,2022-12-01,Government,LPN,10,127,0.07874015748031496
AL,2022-12-01,Government,RN,6,91,0.06593406593406594
AL,2022-12-01,Non-Profit,CNA,103,1236,0.08333333333333333
AL,2022-12-01,Non-Profit,LPN,22,411,0.0535279805352798
AL,2022-12-01,Non-Profit,RN,21,292,0.07191780821917808
AL,2023-01-01,For-Profit,CNA,865,9684,0.08932259396943412
AL,2023-01-01,For-Profit,LPN,197,3129,0.06295941195270055
AL,2023-01-01,For-Profit,RN,112,2172,0.05156537753222836
AL,2023-01-01,Government,CNA,45,385,0.11688311688311688
AL,2023-01-01,Government,LPN,11,136,0.08088235294117647
AL,2023-01-01,Government,RN,4,93,0.043010752688172046
AL,2023-01-01,Non-Profit,CNA,85,1221,0.06961506961506962
AL,2023-01-01,Non-Profit,LPN,20,406,0.04926108374384237
AL,2023-01-01,Non-Profit,RN,11,299,0.03678929765886288
AL,2023-02-01,For-Profit,CNA,969,9603,0.10090596688534832
AL,2023-02-01,For-Profit,LPN,202,3086,0.06545690213869086
AL,2023-02-01,For-Profit,RN,179,2182,0.08203483043079743
AL,2023-02-01,Government,CNA,19,362,0.052486187845303865
AL,2023-02-01,Government,LPN,2,123,0.016260162601626018
AL,2023-02-01,Government,RN,2,84,0.023809523809523808
AL,2023-02-01,Non-Profit,CNA,99,1238,0.07996768982229402
AL,2023-02-01,Non-Profit,LPN,18,403,0.04466501240694789
AL,2023-02-01,Non-Profit,RN,9,287,0.0313588850174216
AL,2023-03-01,For-Profit,CNA,985,9759,0.10093247258940465
AL,2023-03-01,For-Profit,LPN,209,3140,0.06656050955414013
AL,2023-03-01,For-Profit,RN,173,2232,0.0775089605734767
AL,2023-03-01,Government,CNA,28,374,0.0748663101604278
AL,2023-03-01,Government,LPN,10,122,0.08196721311475409
AL,2023-03-01,Government,RN,3,85,0.03529411764705882
AL,2023-03-01,Non-Profit,CNA,134,1258,0.10651828298887123
AL,2023-03-01,Non-Profit,LPN,24,419,0.057279236276849645
AL,2023-03-01,Non-Profit,RN,22,307,0.07166123778501629
AL,2023-04-01,For-Profit,CNA,876,9550,0.09172774869109948
AL,2023-04-01,For-Profit,LPN,210,3082,0.0681375730045425
AL,2023-04-01,For-Profit,RN,138,2192,0.06295620437956205
AL,2023-04-01,Government,CNA,22,325,0.06769230769230769
AL,2023-04-01,Government,LPN,1,111,0.009009009009009009
AL,2023-04-01,Government,RN,2,77,0.025974025974025976
AL,2023-04-01,Non-Profit,CNA,82,1227,0.06682966585167074
AL,2023-04-01,Non-Profit,LPN,17,420,0.04047619047619048
AL,2023-04-01,Non-Profit,RN,23,282,0.08156028368794327
AL,2023-05-01,For-Profit,CNA,909,9819,0.0925756186984418
AL,2023-05-01,For-Profit,LPN,211,3131,0.06739061002874482
AL,2023-05-01,For-Profit,RN,143,2218,0.06447249774571687
AL,2023-05-01,Government,CNA,16,337,0.04747774480712166
AL,2023-05-01,Government,LPN,2,112,0.017857142857142856
AL,2023-05-01,Government,RN,2,75,0.02666666666666667
AL,2023-05-01,Non-Profit,CNA,102,1277,0.07987470634299139
AL,2023-05-01,Non-Profit,LPN,18,410,0.04390243902439024
AL,2023-05-01,Non-Profit,RN,16,278,0.05755395683453238
AL,2023-06-01,For-Profit,CNA,978,10144,0.09641167192429022
AL,2023-06-01,For-Profit,LPN,254,3141,0.08086596625278573
AL,2023-06-01,For-Profit,RN,189,2245,0.08418708240534521
AL,2023-06-01,Government,CNA,25,340,0.07352941176470588
AL,2023-06-01,Government,LPN,3,110,0.02727272727272727
AL,2023-06-01,Government,RN,3,75,0.04
AL,2023-06-01,Non-Profit,CNA,111,1362,0.08149779735682819
AL,2023-06-01,Non-Profit,LPN,18,433,0.04157043879907621
AL,2023-06-01,Non-Profit,RN,14,280,0.05
AL,2023-07-01,For-Profit,CNA,959,10512,0.09122907153729072
AL,2023-07-01,For-Profit,LPN,214,3150,0.06793650793650793
AL,2023-07-01,For-Profit,RN,153,2314,0.06611927398444252
AL,2023-07-01,Government,CNA,24,389,0.061696658097686374
AL,2023-07-01,Government,LPN,0,123,0.0
AL,2023-07-01,Government,RN,2,86,0.023255813953488372
AL,2023-07-01,Non-Profit,CNA,131,1448,0.09046961325966851
AL,2023-07-01,Non-Profit,LPN,22,441,0.049886621315192746
AL,2023-07-01,Non-Profit,RN,21,328,0.06402439024390244
AL,2023-08-01,For-Profit,CNA,1208,10846,0.11137746634704038
AL,2023-08-01,For-Profit,LPN,244,3260,0.07484662576687116
AL,2023-08-01,For-Profit,RN,209,2437,0.08576118178087813
AL,2023-08-01,Government,CNA,27,398,0.0678391959798995
AL,2023-08-01,Government,LPN,3,131,0.022900763358778626
AL,2023-08-01,Government,RN,2,89,0.02247191011235955
AL,2023-08-01,Non-Profit,CNA,151,1496,0.10093582887700535
AL,2023-08-01,Non-Profit,LPN,37,451,0.082039911308204
AL,2023-08-01,Non-Profit,RN,19,333,0.057057057057057055
AL,2023-09-01,For-Profit,CNA,1312,10501,0.12494048185887058
AL,2023-09-01,For-Profit,LPN,306,3197,0.09571473256177666
AL,2023-09-01,For-Profit,RN,249,2382,0.10453400503778337
AL,2023-09-01,Government,CNA,34,401,0.08478802992518704
AL,2023-09-01,Government,LPN,4,132,0.030303030303030304
AL,2023-09-01,Government,RN,5,86,0.05813953488372093
AL,2023-09-01,Non-Profit,CNA,199,1470,0.13537414965986394
AL,2023-09-01,Non-Profit,LPN,35,450,0.07777777777777778
AL,2023-09-01,Non-Profit,RN,27,335,0.08059701492537313
AL,2023-10-01,For-Profit,CNA,999,10414,0.09592855771077395
AL,2023-10-01,For-Profit,LPN,205,3158,0.064914502849905
AL,2023-10-01,For-Profit,RN,173,2367,0.07308829742289819
AL,2023-10-01,Government,CNA,23,395,0.05822784810126582
AL,2023-10-01,Government,LPN,1,130,0.007692307692307693
AL,2023-10-01,Government,RN,2,95,0.021052631578947368
AL,2023-10-01,Non-Profit,CNA,98,1379,0.07106598984771574
AL,2023-10-01,Non-Profit,LPN,21,438,0.04794520547945205
AL,2023-10-01,Non-Profit,RN,9,318,0.02830188679245283
AL,2023-11-01,For-Profit,CNA,891,10311,0.08641256910096014
AL,2023-11-01,For-Profit,LPN,174,3141,0.055396370582617004
AL,2023-11-01,For-Profit,RN,169,2365,0.07145877378435518
AL,2023-11-01,Government,CNA,16,387,0.041343669250646
AL,2023-11-01,Government,LPN,5,131,0.03816793893129771
AL,2023-11-01,Government,RN,1,94,0.010638297872340425
AL,2023-11-01,Non-Profit,CNA,114,1466,0.07776261937244201
AL,2023-11-01,Non-Profit,LPN,20,439,0.04555808656036447
AL,2023-11-01,Non-Profit,RN,16,334,0.04790419161676647
AL,2023-12-01,For-Profit,CNA,1073,10136,0.1058602999210734
AL,2023-12-01,For-Profit,LPN,254,3146,0.080737444373808
AL,2023-12-01,For-Profit,RN,182,2337,0.07787762088147197
AL,2023-12-01,Government,CNA,31,385,0.08051948051948052
AL,2023-12-01,Government,LPN,7,131,0.05343511450381679
AL,2023-12-01,Government,RN,7,96,0.07291666666666667
AL,2023-12-01,Non-Profit,CNA,106,1420,0.07464788732394366
AL,2023-12-01,Non-Profit,LPN,20,442,0.04524886877828054
AL,2023-12-01,Non-Profit,RN,16,335,0.04776119402985075
AL,2024-01-01,For-Profit,CNA,970,10474,0.09261027305709375
AL,2024-01-01,For-Profit,LPN,196,3212,0.06102117061021171
AL,2024-01-01,For-Profit,RN,154,2432,0.06332236842105263
AL,2024-01-01,Government,CNA,31,376,0.08244680851063829
AL,2024-01-01,Government,LPN,7,128,0.0546875
AL,2024-01-01,Government,RN,8,101,0.07920792079207921
AL,2024-01-01,Non-Profit,CNA,115,1446,0.07952973720608575
AL,2024-01-01,Non-Profit,LPN,20,440,0.045454545454545456
AL,2024-01-01,Non-Profit,RN,19,342,0.05555555555555555
AL,2024-02-01,For-Profit,CNA,1047,10538,0.09935471626494591
AL,2024-02-01,For-Profit,LPN,200,3214,0.06222775357809583
AL,2024-02-01,For-Profit,RN,172,2445,0.0703476482617587
AL,2024-02-01,Government,CNA,12,370,0.032432432432432434
AL,2024-02-01,Government,LPN,1,124,0.008064516129032258
AL,2024-02-01,Government,RN,1,94,0.010638297872340425
AL,2024-02-01,Non-Profit,CNA,103,1436,0.07172701949860724
AL,2024-02-01,Non-Profit,LPN,33,449,0.07349665924276169
AL,2024-02-01,Non-Profit,RN,26,352,0.07386363636363637
AL,2024-03-01,For-Profit,CNA,1091,10528,0.10362841945288753
AL,2024-03-01,For-Profit,LPN,214,3190,0.0670846394984326
AL,2024-03-01,For-Profit,RN,206,2470,0.08340080971659919
AL,2024-03-01,Government,CNA,28,376,0.07446808510638298
AL,2024-03-01,Government,LPN,5,127,0.03937007874015748
AL,2024-03-01,Government,RN,2,91,0.02197802197802198
AL,2024-03-01,Non-Profit,CNA,126,1448,0.08701657458563536
AL,2024-03-01,Non-Profit,LPN,25,430,0.05813953488372093
AL,2024-03-01,Non-Profit,RN,13,341,0.03812316715542522
AL,2024-04-01,For-Profit,CNA,1034,10557,0.09794449180638438
AL,2024-04-01,For-Profit,LPN,206,3150,0.0653968253968254
AL,2024-04-01,For-Profit,RN,176,2449,0.07186606778276848
AL,2024-04-01,Government,CNA,26,386,0.06735751295336788
AL,2024-04-01,Government,LPN,10,129,0.07751937984496124
AL,2024-04-01,Government,RN,3,94,0.031914893617021274
AL,2024-04-01,Non-Profit,CNA,106,1428,0.0742296918767507
AL,2024-04-01,Non-Profit,LPN,21,422,0.04976303317535545
AL,2024-04-01,Non-Profit,RN,13,338,0.038461538461538464
AL,2024-05-01,For-Profit,CNA,1010,10680,0.0945692883895131
AL,2024-05-01,For-Profit,LPN,169,3162,0.0534471853257432
AL,2024-05-01,For-Profit,RN,177,2489,0.071112896745681
AL,2024-05-01,Government,CNA,21,391,0.05370843989769821
AL,2024-05-01,Government,LPN,6,122,0.04918032786885246
AL,2024-05-01,Government,RN,1,95,0.010526315789473684
AL,2024-05-01,Non-Profit,CNA,127,1460,0.08698630136986302
AL,2024-05-01,Non-Profit,LPN,23,436,0.052752293577981654
AL,2024-05-01,Non-Profit,RN,13,345,0.03768115942028986
AL,2024-06-01,For-Profit,CNA,1290,10765,0.11983279145378542
AL,2024-06-01,For-Profit,LPN,326,3182,0.10245128849780012
AL,2024-06-01,For-Profit,RN,205,2544,0.0805817610062893
AL,2024-06-01,Government,CNA,33,400,0.0825
AL,2024-06-01,Government,LPN,4,117,0.03418803418803419
AL,2024-06-01,Government,RN,1,93,0.010752688172043012
AL,2024-06-01,Non-Profit,CNA,99,1466,0.06753069577080491
AL,2024-06-01,Non-Profit,LPN,26,435,0.059770114942528735
AL,2024-06-01,Non-Profit,RN,22,359,0.06128133704735376
AL,2024-07-01,For-Profit,CNA,1094,11099,0.0985674385079737
AL,2024-07-01,For-Profit,LPN,228,3227,0.07065385807251318
AL,2024-07-01,For-Profit,RN,189,2590,0.07297297297297298
AL,2024-07-01,Government,CNA,20,400,0.05
AL,2024-07-01,Government,LPN,5,119,0.04201680672268908
AL,2024-07-01,Government,RN,2,95,0.021052631578947368
AL,2024-07-01,Non-Profit,CNA,104,1474,0.07055630936227951
AL,2024-07-01,Non-Profit,LPN,25,426,0.05868544600938967
AL,2024-07-01,Non-Profit,RN,14,346,0.04046242774566474
AL,2024-08-01,For-Profit,CNA,1160,11109,0.10441983976955621
AL,2024-08-01,For-Profit,LPN,216,3219,0.06710158434296365
AL,2024-08-01,For-Profit,RN,177,2599,0.06810311658330127
AL,2024-08-01,Government,CNA,24,400,0.06
AL,2024-08-01,Government,LPN,3,116,0.02586206896551724
AL,2024-08-01,Government,RN,3,96,0.03125
AL,2024-08-01,Non-Profit,CNA,123,1497,0.08216432865731463
AL,2024-08-01,Non-Profit,LPN,22,414,0.05314009661835749
AL,2024-08-01,Non-Profit,RN,22,361,0.060941828254847646
AL,2024-09-01,For-Profit,CNA,1080,10835,0.09967697277341947
AL,2024-09-01,For-Profit,LPN,263,3243,0.0810977489978415
AL,2024-09-01,For-Profit,RN,237,2643,0.08967082860385925
AL,2024-09-01,Government,CNA,41,401,0.10224438902743142
AL,2024-09-01,Government,LPN,6,126,0.047619047619047616
AL,2024-09-01,Government,RN,5,99,0.050505050505050504
AL,2024-09-01,Non-Profit,CNA,141,1511,0.09331568497683654
AL,2024-09-01,Non-Profit,LPN,31,415,0.0746987951807229
AL,2024-09-01,Non-Profit,RN,16,373,0.04289544235924933
AL,2024-10-01,For-Profit,CNA,992,10820,0.09168207024029575
AL,2024-10-01,For-Profit,LPN,195,3223,0.06050263729444617
AL,2024-10-01,For-Profit,RN,185,2646,0.06991685563114135
AL,2024-10-01,Government,CNA,25,372,0.06720430107526881
AL,2024-10-01,Government,LPN,4,120,0.03333333333333333
AL,2024-10-01,Government,RN,1,96,0.010416666666666666
AL,2024-10-01,Non-Profit,CNA,120,1518,0.07905138339920949
AL,2024-10-01,Non-Profit,LPN,16,425,0.03764705882352941
AL,2024-10-01,Non-Profit,RN,20,390,0.05128205128205128
AL,2024-11-01,For-Profit,CNA,968,10815,0.0895053166897827
AL,2024-11-01,For-Profit,LPN,174,3206,0.054273237679351216
AL,2024-11-01,For-Profit,RN,164,2618,0.06264323911382735
AL,2024-11-01,Government,CNA,30,370,0.08108108108108109
AL,2024-11-01,Government,LPN,2,117,0.017094017094017096
AL,2024-11-01,Government,RN,5,99,0.050505050505050504
AL,2024-11-01,Non-Profit,CNA,108,1505,0.07176079734219269
AL,2024-11-01,Non-Profit,LPN,19,438,0.04337899543378995
AL,2024-11-01,Non-Profit,RN,20,388,0.05154639175257732
AL,2024-12-01,For-Profit,CNA,993,10654,0.09320443026093486
AL,2024-12-01,For-Profit,LPN,198,3194,0.061991233562930494
AL,2024-12-01,For-Profit,RN,184,2616,0.07033639143730887
AL,2024-12-01,Government,CNA,23,356,0.06460674157303371
AL,2024-12-01,Government,LPN,5,115,0.043478260869565216
AL,2024-12-01,Government,RN,3,95,0.031578947368421054
AL,2024-12-01,Non-Profit,CNA,113,1497,0.07548430193720775
AL,2024-12-01,Non-Profit,LPN,25,429,0.05827505827505827
AL,2024-12-01,Non-Profit,RN,25,379,0.06596306068601583
AL,2025-01-01,For-Profit,CNA,985,10804,0.09116993706034802
AL,2025-01-01,For-Profit,LPN,221,3291,0.06715284108173808
AL,2025-01-01,For-Profit,RN,195,2625,0.07428571428571429
AL,2025-01-01,Government,CNA,32,374,0.0855614973262032
AL,2025-01-01,Government,LPN,4,121,0.03305785123966942
AL,2025-01-01,Government,RN,4,97,0.041237113402061855
AL,2025-01-01,Non-Profit,CNA,101,1497,0.0674682698730795
AL,2025-01-01,Non-Profit,LPN,28,426,0.06572769953051644
AL,2025-01-01,Non-Profit,RN,16,373,0.04289544235924933
AL,2025-02-01,For-Profit,CNA,944,10734,0.08794484814607788
AL,2025-02-01,For-Profit,LPN,204,3275,0.06229007633587786
AL,2025-02-01,For-Profit,RN,148,2622,0.05644546147978642
AL,2025-02-01,Government,CNA,20,355,0.056338028169014086
AL,2025-02-01,Government,LPN,2,119,0.01680672268907563
AL,2025-02-01,Government,RN,1,98,0.01020408163265306
AL,2025-02-01,Non-Profit,CNA,102,1478,0.06901217861975643
AL,2025-02-01,Non-Profit,LPN,24,421,0.057007125890736345
AL,2025-02-01,Non-Profit,RN,18,380,0.04736842105263158
AL,2025-03-01,For-Profit,CNA,1169,10886,0.10738563292302039
AL,2025-03-01,For-Profit,LPN,248,3285,0.07549467275494673
AL,2025-03-01,For-Profit,RN,229,2682,0.08538404175988068
AL,2025-03-01,Government,CNA,41,362,0.1132596685082873
AL,2025-03-01,Government,LPN,12,121,0.09917355371900827
AL,2025-03-01,Government,RN,11,101,0.10891089108910891
AL,2025-03-01,Non-Profit,CNA,120,1515,0.07920792079207921
AL,2025-03-01,Non-Profit,LPN,35,425,0.08235294117647059
AL,2025-03-01,Non-Profit,RN,21,393,0.05343511450381679
AR,2022-10-01,For-Profit,CNA,696,7996,0.08704352176088044
AR,2022-10-01,For-Profit,LPN,160,2880,0.05555555555555555
AR,2022-10-01,For-Profit,RN,83,1093,0.07593778591033852
AR,2022-10-01,Government,CNA,12,481,0.02494802494802495
AR,2022-10-01,Government,LPN,5,121,0.04132231404958678
AR,2022-10-01,Government,RN,3,78,0.038461538461538464
AR,2022-10-01,Non-Profit,CNA,35,612,0.05718954248366013
AR,2022-10-01,Non-Profit,LPN,8,198,0.04040404040404041
AR,2022-10-01,Non-Profit,RN,3,99,0.030303030303030304
AR,2022-11-01,For-Profit,CNA,634,7914,0.08011119535001264
AR,2022-11-01,For-Profit,LPN,157,2863,0.05483758295494237
AR,2022-11-01,For-Profit,RN,74,1122,0.0659536541889483
AR,2022-11-01,Government,CNA,21,497,0.04225352112676056
AR,2022-11-01,Government,LPN,7,117,0.05982905982905983
AR,2022-11-01,Government,RN,2,78,0.02564102564102564
AR,2022-11-01,Non-Profit,CNA,35,598,0.05852842809364549
AR,2022-11-01,Non-Profit,LPN,5,192,0.026041666666666668
AR,2022-11-01,Non-Profit,RN,3,96,0.03125
AR,2022-12-01,For-Profit,CNA,657,7921,0.08294407271809115
AR,2022-12-01,For-Profit,LPN,209,2894,0.07221838286109192
AR,2022-12-01,For-Profit,RN,71,1121,0.06333630686886708
AR,2022-12-01,Government,CNA,17,498,0.03413654618473896
AR,2022-12-01,Government,LPN,7,116,0.0603448275862069
AR,2022-12-01,Government,RN,2,79,0.02531645569620253
AR,2022-12-01,Non-Profit,CNA,57,599,0.09515859766277128
AR,2022-12-01,Non-Profit,LPN,16,199,0.08040201005025126
AR,2022-12-01,Non-Profit,RN,5,97,0.05154639175257732
AR,2023-01-01,For-Profit,CNA,745,8132,0.09161337924249877
AR,2023-01-01,For-Profit,LPN,212,2920,0.07260273972602739
AR,2023-01-01,For-Profit,RN,94,1166,0.08061749571183534
AR,2023-01-01,Government,CNA,25,513,0.04873294346978557
AR,2023-01-01,Government,LPN,5,117,0.042735042735042736
AR,2023-01-01,Government,RN,0,82,0.0
AR,2023-01-01,Non-Profit,CNA,89,593,0.15008431703204048
AR,2023-01-01,Non-Profit,LPN,31,207,0.1497584541062802
AR,2023-01-01,Non-Profit,RN,11,95,0.11578947368421053
AR,2023-02-01,For-Profit,CNA,706,8164,0.08647721705046546
AR,2023-02-01,For-Profit,LPN,168,2876,0.0584144645340751
AR,2023-02-01,For-Profit,RN,97,1136,0.08538732394366197
AR,2023-02-01,Government,CNA,18,498,0.03614457831325301
AR,2023-02-01,Government,LPN,4,115,0.034782608695652174
AR,2023-02-01,Government,RN,0,76,0.0
AR,2023-02-01,Non-Profit,CNA,39,588,0.0663265306122449
AR,2023-02-01,Non-Profit,LPN,9,208,0.04326923076923077
AR,2023-02-01,Non-Profit,RN,3,93,0.03225806451612903
AR,2023-03-01,For-Profit,CNA,831,8382,0.09914101646385111
AR,2023-03-01,For-Profit,LPN,191,2905,0.0657487091222031
AR,2023-03-01,For-Profit,RN,121,1150,0.10521739130434783
AR,2023-03-01,Government,CNA,29,505,0.05742574257425743
AR,2023-03-01,Government,LPN,8,119,0.06722689075630252
AR,2023-03-01,Government,RN,4,85,0.047058823529411764
AR,2023-03-01,Non-Profit,CNA,52,605,0.0859504132231405
AR,2023-03-01,Non-Profit,LPN,13,207,0.06280193236714976
AR,2023-03-01,Non-Profit,RN,6,89,0.06741573033707865
AR,2023-04-01,For-Profit,CNA,772,8384,0.09208015267175572
AR,2023-04-01,For-Profit,LPN,177,2902,0.060992419021364576
AR,2023-04-01,For-Profit,RN,69,1125,0.06133333333333333
AR,2023-04-01,Government,CNA,24,494,0.048582995951417005
AR,2023-04-01,Government,LPN,4,114,0.03508771929824561
AR,2023-04-01,Government,RN,1,87,0.011494252873563218
AR,2023-04-01,Non-Profit,CNA,54,656,0.08231707317073171
AR,2023-04-01,Non-Profit,LPN,12,207,0.057971014492753624
AR,2023-04-01,Non-Profit,RN,4,93,0.043010752688172046
AR,2023-05-01,For-Profit,CNA,824,8526,0.0966455547736336
AR,2023-05-01,For-Profit,LPN,215,2956,0.07273342354533154
AR,2023-05-01,For-Profit,RN,102,1140,0.08947368421052632
AR,2023-05-01,Government,CNA,20,493,0.04056795131845842
AR,2023-05-01,Government,LPN,6,119,0.05042016806722689
AR,2023-05-01,Government,RN,3,86,0.03488372093023256
AR,2023-05-01,Non-Profit,CNA,53,642,0.08255451713395638
AR,2023-05-01,Non-Profit,LPN,11,204,0.05392156862745098
AR,2023-05-01,Non-Profit,RN,4,93,0.043010752688172046
AR,2023-06-01,For-Profit,CNA,825,8800,0.09375
AR,2023-06-01,For-Profit,LPN,207,2966,0.06979096426163182
AR,2023-06-01,For-Profit,RN,97,1172,0.08276450511945392
AR,2023-06-01,Government,CNA,20,497,0.04024144869215292
AR,2023-06-01,Government,LPN,3,115,0.02608695652173913
AR,2023-06-01,Government,RN,2,87,0.022988505747126436
AR,2023-06-01,Non-Profit,CNA,71,651,0.10906298003072197
AR,2023-06-01,Non-Profit,LPN,28,210,0.13333333333333333
AR,2023-06-01,Non-Profit,RN,8,98,0.08163265306122448
AR,2023-07-01,For-Profit,CNA,953,8946,0.10652805723228258
AR,2023-07-01,For-Profit,LPN,210,2983,0.07039892725444184
AR,2023-07-01,For-Profit,RN,114,1197,0.09523809523809523
AR,2023-07-01,Government,CNA,24,495,0.048484848484848485
AR,2023-07-01,Government,LPN,4,118,0.03389830508474576
AR,2023-07-01,Government,RN,3,87,0.034482758620689655
AR,2023-07-01,Non-Profit,CNA,44,656,0.06707317073170732
AR,2023-07-01,Non-Profit,LPN,11,213,0.051643192488262914
AR,2023-07-01,Non-Profit,RN,7,97,0.07216494845360824
AR,2023-08-01,For-Profit,CNA,989,9126,0.10837168529476222
AR,2023-08-01,For-Profit,LPN,228,3024,0.07539682539682539
AR,2023-08-01,For-Profit,RN,96,1165,0.08240343347639485
AR,2023-08-01,Government,CNA,32,520,0.06153846153846154
AR,2023-08-01,Government,LPN,7,124,0.056451612903225805
AR,2023-08-01,Government,RN,2,82,0.024390243902439025
AR,2023-08-01,Non-Profit,CNA,54,670,0.08059701492537313
AR,2023-08-01,Non-Profit,LPN,9,206,0.043689320388349516
AR,2023-08-01,Non-Profit,RN,3,97,0.030927835051546393
AR,2023-09-01,For-Profit,CNA,869,8994,0.09661996886813431
AR,2023-09-01,For-Profit,LPN,215,2966,0.0724881995954147
AR,2023-09-01,For-Profit,RN,96,1178,0.08149405772495756
AR,2023-09-01,Government,CNA,45,519,0.08670520231213873
AR,2023-09-01,Government,LPN,12,123,0.0975609756097561
AR,2023-09-01,Government,RN,4,86,0.046511627906976744
AR,2023-09-01,Non-Profit,CNA,68,678,0.10029498525073746
AR,2023-09-01,Non-Profit,LPN,12,213,0.056338028169014086
AR,2023-09-01,Non-Profit,RN,3,93,0.03225806451612903
AR,2023-10-01,For-Profit,CNA,860,9021,0.09533311162842258
AR,2023-10-01,For-Profit,LPN,190,2969,0.06399461098012799
AR,2023-10-01,For-Profit,RN,93,1176,0.07908163265306123
AR,2023-10-01,Government,CNA,21,470,0.04468085106382979
AR,2023-10-01,Government,LPN,2,101,0.019801980198019802
AR,2023-10-01,Government,RN,1,82,0.012195121951219513
AR,2023-10-01,Non-Profit,CNA,51,632,0.08069620253164557
AR,2023-10-01,Non-Profit,LPN,6,197,0.030456852791878174
AR,2023-10-01,Non-Profit,RN,5,92,0.05434782608695652
AR,2023-11-01,For-Profit,CNA,805,8957,0.0898738416880652
AR,2023-11-01,For-Profit,LPN,186,2938,0.06330837304288632
AR,2023-11-01,For-Profit,RN,88,1169,0.07527801539777587
AR,2023-11-01,Government,CNA,16,461,0.03470715835140998
AR,2023-11-01,Government,LPN,3,99,0.030303030303030304
AR,2023-11-01,Government,RN,2,79,0.02531645569620253
AR,2023-11-01,Non-Profit,CNA,37,626,0.05910543130990415
AR,2023-11-01,Non-Profit,LPN,6,198,0.030303030303030304
AR,2023-11-01,Non-Profit,RN,1,90,0.011111111111111112
AR,2023-12-01,For-Profit,CNA,805,8810,0.09137343927355278
AR,2023-12-01,For-Profit,LPN,251,2954,0.08496953283683141
AR,2023-12-01,For-Profit,RN,94,1188,0.07912457912457913
AR,2023-12-01,Government,CNA,26,455,0.05714285714285714
AR,2023-12-01,Government,LPN,4,97,0.041237113402061855
AR,2023-12-01,Government,RN,1,81,0.012345679012345678
AR,2023-12-01,Non-Profit,CNA,54,625,0.0864
AR,2023-12-01,Non-Profit,LPN,19,206,0.09223300970873786
AR,2023-12-01,Non-Profit,RN,3,95,0.031578947368421054
AR,2024-01-01,For-Profit,CNA,836,9015,0.09273433166943983
AR,2024-01-01,For-Profit,LPN,228,3004,0.0758988015978695
AR,2024-01-01,For-Profit,RN,104,1282,0.0811232449297972
AR,2024-01-01,Government,CNA,24,493,0.0486815415821501
AR,2024-01-01,Government,LPN,8,118,0.06779661016949153
AR,2024-01-01,Government,RN,5,93,0.053763440860215055
AR,2024-01-01,Non-Profit,CNA,43,657,0.0654490106544901
AR,2024-01-01,Non-Profit,LPN,7,212,0.0330188679245283
AR,2024-01-01,Non-Profit,RN,3,97,0.030927835051546393
AR,2024-02-01,For-Profit,CNA,827,8966,0.09223734106625028
AR,2024-02-01,For-Profit,LPN,202,2997,0.06740073406740073
AR,2024-02-01,For-Profit,RN,87,1299,0.06697459584295612
AR,2024-02-01,Government,CNA,24,484,0.049586776859504134
AR,2024-02-01,Government,LPN,8,113,0.07079646017699115
AR,2024-02-01,Government,RN,3,90,0.03333333333333333
AR,2024-02-01,Non-Profit,CNA,57,672,0.08482142857142858
AR,2024-02-01,Non-Profit,LPN,12,215,0.05581395348837209
AR,2024-02-01,Non-Profit,RN,5,98,0.05102040816326531
AR,2024-03-01,For-Profit,CNA,922,9088,0.10145246478873239
AR,2024-03-01,For-Profit,LPN,265,3003,0.08824508824508824
AR,2024-03-01,For-Profit,RN,142,1391,0.10208483105679367
AR,2024-03-01,Government,CNA,21,491,0.04276985743380855
AR,2024-03-01,Government,LPN,5,115,0.043478260869565216
AR,2024-03-01,Government,RN,5,93,0.053763440860215055
AR,2024-03-01,Non-Profit,CNA,52,671,0.07749627421758569
AR,2024-03-01,Non-Profit,LPN,5,208,0.02403846153846154
AR,2024-03-01,Non-Profit,RN,2,98,0.02040816326530612
AR,2024-04-01,For-Profit,CNA,778,9016,0.0862910381543922
AR,2024-04-01,For-Profit,LPN,172,2951,0.058285327007793965
AR,2024-04-01,For-Profit,RN,94,1319,0.0712661106899166
AR,2024-04-01,Government,CNA,22,485,0.04536082474226804
AR,2024-04-01,Government,LPN,1,114,0.008771929824561403
AR,2024-04-01,Government,RN,1,92,0.010869565217391304
AR,2024-04-01,Non-Profit,CNA,37,675,0.054814814814814816
AR,2024-04-01,Non-Profit,LPN,9,211,0.04265402843601896
AR,2024-04-01,Non-Profit,RN,4,102,0.0392156862745098
AR,2024-05-01,For-Profit,CNA,911,9250,0.09848648648648649
AR,2024-05-01,For-Profit,LPN,233,3016,0.07725464190981432
AR,2024-05-01,For-Profit,RN,118,1449,0.08143547273982056
AR,2024-05-01,Government,CNA,20,494,0.04048582995951417
AR,2024-05-01,Government,LPN,5,117,0.042735042735042736
AR,2024-05-01,Government,RN,1,93,0.010752688172043012
AR,2024-05-01,Non-Profit,CNA,54,701,0.07703281027104136
AR,2024-05-01,Non-Profit,LPN,8,217,0.03686635944700461
AR,2024-05-01,Non-Profit,RN,8,111,0.07207207207207207
AR,2024-06-01,For-Profit,CNA,846,9240,0.09155844155844156
AR,2024-06-01,For-Profit,LPN,182,2951,0.06167400881057269
AR,2024-06-01,For-Profit,RN,124,1421,0.08726249120337791
AR,2024-06-01,Government,CNA,24,495,0.048484848484848485
AR,2024-06-01,Government,LPN,10,124,0.08064516129032258
AR,2024-06-01,Government,RN,2,97,0.020618556701030927
AR,2024-06-01,Non-Profit,CNA,69,680,0.10147058823529412
AR,2024-06-01,Non-Profit,LPN,14,222,0.06306306306306306
AR,2024-06-01,Non-Profit,RN,13,114,0.11403508771929824
AR,2024-07-01,For-Profit,CNA,905,9558,0.09468508056078677
AR,2024-07-01,For-Profit,LPN,200,3080,0.06493506493506493
AR,2024-07-01,For-Profit,RN,106,1454,0.07290233837689133
AR,2024-07-01,Government,CNA,21,497,0.04225352112676056
AR,2024-07-01,Government,LPN,3,127,0.023622047244094488
AR,2024-07-01,Government,RN,1,104,0.009615384615384616
AR,2024-07-01,Non-Profit,CNA,54,648,0.08333333333333333
AR,2024-07-01,Non-Profit,LPN,11,209,0.05263157894736842
AR,2024-07-01,Non-Profit,RN,8,102,0.0784313725490196
AR,2024-08-01,For-Profit,CNA,931,9553,0.09745629645137653
AR,2024-08-01,For-Profit,LPN,207,3091,0.06696861857004206
AR,2024-08-01,For-Profit,RN,116,1422,0.08157524613220815
AR,2024-08-01,Government,CNA,33,499,0.06613226452905811
AR,2024-08-01,Government,LPN,6,133,0.045112781954887216
AR,2024-08-01,Government,RN,7,105,0.06666666666666667
AR,2024-08-01,Non-Profit,CNA,43,638,0.06739811912225706
AR,2024-08-01,Non-Profit,LPN,8,209,0.03827751196172249
AR,2024-08-01,Non-Profit,RN,13,96,0.13541666666666666
AR,2024-09-01,For-Profit,CNA,951,9484,0.10027414592998735
AR,2024-09-01,For-Profit,LPN,205,3038,0.06747860434496379
AR,2024-09-01,For-Profit,RN,105,1410,0.07446808510638298
AR,2024-09-01,Government,CNA,52,498,0.10441767068273092
AR,2024-09-01,Government,LPN,12,135,0.08888888888888889
AR,2024-09-01,Government,RN,10,104,0.09615384615384616
AR,2024-09-01,Non-Profit,CNA,38,637,0.059654631083202514
AR,2024-09-01,Non-Profit,LPN,8,212,0.03773584905660377
AR,2024-09-01,Non-Profit,RN,5,90,0.05555555555555555
AR,2024-10-01,For-Profit,CNA,917,9638,0.09514422079269558
AR,2024-10-01,For-Profit,LPN,182,3073,0.05922551252847381
AR,2024-10-01,For-Profit,RN,112,1466,0.07639836289222374
AR,2024-10-01,Government,CNA,24,487,0.049281314168377825
AR,2024-10-01,Government,LPN,5,132,0.03787878787878788
AR,2024-10-01,Government,RN,5,112,0.044642857142857144
AR,2024-10-01,Non-Profit,CNA,52,687,0.07569141193595343
AR,2024-10-01,Non-Profit,LPN,16,220,0.07272727272727272
AR,2024-10-01,Non-Profit,RN,5,100,0.05
AR,2024-11-01,For-Profit,CNA,767,9530,0.08048268625393494
AR,2024-11-01,For-Profit,LPN,178,3065,0.05807504078303426
AR,2024-11-01,For-Profit,RN,109,1427,0.07638402242466713
AR,2024-11-01,Government,CNA,28,478,0.058577405857740586
AR,2024-11-01,Government,LPN,2,125,0.016
AR,2024-11-01,Government,RN,3,106,0.02830188679245283
AR,2024-11-01,Non-Profit,CNA,57,699,0.0815450643776824
AR,2024-11-01,Non-Profit,LPN,12,210,0.05714285714285714
AR,2024-11-01,Non-Profit,RN,8,99,0.08080808080808081
AR,2024-12-01,For-Profit,CNA,932,9544,0.09765297569153394
AR,2024-12-01,For-Profit,LPN,228,3056,0.07460732984293193
AR,2024-12-01,For-Profit,RN,126,1469,0.08577263444520082
AR,2024-12-01,Government,CNA,22,468,0.04700854700854701
AR,2024-12-01,Government,LPN,11,128,0.0859375
AR,2024-12-01,Government,RN,1,111,0.009009009009009009
AR,2024-12-01,Non-Profit,CNA,54,679,0.07952871870397643
AR,2024-12-01,Non-Profit,LPN,11,214,0.0514018691588785
AR,2024-12-01,Non-Profit,RN,3,99,0.030303030303030304
AR,2025-01-01,For-Profit,CNA,895,9630,0.09293873312564901
AR,2025-01-01,For-Profit,LPN,226,3081,0.07335280753002273
AR,2025-01-01,For-Profit,RN,104,1451,0.07167470709855273
AR,2025-01-01,Government,CNA,15,471,0.03184713375796178
AR,2025-01-01,Government,LPN,2,122,0.01639344262295082
AR,2025-01-01,Government,RN,6,115,0.05217391304347826
AR,2025-01-01,Non-Profit,CNA,55,669,0.08221225710014948
AR,2025-01-01,Non-Profit,LPN,21,219,0.0958904109589041
AR,2025-01-01,Non-Profit,RN,9,99,0.09090909090909091
AR,2025-02-01,For-Profit,CNA,867,9408,0.09215561224489796
AR,2025-02-01,For-Profit,LPN,187,3009,0.062146892655367235
AR,2025-02-01,For-Profit,RN,98,1436,0.06824512534818941
AR,2025-02-01,Government,CNA,26,480,0.05416666666666667
AR,2025-02-01,Government,LPN,3,116,0.02586206896551724
AR,2025-02-01,Government,RN,3,109,0.027522935779816515
AR,2025-02-01,Non-Profit,CNA,88,690,0.12753623188405797
AR,2025-02-01,Non-Profit,LPN,27,223,0.1210762331838565
AR,2025-02-01,Non-Profit,RN,13,108,0.12037037037037036
AR,2025-03-01,For-Profit,CNA,1028,9488,0.10834738617200675
AR,2025-03-01,For-Profit,LPN,196,3021,0.0648791790797749
AR,2025-03-01,For-Profit,RN,114,1480,0.07702702702702703
AR,2025-03-01,Government,CNA,26,486,0.053497942386831275
AR,2025-03-01,Government,LPN,4,119,0.03361344537815126
AR,2025-03-01,Government,RN,6,112,0.05357142857142857
AR,2025-03-01,Non-Profit,CNA,75,666,0.11261261261261261
AR,2025-03-01,Non-Profit,LPN,17,208,0.08173076923076923
AR,2025-03-01,Non-Profit,RN,11,100,0.11
AZ,2022-10-01,For-Profit,CNA,441,4949,0.0891089108910891
AZ,2022-10-01,For-Profit,LPN,176,2245,0.07839643652561247
AZ,2022-10-01,For-Profit,RN,93,1397,0.06657122405153901
AZ,2022-10-01,Government,CNA,3,115,0.02608695652173913
AZ,2022-10-01,Government,LPN,4,67,0.05970149253731343
AZ,2022-10-01,Government,RN,1,48,0.020833333333333332
AZ,2022-10-01,Non-Profit,CNA,14,331,0.04229607250755287
AZ,2022-10-01,Non-Profit,LPN,3,100,0.03
AZ,2022-10-01,Non-Profit,RN,6,147,0.04081632653061224
AZ,2022-11-01,For-Profit,CNA,447,4948,0.09033953112368634
AZ,2022-11-01,For-Profit,LPN,148,2253,0.06569019085663559
AZ,2022-11-01,For-Profit,RN,106,1385,0.07653429602888087
AZ,2022-11-01,Government,CNA,3,116,0.02586206896551724
AZ,2022-11-01,Government,LPN,2,66,0.030303030303030304
AZ,2022-11-01,Government,RN,2,47,0.0425531914893617
AZ,2022-11-01,Non-Profit,CNA,13,330,0.03939393939393939
AZ,2022-11-01,Non-Profit,LPN,5,100,0.05
AZ,2022-11-01,Non-Profit,RN,9,154,0.05844155844155844
AZ,2022-12-01,For-Profit,CNA,474,4919,0.0963610489936979
AZ,2022-12-01,For-Profit,LPN,161,2256,0.07136524822695035
AZ,2022-12-01,For-Profit,RN,97,1375,0.07054545454545455
AZ,2022-12-01,Government,CNA,4,117,0.03418803418803419
AZ,2022-12-01,Government,LPN,2,65,0.03076923076923077
AZ,2022-12-01,Government,RN,0,40,0.0
AZ,2022-12-01,Non-Profit,CNA,52,341,0.15249266862170088
AZ,2022-12-01,Non-Profit,LPN,10,100,0.1
AZ,2022-12-01,Non-Profit,RN,24,150,0.16
AZ,2023-01-01,For-Profit,CNA,454,4899,0.09267197387221882
AZ,2023-01-01,For-Profit,LPN,188,2303,0.08163265306122448
AZ,2023-01-01,For-Profit,RN,96,1416,0.06779661016949153
AZ,2023-01-01,Government,CNA,6,119,0.05042016806722689
AZ,2023-01-01,Government,LPN,3,66,0.045454545454545456
AZ,2023-01-01,Government,RN,2,47,0.0425531914893617
AZ,2023-01-01,Non-Profit,CNA,18,348,0.05172413793103448
AZ,2023-01-01,Non-Profit,LPN,4,100,0.04
AZ,2023-01-01,Non-Profit,RN,4,158,0.02531645569620253
AZ,2023-02-01,For-Profit,CNA,505,4899,0.10308226168605839
AZ,2023-02-01,For-Profit,LPN,183,2293,0.07980811164413432
AZ,2023-02-01,For-Profit,RN,86,1404,0.06125356125356125
AZ,2023-02-01,Government,CNA,3,113,0.02654867256637168
AZ,2023-02-01,Government,LPN,1,69,0.014492753623188406
AZ,2023-02-01,Government,RN,1,46,0.021739130434782608
AZ,2023-02-01,Non-Profit,CNA,14,352,0.03977272727272727
AZ,2023-02-01,Non-Profit,LPN,5,102,0.049019607843137254
AZ,2023-02-01,Non-Profit,RN,8,157,0.050955414012738856
AZ,2023-03-01,For-Profit,CNA,542,5022,0.10792512943050578
AZ,2023-03-01,For-Profit,LPN,186,2356,0.07894736842105263
AZ,2023-03-01,For-Profit,RN,136,1437,0.09464161447459986
AZ,2023-03-01,Government,CNA,5,114,0.043859649122807015
AZ,2023-03-01,Government,LPN,4,74,0.05405405405405406
AZ,2023-03-01,Government,RN,3,47,0.06382978723404255
AZ,2023-03-01,Non-Profit,CNA,27,361,0.07479224376731301
AZ,2023-03-01,Non-Profit,LPN,13,95,0.1368421052631579
AZ,2023-03-01,Non-Profit,RN,17,158,0.10759493670886076
AZ,2023-04-01,For-Profit,CNA,441,4991,0.08835904628330996
AZ,2023-04-01,For-Profit,LPN,157,2328,0.06743986254295532
AZ,2023-04-01,For-Profit,RN,86,1419,0.06060606060606061
AZ,2023-04-01,Government,CNA,1,115,0.008695652173913044
AZ,2023-04-01,Government,LPN,4,73,0.0547945205479452
AZ,2023-04-01,Government,RN,1,50,0.02
AZ,2023-04-01,Non-Profit,CNA,18,354,0.05084745762711865
AZ,2023-04-01,Non-Profit,LPN,7,92,0.07608695652173914
AZ,2023-04-01,Non-Profit,RN,8,139,0.05755395683453238
AZ,2023-05-01,For-Profit,CNA,492,5108,0.09631949882537197
AZ,2023-05-01,For-Profit,LPN,154,2319,0.06640793445450625
AZ,2023-05-01,For-Profit,RN,97,1416,0.06850282485875706
AZ,2023-05-01,Government,CNA,1,116,0.008620689655172414
AZ,2023-05-01,Government,LPN,3,73,0.0410958904109589
AZ,2023-05-01,Government,RN,5,49,0.10204081632653061
AZ,2023-05-01,Non-Profit,CNA,23,361,0.06371191135734072
AZ,2023-05-01,Non-Profit,LPN,5,90,0.05555555555555555
AZ,2023-05-01,Non-Profit,RN,13,141,0.09219858156028368
AZ,2023-06-01,For-Profit,CNA,463,5185,0.08929604628736741
AZ,2023-06-01,For-Profit,LPN,185,2339,0.07909362975630611
AZ,2023-06-01,For-Profit,RN,124,1439,0.08617095205003475
AZ,2023-06-01,Government,CNA,2,118,0.01694915254237288
AZ,2023-06-01,Government,LPN,2,66,0.030303030303030304
AZ,2023-06-01,Government,RN,7,45,0.15555555555555556
AZ,2023-06-01,Non-Profit,CNA,28,351,0.07977207977207977
AZ,2023-06-01,Non-Profit,LPN,5,93,0.053763440860215055
AZ,2023-06-01,Non-Profit,RN,9,128,0.0703125
AZ,2023-07-01,For-Profit,CNA,470,5233,0.08981463787502389
AZ,2023-07-01,For-Profit,LPN,167,2357,0.07085277895630038
AZ,2023-07-01,For-Profit,RN,103,1437,0.07167710508002784
AZ,2023-07-01,Government,CNA,1,122,0.00819672131147541
AZ,2023-07-01,Government,LPN,2,70,0.02857142857142857
AZ,2023-07-01,Government,RN,1,43,0.023255813953488372
AZ,2023-07-01,Non-Profit,CNA,35,381,0.09186351706036745
AZ,2023-07-01,Non-Profit,LPN,9,109,0.08256880733944955
AZ,2023-07-01,Non-Profit,RN,4,145,0.027586206896551724
AZ,2023-08-01,For-Profit,CNA,527,5335,0.09878163074039363
AZ,2023-08-01,For-Profit,LPN,149,2379,0.06263135771332493
AZ,2023-08-01,For-Profit,RN,135,1479,0.09127789046653144
AZ,2023-08-01,Government,CNA,2,129,0.015503875968992248
AZ,2023-08-01,Government,LPN,1,69,0.014492753623188406
AZ,2023-08-01,Government,RN,1,43,0.023255813953488372
AZ,2023-08-01,Non-Profit,CNA,21,374,0.05614973262032086
AZ,2023-08-01,Non-Profit,LPN,7,120,0.058333333333333334
AZ,2023-08-01,Non-Profit,RN,8,158,0.05063291139240506
AZ,2023-09-01,For-Profit,CNA,507,5358,0.09462486002239642
AZ,2023-09-01,For-Profit,LPN,196,2493,0.07862013638186924
AZ,2023-09-01,For-Profit,RN,115,1447,0.07947477539737388
AZ,2023-09-01,Government,CNA,2,126,0.015873015873015872
AZ,2023-09-01,Government,LPN,3,70,0.04285714285714286
AZ,2023-09-01,Government,RN,1,43,0.023255813953488372
AZ,2023-09-01,Non-Profit,CNA,29,396,0.07323232323232323
AZ,2023-09-01,Non-Profit,LPN,3,114,0.02631578947368421
AZ,2023-09-01,Non-Profit,RN,15,160,0.09375
AZ,2023-10-01,For-Profit,CNA,489,5319,0.09193457416807671
AZ,2023-10-01,For-Profit,LPN,182,2461,0.07395367736692401
AZ,2023-10-01,For-Profit,RN,130,1492,0.0871313672922252
AZ,2023-10-01,Government,CNA,1,128,0.0078125
AZ,2023-10-01,Government,LPN,3,71,0.04225352112676056
AZ,2023-10-01,Government,RN,1,57,0.017543859649122806
AZ,2023-10-01,Non-Profit,CNA,22,396,0.05555555555555555
AZ,2023-10-01,Non-Profit,LPN,4,121,0.03305785123966942
AZ,2023-10-01,Non-Profit,RN,6,155,0.03870967741935484
AZ,2023-11-01,For-Profit,CNA,468,5398,0.08669877732493517
AZ,2023-11-01,For-Profit,LPN,202,2547,0.07930899096976836
AZ,2023-11-01,For-Profit,RN,113,1464,0.07718579234972678
AZ,2023-11-01,Government,CNA,3,133,0.022556390977443608
AZ,2023-11-01,Government,LPN,1,69,0.014492753623188406
AZ,2023-11-01,Government,RN,4,56,0.07142857142857142
AZ,2023-11-01,Non-Profit,CNA,14,391,0.03580562659846547
AZ,2023-11-01,Non-Profit,LPN,7,128,0.0546875
AZ,2023-11-01,Non-Profit,RN,6,160,0.0375
AZ,2023-12-01,For-Profit,CNA,589,5337,0.11036162638186246
AZ,2023-12-01,For-Profit,LPN,242,2457,0.0984940984940985
AZ,2023-12-01,For-Profit,RN,114,1429,0.07977606717984605
AZ,2023-12-01,Government,CNA,3,139,0.02158273381294964
AZ,2023-12-01,Government,LPN,0,73,0.0
AZ,2023-12-01,Government,RN,7,55,0.12727272727272726
AZ,2023-12-01,Non-Profit,CNA,33,403,0.08188585607940446
AZ,2023-12-01,Non-Profit,LPN,7,124,0.056451612903225805
AZ,2023-12-01,Non-Profit,RN,7,163,0.04294478527607362
AZ,2024-01-01,For-Profit,CNA,420,5298,0.07927519818799547
AZ,2024-01-01,For-Profit,LPN,188,2470,0.07611336032388664
AZ,2024-01-01,For-Profit,RN,119,1491,0.07981220657276995
AZ,2024-01-01,Government,CNA,2,147,0.013605442176870748
AZ,2024-01-01,Government,LPN,6,81,0.07407407407407407
AZ,2024-01-01,Government,RN,4,58,0.06896551724137931
AZ,2024-01-01,Non-Profit,CNA,20,387,0.05167958656330749
AZ,2024-01-01,Non-Profit,LPN,3,130,0.023076923076923078
AZ,2024-01-01,Non-Profit,RN,12,165,0.07272727272727272
AZ,2024-02-01,For-Profit,CNA,423,5316,0.07957110609480812
AZ,2024-02-01,For-Profit,LPN,180,2469,0.07290400972053462
AZ,2024-02-01,For-Profit,RN,111,1469,0.07556160653505786
AZ,2024-02-01,Government,CNA,3,149,0.020134228187919462
AZ,2024-02-01,Government,LPN,5,77,0.06493506493506493
AZ,2024-02-01,Government,RN,6,57,0.10526315789473684
AZ,2024-02-01,Non-Profit,CNA,27,383,0.07049608355091384
AZ,2024-02-01,Non-Profit,LPN,8,133,0.06015037593984962
AZ,2024-02-01,Non-Profit,RN,15,172,0.0872093023255814
AZ,2024-03-01,For-Profit,CNA,416,5338,0.07793180966654177
AZ,2024-03-01,For-Profit,LPN,161,2485,0.0647887323943662
AZ,2024-03-01,For-Profit,RN,96,1475,0.06508474576271187
AZ,2024-03-01,Government,CNA,5,155,0.03225806451612903
AZ,2024-03-01,Government,LPN,1,73,0.0136986301369863
AZ,2024-03-01,Government,RN,3,58,0.05172413793103448
AZ,2024-03-01,Non-Profit,CNA,26,373,0.06970509383378017
AZ,2024-03-01,Non-Profit,LPN,7,134,0.05223880597014925
AZ,2024-03-01,Non-Profit,RN,15,158,0.0949367088607595
AZ,2024-04-01,For-Profit,CNA,442,5350,0.08261682242990655
AZ,2024-04-01,For-Profit,LPN,185,2472,0.07483818770226537
AZ,2024-04-01,For-Profit,RN,108,1493,0.072337575351641
AZ,2024-04-01,Government,CNA,5,153,0.032679738562091505
AZ,2024-04-01,Government,LPN,5,81,0.06172839506172839
AZ,2024-04-01,Government,RN,2,60,0.03333333333333333
AZ,2024-04-01,Non-Profit,CNA,17,354,0.0480225988700565
AZ,2024-04-01,Non-Profit,LPN,13,131,0.09923664122137404
AZ,2024-04-01,Non-Profit,RN,12,156,0.07692307692307693
AZ,2024-05-01,For-Profit,CNA,508,5448,0.09324522760646109
AZ,2024-05-01,For-Profit,LPN,194,2481,0.07819427650141073
AZ,2024-05-01,For-Profit,RN,135,1525,0.08852459016393442
AZ,2024-05-01,Government,CNA,2,154,0.012987012987012988
AZ,2024-05-01,Government,LPN,3,78,0.038461538461538464
AZ,2024-05-01,Government,RN,2,60,0.03333333333333333
AZ,2024-05-01,Non-Profit,CNA,15,356,0.042134831460674156
AZ,2024-05-01,Non-Profit,LPN,11,126,0.0873015873015873
AZ,2024-05-01,Non-Profit,RN,13,154,0.08441558441558442
AZ,2024-06-01,For-Profit,CNA,422,5500,0.07672727272727273
AZ,2024-06-01,For-Profit,LPN,179,2470,0.07246963562753037
AZ,2024-06-01,For-Profit,RN,123,1499,0.08205470313542361
AZ,2024-06-01,Government,CNA,4,154,0.025974025974025976
AZ,2024-06-01,Government,LPN,3,76,0.039473684210526314
AZ,2024-06-01,Government,RN,3,64,0.046875
AZ,2024-06-01,Non-Profit,CNA,18,360,0.05
AZ,2024-06-01,Non-Profit,LPN,11,126,0.0873015873015873
AZ,2024-06-01,Non-Profit,RN,7,153,0.0457516339869281
AZ,2024-07-01,For-Profit,CNA,447,5632,0.07936789772727272
AZ,2024-07-01,For-Profit,LPN,157,2467,0.0636400486420754
AZ,2024-07-01,For-Profit,RN,100,1499,0.066711140760507
AZ,2024-07-01,Government,CNA,4,151,0.026490066225165563
AZ,2024-07-01,Government,LPN,2,75,0.02666666666666667
AZ,2024-07-01,Government,RN,1,66,0.015151515151515152
AZ,2024-07-01,Non-Profit,CNA,22,347,0.06340057636887608
AZ,2024-07-01,Non-Profit,LPN,5,108,0.046296296296296294
AZ,2024-07-01,Non-Profit,RN,8,147,0.05442176870748299
AZ,2024-08-01,For-Profit,CNA,489,5833,0.08383336190639465
AZ,2024-08-01,For-Profit,LPN,174,2494,0.06976744186046512
AZ,2024-08-01,For-Profit,RN,119,1567,0.07594128908742821
AZ,2024-08-01,Government,CNA,4,150,0.02666666666666667
AZ,2024-08-01,Government,LPN,1,76,0.013157894736842105
AZ,2024-08-01,Government,RN,3,67,0.04477611940298507
AZ,2024-08-01,Non-Profit,CNA,29,364,0.07967032967032966
AZ,2024-08-01,Non-Profit,LPN,4,108,0.037037037037037035
AZ,2024-08-01,Non-Profit,RN,11,143,0.07692307692307693
AZ,2024-09-01,For-Profit,CNA,564,5832,0.09670781893004116
AZ,2024-09-01,For-Profit,LPN,197,2542,0.07749803304484658
AZ,2024-09-01,For-Profit,RN,124,1579,0.0785307156428119
AZ,2024-09-01,Government,CNA,2,153,0.013071895424836602
AZ,2024-09-01,Government,LPN,3,80,0.0375
AZ,2024-09-01,Government,RN,5,67,0.07462686567164178
AZ,2024-09-01,Non-Profit,CNA,31,362,0.0856353591160221
AZ,2024-09-01,Non-Profit,LPN,3,110,0.02727272727272727
AZ,2024-09-01,Non-Profit,RN,14,140,0.1
AZ,2024-10-01,For-Profit,CNA,502,5840,0.08595890410958903
AZ,2024-10-01,For-Profit,LPN,177,2584,0.0684984520123839
AZ,2024-10-01,For-Profit,RN,145,1638,0.08852258852258853
AZ,2024-10-01,Government,CNA,5,194,0.02577319587628866
AZ,2024-10-01,Government,LPN,4,92,0.043478260869565216
AZ,2024-10-01,Government,RN,3,80,0.0375
AZ,2024-10-01,Non-Profit,CNA,47,412,0.11407766990291263
AZ,2024-10-01,Non-Profit,LPN,17,135,0.1259259259259259
AZ,2024-10-01,Non-Profit,RN,21,139,0.1510791366906475
AZ,2024-11-01,For-Profit,CNA,484,5723,0.08457102918049973
AZ,2024-11-01,For-Profit,LPN,189,2599,0.07272027702962677
AZ,2024-11-01,For-Profit,RN,116,1594,0.07277289836888332
AZ,2024-11-01,Government,CNA,6,192,0.03125
AZ,2024-11-01,Government,LPN,1,86,0.011627906976744186
AZ,2024-11-01,Government,RN,0,80,0.0
AZ,2024-11-01,Non-Profit,CNA,27,400,0.0675
AZ,2024-11-01,Non-Profit,LPN,14,137,0.10218978102189781
AZ,2024-11-01,Non-Profit,RN,3,132,0.022727272727272728
AZ,2024-12-01,For-Profit,CNA,578,5687,0.10163530859855811
AZ,2024-12-01,For-Profit,LPN,226,2547,0.08873184138201806
AZ,2024-12-01,For-Profit,RN,140,1604,0.08728179551122195
AZ,2024-12-01,Government,CNA,7,197,0.03553299492385787
AZ,2024-12-01,Government,LPN,1,90,0.011111111111111112
AZ,2024-12-01,Government,RN,0,77,0.0
AZ,2024-12-01,Non-Profit,CNA,61,388,0.15721649484536082
AZ,2024-12-01,Non-Profit,LPN,22,132,0.16666666666666666
AZ,2024-12-01,Non-Profit,RN,28,138,0.2028985507246377
AZ,2025-01-01,For-Profit,CNA,463,5762,0.0803540437348143
AZ,2025-01-01,For-Profit,LPN,192,2551,0.07526460211681693
AZ,2025-01-01,For-Profit,RN,136,1652,0.08232445520581114
AZ,2025-01-01,Government,CNA,7,195,0.035897435897435895
AZ,2025-01-01,Government,LPN,4,95,0.042105263157894736
AZ,2025-01-01,Government,RN,4,83,0.04819277108433735
AZ,2025-01-01,Non-Profit,CNA,33,397,0.08312342569269521
AZ,2025-01-01,Non-Profit,LPN,10,138,0.07246376811594203
AZ,2025-01-01,Non-Profit,RN,3,142,0.02112676056338028
AZ,2025-02-01,For-Profit,CNA,428,5727,0.07473371747861009
AZ,2025-02-01,For-Profit,LPN,147,2512,0.05851910828025478
AZ,2025-02-01,For-Profit,RN,117,1641,0.0712979890310786
AZ,2025-02-01,Government,CNA,3,193,0.015544041450777202
AZ,2025-02-01,Government,LPN,4,91,0.04395604395604396
AZ,2025-02-01,Government,RN,4,83,0.04819277108433735
AZ,2025-02-01,Non-Profit,CNA,29,376,0.07712765957446809
AZ,2025-02-01,Non-Profit,LPN,6,134,0.04477611940298507
AZ,2025-02-01,Non-Profit,RN,10,143,0.06993006993006994
AZ,2025-03-01,For-Profit,CNA,561,5851,0.095881045975047
AZ,2025-03-01,For-Profit,LPN,204,2568,0.0794392523364486
AZ,2025-03-01,For-Profit,RN,156,1673,0.09324566646742379
AZ,2025-03-01,Government,CNA,7,201,0.03482587064676617
AZ,2025-03-01,Government,LPN,1,94,0.010638297872340425
AZ,2025-03-01,Government,RN,6,83,0.07228915662650602
AZ,2025-03-01,Non-Profit,CNA,26,375,0.06933333333333333
AZ,2025-03-01,Non-Profit,LPN,9,129,0.06976744186046512
AZ,2025-03-01,Non-Profit,RN,12,143,0.08391608391608392
CA,2022-10-01,For-Profit,CNA,4088,47683,0.0857328607679886
CA,2022-10-01,For-Profit,LPN,1999,21993,0.09089255672259355
CA,2022-10-01,For-Profit,RN,727,9295,0.07821409359870898
CA,2022-10-01,Government,CNA,58,1303,0.044512663085188024
CA,2022-10-01,Government,LPN,21,424,0.049528301886792456
CA,2022-10-01,Government,RN,17,588,0.02891156462585034
CA,2022-10-01,Non-Profit,CNA,195,3896,0.050051334702258726
CA,2022-10-01,Non-Profit,LPN,76,1661,0.045755568934376885
CA,2022-10-01,Non-Profit,RN,82,1159,0.07075064710957722
CA,2022-11-01,For-Profit,CNA,3972,47788,0.08311710052732904
CA,2022-11-01,For-Profit,LPN,1826,21899,0.08338280286771085
CA,2022-11-01,For-Profit,RN,743,9229,0.08050709719362878
CA,2022-11-01,Government,CNA,73,1298,0.05624036979969183
CA,2022-11-01,Government,LPN,22,422,0.052132701421800945
CA,2022-11-01,Government,RN,20,565,0.035398230088495575
CA,2022-11-01,Non-Profit,CNA,163,3810,0.04278215223097113
CA,2022-11-01,Non-Profit,LPN,75,1620,0.046296296296296294
CA,2022-11-01,Non-Profit,RN,58,1120,0.05178571428571429
CA,2022-12-01,For-Profit,CNA,9428,52754,0.17871630587254048
CA,2022-12-01,For-Profit,LPN,4314,24074,0.17919747445376755
CA,2022-12-01,For-Profit,RN,1501,9710,0.15458290422245108
CA,2022-12-01,Government,CNA,44,1239,0.03551251008878128
CA,2022-12-01,Government,LPN,22,419,0.05250596658711217
CA,2022-12-01,Government,RN,24,555,0.043243243243243246
CA,2022-12-01,Non-Profit,CNA,330,3819,0.08641005498821681
CA,2022-12-01,Non-Profit,LPN,158,1638,0.09645909645909646
CA,2022-12-01,Non-Profit,RN,113,1131,0.09991158267020336
CA,2023-01-01,For-Profit,CNA,5499,49998,0.10998439937597504
CA,2023-01-01,For-Profit,LPN,2583,23263,0.11103469028070326
CA,2023-01-01,For-Profit,RN,979,9536,0.10266359060402684
CA,2023-01-01,Government,CNA,82,1271,0.06451612903225806
CA,2023-01-01,Government,LPN,41,442,0.09276018099547512
CA,2023-01-01,Government,RN,20,541,0.036968576709796676
CA,2023-01-01,Non-Profit,CNA,249,4213,0.05910277711844292
CA,2023-01-01,Non-Profit,LPN,100,1767,0.056593095642331635
CA,2023-01-01,Non-Profit,RN,65,1261,0.05154639175257732
CA,2023-02-01,For-Profit,CNA,4545,49056,0.09264921722113503
CA,2023-02-01,For-Profit,LPN,2141,22890,0.09353429445172565
CA,2023-02-01,For-Profit,RN,830,9367,0.08860894630084339
CA,2023-02-01,Government,CNA,63,1206,0.05223880597014925
CA,2023-02-01,Government,LPN,26,412,0.06310679611650485
CA,2023-02-01,Government,RN,20,546,0.03663003663003663
CA,2023-02-01,Non-Profit,CNA,192,4168,0.046065259117082535
CA,2023-02-01,Non-Profit,LPN,67,1699,0.0394349617422013
CA,2023-02-01,Non-Profit,RN,56,1236,0.045307443365695796
CA,2023-03-01,For-Profit,CNA,5789,48662,0.11896346224980478
CA,2023-03-01,For-Profit,LPN,2851,22980,0.12406440382941689
CA,2023-03-01,For-Profit,RN,1148,9475,0.12116094986807388
CA,2023-03-01,Government,CNA,99,1195,0.08284518828451883
CA,2023-03-01,Government,LPN,36,403,0.08933002481389578
CA,2023-03-01,Government,RN,35,549,0.06375227686703097
CA,2023-03-01,Non-Profit,CNA,227,4298,0.05281526291298278
CA,2023-03-01,Non-Profit,LPN,114,1820,0.06263736263736264
CA,2023-03-01,Non-Profit,RN,86,1356,0.06342182890855458
CA,2023-04-01,For-Profit,CNA,4206,49387,0.08516411201328285
CA,2023-04-01,For-Profit,LPN,2027,23495,0.08627367525005321
CA,2023-04-01,For-Profit,RN,744,9530,0.07806925498426023
CA,2023-04-01,Government,CNA,67,1166,0.057461406518010294
CA,2023-04-01,Government,LPN,26,419,0.06205250596658711
CA,2023-04-01,Government,RN,27,528,0.05113636363636364
CA,2023-04-01,Non-Profit,CNA,282,4322,0.06524757056918093
CA,2023-04-01,Non-Profit,LPN,126,1808,0.06969026548672566
CA,2023-04-01,Non-Profit,RN,43,1374,0.03129548762736536
CA,2023-05-01,For-Profit,CNA,4340,50039,0.08673234876796099
CA,2023-05-01,For-Profit,LPN,1964,23502,0.0835673559697047
CA,2023-05-01,For-Profit,RN,808,9620,0.083991683991684
CA,2023-05-01,Government,CNA,38,1129,0.03365810451727192
CA,2023-05-01,Government,LPN,28,425,0.06588235294117648
CA,2023-05-01,Government,RN,14,522,0.02681992337164751
CA,2023-05-01,Non-Profit,CNA,205,4418,0.04640108646446356
CA,2023-05-01,Non-Profit,LPN,92,1807,0.0509131156613171
CA,2023-05-01,Non-Profit,RN,75,1420,0.0528169014084507
CA,2023-06-01,For-Profit,CNA,4941,50451,0.0979366117619076
CA,2023-06-01,For-Profit,LPN,2357,23732,0.09931737738075173
CA,2023-06-01,For-Profit,RN,915,9572,0.09559130798161304
CA,2023-06-01,Government,CNA,56,1134,0.04938271604938271
CA,2023-06-01,Government,LPN,23,408,0.056372549019607844
CA,2023-06-01,Government,RN,20,516,0.03875968992248062
CA,2023-06-01,Non-Profit,CNA,237,4409,0.05375368564300295
CA,2023-06-01,Non-Profit,LPN,107,1826,0.05859802847754655
CA,2023-06-01,Non-Profit,RN,74,1385,0.053429602888086646
CA,2023-07-01,For-Profit,CNA,4537,51055,0.08886494956419548
CA,2023-07-01,For-Profit,LPN,2106,23898,0.08812452924930957
CA,2023-07-01,For-Profit,RN,811,9675,0.08382428940568476
CA,2023-07-01,Government,CNA,60,1187,0.05054759898904802
CA,2023-07-01,Government,LPN,25,432,0.05787037037037037
CA,2023-07-01,Government,RN,12,509,0.023575638506876228
CA,2023-07-01,Non-Profit,CNA,256,4424,0.05786618444846293
CA,2023-07-01,Non-Profit,LPN,108,1824,0.05921052631578947
CA,2023-07-01,Non-Profit,RN,47,1338,0.035127055306427506
CA,2023-08-01,For-Profit,CNA,4893,51926,0.09423025074143974
CA,2023-08-01,For-Profit,LPN,2033,24051,0.0845287098249553
CA,2023-08-01,For-Profit,RN,804,9798,0.08205756276791182
CA,2023-08-01,Government,CNA,52,1201,0.04329725228975854
CA,2023-08-01,Government,LPN,26,442,0.058823529411764705
CA,2023-08-01,Government,RN,8,518,0.015444015444015444
CA,2023-08-01,Non-Profit,CNA,269,4564,0.058939526730937775
CA,2023-08-01,Non-Profit,LPN,79,1847,0.042772062804547914
CA,2023-08-01,Non-Profit,RN,61,1420,0.04295774647887324
CA,2023-09-01,For-Profit,CNA,5172,51882,0.09968775297791141
CA,2023-09-01,For-Profit,LPN,2415,24053,0.10040327609861556
CA,2023-09-01,For-Profit,RN,953,9844,0.09681023973994311
CA,2023-09-01,Government,CNA,55,1179,0.04664970313825276
CA,2023-09-01,Government,LPN,27,417,0.06474820143884892
CA,2023-09-01,Government,RN,24,542,0.04428044280442804
CA,2023-09-01,Non-Profit,CNA,281,4479,0.06273721812904666
CA,2023-09-01,Non-Profit,LPN,79,1784,0.044282511210762335
CA,2023-09-01,Non-Profit,RN,73,1400,0.052142857142857144
CA,2023-10-01,For-Profit,CNA,4340,51812,0.083764378908361
CA,2023-10-01,For-Profit,LPN,1915,24023,0.07971527286350581
CA,2023-10-01,For-Profit,RN,715,9895,0.07225871652349672
CA,2023-10-01,Government,CNA,73,1239,0.058918482647296204
CA,2023-10-01,Government,LPN,35,467,0.07494646680942184
CA,2023-10-01,Government,RN,26,557,0.0466786355475763
CA,2023-10-01,Non-Profit,CNA,203,4487,0.0452418096723869
CA,2023-10-01,Non-Profit,LPN,87,1799,0.048360200111172875
CA,2023-10-01,Non-Profit,RN,59,1394,0.04232424677187949
CA,2023-11-01,For-Profit,CNA,3801,51322,0.07406180585324032
CA,2023-11-01,For-Profit,LPN,1761,23872,0.07376843163538874
CA,2023-11-01,For-Profit,RN,655,9767,0.06706255759189106
CA,2023-11-01,Government,CNA,51,1208,0.042218543046357616
CA,2023-11-01,Government,LPN,26,454,0.05726872246696035
CA,2023-11-01,Government,RN,20,553,0.03616636528028933
CA,2023-11-01,Non-Profit,CNA,241,4510,0.05343680709534368
CA,2023-11-01,Non-Profit,LPN,77,1813,0.04247104247104247
CA,2023-11-01,Non-Profit,RN,51,1394,0.036585365853658534
CA,2023-12-01,For-Profit,CNA,5037,51874,0.09710066700080966
CA,2023-12-01,For-Profit,LPN,2225,24032,0.09258488681757657
CA,2023-12-01,For-Profit,RN,919,9811,0.09367036999286515
CA,2023-12-01,Government,CNA,89,1225,0.07265306122448979
CA,2023-12-01,Government,LPN,38,467,0.08137044967880086
CA,2023-12-01,Government,RN,15,517,0.029013539651837523
CA,2023-12-01,Non-Profit,CNA,291,4432,0.06565884476534296
CA,2023-12-01,Non-Profit,LPN,118,1876,0.0628997867803838
CA,2023-12-01,Non-Profit,RN,88,1369,0.06428049671292914
CA,2024-01-01,For-Profit,CNA,4065,51599,0.07878059652318843
CA,2024-01-01,For-Profit,LPN,1741,24000,0.07254166666666667
CA,2024-01-01,For-Profit,RN,685,9853,0.06952197300314625
CA,2024-01-01,Government,CNA,41,1190,0.034453781512605045
CA,2024-01-01,Government,LPN,26,452,0.05752212389380531
CA,2024-01-01,Government,RN,13,537,0.024208566108007448
CA,2024-01-01,Non-Profit,CNA,239,4563,0.05237782160859084
CA,2024-01-01,Non-Profit,LPN,82,1882,0.04357066950053135
CA,2024-01-01,Non-Profit,RN,51,1364,0.0373900293255132
CA,2024-02-01,For-Profit,CNA,3285,51102,0.06428319830926382
CA,2024-02-01,For-Profit,LPN,1593,23811,0.06690185208517072
CA,2024-02-01,For-Profit,RN,643,9866,0.06517332252179202
CA,2024-02-01,Government,CNA,38,1194,0.031825795644891124
CA,2024-02-01,Government,LPN,23,444,0.0518018018018018
CA,2024-02-01,Government,RN,16,545,0.029357798165137616
CA,2024-02-01,Non-Profit,CNA,263,4488,0.05860071301247772
CA,2024-02-01,Non-Profit,LPN,72,1783,0.040381379697139654
CA,2024-02-01,Non-Profit,RN,57,1390,0.04100719424460432
CA,2024-03-01,For-Profit,CNA,4162,51631,0.08061048594836435
CA,2024-03-01,For-Profit,LPN,2131,24072,0.08852608840146228
CA,2024-03-01,For-Profit,RN,892,10020,0.08902195608782436
CA,2024-03-01,Government,CNA,56,1240,0.04516129032258064
CA,2024-03-01,Government,LPN,40,456,0.08771929824561403
CA,2024-03-01,Government,RN,23,560,0.04107142857142857
CA,2024-03-01,Non-Profit,CNA,285,4575,0.06229508196721312
CA,2024-03-01,Non-Profit,LPN,92,1891,0.048651507139079855
CA,2024-03-01,Non-Profit,RN,87,1458,0.059670781893004114
CA,2024-04-01,For-Profit,CNA,3456,51956,0.06651782277311571
CA,2024-04-01,For-Profit,LPN,1609,24161,0.06659492570671743
CA,2024-04-01,For-Profit,RN,634,10108,0.0627225959635932
CA,2024-04-01,Government,CNA,60,1221,0.04914004914004914
CA,2024-04-01,Government,LPN,28,535,0.052336448598130844
CA,2024-04-01,Government,RN,41,693,0.05916305916305916
CA,2024-04-01,Non-Profit,CNA,232,4572,0.05074365704286964
CA,2024-04-01,Non-Profit,LPN,89,1908,0.046645702306079666
CA,2024-04-01,Non-Profit,RN,68,1487,0.04572965702757229
CA,2024-05-01,For-Profit,CNA,3684,52327,0.0704034246182659
CA,2024-05-01,For-Profit,LPN,1606,24200,0.06636363636363636
CA,2024-05-01,For-Profit,RN,630,10153,0.06205062543090712
CA,2024-05-01,Government,CNA,51,1228,0.041530944625407164
CA,2024-05-01,Government,LPN,38,546,0.0695970695970696
CA,2024-05-01,Government,RN,38,674,0.05637982195845697
CA,2024-05-01,Non-Profit,CNA,246,4595,0.05353645266594124
CA,2024-05-01,Non-Profit,LPN,74,1883,0.03929899097185342
CA,2024-05-01,Non-Profit,RN,75,1506,0.049800796812749
CA,2024-06-01,For-Profit,CNA,4047,52693,0.0768033704666654
CA,2024-06-01,For-Profit,LPN,1783,24178,0.07374472661096865
CA,2024-06-01,For-Profit,RN,792,10183,0.07777668663458706
CA,2024-06-01,Government,CNA,88,1262,0.06973058637083994
CA,2024-06-01,Government,LPN,23,540,0.04259259259259259
CA,2024-06-01,Government,RN,47,653,0.07197549770290965
CA,2024-06-01,Non-Profit,CNA,305,4665,0.06538049303322616
CA,2024-06-01,Non-Profit,LPN,106,1952,0.05430327868852459
CA,2024-06-01,Non-Profit,RN,82,1501,0.05463024650233178
CA,2024-07-01,For-Profit,CNA,3955,53380,0.07409142000749344
CA,2024-07-01,For-Profit,LPN,1699,24437,0.0695257191963007
CA,2024-07-01,For-Profit,RN,678,10475,0.0647255369928401
CA,2024-07-01,Government,CNA,30,1225,0.024489795918367346
CA,2024-07-01,Government,LPN,21,534,0.03932584269662921
CA,2024-07-01,Government,RN,27,626,0.04313099041533546
CA,2024-07-01,Non-Profit,CNA,241,4622,0.05214192990047598
CA,2024-07-01,Non-Profit,LPN,58,1920,0.030208333333333334
CA,2024-07-01,Non-Profit,RN,61,1479,0.041244083840432724
CA,2024-08-01,For-Profit,CNA,4012,54044,0.07423580786026202
CA,2024-08-01,For-Profit,LPN,1751,24486,0.07151025075553377
CA,2024-08-01,For-Profit,RN,745,10743,0.0693474820813553
CA,2024-08-01,Government,CNA,52,1274,0.04081632653061224
CA,2024-08-01,Government,LPN,21,553,0.0379746835443038
CA,2024-08-01,Government,RN,20,627,0.03189792663476874
CA,2024-08-01,Non-Profit,CNA,227,4651,0.04880670823478822
CA,2024-08-01,Non-Profit,LPN,101,1982,0.05095862764883956
CA,2024-08-01,Non-Profit,RN,47,1496,0.03141711229946524
CA,2024-09-01,For-Profit,CNA,3853,53883,0.0715067832154854
CA,2024-09-01,For-Profit,LPN,1694,24206,0.06998264893001735
CA,2024-09-01,For-Profit,RN,929,10758,0.08635434095556795
CA,2024-09-01,Government,CNA,115,1342,0.08569299552906111
CA,2024-09-01,Government,LPN,31,550,0.056363636363636366
CA,2024-09-01,Government,RN,32,627,0.051036682615629984
CA,2024-09-01,Non-Profit,CNA,343,4579,0.07490718497488534
CA,2024-09-01,Non-Profit,LPN,129,1916,0.06732776617954071
CA,2024-09-01,Non-Profit,RN,83,1525,0.05442622950819672
CA,2024-10-01,For-Profit,CNA,3568,54631,0.06531090406545734
CA,2024-10-01,For-Profit,LPN,1584,24654,0.06424920905329765
CA,2024-10-01,For-Profit,RN,757,11155,0.06786194531600179
CA,2024-10-01,Government,CNA,96,1343,0.07148175725986597
CA,2024-10-01,Government,LPN,35,563,0.06216696269982238
CA,2024-10-01,Government,RN,23,643,0.03576982892690513
CA,2024-10-01,Non-Profit,CNA,223,4742,0.04702657106706031
CA,2024-10-01,Non-Profit,LPN,72,1943,0.03705609881626351
CA,2024-10-01,Non-Profit,RN,76,1546,0.04915912031047866
CA,2024-11-01,For-Profit,CNA,3183,54476,0.05842940010279756
CA,2024-11-01,For-Profit,LPN,1417,24478,0.057888716398398564
CA,2024-11-01,For-Profit,RN,673,10970,0.06134913400182315
CA,2024-11-01,Government,CNA,92,1328,0.06927710843373494
CA,2024-11-01,Government,LPN,25,552,0.04528985507246377
CA,2024-11-01,Government,RN,24,643,0.03732503888024884
CA,2024-11-01,Non-Profit,CNA,204,4701,0.04339502233567326
CA,2024-11-01,Non-Profit,LPN,82,1948,0.04209445585215606
CA,2024-11-01,Non-Profit,RN,73,1540,0.047402597402597405
CA,2024-12-01,For-Profit,CNA,3746,54307,0.06897821643618686
CA,2024-12-01,For-Profit,LPN,1563,24344,0.06420473217219849
CA,2024-12-01,For-Profit,RN,774,10982,0.07047896558004006
CA,2024-12-01,Government,CNA,61,1273,0.047918303220738416
CA,2024-12-01,Government,LPN,38,542,0.07011070110701106
CA,2024-12-01,Government,RN,32,659,0.048558421851289835
CA,2024-12-01,Non-Profit,CNA,337,4686,0.07191634656423389
CA,2024-12-01,Non-Profit,LPN,115,1922,0.05983350676378772
CA,2024-12-01,Non-Profit,RN,80,1523,0.05252790544977019
CA,2025-01-01,For-Profit,CNA,3631,54860,0.06618665694495078
CA,2025-01-01,For-Profit,LPN,1634,24502,0.06668843359725736
CA,2025-01-01,For-Profit,RN,798,11092,0.07194374323837
CA,2025-01-01,Government,CNA,28,1240,0.02258064516129032
CA,2025-01-01,Government,LPN,34,522,0.06513409961685823
CA,2025-01-01,Government,RN,34,639,0.053208137715179966
CA,2025-01-01,Non-Profit,CNA,208,4678,0.04446344591705857
CA,2025-01-01,Non-Profit,LPN,64,1942,0.032955715756951595
CA,2025-01-01,Non-Profit,RN,88,1561,0.05637411915438821
CA,2025-02-01,For-Profit,CNA,2960,54305,0.05450695147776448
CA,2025-02-01,For-Profit,LPN,1385,24342,0.05689754334072796
CA,2025-02-01,For-Profit,RN,674,11005,0.06124488868696047
CA,2025-02-01,Government,CNA,38,1244,0.03054662379421222
CA,2025-02-01,Government,LPN,31,539,0.0575139146567718
CA,2025-02-01,Government,RN,28,635,0.04409448818897638
CA,2025-02-01,Non-Profit,CNA,183,4620,0.03961038961038961
CA,2025-02-01,Non-Profit,LPN,74,1922,0.03850156087408949
CA,2025-02-01,Non-Profit,RN,59,1526,0.03866317169069463
CA,2025-03-01,For-Profit,CNA,3752,54768,0.06850715746421268
CA,2025-03-01,For-Profit,LPN,1698,24439,0.06947911125659806
CA,2025-03-01,For-Profit,RN,837,11199,0.07473881596571122
CA,2025-03-01,Government,CNA,49,1221,0.04013104013104013
CA,2025-03-01,Government,LPN,22,524,0.04198473282442748
CA,2025-03-01,Government,RN,29,626,0.0463258785942492
CA,2025-03-01,Non-Profit,CNA,301,4689,0.06419279164000853
CA,2025-03-01,Non-Profit,LPN,105,1935,0.05426356589147287
CA,2025-03-01,Non-Profit,RN,101,1572,0.06424936386768448
CO,2022-10-01,For-Profit,CNA,466,5515,0.08449682683590208
CO,2022-10-01,For-Profit,LPN,123,1703,0.0722254844392249
CO,2022-10-01,For-Profit,RN,122,2038,0.05986261040235525
CO,2022-10-01,Government,CNA,13,247,0.05263157894736842
CO,2022-10-01,Government,LPN,0,41,0.0
CO,2022-10-01,Government,RN,4,105,0.0380952380952381
CO,2022-10-01,Non-Profit,CNA,29,568,0.051056338028169015
CO,2022-10-01,Non-Profit,LPN,12,161,0.07453416149068323
CO,2022-10-01,Non-Profit,RN,9,206,0.043689320388349516
CO,2022-11-01,For-Profit,CNA,438,5484,0.07986870897155361
CO,2022-11-01,For-Profit,LPN,140,1690,0.08284023668639054
CO,2022-11-01,For-Profit,RN,156,2057,0.07583859990277103
CO,2022-11-01,Government,CNA,11,247,0.044534412955465584
CO,2022-11-01,Government,LPN,1,41,0.024390243902439025
CO,2022-11-01,Government,RN,2,102,0.0196078431372549
CO,2022-11-01,Non-Profit,CNA,33,571,0.05779334500875657
CO,2022-11-01,Non-Profit,LPN,6,156,0.038461538461538464
CO,2022-11-01,Non-Profit,RN,7,207,0.033816425120772944
CO,2022-12-01,For-Profit,CNA,526,5472,0.09612573099415204
CO,2022-12-01,For-Profit,LPN,147,1670,0.08802395209580838
CO,2022-12-01,For-Profit,RN,201,2054,0.09785783836416748
CO,2022-12-01,Government,CNA,13,253,0.05138339920948617
CO,2022-12-01,Government,LPN,1,41,0.024390243902439025
CO,2022-12-01,Government,RN,2,105,0.01904761904761905
CO,2022-12-01,Non-Profit,CNA,44,575,0.07652173913043478
CO,2022-12-01,Non-Profit,LPN,5,152,0.03289473684210526
CO,2022-12-01,Non-Profit,RN,11,206,0.05339805825242718
CO,2023-01-01,For-Profit,CNA,490,5704,0.0859046283309958
CO,2023-01-01,For-Profit,LPN,134,1743,0.07687894434882386
CO,2023-01-01,For-Profit,RN,142,2068,0.06866537717601548
CO,2023-01-01,Government,CNA,11,260,0.04230769230769231
CO,2023-01-01,Government,LPN,3,43,0.06976744186046512
CO,2023-01-01,Government,RN,2,103,0.019417475728155338
CO,2023-01-01,Non-Profit,CNA,42,635,0.06614173228346457
CO,2023-01-01,Non-Profit,LPN,14,198,0.0707070707070707
CO,2023-01-01,Non-Profit,RN,10,239,0.04184100418410042
CO,2023-02-01,For-Profit,CNA,570,5863,0.0972198533174143
CO,2023-02-01,For-Profit,LPN,164,1818,0.09020902090209021
CO,2023-02-01,For-Profit,RN,188,2114,0.08893093661305582
CO,2023-02-01,Government,CNA,7,254,0.027559055118110236
CO,2023-02-01,Government,LPN,2,42,0.047619047619047616
CO,2023-02-01,Government,RN,2,106,0.018867924528301886
CO,2023-02-01,Non-Profit,CNA,24,634,0.03785488958990536
CO,2023-02-01,Non-Profit,LPN,16,195,0.08205128205128205
CO,2023-02-01,Non-Profit,RN,13,242,0.05371900826446281
CO,2023-03-01,For-Profit,CNA,693,6085,0.11388660640920296
CO,2023-03-01,For-Profit,LPN,263,1943,0.13535769428718478
CO,2023-03-01,For-Profit,RN,195,2118,0.09206798866855524
CO,2023-03-01,Government,CNA,13,266,0.04887218045112782
CO,2023-03-01,Government,LPN,4,41,0.0975609756097561
CO,2023-03-01,Government,RN,2,107,0.018691588785046728
CO,2023-03-01,Non-Profit,CNA,59,646,0.0913312693498452
CO,2023-03-01,Non-Profit,LPN,9,192,0.046875
CO,2023-03-01,Non-Profit,RN,15,247,0.06072874493927125
CO,2023-04-01,For-Profit,CNA,700,6379,0.10973506819250667
CO,2023-04-01,For-Profit,LPN,186,1971,0.0943683409436834
CO,2023-04-01,For-Profit,RN,177,2223,0.0796221322537112
CO,2023-04-01,Government,CNA,16,310,0.05161290322580645
CO,2023-04-01,Government,LPN,1,51,0.0196078431372549
CO,2023-04-01,Government,RN,4,123,0.032520325203252036
CO,2023-04-01,Non-Profit,CNA,36,581,0.06196213425129088
CO,2023-04-01,Non-Profit,LPN,15,187,0.08021390374331551
CO,2023-04-01,Non-Profit,RN,9,229,0.039301310043668124
CO,2023-05-01,For-Profit,CNA,717,6500,0.1103076923076923
CO,2023-05-01,For-Profit,LPN,199,2005,0.09925187032418953
CO,2023-05-01,For-Profit,RN,165,2219,0.0743578188373141
CO,2023-05-01,Government,CNA,19,312,0.060897435897435896
CO,2023-05-01,Government,LPN,2,51,0.0392156862745098
CO,2023-05-01,Government,RN,0,120,0.0
CO,2023-05-01,Non-Profit,CNA,36,577,0.06239168110918544
CO,2023-05-01,Non-Profit,LPN,6,191,0.031413612565445025
CO,2023-05-01,Non-Profit,RN,8,230,0.034782608695652174
CO,2023-06-01,For-Profit,CNA,1402,6601,0.21239206180881684
CO,2023-06-01,For-Profit,LPN,471,2032,0.23179133858267717
CO,2023-06-01,For-Profit,RN,418,2251,0.18569524655708575
CO,2023-06-01,Government,CNA,20,318,0.06289308176100629
CO,2023-06-01,Government,LPN,5,49,0.10204081632653061
CO,2023-06-01,Government,RN,2,124,0.016129032258064516
CO,2023-06-01,Non-Profit,CNA,45,602,0.07475083056478406
CO,2023-06-01,Non-Profit,LPN,7,186,0.03763440860215054
CO,2023-06-01,Non-Profit,RN,16,233,0.06866952789699571
CO,2023-07-01,For-Profit,CNA,872,6441,0.13538270454898307
CO,2023-07-01,For-Profit,LPN,209,1912,0.10930962343096234
CO,2023-07-01,For-Profit,RN,230,2160,0.10648148148148148
CO,2023-07-01,Government,CNA,16,317,0.050473186119873815
CO,2023-07-01,Government,LPN,2,45,0.044444444444444446
CO,2023-07-01,Government,RN,3,135,0.022222222222222223
CO,2023-07-01,Non-Profit,CNA,35,654,0.053516819571865444
CO,2023-07-01,Non-Profit,LPN,6,195,0.03076923076923077
CO,2023-07-01,Non-Profit,RN,17,238,0.07142857142857142
CO,2023-08-01,For-Profit,CNA,894,6381,0.14010343206393983
CO,2023-08-01,For-Profit,LPN,247,1912,0.12918410041841005
CO,2023-08-01,For-Profit,RN,189,2174,0.08693652253909843
CO,2023-08-01,Government,CNA,21,319,0.06583072100313479
CO,2023-08-01,Government,LPN,2,50,0.04
CO,2023-08-01,Government,RN,3,131,0.022900763358778626
CO,2023-08-01,Non-Profit,CNA,56,720,0.07777777777777778
CO,2023-08-01,Non-Profit,LPN,15,210,0.07142857142857142
CO,2023-08-01,Non-Profit,RN,14,245,0.05714285714285714
CO,2023-09-01,For-Profit,CNA,690,5325,0.1295774647887324
CO,2023-09-01,For-Profit,LPN,233,1643,0.14181375532562385
CO,2023-09-01,For-Profit,RN,188,1880,0.1
CO,2023-09-01,Government,CNA,10,293,0.034129692832764506
CO,2023-09-01,Government,LPN,2,51,0.0392156862745098
CO,2023-09-01,Government,RN,8,131,0.061068702290076333
CO,2023-09-01,Non-Profit,CNA,108,713,0.1514726507713885
CO,2023-09-01,Non-Profit,LPN,10,195,0.05128205128205128
CO,2023-09-01,Non-Profit,RN,25,248,0.10080645161290322
CO,2023-10-01,For-Profit,CNA,709,6363,0.11142542825711142
CO,2023-10-01,For-Profit,LPN,198,2001,0.09895052473763119
CO,2023-10-01,For-Profit,RN,180,2338,0.07698887938408897
CO,2023-10-01,Government,CNA,14,313,0.04472843450479233
CO,2023-10-01,Government,LPN,3,56,0.05357142857142857
CO,2023-10-01,Government,RN,8,139,0.05755395683453238
CO,2023-10-01,Non-Profit,CNA,71,704,0.10085227272727272
CO,2023-10-01,Non-Profit,LPN,15,205,0.07317073170731707
CO,2023-10-01,Non-Profit,RN,17,256,0.06640625
CO,2023-11-01,For-Profit,CNA,709,6548,0.1082773365913256
CO,2023-11-01,For-Profit,LPN,217,2051,0.10580204778156997
CO,2023-11-01,For-Profit,RN,226,2452,0.09216965742251224
CO,2023-11-01,Government,CNA,20,322,0.062111801242236024
CO,2023-11-01,Government,LPN,2,55,0.03636363636363636
CO,2023-11-01,Government,RN,4,134,0.029850746268656716
CO,2023-11-01,Non-Profit,CNA,48,689,0.06966618287373004
CO,2023-11-01,Non-Profit,LPN,14,195,0.07179487179487179
CO,2023-11-01,Non-Profit,RN,28,272,0.10294117647058823
CO,2023-12-01,For-Profit,CNA,983,6272,0.15672831632653061
CO,2023-12-01,For-Profit,LPN,364,2022,0.18001978239366964
CO,2023-12-01,For-Profit,RN,367,2295,0.1599128540305011
CO,2023-12-01,Government,CNA,20,321,0.06230529595015576
CO,2023-12-01,Government,LPN,3,58,0.05172413793103448
CO,2023-12-01,Government,RN,6,134,0.04477611940298507
CO,2023-12-01,Non-Profit,CNA,44,690,0.06376811594202898
CO,2023-12-01,Non-Profit,LPN,8,198,0.04040404040404041
CO,2023-12-01,Non-Profit,RN,24,261,0.09195402298850575
CO,2024-01-01,For-Profit,CNA,535,6232,0.08584724005134788
CO,2024-01-01,For-Profit,LPN,150,1918,0.07820646506777894
CO,2024-01-01,For-Profit,RN,152,2222,0.06840684068406841
CO,2024-01-01,Government,CNA,20,331,0.06042296072507553
CO,2024-01-01,Government,LPN,2,55,0.03636363636363636
CO,2024-01-01,Government,RN,3,131,0.022900763358778626
CO,2024-01-01,Non-Profit,CNA,43,694,0.06195965417867435
CO,2024-01-01,Non-Profit,LPN,11,194,0.05670103092783505
CO,2024-01-01,Non-Profit,RN,19,260,0.07307692307692308
CO,2024-02-01,For-Profit,CNA,566,6241,0.09069059445601667
CO,2024-02-01,For-Profit,LPN,159,1937,0.08208569953536396
CO,2024-02-01,For-Profit,RN,167,2244,0.07442067736185383
CO,2024-02-01,Government,CNA,11,324,0.033950617283950615
CO,2024-02-01,Government,LPN,1,53,0.018867924528301886
CO,2024-02-01,Government,RN,6,134,0.04477611940298507
CO,2024-02-01,Non-Profit,CNA,70,740,0.0945945945945946
CO,2024-02-01,Non-Profit,LPN,13,199,0.06532663316582915
CO,2024-02-01,Non-Profit,RN,13,258,0.050387596899224806
CO,2024-03-01,For-Profit,CNA,581,6262,0.0927818588310444
CO,2024-03-01,For-Profit,LPN,168,1961,0.08567057623661398
CO,2024-03-01,For-Profit,RN,181,2268,0.07980599647266313
CO,2024-03-01,Government,CNA,28,334,0.08383233532934131
CO,2024-03-01,Government,LPN,4,50,0.08
CO,2024-03-01,Government,RN,13,129,0.10077519379844961
CO,2024-03-01,Non-Profit,CNA,154,729,0.2112482853223594
CO,2024-03-01,Non-Profit,LPN,40,191,0.2094240837696335
CO,2024-03-01,Non-Profit,RN,61,263,0.23193916349809887
CO,2024-04-01,For-Profit,CNA,571,6324,0.0902909550917141
CO,2024-04-01,For-Profit,LPN,150,1936,0.07747933884297521
CO,2024-04-01,For-Profit,RN,135,2284,0.05910683012259194
CO,2024-04-01,Government,CNA,23,335,0.06865671641791045
CO,2024-04-01,Government,LPN,5,49,0.10204081632653061
CO,2024-04-01,Government,RN,3,124,0.024193548387096774
CO,2024-04-01,Non-Profit,CNA,42,619,0.06785137318255251
CO,2024-04-01,Non-Profit,LPN,8,164,0.04878048780487805
CO,2024-04-01,Non-Profit,RN,9,263,0.034220532319391636
CO,2024-05-01,For-Profit,CNA,567,6409,0.08846933999063816
CO,2024-05-01,For-Profit,LPN,145,1962,0.07390417940876656
CO,2024-05-01,For-Profit,RN,171,2324,0.07358003442340792
CO,2024-05-01,Government,CNA,14,319,0.0438871473354232
CO,2024-05-01,Government,LPN,2,45,0.044444444444444446
CO,2024-05-01,Government,RN,0,127,0.0
CO,2024-05-01,Non-Profit,CNA,37,609,0.060755336617405585
CO,2024-05-01,Non-Profit,LPN,12,168,0.07142857142857142
CO,2024-05-01,Non-Profit,RN,13,258,0.050387596899224806
CO,2024-06-01,For-Profit,CNA,655,6402,0.10231177756950953
CO,2024-06-01,For-Profit,LPN,178,1907,0.09334032511798637
CO,2024-06-01,For-Profit,RN,176,2268,0.07760141093474426
CO,2024-06-01,Government,CNA,17,327,0.05198776758409786
CO,2024-06-01,Government,LPN,2,46,0.043478260869565216
CO,2024-06-01,Government,RN,6,131,0.04580152671755725
CO,2024-06-01,Non-Profit,CNA,23,605,0.03801652892561983
CO,2024-06-01,Non-Profit,LPN,9,163,0.05521472392638037
CO,2024-06-01,Non-Profit,RN,13,260,0.05
CO,2024-07-01,For-Profit,CNA,646,6317,0.10226373278454963
CO,2024-07-01,For-Profit,LPN,169,1933,0.08742886704604243
CO,2024-07-01,For-Profit,RN,177,2239,0.07905314872711032
CO,2024-07-01,Government,CNA,20,317,0.06309148264984227
CO,2024-07-01,Government,LPN,4,49,0.08163265306122448
CO,2024-07-01,Government,RN,4,123,0.032520325203252036
CO,2024-07-01,Non-Profit,CNA,34,706,0.04815864022662889
CO,2024-07-01,Non-Profit,LPN,7,201,0.03482587064676617
CO,2024-07-01,Non-Profit,RN,9,269,0.03345724907063197
CO,2024-08-01,For-Profit,CNA,695,6261,0.11100463184794761
CO,2024-08-01,For-Profit,LPN,183,1905,0.09606299212598425
CO,2024-08-01,For-Profit,RN,205,2258,0.09078830823737821
CO,2024-08-01,Government,CNA,15,317,0.0473186119873817
CO,2024-08-01,Government,LPN,3,48,0.0625
CO,2024-08-01,Government,RN,10,136,0.07352941176470588
CO,2024-08-01,Non-Profit,CNA,35,709,0.04936530324400564
CO,2024-08-01,Non-Profit,LPN,8,195,0.041025641025641026
CO,2024-08-01,Non-Profit,RN,10,271,0.03690036900369004
CO,2024-09-01,For-Profit,CNA,814,6536,0.12454100367197063
CO,2024-09-01,For-Profit,LPN,230,1985,0.11586901763224182
CO,2024-09-01,For-Profit,RN,280,2364,0.11844331641285956
CO,2024-09-01,Government,CNA,22,303,0.07260726072607261
CO,2024-09-01,Government,LPN,3,46,0.06521739130434782
CO,2024-09-01,Government,RN,8,131,0.061068702290076333
CO,2024-09-01,Non-Profit,CNA,49,705,0.06950354609929078
CO,2024-09-01,Non-Profit,LPN,21,203,0.10344827586206896
CO,2024-09-01,Non-Profit,RN,20,279,0.07168458781362007
CO,2024-10-01,For-Profit,CNA,514,6499,0.07908909062932759
CO,2024-10-01,For-Profit,LPN,150,1991,0.07533902561526871
CO,2024-10-01,For-Profit,RN,171,2361,0.0724269377382465
CO,2024-10-01,Government,CNA,10,303,0.033003300330033
CO,2024-10-01,Government,LPN,2,50,0.04
CO,2024-10-01,Government,RN,7,130,0.05384615384615385
CO,2024-10-01,Non-Profit,CNA,34,710,0.04788732394366197
CO,2024-10-01,Non-Profit,LPN,7,199,0.035175879396984924
CO,2024-10-01,Non-Profit,RN,17,283,0.06007067137809187
CO,2024-11-01,For-Profit,CNA,497,6523,0.07619193622566303
CO,2024-11-01,For-Profit,LPN,134,1960,0.06836734693877551
CO,2024-11-01,For-Profit,RN,139,2358,0.058948261238337574
CO,2024-11-01,Government,CNA,16,311,0.05144694533762058
CO,2024-11-01,Government,LPN,1,46,0.021739130434782608
CO,2024-11-01,Government,RN,5,130,0.038461538461538464
CO,2024-11-01,Non-Profit,CNA,32,730,0.043835616438356165
CO,2024-11-01,Non-Profit,LPN,11,192,0.057291666666666664
CO,2024-11-01,Non-Profit,RN,12,282,0.0425531914893617
CO,2024-12-01,For-Profit,CNA,521,6562,0.07939652544955807
CO,2024-12-01,For-Profit,LPN,136,1964,0.06924643584521385
CO,2024-12-01,For-Profit,RN,173,2358,0.07336726039016116
CO,2024-12-01,Government,CNA,26,323,0.0804953560371517
CO,2024-12-01,Government,LPN,4,47,0.0851063829787234
CO,2024-12-01,Government,RN,13,137,0.0948905109489051
CO,2024-12-01,Non-Profit,CNA,29,731,0.03967168262653899
CO,2024-12-01,Non-Profit,LPN,11,189,0.0582010582010582
CO,2024-12-01,Non-Profit,RN,11,277,0.039711191335740074
CO,2025-01-01,For-Profit,CNA,486,6630,0.07330316742081448
CO,2025-01-01,For-Profit,LPN,121,1999,0.060530265132566284
CO,2025-01-01,For-Profit,RN,148,2362,0.06265876375952582
CO,2025-01-01,Government,CNA,17,307,0.05537459283387622
CO,2025-01-01,Government,LPN,3,51,0.058823529411764705
CO,2025-01-01,Government,RN,4,127,0.031496062992125984
CO,2025-01-01,Non-Profit,CNA,37,760,0.04868421052631579
CO,2025-01-01,Non-Profit,LPN,7,188,0.03723404255319149
CO,2025-01-01,Non-Profit,RN,17,286,0.05944055944055944
CO,2025-02-01,For-Profit,CNA,475,6609,0.07187169011953397
CO,2025-02-01,For-Profit,LPN,129,1995,0.06466165413533835
CO,2025-02-01,For-Profit,RN,139,2386,0.05825649622799665
CO,2025-02-01,Government,CNA,17,299,0.056856187290969896
CO,2025-02-01,Government,LPN,1,50,0.02
CO,2025-02-01,Government,RN,3,126,0.023809523809523808
CO,2025-02-01,Non-Profit,CNA,43,754,0.05702917771883289
CO,2025-02-01,Non-Profit,LPN,7,188,0.03723404255319149
CO,2025-02-01,Non-Profit,RN,13,301,0.04318936877076412
CO,2025-03-01,For-Profit,CNA,550,6750,0.08148148148148149
CO,2025-03-01,For-Profit,LPN,164,2035,0.08058968058968059
CO,2025-03-01,For-Profit,RN,176,2476,0.07108239095315025
CO,2025-03-01,Government,CNA,20,298,0.06711409395973154
CO,2025-03-01,Government,LPN,8,49,0.16326530612244897
CO,2025-03-01,Government,RN,10,128,0.078125
CO,2025-03-01,Non-Profit,CNA,50,755,0.06622516556291391
CO,2025-03-01,Non-Profit,LPN,8,189,0.042328042328042326
CO,2025-03-01,Non-Profit,RN,14,303,0.0462046204620462
CT,2022-10-01,For-Profit,CNA,451,7405,0.060904794058068874
CT,2022-10-01,For-Profit,LPN,156,2999,0.05201733911303768
CT,2022-10-01,For-Profit,RN,129,2157,0.059805285118219746
CT,2022-10-01,Government,CNA,1,144,0.006944444444444444
CT,2022-10-01,Government,LPN,1,50,0.02
CT,2022-10-01,Government,RN,2,69,0.028985507246376812
CT,2022-10-01,Non-Profit,CNA,85,1784,0.0476457399103139
CT,2022-10-01,Non-Profit,LPN,18,541,0.033271719038817
CT,2022-10-01,Non-Profit,RN,28,660,0.04242424242424243
CT,2022-11-01,For-Profit,CNA,405,7328,0.0552674672489083
CT,2022-11-01,For-Profit,LPN,165,3004,0.05492676431424767
CT,2022-11-01,For-Profit,RN,130,2167,0.05999077065066913
CT,2022-11-01,Government,CNA,1,143,0.006993006993006993
CT,2022-11-01,Government,LPN,1,49,0.02040816326530612
CT,2022-11-01,Government,RN,0,67,0.0
CT,2022-11-01,Non-Profit,CNA,79,1752,0.04509132420091324
CT,2022-11-01,Non-Profit,LPN,19,536,0.03544776119402985
CT,2022-11-01,Non-Profit,RN,18,633,0.02843601895734597
CT,2022-12-01,For-Profit,CNA,467,7235,0.0645473393227367
CT,2022-12-01,For-Profit,LPN,148,2955,0.050084602368866325
CT,2022-12-01,For-Profit,RN,166,2145,0.0773892773892774
CT,2022-12-01,Government,CNA,4,145,0.027586206896551724
CT,2022-12-01,Government,LPN,1,50,0.02
CT,2022-12-01,Government,RN,0,69,0.0
CT,2022-12-01,Non-Profit,CNA,109,1793,0.06079196876742889
CT,2022-12-01,Non-Profit,LPN,32,546,0.05860805860805861
CT,2022-12-01,Non-Profit,RN,24,625,0.0384
CT,2023-01-01,For-Profit,CNA,424,7308,0.058018609742747675
CT,2023-01-01,For-Profit,LPN,186,3043,0.06112389089714098
CT,2023-01-01,For-Profit,RN,151,2188,0.0690127970749543
CT,2023-01-01,Government,CNA,1,142,0.007042253521126761
CT,2023-01-01,Government,LPN,2,48,0.041666666666666664
CT,2023-01-01,Government,RN,0,71,0.0
CT,2023-01-01,Non-Profit,CNA,102,1893,0.05388272583201268
CT,2023-01-01,Non-Profit,LPN,36,571,0.06304728546409807
CT,2023-01-01,Non-Profit,RN,27,649,0.04160246533127889
CT,2023-02-01,For-Profit,CNA,420,7181,0.05848767581116836
CT,2023-02-01,For-Profit,LPN,156,3023,0.051604366523321205
CT,2023-02-01,For-Profit,RN,126,2148,0.05865921787709497
CT,2023-02-01,Government,CNA,2,140,0.014285714285714285
CT,2023-02-01,Government,LPN,0,47,0.0
CT,2023-02-01,Government,RN,1,69,0.014492753623188406
CT,2023-02-01,Non-Profit,CNA,102,1866,0.05466237942122187
CT,2023-02-01,Non-Profit,LPN,30,569,0.05272407732864675
CT,2023-02-01,Non-Profit,RN,16,641,0.0249609984399376
CT,2023-03-01,For-Profit,CNA,443,7231,0.06126400221269534
CT,2023-03-01,For-Profit,LPN,165,3038,0.054312047399605004
CT,2023-03-01,For-Profit,RN,150,2146,0.06989748369058714
CT,2023-03-01,Government,CNA,0,140,0.0
CT,2023-03-01,Government,LPN,0,48,0.0
CT,2023-03-01,Government,RN,2,69,0.028985507246376812
CT,2023-03-01,Non-Profit,CNA,263,1905,0.13805774278215224
CT,2023-03-01,Non-Profit,LPN,91,584,0.1558219178082192
CT,2023-03-01,Non-Profit,RN,75,664,0.11295180722891567
CT,2023-04-01,For-Profit,CNA,372,7180,0.05181058495821727
CT,2023-04-01,For-Profit,LPN,153,3013,0.050779953534683044
CT,2023-04-01,For-Profit,RN,95,2140,0.04439252336448598
CT,2023-04-01,Government,CNA,0,144,0.0
CT,2023-04-01,Government,LPN,2,48,0.041666666666666664
CT,2023-04-01,Government,RN,0,67,0.0
CT,2023-04-01,Non-Profit,CNA,89,1880,0.04734042553191489
CT,2023-04-01,Non-Profit,LPN,37,591,0.06260575296108291
CT,2023-04-01,Non-Profit,RN,16,661,0.024205748865355523
CT,2023-05-01,For-Profit,CNA,442,7381,0.05988348462267985
CT,2023-05-01,For-Profit,LPN,154,3049,0.050508363397835356
CT,2023-05-01,For-Profit,RN,127,2184,0.05815018315018315
CT,2023-05-01,Government,CNA,0,144,0.0
CT,2023-05-01,Government,LPN,0,50,0.0
CT,2023-05-01,Government,RN,2,71,0.028169014084507043
CT,2023-05-01,Non-Profit,CNA,92,1901,0.0483955812730142
CT,2023-05-01,Non-Profit,LPN,27,580,0.04655172413793104
CT,2023-05-01,Non-Profit,RN,17,672,0.025297619047619048
CT,2023-06-01,For-Profit,CNA,518,7435,0.06967047747141897
CT,2023-06-01,For-Profit,LPN,170,3056,0.055628272251308904
CT,2023-06-01,For-Profit,RN,160,2192,0.072992700729927
CT,2023-06-01,Government,CNA,1,146,0.00684931506849315
CT,2023-06-01,Government,LPN,2,51,0.0392156862745098
CT,2023-06-01,Government,RN,0,70,0.0
CT,2023-06-01,Non-Profit,CNA,134,1935,0.06925064599483204
CT,2023-06-01,Non-Profit,LPN,41,591,0.06937394247038917
CT,2023-06-01,Non-Profit,RN,28,660,0.04242424242424243
CT,2023-07-01,For-Profit,CNA,458,7575,0.060462046204620465
CT,2023-07-01,For-Profit,LPN,197,3135,0.06283891547049442
CT,2023-07-01,For-Profit,RN,135,2284,0.05910683012259194
CT,2023-07-01,Government,CNA,1,145,0.006896551724137931
CT,2023-07-01,Government,LPN,0,48,0.0
CT,2023-07-01,Government,RN,0,72,0.0
CT,2023-07-01,Non-Profit,CNA,110,1811,0.060739922694643844
CT,2023-07-01,Non-Profit,LPN,35,584,0.059931506849315065
CT,2023-07-01,Non-Profit,RN,26,629,0.04133545310015898
CT,2023-08-01,For-Profit,CNA,439,7611,0.057679674155827095
CT,2023-08-01,For-Profit,LPN,187,3133,0.05968720076603894
CT,2023-08-01,For-Profit,RN,144,2279,0.06318560772268539
CT,2023-08-01,Government,CNA,15,172,0.0872093023255814
CT,2023-08-01,Government,LPN,1,49,0.02040816326530612
CT,2023-08-01,Government,RN,1,74,0.013513513513513514
CT,2023-08-01,Non-Profit,CNA,153,1867,0.0819496518478843
CT,2023-08-01,Non-Profit,LPN,30,593,0.050590219224283306
CT,2023-08-01,Non-Profit,RN,24,633,0.037914691943127965
CT,2023-09-01,For-Profit,CNA,577,7606,0.07586116224033658
CT,2023-09-01,For-Profit,LPN,251,3153,0.07960672375515382
CT,2023-09-01,For-Profit,RN,185,2297,0.0805398345668263
CT,2023-09-01,Government,CNA,7,156,0.04487179487179487
CT,2023-09-01,Government,LPN,1,49,0.02040816326530612
CT,2023-09-01,Government,RN,1,75,0.013333333333333334
CT,2023-09-01,Non-Profit,CNA,151,1801,0.0838423098278734
CT,2023-09-01,Non-Profit,LPN,55,599,0.09181969949916527
CT,2023-09-01,Non-Profit,RN,34,629,0.05405405405405406
CT,2023-10-01,For-Profit,CNA,488,7761,0.06287849503929906
CT,2023-10-01,For-Profit,LPN,187,3194,0.05854727614276769
CT,2023-10-01,For-Profit,RN,147,2340,0.06282051282051282
CT,2023-10-01,Government,CNA,7,158,0.04430379746835443
CT,2023-10-01,Government,LPN,0,48,0.0
CT,2023-10-01,Government,RN,1,72,0.013888888888888888
CT,2023-10-01,Non-Profit,CNA,117,1870,0.06256684491978609
CT,2023-10-01,Non-Profit,LPN,30,597,0.05025125628140704
CT,2023-10-01,Non-Profit,RN,30,648,0.046296296296296294
CT,2023-11-01,For-Profit,CNA,422,7735,0.05455720749838397
CT,2023-11-01,For-Profit,LPN,192,3201,0.05998125585754452
CT,2023-11-01,For-Profit,RN,141,2308,0.06109185441941074
CT,2023-11-01,Government,CNA,7,151,0.046357615894039736
CT,2023-11-01,Government,LPN,0,49,0.0
CT,2023-11-01,Government,RN,3,71,0.04225352112676056
CT,2023-11-01,Non-Profit,CNA,96,1863,0.05152979066022544
CT,2023-11-01,Non-Profit,LPN,42,591,0.07106598984771574
CT,2023-11-01,Non-Profit,RN,18,639,0.028169014084507043
CT,2023-12-01,For-Profit,CNA,502,7729,0.06495018760512355
CT,2023-12-01,For-Profit,LPN,196,3185,0.06153846153846154
CT,2023-12-01,For-Profit,RN,165,2289,0.07208387942332896
CT,2023-12-01,Government,CNA,6,150,0.04
CT,2023-12-01,Government,LPN,0,48,0.0
CT,2023-12-01,Government,RN,0,68,0.0
CT,2023-12-01,Non-Profit,CNA,118,1881,0.06273258904837853
CT,2023-12-01,Non-Profit,LPN,34,589,0.057724957555178265
CT,2023-12-01,Non-Profit,RN,32,667,0.047976011994003
CT,2024-01-01,For-Profit,CNA,432,7813,0.055292461282477924
CT,2024-01-01,For-Profit,LPN,173,3213,0.05384375972611267
CT,2024-01-01,For-Profit,RN,128,2310,0.05541125541125541
CT,2024-01-01,Government,CNA,9,153,0.058823529411764705
CT,2024-01-01,Government,LPN,1,49,0.02040816326530612
CT,2024-01-01,Government,RN,0,67,0.0
CT,2024-01-01,Non-Profit,CNA,105,1921,0.05465903175429464
CT,2024-01-01,Non-Profit,LPN,43,617,0.06969205834683954
CT,2024-01-01,Non-Profit,RN,43,676,0.06360946745562131
CT,2024-02-01,For-Profit,CNA,482,7798,0.06181072069761477
CT,2024-02-01,For-Profit,LPN,199,3260,0.061042944785276075
CT,2024-02-01,For-Profit,RN,168,2326,0.07222699914015478
CT,2024-02-01,Government,CNA,4,146,0.0273972602739726
CT,2024-02-01,Government,LPN,1,47,0.02127659574468085
CT,2024-02-01,Government,RN,1,69,0.014492753623188406
CT,2024-02-01,Non-Profit,CNA,105,1898,0.05532139093782929
CT,2024-02-01,Non-Profit,LPN,41,622,0.06591639871382636
CT,2024-02-01,Non-Profit,RN,29,658,0.044072948328267476
CT,2024-03-01,For-Profit,CNA,500,7815,0.06397952655150352
CT,2024-03-01,For-Profit,LPN,188,3251,0.05782836050446016
CT,2024-03-01,For-Profit,RN,166,2315,0.07170626349892009
CT,2024-03-01,Government,CNA,4,144,0.027777777777777776
CT,2024-03-01,Government,LPN,0,46,0.0
CT,2024-03-01,Government,RN,0,70,0.0
CT,2024-03-01,Non-Profit,CNA,126,1966,0.06408952187182096
CT,2024-03-01,Non-Profit,LPN,36,635,0.05669291338582677
CT,2024-03-01,Non-Profit,RN,31,646,0.047987616099071206
CT,2024-04-01,For-Profit,CNA,458,7787,0.05881597534352125
CT,2024-04-01,For-Profit,LPN,193,3226,0.05982641041537508
CT,2024-04-01,For-Profit,RN,158,2305,0.0685466377440347
CT,2024-04-01,Government,CNA,4,154,0.025974025974025976
CT,2024-04-01,Government,LPN,0,47,0.0
CT,2024-04-01,Government,RN,4,72,0.05555555555555555
CT,2024-04-01,Non-Profit,CNA,83,1892,0.04386892177589852
CT,2024-04-01,Non-Profit,LPN,36,610,0.05901639344262295
CT,2024-04-01,Non-Profit,RN,19,635,0.029921259842519685
CT,2024-05-01,For-Profit,CNA,465,7881,0.05900266463646745
CT,2024-05-01,For-Profit,LPN,203,3267,0.062136516681971225
CT,2024-05-01,For-Profit,RN,139,2308,0.06022530329289428
CT,2024-05-01,Government,CNA,8,161,0.049689440993788817
CT,2024-05-01,Government,LPN,0,49,0.0
CT,2024-05-01,Government,RN,2,68,0.029411764705882353
CT,2024-05-01,Non-Profit,CNA,115,1967,0.058464667005592275
CT,2024-05-01,Non-Profit,LPN,34,615,0.055284552845528454
CT,2024-05-01,Non-Profit,RN,24,633,0.037914691943127965
CT,2024-06-01,For-Profit,CNA,853,8253,0.10335635526475222
CT,2024-06-01,For-Profit,LPN,355,3361,0.10562332639095508
CT,2024-06-01,For-Profit,RN,235,2381,0.0986980260394792
CT,2024-06-01,Government,CNA,4,148,0.02702702702702703
CT,2024-06-01,Government,LPN,1,48,0.020833333333333332
CT,2024-06-01,Government,RN,1,68,0.014705882352941176
CT,2024-06-01,Non-Profit,CNA,154,1986,0.07754279959718026
CT,2024-06-01,Non-Profit,LPN,35,605,0.05785123966942149
CT,2024-06-01,Non-Profit,RN,22,644,0.034161490683229816
CT,2024-07-01,For-Profit,CNA,460,7932,0.05799293998991427
CT,2024-07-01,For-Profit,LPN,167,3177,0.05256531318854265
CT,2024-07-01,For-Profit,RN,128,2316,0.055267702936096716
CT,2024-07-01,Government,CNA,4,153,0.026143790849673203
CT,2024-07-01,Government,LPN,1,47,0.02127659574468085
CT,2024-07-01,Government,RN,1,71,0.014084507042253521
CT,2024-07-01,Non-Profit,CNA,120,2001,0.05997001499250375
CT,2024-07-01,Non-Profit,LPN,31,641,0.0483619344773791
CT,2024-07-01,Non-Profit,RN,31,651,0.047619047619047616
CT,2024-08-01,For-Profit,CNA,492,8018,0.0613619356447992
CT,2024-08-01,For-Profit,LPN,180,3166,0.056854074542008845
CT,2024-08-01,For-Profit,RN,145,2316,0.06260794473229707
CT,2024-08-01,Government,CNA,9,161,0.055900621118012424
CT,2024-08-01,Government,LPN,1,45,0.022222222222222223
CT,2024-08-01,Government,RN,2,71,0.028169014084507043
CT,2024-08-01,Non-Profit,CNA,138,2018,0.06838453914767097
CT,2024-08-01,Non-Profit,LPN,39,650,0.06
CT,2024-08-01,Non-Profit,RN,19,636,0.029874213836477988
CT,2024-09-01,For-Profit,CNA,638,7935,0.08040327662255829
CT,2024-09-01,For-Profit,LPN,270,3190,0.08463949843260188
CT,2024-09-01,For-Profit,RN,222,2301,0.09647979139504563
CT,2024-09-01,Government,CNA,7,158,0.04430379746835443
CT,2024-09-01,Government,LPN,1,44,0.022727272727272728
CT,2024-09-01,Government,RN,1,69,0.014492753623188406
CT,2024-09-01,Non-Profit,CNA,107,1894,0.056494192185850056
CT,2024-09-01,Non-Profit,LPN,34,603,0.05638474295190713
CT,2024-09-01,Non-Profit,RN,34,621,0.05475040257648953
CT,2024-10-01,For-Profit,CNA,431,8048,0.05355367793240556
CT,2024-10-01,For-Profit,LPN,160,3255,0.04915514592933948
CT,2024-10-01,For-Profit,RN,139,2303,0.060356057316543636
CT,2024-10-01,Government,CNA,7,158,0.04430379746835443
CT,2024-10-01,Government,LPN,0,46,0.0
CT,2024-10-01,Government,RN,0,66,0.0
CT,2024-10-01,Non-Profit,CNA,136,1985,0.06851385390428212
CT,2024-10-01,Non-Profit,LPN,57,652,0.08742331288343558
CT,2024-10-01,Non-Profit,RN,31,651,0.047619047619047616
CT,2024-11-01,For-Profit,CNA,399,8027,0.04970723807150866
CT,2024-11-01,For-Profit,LPN,159,3281,0.04846083511124657
CT,2024-11-01,For-Profit,RN,115,2314,0.04969749351771824
CT,2024-11-01,Government,CNA,0,150,0.0
CT,2024-11-01,Government,LPN,1,46,0.021739130434782608
CT,2024-11-01,Government,RN,1,68,0.014705882352941176
CT,2024-11-01,Non-Profit,CNA,101,1900,0.053157894736842105
CT,2024-11-01,Non-Profit,LPN,21,606,0.034653465346534656
CT,2024-11-01,Non-Profit,RN,25,645,0.03875968992248062
CT,2024-12-01,For-Profit,CNA,488,8050,0.06062111801242236
CT,2024-12-01,For-Profit,LPN,205,3267,0.06274869911233548
CT,2024-12-01,For-Profit,RN,145,2287,0.06340183646698731
CT,2024-12-01,Government,CNA,3,153,0.0196078431372549
CT,2024-12-01,Government,LPN,1,46,0.021739130434782608
CT,2024-12-01,Government,RN,1,67,0.014925373134328358
CT,2024-12-01,Non-Profit,CNA,161,1976,0.08147773279352227
CT,2024-12-01,Non-Profit,LPN,49,643,0.07620528771384137
CT,2024-12-01,Non-Profit,RN,42,656,0.06402439024390244
CT,2025-01-01,For-Profit,CNA,476,8227,0.05785827154491309
CT,2025-01-01,For-Profit,LPN,177,3273,0.054078826764436295
CT,2025-01-01,For-Profit,RN,159,2344,0.06783276450511945
CT,2025-01-01,Government,CNA,6,154,0.03896103896103896
CT,2025-01-01,Government,LPN,0,47,0.0
CT,2025-01-01,Government,RN,0,68,0.0
CT,2025-01-01,Non-Profit,CNA,110,1982,0.055499495459132187
CT,2025-01-01,Non-Profit,LPN,29,645,0.04496124031007752
CT,2025-01-01,Non-Profit,RN,24,658,0.0364741641337386
CT,2025-02-01,For-Profit,CNA,400,8031,0.04980699788320259
CT,2025-02-01,For-Profit,LPN,170,3229,0.05264787860018581
CT,2025-02-01,For-Profit,RN,138,2317,0.059559775571860166
CT,2025-02-01,Government,CNA,2,142,0.014084507042253521
CT,2025-02-01,Government,LPN,0,47,0.0
CT,2025-02-01,Government,RN,0,69,0.0
CT,2025-02-01,Non-Profit,CNA,95,1973,0.0481500253421186
CT,2025-02-01,Non-Profit,LPN,32,641,0.0499219968798752
CT,2025-02-01,Non-Profit,RN,16,650,0.024615384615384615
CT,2025-03-01,For-Profit,CNA,610,8208,0.074317738791423
CT,2025-03-01,For-Profit,LPN,289,3282,0.08805606337599026
CT,2025-03-01,For-Profit,RN,184,2360,0.07796610169491526
CT,2025-03-01,Government,CNA,6,151,0.039735099337748346
CT,2025-03-01,Government,LPN,0,46,0.0
CT,2025-03-01,Government,RN,1,67,0.014925373134328358
CT,2025-03-01,Non-Profit,CNA,136,1987,0.06844489179667841
CT,2025-03-01,Non-Profit,LPN,44,638,0.06896551724137931
CT,2025-03-01,Non-Profit,RN,37,665,0.055639097744360905
DC,2022-10-01,For-Profit,CNA,32,567,0.0564373897707231
DC,2022-10-01,For-Profit,LPN,7,119,0.058823529411764705
DC,2022-10-01,For-Profit,RN,11,280,0.039285714285714285
DC,2022-10-01,Non-Profit,CNA,7,317,0.022082018927444796
DC,2022-10-01,Non-Profit,LPN,0,113,0.0
DC,2022-10-01,Non-Profit,RN,11,192,0.057291666666666664
DC,2022-11-01,For-Profit,CNA,37,578,0.06401384083044982
DC,2022-11-01,For-Profit,LPN,2,116,0.017241379310344827
DC,2022-11-01,For-Profit,RN,9,285,0.031578947368421054
DC,2022-11-01,Non-Profit,CNA,12,321,0.037383177570093455
DC,2022-11-01,Non-Profit,LPN,2,118,0.01694915254237288
DC,2022-11-01,Non-Profit,RN,2,176,0.011363636363636364
DC,2022-12-01,For-Profit,CNA,38,564,0.0673758865248227
DC,2022-12-01,For-Profit,LPN,10,122,0.08196721311475409
DC,2022-12-01,For-Profit,RN,13,286,0.045454545454545456
DC,2022-12-01,Non-Profit,CNA,13,311,0.04180064308681672
DC,2022-12-01,Non-Profit,LPN,10,119,0.08403361344537816
DC,2022-12-01,Non-Profit,RN,9,184,0.04891304347826087
DC,2023-01-01,For-Profit,CNA,36,565,0.06371681415929203
DC,2023-01-01,For-Profit,LPN,3,118,0.025423728813559324
DC,2023-01-01,For-Profit,RN,14,286,0.04895104895104895
DC,2023-01-01,Non-Profit,CNA,12,298,0.040268456375838924
DC,2023-01-01,Non-Profit,LPN,1,107,0.009345794392523364
DC,2023-01-01,Non-Profit,RN,5,170,0.029411764705882353
DC,2023-02-01,For-Profit,CNA,35,563,0.06216696269982238
DC,2023-02-01,For-Profit,LPN,5,122,0.040983606557377046
DC,2023-02-01,For-Profit,RN,15,280,0.05357142857142857
DC,2023-02-01,Non-Profit,CNA,8,303,0.026402640264026403
DC,2023-02-01,Non-Profit,LPN,0,104,0.0
DC,2023-02-01,Non-Profit,RN,6,170,0.03529411764705882
DC,2023-03-01,For-Profit,CNA,32,557,0.05745062836624776
DC,2023-03-01,For-Profit,LPN,3,122,0.02459016393442623
DC,2023-03-01,For-Profit,RN,17,289,0.058823529411764705
DC,2023-03-01,Non-Profit,CNA,6,306,0.0196078431372549
DC,2023-03-01,Non-Profit,LPN,3,106,0.02830188679245283
DC,2023-03-01,Non-Profit,RN,4,168,0.023809523809523808
DC,2023-04-01,For-Profit,CNA,28,546,0.05128205128205128
DC,2023-04-01,For-Profit,LPN,3,126,0.023809523809523808
DC,2023-04-01,For-Profit,RN,10,286,0.03496503496503497
DC,2023-04-01,Non-Profit,CNA,8,296,0.02702702702702703
DC,2023-04-01,Non-Profit,LPN,2,103,0.019417475728155338
DC,2023-04-01,Non-Profit,RN,3,175,0.017142857142857144
DC,2023-05-01,For-Profit,CNA,28,539,0.05194805194805195
DC,2023-05-01,For-Profit,LPN,3,125,0.024
DC,2023-05-01,For-Profit,RN,13,301,0.04318936877076412
DC,2023-05-01,Non-Profit,CNA,12,309,0.038834951456310676
DC,2023-05-01,Non-Profit,LPN,1,104,0.009615384615384616
DC,2023-05-01,Non-Profit,RN,9,185,0.04864864864864865
DC,2023-06-01,For-Profit,CNA,15,529,0.02835538752362949
DC,2023-06-01,For-Profit,LPN,4,128,0.03125
DC,2023-06-01,For-Profit,RN,18,297,0.06060606060606061
DC,2023-06-01,Non-Profit,CNA,8,310,0.025806451612903226
DC,2023-06-01,Non-Profit,LPN,1,105,0.009523809523809525
DC,2023-06-01,Non-Profit,RN,14,177,0.07909604519774012
DC,2023-07-01,For-Profit,CNA,20,543,0.03683241252302026
DC,2023-07-01,For-Profit,LPN,3,129,0.023255813953488372
DC,2023-07-01,For-Profit,RN,18,295,0.061016949152542375
DC,2023-07-01,Non-Profit,CNA,3,320,0.009375
DC,2023-07-01,Non-Profit,LPN,0,106,0.0
DC,2023-07-01,Non-Profit,RN,3,173,0.017341040462427744
DC,2023-08-01,For-Profit,CNA,23,557,0.04129263913824058
DC,2023-08-01,For-Profit,LPN,2,139,0.014388489208633094
DC,2023-08-01,For-Profit,RN,20,297,0.06734006734006734
DC,2023-08-01,Non-Profit,CNA,14,316,0.04430379746835443
DC,2023-08-01,Non-Profit,LPN,1,109,0.009174311926605505
DC,2023-08-01,Non-Profit,RN,4,173,0.023121387283236993
DC,2023-09-01,For-Profit,CNA,31,563,0.055062166962699825
DC,2023-09-01,For-Profit,LPN,6,151,0.039735099337748346
DC,2023-09-01,For-Profit,RN,17,285,0.05964912280701754
DC,2023-09-01,Non-Profit,CNA,8,315,0.025396825396825397
DC,2023-09-01,Non-Profit,LPN,4,109,0.03669724770642202
DC,2023-09-01,Non-Profit,RN,3,171,0.017543859649122806
DC,2023-10-01,For-Profit,CNA,37,574,0.06445993031358885
DC,2023-10-01,For-Profit,LPN,11,155,0.07096774193548387
DC,2023-10-01,For-Profit,RN,11,277,0.039711191335740074
DC,2023-10-01,Non-Profit,CNA,14,322,0.043478260869565216
DC,2023-10-01,Non-Profit,LPN,0,105,0.0
DC,2023-10-01,Non-Profit,RN,6,178,0.033707865168539325
DC,2023-11-01,For-Profit,CNA,26,547,0.04753199268738574
DC,2023-11-01,For-Profit,LPN,6,151,0.039735099337748346
DC,2023-11-01,For-Profit,RN,8,285,0.028070175438596492
DC,2023-11-01,Non-Profit,CNA,10,316,0.03164556962025317
DC,2023-11-01,Non-Profit,LPN,3,114,0.02631578947368421
DC,2023-11-01,Non-Profit,RN,1,175,0.005714285714285714
DC,2023-12-01,For-Profit,CNA,65,553,0.11754068716094032
DC,2023-12-01,For-Profit,LPN,22,145,0.15172413793103448
DC,2023-12-01,For-Profit,RN,30,286,0.1048951048951049
DC,2023-12-01,Non-Profit,CNA,10,313,0.03194888178913738
DC,2023-12-01,Non-Profit,LPN,4,110,0.03636363636363636
DC,2023-12-01,Non-Profit,RN,9,178,0.05056179775280899
DC,2024-01-01,For-Profit,CNA,35,567,0.06172839506172839
DC,2024-01-01,For-Profit,LPN,4,144,0.027777777777777776
DC,2024-01-01,For-Profit,RN,10,283,0.0353356890459364
DC,2024-01-01,Non-Profit,CNA,10,298,0.03355704697986577
DC,2024-01-01,Non-Profit,LPN,3,111,0.02702702702702703
DC,2024-01-01,Non-Profit,RN,2,178,0.011235955056179775
DC,2024-02-01,For-Profit,CNA,23,557,0.04129263913824058
DC,2024-02-01,For-Profit,LPN,2,146,0.0136986301369863
DC,2024-02-01,For-Profit,RN,11,285,0.03859649122807018
DC,2024-02-01,Non-Profit,CNA,17,318,0.05345911949685535
DC,2024-02-01,Non-Profit,LPN,4,108,0.037037037037037035
DC,2024-02-01,Non-Profit,RN,10,191,0.05235602094240838
DC,2024-03-01,For-Profit,CNA,39,564,0.06914893617021277
DC,2024-03-01,For-Profit,LPN,8,149,0.053691275167785234
DC,2024-03-01,For-Profit,RN,18,293,0.06143344709897611
DC,2024-03-01,Non-Profit,CNA,9,312,0.028846153846153848
DC,2024-03-01,Non-Profit,LPN,2,102,0.0196078431372549
DC,2024-03-01,Non-Profit,RN,14,182,0.07692307692307693
DC,2024-04-01,For-Profit,CNA,24,554,0.04332129963898917
DC,2024-04-01,For-Profit,LPN,4,151,0.026490066225165563
DC,2024-04-01,For-Profit,RN,19,306,0.06209150326797386
DC,2024-04-01,Non-Profit,CNA,8,311,0.02572347266881029
DC,2024-04-01,Non-Profit,LPN,0,107,0.0
DC,2024-04-01,Non-Profit,RN,6,177,0.03389830508474576
DC,2024-05-01,For-Profit,CNA,22,554,0.039711191335740074
DC,2024-05-01,For-Profit,LPN,5,151,0.033112582781456956
DC,2024-05-01,For-Profit,RN,7,304,0.023026315789473683
DC,2024-05-01,Non-Profit,CNA,13,327,0.039755351681957186
DC,2024-05-01,Non-Profit,LPN,1,100,0.01
DC,2024-05-01,Non-Profit,RN,4,182,0.02197802197802198
DC,2024-06-01,For-Profit,CNA,32,559,0.057245080500894455
DC,2024-06-01,For-Profit,LPN,5,157,0.03184713375796178
DC,2024-06-01,For-Profit,RN,12,310,0.03870967741935484
DC,2024-06-01,Non-Profit,CNA,12,318,0.03773584905660377
DC,2024-06-01,Non-Profit,LPN,1,101,0.009900990099009901
DC,2024-06-01,Non-Profit,RN,7,186,0.03763440860215054
DC,2024-07-01,For-Profit,CNA,29,554,0.052346570397111915
DC,2024-07-01,For-Profit,LPN,2,153,0.013071895424836602
DC,2024-07-01,For-Profit,RN,19,313,0.06070287539936102
DC,2024-07-01,Non-Profit,CNA,11,330,0.03333333333333333
DC,2024-07-01,Non-Profit,LPN,1,105,0.009523809523809525
DC,2024-07-01,Non-Profit,RN,5,181,0.027624309392265192
DC,2024-08-01,For-Profit,CNA,35,558,0.06272401433691756
DC,2024-08-01,For-Profit,LPN,6,151,0.039735099337748346
DC,2024-08-01,For-Profit,RN,20,305,0.06557377049180328
DC,2024-08-01,Non-Profit,CNA,9,327,0.027522935779816515
DC,2024-08-01,Non-Profit,LPN,5,108,0.046296296296296294
DC,2024-08-01,Non-Profit,RN,6,191,0.031413612565445025
DC,2024-09-01,For-Profit,CNA,31,564,0.0549645390070922
DC,2024-09-01,For-Profit,LPN,4,151,0.026490066225165563
DC,2024-09-01,For-Profit,RN,16,314,0.050955414012738856
DC,2024-09-01,Non-Profit,CNA,12,327,0.03669724770642202
DC,2024-09-01,Non-Profit,LPN,4,109,0.03669724770642202
DC,2024-09-01,Non-Profit,RN,9,183,0.04918032786885246
DC,2024-10-01,For-Profit,CNA,26,600,0.043333333333333335
DC,2024-10-01,For-Profit,LPN,4,165,0.024242424242424242
DC,2024-10-01,For-Profit,RN,13,311,0.04180064308681672
DC,2024-10-01,Non-Profit,CNA,7,236,0.029661016949152543
DC,2024-10-01,Non-Profit,LPN,10,70,0.14285714285714285
DC,2024-10-01,Non-Profit,RN,6,148,0.04054054054054054
DC,2024-11-01,For-Profit,CNA,20,606,0.033003300330033
DC,2024-11-01,For-Profit,LPN,4,167,0.023952095808383235
DC,2024-11-01,For-Profit,RN,9,317,0.028391167192429023
DC,2024-11-01,Non-Profit,CNA,11,333,0.03303303303303303
DC,2024-11-01,Non-Profit,LPN,0,97,0.0
DC,2024-11-01,Non-Profit,RN,5,184,0.02717391304347826
DC,2024-12-01,For-Profit,CNA,27,607,0.044481054365733116
DC,2024-12-01,For-Profit,LPN,9,169,0.05325443786982249
DC,2024-12-01,For-Profit,RN,13,327,0.039755351681957186
DC,2024-12-01,Non-Profit,CNA,42,331,0.1268882175226586
DC,2024-12-01,Non-Profit,LPN,17,100,0.17
DC,2024-12-01,Non-Profit,RN,13,181,0.0718232044198895
DC,2025-01-01,For-Profit,CNA,28,616,0.045454545454545456
DC,2025-01-01,For-Profit,LPN,4,163,0.024539877300613498
DC,2025-01-01,For-Profit,RN,11,330,0.03333333333333333
DC,2025-01-01,Non-Profit,CNA,10,326,0.03067484662576687
DC,2025-01-01,Non-Profit,LPN,5,99,0.050505050505050504
DC,2025-01-01,Non-Profit,RN,9,192,0.046875
DC,2025-02-01,For-Profit,CNA,32,597,0.05360134003350084
DC,2025-02-01,For-Profit,LPN,11,166,0.06626506024096386
DC,2025-02-01,For-Profit,RN,20,351,0.05698005698005698
DC,2025-02-01,Non-Profit,CNA,5,238,0.02100840336134454
DC,2025-02-01,Non-Profit,LPN,1,66,0.015151515151515152
DC,2025-02-01,Non-Profit,RN,5,153,0.032679738562091505
DC,2025-03-01,For-Profit,CNA,38,602,0.06312292358803986
DC,2025-03-01,For-Profit,LPN,6,163,0.03680981595092025
DC,2025-03-01,For-Profit,RN,27,354,0.07627118644067797
DC,2025-03-01,Non-Profit,CNA,9,250,0.036
DC,2025-03-01,Non-Profit,LPN,1,61,0.01639344262295082
DC,2025-03-01,Non-Profit,RN,17,163,0.10429447852760736
DE,2022-10-01,For-Profit,CNA,90,1354,0.06646971935007386
DE,2022-10-01,For-Profit,LPN,28,537,0.0521415270018622
DE,2022-10-01,For-Profit,RN,30,534,0.056179775280898875
DE,2022-10-01,Government,CNA,0,26,0.0
DE,2022-10-01,Government,LPN,0,4,0.0
DE,2022-10-01,Government,RN,4,19,0.21052631578947367
DE,2022-10-01,Non-Profit,CNA,16,251,0.06374501992031872
DE,2022-10-01,Non-Profit,LPN,3,103,0.02912621359223301
DE,2022-10-01,Non-Profit,RN,5,132,0.03787878787878788
DE,2022-11-01,For-Profit,CNA,89,1395,0.06379928315412187
DE,2022-11-01,For-Profit,LPN,35,543,0.06445672191528545
DE,2022-11-01,For-Profit,RN,38,540,0.07037037037037037
DE,2022-11-01,Government,CNA,2,29,0.06896551724137931
DE,2022-11-01,Government,LPN,0,4,0.0
DE,2022-11-01,Government,RN,0,16,0.0
DE,2022-11-01,Non-Profit,CNA,11,243,0.04526748971193416
DE,2022-11-01,Non-Profit,LPN,2,98,0.02040816326530612
DE,2022-11-01,Non-Profit,RN,3,135,0.022222222222222223
DE,2022-12-01,For-Profit,CNA,128,1421,0.09007741027445461
DE,2022-12-01,For-Profit,LPN,54,552,0.09782608695652174
DE,2022-12-01,For-Profit,RN,40,529,0.07561436672967864
DE,2022-12-01,Government,CNA,4,28,0.14285714285714285
DE,2022-12-01,Government,LPN,0,4,0.0
DE,2022-12-01,Government,RN,3,17,0.17647058823529413
DE,2022-12-01,Non-Profit,CNA,14,242,0.05785123966942149
DE,2022-12-01,Non-Profit,LPN,4,96,0.041666666666666664
DE,2022-12-01,Non-Profit,RN,7,133,0.05263157894736842
DE,2023-01-01,For-Profit,CNA,100,1398,0.0715307582260372
DE,2023-01-01,For-Profit,LPN,38,532,0.07142857142857142
DE,2023-01-01,For-Profit,RN,33,516,0.06395348837209303
DE,2023-01-01,Government,CNA,0,27,0.0
DE,2023-01-01,Government,LPN,0,3,0.0
DE,2023-01-01,Government,RN,0,16,0.0
DE,2023-01-01,Non-Profit,CNA,14,232,0.0603448275862069
DE,2023-01-01,Non-Profit,LPN,5,99,0.050505050505050504
DE,2023-01-01,Non-Profit,RN,7,135,0.05185185185185185
DE,2023-02-01,For-Profit,CNA,99,1380,0.07173913043478261
DE,2023-02-01,For-Profit,LPN,32,519,0.06165703275529865
DE,2023-02-01,For-Profit,RN,29,515,0.05631067961165048
DE,2023-02-01,Government,CNA,0,28,0.0
DE,2023-02-01,Government,LPN,0,3,0.0
DE,2023-02-01,Government,RN,0,15,0.0
DE,2023-02-01,Non-Profit,CNA,12,226,0.05309734513274336
DE,2023-02-01,Non-Profit,LPN,3,99,0.030303030303030304
DE,2023-02-01,Non-Profit,RN,2,135,0.014814814814814815
DE,2023-03-01,For-Profit,CNA,90,1366,0.06588579795021962
DE,2023-03-01,For-Profit,LPN,28,528,0.05303030303030303
DE,2023-03-01,For-Profit,RN,48,500,0.096
DE,2023-03-01,Government,CNA,0,27,0.0
DE,2023-03-01,Government,LPN,0,4,0.0
DE,2023-03-01,Government,RN,0,16,0.0
DE,2023-03-01,Non-Profit,CNA,9,226,0.03982300884955752
DE,2023-03-01,Non-Profit,LPN,7,100,0.07
DE,2023-03-01,Non-Profit,RN,3,131,0.022900763358778626
DE,2023-04-01,For-Profit,CNA,77,1400,0.055
DE,2023-04-01,For-Profit,LPN,36,524,0.06870229007633588
DE,2023-04-01,For-Profit,RN,22,516,0.04263565891472868
DE,2023-04-01,Government,CNA,1,28,0.03571428571428571
DE,2023-04-01,Government,LPN,0,5,0.0
DE,2023-04-01,Government,RN,0,16,0.0
DE,2023-04-01,Non-Profit,CNA,16,239,0.06694560669456066
DE,2023-04-01,Non-Profit,LPN,2,94,0.02127659574468085
DE,2023-04-01,Non-Profit,RN,4,131,0.030534351145038167
DE,2023-05-01,For-Profit,CNA,117,1454,0.08046767537826685
DE,2023-05-01,For-Profit,LPN,32,545,0.05871559633027523
DE,2023-05-01,For-Profit,RN,35,536,0.06529850746268656
DE,2023-05-01,Government,CNA,0,29,0.0
DE,2023-05-01,Government,LPN,0,5,0.0
DE,2023-05-01,Government,RN,1,17,0.058823529411764705
DE,2023-05-01,Non-Profit,CNA,4,231,0.017316017316017316
DE,2023-05-01,Non-Profit,LPN,4,97,0.041237113402061855
DE,2023-05-01,Non-Profit,RN,4,134,0.029850746268656716
DE,2023-06-01,For-Profit,CNA,122,1453,0.08396421197522368
DE,2023-06-01,For-Profit,LPN,45,540,0.08333333333333333
DE,2023-06-01,For-Profit,RN,46,533,0.08630393996247655
DE,2023-06-01,Government,CNA,1,32,0.03125
DE,2023-06-01,Government,LPN,0,5,0.0
DE,2023-06-01,Government,RN,0,18,0.0
DE,2023-06-01,Non-Profit,CNA,10,257,0.038910505836575876
DE,2023-06-01,Non-Profit,LPN,7,102,0.06862745098039216
DE,2023-06-01,Non-Profit,RN,4,134,0.029850746268656716
DE,2023-07-01,For-Profit,CNA,107,1456,0.07348901098901099
DE,2023-07-01,For-Profit,LPN,34,535,0.06355140186915888
DE,2023-07-01,For-Profit,RN,28,507,0.055226824457593686
DE,2023-07-01,Government,CNA,1,31,0.03225806451612903
DE,2023-07-01,Government,LPN,0,5,0.0
DE,2023-07-01,Government,RN,0,20,0.0
DE,2023-07-01,Non-Profit,CNA,15,262,0.05725190839694656
DE,2023-07-01,Non-Profit,LPN,2,101,0.019801980198019802
DE,2023-07-01,Non-Profit,RN,2,128,0.015625
DE,2023-08-01,For-Profit,CNA,116,1469,0.07896528250510551
DE,2023-08-01,For-Profit,LPN,33,532,0.06203007518796992
DE,2023-08-01,For-Profit,RN,38,513,0.07407407407407407
DE,2023-08-01,Government,CNA,1,30,0.03333333333333333
DE,2023-08-01,Government,LPN,0,5,0.0
DE,2023-08-01,Government,RN,0,20,0.0
DE,2023-08-01,Non-Profit,CNA,23,280,0.08214285714285714
DE,2023-08-01,Non-Profit,LPN,3,104,0.028846153846153848
DE,2023-08-01,Non-Profit,RN,5,138,0.036231884057971016
DE,2023-09-01,For-Profit,CNA,122,1513,0.0806345009914078
DE,2023-09-01,For-Profit,LPN,51,572,0.08916083916083917
DE,2023-09-01,For-Profit,RN,37,540,0.06851851851851852
DE,2023-09-01,Government,CNA,1,31,0.03225806451612903
DE,2023-09-01,Government,LPN,1,7,0.14285714285714285
DE,2023-09-01,Government,RN,0,21,0.0
DE,2023-09-01,Non-Profit,CNA,27,260,0.10384615384615385
DE,2023-09-01,Non-Profit,LPN,5,111,0.04504504504504504
DE,2023-09-01,Non-Profit,RN,5,141,0.03546099290780142
DE,2023-10-01,For-Profit,CNA,129,1589,0.08118313404657017
DE,2023-10-01,For-Profit,LPN,38,564,0.0673758865248227
DE,2023-10-01,For-Profit,RN,37,547,0.06764168190127971
DE,2023-10-01,Government,CNA,1,30,0.03333333333333333
DE,2023-10-01,Government,LPN,0,6,0.0
DE,2023-10-01,Government,RN,1,21,0.047619047619047616
DE,2023-10-01,Non-Profit,CNA,19,273,0.0695970695970696
DE,2023-10-01,Non-Profit,LPN,7,118,0.059322033898305086
DE,2023-10-01,Non-Profit,RN,4,141,0.028368794326241134
DE,2023-11-01,For-Profit,CNA,110,1596,0.06892230576441102
DE,2023-11-01,For-Profit,LPN,33,579,0.05699481865284974
DE,2023-11-01,For-Profit,RN,41,561,0.07308377896613191
DE,2023-11-01,Government,CNA,0,30,0.0
DE,2023-11-01,Government,LPN,0,5,0.0
DE,2023-11-01,Government,RN,2,22,0.09090909090909091
DE,2023-11-01,Non-Profit,CNA,12,267,0.0449438202247191
DE,2023-11-01,Non-Profit,LPN,6,114,0.05263157894736842
DE,2023-11-01,Non-Profit,RN,5,139,0.03597122302158273
DE,2023-12-01,For-Profit,CNA,239,1607,0.14872433105164903
DE,2023-12-01,For-Profit,LPN,93,568,0.1637323943661972
DE,2023-12-01,For-Profit,RN,84,526,0.1596958174904943
DE,2023-12-01,Government,CNA,2,30,0.06666666666666667
DE,2023-12-01,Government,LPN,1,6,0.16666666666666666
DE,2023-12-01,Government,RN,0,20,0.0
DE,2023-12-01,Non-Profit,CNA,15,265,0.05660377358490566
DE,2023-12-01,Non-Profit,LPN,3,108,0.027777777777777776
DE,2023-12-01,Non-Profit,RN,2,137,0.014598540145985401
DE,2024-01-01,For-Profit,CNA,110,1622,0.06781750924784218
DE,2024-01-01,For-Profit,LPN,31,552,0.05615942028985507
DE,2024-01-01,For-Profit,RN,34,541,0.06284658040665435
DE,2024-01-01,Government,CNA,1,34,0.029411764705882353
DE,2024-01-01,Government,LPN,0,5,0.0
DE,2024-01-01,Government,RN,0,21,0.0
DE,2024-01-01,Non-Profit,CNA,13,265,0.04905660377358491
DE,2024-01-01,Non-Profit,LPN,4,114,0.03508771929824561
DE,2024-01-01,Non-Profit,RN,7,140,0.05
DE,2024-02-01,For-Profit,CNA,115,1622,0.07090012330456227
DE,2024-02-01,For-Profit,LPN,33,550,0.06
DE,2024-02-01,For-Profit,RN,28,532,0.05263157894736842
DE,2024-02-01,Government,CNA,4,34,0.11764705882352941
DE,2024-02-01,Government,LPN,0,5,0.0
DE,2024-02-01,Government,RN,0,22,0.0
DE,2024-02-01,Non-Profit,CNA,15,268,0.055970149253731345
DE,2024-02-01,Non-Profit,LPN,5,115,0.043478260869565216
DE,2024-02-01,Non-Profit,RN,6,141,0.0425531914893617
DE,2024-03-01,For-Profit,CNA,113,1648,0.06856796116504854
DE,2024-03-01,For-Profit,LPN,38,555,0.06846846846846846
DE,2024-03-01,For-Profit,RN,35,541,0.06469500924214418
DE,2024-03-01,Government,CNA,2,31,0.06451612903225806
DE,2024-03-01,Government,LPN,0,5,0.0
DE,2024-03-01,Government,RN,1,24,0.041666666666666664
DE,2024-03-01,Non-Profit,CNA,22,271,0.08118081180811808
DE,2024-03-01,Non-Profit,LPN,1,111,0.009009009009009009
DE,2024-03-01,Non-Profit,RN,5,139,0.03597122302158273
DE,2024-04-01,For-Profit,CNA,123,1694,0.07260920897284534
DE,2024-04-01,For-Profit,LPN,26,569,0.04569420035149385
DE,2024-04-01,For-Profit,RN,31,554,0.05595667870036101
DE,2024-04-01,Government,CNA,1,29,0.034482758620689655
DE,2024-04-01,Government,LPN,0,5,0.0
DE,2024-04-01,Government,RN,3,23,0.13043478260869565
DE,2024-04-01,Non-Profit,CNA,14,262,0.05343511450381679
DE,2024-04-01,Non-Profit,LPN,1,119,0.008403361344537815
DE,2024-04-01,Non-Profit,RN,7,136,0.051470588235294115
DE,2024-05-01,For-Profit,CNA,118,1703,0.06928948913681739
DE,2024-05-01,For-Profit,LPN,46,590,0.07796610169491526
DE,2024-05-01,For-Profit,RN,39,553,0.0705244122965642
DE,2024-05-01,Government,CNA,1,28,0.03571428571428571
DE,2024-05-01,Government,LPN,0,4,0.0
DE,2024-05-01,Government,RN,1,22,0.045454545454545456
DE,2024-05-01,Non-Profit,CNA,18,264,0.06818181818181818
DE,2024-05-01,Non-Profit,LPN,1,115,0.008695652173913044
DE,2024-05-01,Non-Profit,RN,9,136,0.0661764705882353
DE,2024-06-01,For-Profit,CNA,132,1758,0.07508532423208192
DE,2024-06-01,For-Profit,LPN,30,576,0.052083333333333336
DE,2024-06-01,For-Profit,RN,30,557,0.05385996409335727
DE,2024-06-01,Government,CNA,2,29,0.06896551724137931
DE,2024-06-01,Government,LPN,0,5,0.0
DE,2024-06-01,Government,RN,1,21,0.047619047619047616
DE,2024-06-01,Non-Profit,CNA,12,268,0.04477611940298507
DE,2024-06-01,Non-Profit,LPN,5,127,0.03937007874015748
DE,2024-06-01,Non-Profit,RN,6,129,0.046511627906976744
DE,2024-07-01,For-Profit,CNA,127,1777,0.0714687675858188
DE,2024-07-01,For-Profit,LPN,33,612,0.05392156862745098
DE,2024-07-01,For-Profit,RN,37,557,0.06642728904847396
DE,2024-07-01,Government,CNA,0,29,0.0
DE,2024-07-01,Government,LPN,0,5,0.0
DE,2024-07-01,Government,RN,0,20,0.0
DE,2024-07-01,Non-Profit,CNA,17,279,0.06093189964157706
DE,2024-07-01,Non-Profit,LPN,4,127,0.031496062992125984
DE,2024-07-01,Non-Profit,RN,4,126,0.031746031746031744
DE,2024-08-01,For-Profit,CNA,166,1820,0.0912087912087912
DE,2024-08-01,For-Profit,LPN,22,633,0.03475513428120063
DE,2024-08-01,For-Profit,RN,33,562,0.05871886120996441
DE,2024-08-01,Government,CNA,1,30,0.03333333333333333
DE,2024-08-01,Government,LPN,0,6,0.0
DE,2024-08-01,Government,RN,0,24,0.0
DE,2024-08-01,Non-Profit,CNA,13,284,0.045774647887323945
DE,2024-08-01,Non-Profit,LPN,7,124,0.056451612903225805
DE,2024-08-01,Non-Profit,RN,3,130,0.023076923076923078
DE,2024-09-01,For-Profit,CNA,154,1794,0.0858416945373467
DE,2024-09-01,For-Profit,LPN,40,646,0.06191950464396285
DE,2024-09-01,For-Profit,RN,47,564,0.08333333333333333
DE,2024-09-01,Government,CNA,0,28,0.0
DE,2024-09-01,Government,LPN,0,5,0.0
DE,2024-09-01,Government,RN,1,24,0.041666666666666664
DE,2024-09-01,Non-Profit,CNA,20,286,0.06993006993006994
DE,2024-09-01,Non-Profit,LPN,4,121,0.03305785123966942
DE,2024-09-01,Non-Profit,RN,5,129,0.03875968992248062
DE,2024-10-01,For-Profit,CNA,131,1802,0.07269700332963375
DE,2024-10-01,For-Profit,LPN,29,650,0.04461538461538461
DE,2024-10-01,For-Profit,RN,33,569,0.05799648506151142
DE,2024-10-01,Government,CNA,0,31,0.0
DE,2024-10-01,Government,LPN,0,5,0.0
DE,2024-10-01,Government,RN,0,23,0.0
DE,2024-10-01,Non-Profit,CNA,16,290,0.05517241379310345
DE,2024-10-01,Non-Profit,LPN,4,120,0.03333333333333333
DE,2024-10-01,Non-Profit,RN,3,132,0.022727272727272728
DE,2024-11-01,For-Profit,CNA,132,1823,0.07240811848601207
DE,2024-11-01,For-Profit,LPN,34,657,0.0517503805175038
DE,2024-11-01,For-Profit,RN,36,577,0.06239168110918544
DE,2024-11-01,Government,CNA,0,31,0.0
DE,2024-11-01,Government,LPN,0,6,0.0
DE,2024-11-01,Government,RN,2,23,0.08695652173913043
DE,2024-11-01,Non-Profit,CNA,9,293,0.030716723549488054
DE,2024-11-01,Non-Profit,LPN,0,116,0.0
DE,2024-11-01,Non-Profit,RN,5,133,0.03759398496240601
DE,2024-12-01,For-Profit,CNA,116,1822,0.06366630076838639
DE,2024-12-01,For-Profit,LPN,37,651,0.05683563748079877
DE,2024-12-01,For-Profit,RN,43,557,0.07719928186714542
DE,2024-12-01,Government,CNA,0,31,0.0
DE,2024-12-01,Government,LPN,1,7,0.14285714285714285
DE,2024-12-01,Government,RN,0,22,0.0
DE,2024-12-01,Non-Profit,CNA,20,293,0.06825938566552901
DE,2024-12-01,Non-Profit,LPN,5,118,0.0423728813559322
DE,2024-12-01,Non-Profit,RN,5,131,0.03816793893129771
DE,2025-01-01,For-Profit,CNA,118,1835,0.06430517711171663
DE,2025-01-01,For-Profit,LPN,32,657,0.0487062404870624
DE,2025-01-01,For-Profit,RN,27,553,0.048824593128390596
DE,2025-01-01,Government,CNA,2,31,0.06451612903225806
DE,2025-01-01,Government,LPN,0,6,0.0
DE,2025-01-01,Government,RN,2,22,0.09090909090909091
DE,2025-01-01,Non-Profit,CNA,7,287,0.024390243902439025
DE,2025-01-01,Non-Profit,LPN,6,113,0.05309734513274336
DE,2025-01-01,Non-Profit,RN,3,133,0.022556390977443608
DE,2025-02-01,For-Profit,CNA,136,1838,0.07399347116430903
DE,2025-02-01,For-Profit,LPN,39,663,0.058823529411764705
DE,2025-02-01,For-Profit,RN,46,572,0.08041958041958042
DE,2025-02-01,Government,CNA,2,29,0.06896551724137931
DE,2025-02-01,Government,LPN,0,6,0.0
DE,2025-02-01,Government,RN,1,22,0.045454545454545456
DE,2025-02-01,Non-Profit,CNA,8,290,0.027586206896551724
DE,2025-02-01,Non-Profit,LPN,2,114,0.017543859649122806
DE,2025-02-01,Non-Profit,RN,2,130,0.015384615384615385
DE,2025-03-01,For-Profit,CNA,145,1849,0.07842076798269335
DE,2025-03-01,For-Profit,LPN,41,674,0.06083086053412463
DE,2025-03-01,For-Profit,RN,37,580,0.06379310344827586
DE,2025-03-01,Government,CNA,1,31,0.03225806451612903
DE,2025-03-01,Government,LPN,0,6,0.0
DE,2025-03-01,Government,RN,0,24,0.0
DE,2025-03-01,Non-Profit,CNA,14,300,0.04666666666666667
DE,2025-03-01,Non-Profit,LPN,9,115,0.0782608695652174
DE,2025-03-01,Non-Profit,RN,4,131,0.030534351145038167
FL,2022-10-01,For-Profit,CNA,2665,28998,0.09190288985447272
FL,2022-10-01,For-Profit,LPN,908,9639,0.09420064322025107
FL,2022-10-01,For-Profit,RN,750,7794,0.0962278675904542
FL,2022-10-01,Government,CNA,31,738,0.04200542005420054
FL,2022-10-01,Government,LPN,6,201,0.029850746268656716
FL,2022-10-01,Government,RN,5,305,0.01639344262295082
FL,2022-10-01,Non-Profit,CNA,353,6670,0.05292353823088456
FL,2022-10-01,Non-Profit,LPN,111,1932,0.05745341614906832
FL,2022-10-01,Non-Profit,RN,119,2053,0.05796395518753044
FL,2022-11-01,For-Profit,CNA,2168,28412,0.07630578628748416
FL,2022-11-01,For-Profit,LPN,798,9603,0.0830990315526398
FL,2022-11-01,For-Profit,RN,654,7728,0.08462732919254658
FL,2022-11-01,Government,CNA,22,750,0.029333333333333333
FL,2022-11-01,Government,LPN,7,200,0.035
FL,2022-11-01,Government,RN,5,317,0.015772870662460567
FL,2022-11-01,Non-Profit,CNA,346,6705,0.051603281133482476
FL,2022-11-01,Non-Profit,LPN,112,1962,0.05708460754332314
FL,2022-11-01,Non-Profit,RN,130,2071,0.06277160791887977
FL,2022-12-01,For-Profit,CNA,2557,28574,0.08948694617484426
FL,2022-12-01,For-Profit,LPN,997,9734,0.10242449147318677
FL,2022-12-01,For-Profit,RN,807,7677,0.10511918718249316
FL,2022-12-01,Government,CNA,32,771,0.041504539559014265
FL,2022-12-01,Government,LPN,4,199,0.020100502512562814
FL,2022-12-01,Government,RN,16,321,0.04984423676012461
FL,2022-12-01,Non-Profit,CNA,437,6674,0.06547797422834882
FL,2022-12-01,Non-Profit,LPN,125,1958,0.06384065372829417
FL,2022-12-01,Non-Profit,RN,179,2093,0.08552317247969422
FL,2023-01-01,For-Profit,CNA,2445,29631,0.0825149336843171
FL,2023-01-01,For-Profit,LPN,896,10038,0.08926080892608089
FL,2023-01-01,For-Profit,RN,749,7919,0.09458264932440964
FL,2023-01-01,Government,CNA,25,768,0.032552083333333336
FL,2023-01-01,Government,LPN,6,203,0.029556650246305417
FL,2023-01-01,Government,RN,17,330,0.051515151515151514
FL,2023-01-01,Non-Profit,CNA,351,6680,0.05254491017964072
FL,2023-01-01,Non-Profit,LPN,132,1991,0.06629834254143646
FL,2023-01-01,Non-Profit,RN,117,2086,0.056088207094918505
FL,2023-02-01,For-Profit,CNA,2339,29510,0.07926126736699424
FL,2023-02-01,For-Profit,LPN,853,9959,0.08565116979616427
FL,2023-02-01,For-Profit,RN,696,7950,0.08754716981132075
FL,2023-02-01,Government,CNA,31,785,0.03949044585987261
FL,2023-02-01,Government,LPN,9,203,0.04433497536945813
FL,2023-02-01,Government,RN,12,325,0.036923076923076927
FL,2023-02-01,Non-Profit,CNA,323,6582,0.049073230021270134
FL,2023-02-01,Non-Profit,LPN,97,1951,0.04971809328549462
FL,2023-02-01,Non-Profit,RN,129,2128,0.0606203007518797
FL,2023-03-01,For-Profit,CNA,2986,29952,0.09969284188034189
FL,2023-03-01,For-Profit,LPN,1073,10150,0.10571428571428572
FL,2023-03-01,For-Profit,RN,855,8088,0.10571216617210683
FL,2023-03-01,Government,CNA,46,790,0.05822784810126582
FL,2023-03-01,Government,LPN,8,197,0.04060913705583756
FL,2023-03-01,Government,RN,11,325,0.033846153846153845
FL,2023-03-01,Non-Profit,CNA,395,6644,0.059452137266706805
FL,2023-03-01,Non-Profit,LPN,134,2025,0.06617283950617284
FL,2023-03-01,Non-Profit,RN,146,2142,0.06816059757236227
FL,2023-04-01,For-Profit,CNA,2583,29609,0.08723698875341956
FL,2023-04-01,For-Profit,LPN,958,10074,0.095096287472702
FL,2023-04-01,For-Profit,RN,768,8060,0.09528535980148883
FL,2023-04-01,Government,CNA,45,775,0.05806451612903226
FL,2023-04-01,Government,LPN,17,199,0.08542713567839195
FL,2023-04-01,Government,RN,14,329,0.0425531914893617
FL,2023-04-01,Non-Profit,CNA,363,6583,0.055142032507975086
FL,2023-04-01,Non-Profit,LPN,110,2007,0.05480817140009965
FL,2023-04-01,Non-Profit,RN,110,2112,0.052083333333333336
FL,2023-05-01,For-Profit,CNA,2622,30192,0.08684419713831479
FL,2023-05-01,For-Profit,LPN,1016,10285,0.09878463782207098
FL,2023-05-01,For-Profit,RN,755,8259,0.09141542559631917
FL,2023-05-01,Government,CNA,34,754,0.04509283819628647
FL,2023-05-01,Government,LPN,11,195,0.05641025641025641
FL,2023-05-01,Government,RN,7,328,0.021341463414634148
FL,2023-05-01,Non-Profit,CNA,335,6656,0.05033052884615385
FL,2023-05-01,Non-Profit,LPN,127,2016,0.06299603174603174
FL,2023-05-01,Non-Profit,RN,128,2183,0.05863490609253321
FL,2023-06-01,For-Profit,CNA,3106,29917,0.10382057024434269
FL,2023-06-01,For-Profit,LPN,1238,10223,0.12109948156118557
FL,2023-06-01,For-Profit,RN,909,8245,0.1102486355366889
FL,2023-06-01,Government,CNA,69,759,0.09090909090909091
FL,2023-06-01,Government,LPN,23,196,0.11734693877551021
FL,2023-06-01,Government,RN,21,334,0.06287425149700598
FL,2023-06-01,Non-Profit,CNA,435,6670,0.06521739130434782
FL,2023-06-01,Non-Profit,LPN,172,2013,0.08544461003477397
FL,2023-06-01,Non-Profit,RN,120,2152,0.055762081784386616
FL,2023-07-01,For-Profit,CNA,2672,30487,0.0876439137993243
FL,2023-07-01,For-Profit,LPN,919,10277,0.08942298336090299
FL,2023-07-01,For-Profit,RN,720,8374,0.0859804155720086
FL,2023-07-01,Government,CNA,38,736,0.051630434782608696
FL,2023-07-01,Government,LPN,12,181,0.06629834254143646
FL,2023-07-01,Government,RN,9,329,0.02735562310030395
FL,2023-07-01,Non-Profit,CNA,380,6853,0.05545016780971837
FL,2023-07-01,Non-Profit,LPN,139,2089,0.0665390138822403
FL,2023-07-01,Non-Profit,RN,126,2261,0.05572755417956656
FL,2023-08-01,For-Profit,CNA,3132,30718,0.10195976300540399
FL,2023-08-01,For-Profit,LPN,1105,10441,0.1058327746384446
FL,2023-08-01,For-Profit,RN,943,8600,0.10965116279069767
FL,2023-08-01,Government,CNA,33,734,0.04495912806539509
FL,2023-08-01,Government,LPN,4,185,0.021621621621621623
FL,2023-08-01,Government,RN,10,335,0.029850746268656716
FL,2023-08-01,Non-Profit,CNA,382,6842,0.05583162817889506
FL,2023-08-01,Non-Profit,LPN,132,2114,0.06244087038789026
FL,2023-08-01,Non-Profit,RN,141,2305,0.06117136659436009
FL,2023-09-01,For-Profit,CNA,2753,30731,0.08958380788129251
FL,2023-09-01,For-Profit,LPN,1038,10460,0.09923518164435946
FL,2023-09-01,For-Profit,RN,916,8653,0.1058592395700913
FL,2023-09-01,Government,CNA,29,764,0.03795811518324607
FL,2023-09-01,Government,LPN,6,204,0.029411764705882353
FL,2023-09-01,Government,RN,9,340,0.026470588235294117
FL,2023-09-01,Non-Profit,CNA,473,6972,0.06784279977051061
FL,2023-09-01,Non-Profit,LPN,145,2104,0.06891634980988594
FL,2023-09-01,Non-Profit,RN,166,2302,0.07211120764552563
FL,2023-10-01,For-Profit,CNA,2694,30927,0.087108351925502
FL,2023-10-01,For-Profit,LPN,1051,10617,0.09899218234906282
FL,2023-10-01,For-Profit,RN,925,8805,0.10505394662123793
FL,2023-10-01,Government,CNA,34,777,0.043758043758043756
FL,2023-10-01,Government,LPN,10,208,0.04807692307692308
FL,2023-10-01,Government,RN,19,350,0.054285714285714284
FL,2023-10-01,Non-Profit,CNA,389,6840,0.05687134502923977
FL,2023-10-01,Non-Profit,LPN,124,2065,0.06004842615012106
FL,2023-10-01,Non-Profit,RN,141,2297,0.061384414453635176
FL,2023-11-01,For-Profit,CNA,2568,30710,0.08362097036795832
FL,2023-11-01,For-Profit,LPN,1004,10641,0.09435203458321587
FL,2023-11-01,For-Profit,RN,844,8810,0.09580022701475596
FL,2023-11-01,Government,CNA,29,792,0.036616161616161616
FL,2023-11-01,Government,LPN,8,206,0.038834951456310676
FL,2023-11-01,Government,RN,14,338,0.04142011834319527
FL,2023-11-01,Non-Profit,CNA,359,6803,0.052770836395707774
FL,2023-11-01,Non-Profit,LPN,110,2080,0.052884615384615384
FL,2023-11-01,Non-Profit,RN,124,2239,0.055381866904868245
FL,2023-12-01,For-Profit,CNA,3659,30791,0.11883342535156377
FL,2023-12-01,For-Profit,LPN,1329,10555,0.12591189009947892
FL,2023-12-01,For-Profit,RN,1038,8824,0.11763372620126926
FL,2023-12-01,Government,CNA,42,803,0.052303860523038606
FL,2023-12-01,Government,LPN,9,211,0.04265402843601896
FL,2023-12-01,Government,RN,10,340,0.029411764705882353
FL,2023-12-01,Non-Profit,CNA,404,6837,0.059090244259178
FL,2023-12-01,Non-Profit,LPN,147,2105,0.06983372921615202
FL,2023-12-01,Non-Profit,RN,139,2213,0.06281066425666516
FL,2024-01-01,For-Profit,CNA,2551,31379,0.0812964084260174
FL,2024-01-01,For-Profit,LPN,926,10762,0.08604348634082884
FL,2024-01-01,For-Profit,RN,794,9117,0.08709005155204563
FL,2024-01-01,Government,CNA,40,832,0.04807692307692308
FL,2024-01-01,Government,LPN,9,216,0.041666666666666664
FL,2024-01-01,Government,RN,11,368,0.029891304347826088
FL,2024-01-01,Non-Profit,CNA,479,7123,0.06724694651130142
FL,2024-01-01,Non-Profit,LPN,135,2158,0.06255792400370713
FL,2024-01-01,Non-Profit,RN,128,2337,0.05477107402652974
FL,2024-02-01,For-Profit,CNA,2676,31330,0.08541334184487712
FL,2024-02-01,For-Profit,LPN,942,10811,0.08713347516418463
FL,2024-02-01,For-Profit,RN,813,9196,0.08840800347977382
FL,2024-02-01,Government,CNA,42,829,0.05066344993968637
FL,2024-02-01,Government,LPN,11,220,0.05
FL,2024-02-01,Government,RN,12,374,0.03208556149732621
FL,2024-02-01,Non-Profit,CNA,384,7045,0.054506742370475515
FL,2024-02-01,Non-Profit,LPN,125,2141,0.058383932741709485
FL,2024-02-01,Non-Profit,RN,133,2348,0.056643952299829645
FL,2024-03-01,For-Profit,CNA,3272,31733,0.10311032678914694
FL,2024-03-01,For-Profit,LPN,1132,10893,0.10391994859083815
FL,2024-03-01,For-Profit,RN,1044,9284,0.11245152951314089
FL,2024-03-01,Government,CNA,47,814,0.05773955773955774
FL,2024-03-01,Government,LPN,12,216,0.05555555555555555
FL,2024-03-01,Government,RN,28,395,0.07088607594936709
FL,2024-03-01,Non-Profit,CNA,503,7096,0.07088500563697858
FL,2024-03-01,Non-Profit,LPN,160,2150,0.07441860465116279
FL,2024-03-01,Non-Profit,RN,132,2331,0.05662805662805663
FL,2024-04-01,For-Profit,CNA,2509,31501,0.07964826513444018
FL,2024-04-01,For-Profit,LPN,856,10829,0.07904700341675132
FL,2024-04-01,For-Profit,RN,779,9331,0.08348515700353659
FL,2024-04-01,Government,CNA,20,789,0.025348542458808618
FL,2024-04-01,Government,LPN,14,213,0.06572769953051644
FL,2024-04-01,Government,RN,14,377,0.03713527851458886
FL,2024-04-01,Non-Profit,CNA,447,7091,0.06303765336341842
FL,2024-04-01,Non-Profit,LPN,128,2164,0.059149722735674676
FL,2024-04-01,Non-Profit,RN,129,2365,0.05454545454545454
FL,2024-05-01,For-Profit,CNA,2576,31843,0.08089690041767421
FL,2024-05-01,For-Profit,LPN,956,11035,0.08663343905754418
FL,2024-05-01,For-Profit,RN,797,9413,0.08467013704451291
FL,2024-05-01,Government,CNA,32,820,0.03902439024390244
FL,2024-05-01,Government,LPN,15,207,0.07246376811594203
FL,2024-05-01,Government,RN,3,379,0.0079155672823219
FL,2024-05-01,Non-Profit,CNA,410,7090,0.05782792665726375
FL,2024-05-01,Non-Profit,LPN,118,2160,0.05462962962962963
FL,2024-05-01,Non-Profit,RN,142,2375,0.059789473684210524
FL,2024-06-01,For-Profit,CNA,3985,32336,0.1232372587827808
FL,2024-06-01,For-Profit,LPN,1357,11074,0.12253928119920535
FL,2024-06-01,For-Profit,RN,1247,9495,0.13133228014744602
FL,2024-06-01,Government,CNA,46,807,0.057001239157372985
FL,2024-06-01,Government,LPN,14,201,0.06965174129353234
FL,2024-06-01,Government,RN,14,371,0.03773584905660377
FL,2024-06-01,Non-Profit,CNA,463,7121,0.06501895801151523
FL,2024-06-01,Non-Profit,LPN,160,2172,0.07366482504604052
FL,2024-06-01,Non-Profit,RN,161,2418,0.06658395368072788
FL,2024-07-01,For-Profit,CNA,2606,32321,0.08062869341913927
FL,2024-07-01,For-Profit,LPN,896,11047,0.08110799312030416
FL,2024-07-01,For-Profit,RN,807,9512,0.08484020185029437
FL,2024-07-01,Government,CNA,38,825,0.04606060606060606
FL,2024-07-01,Government,LPN,9,187,0.0481283422459893
FL,2024-07-01,Government,RN,11,384,0.028645833333333332
FL,2024-07-01,Non-Profit,CNA,407,7235,0.05625431928127159
FL,2024-07-01,Non-Profit,LPN,153,2201,0.06951385733757383
FL,2024-07-01,Non-Profit,RN,154,2497,0.06167400881057269
FL,2024-08-01,For-Profit,CNA,2737,32452,0.08433994823123382
FL,2024-08-01,For-Profit,LPN,932,11106,0.0839186025571763
FL,2024-08-01,For-Profit,RN,794,9583,0.0828550558280288
FL,2024-08-01,Government,CNA,29,750,0.03866666666666667
FL,2024-08-01,Government,LPN,5,178,0.028089887640449437
FL,2024-08-01,Government,RN,16,351,0.045584045584045586
FL,2024-08-01,Non-Profit,CNA,428,7346,0.05826300027225701
FL,2024-08-01,Non-Profit,LPN,125,2209,0.05658669081032141
FL,2024-08-01,Non-Profit,RN,132,2487,0.05307599517490953
FL,2024-09-01,For-Profit,CNA,3156,32150,0.09816485225505443
FL,2024-09-01,For-Profit,LPN,1082,11026,0.09813168873571558
FL,2024-09-01,For-Profit,RN,948,9586,0.0988942207385771
FL,2024-09-01,Government,CNA,32,755,0.0423841059602649
FL,2024-09-01,Government,LPN,8,183,0.04371584699453552
FL,2024-09-01,Government,RN,11,343,0.03206997084548105
FL,2024-09-01,Non-Profit,CNA,518,7270,0.07125171939477304
FL,2024-09-01,Non-Profit,LPN,181,2190,0.08264840182648402
FL,2024-09-01,Non-Profit,RN,172,2497,0.06888265919102923
FL,2024-10-01,For-Profit,CNA,2713,32340,0.08388991960420532
FL,2024-10-01,For-Profit,LPN,859,10918,0.07867741344568602
FL,2024-10-01,For-Profit,RN,785,9600,0.08177083333333333
FL,2024-10-01,Government,CNA,25,840,0.02976190476190476
FL,2024-10-01,Government,LPN,6,192,0.03125
FL,2024-10-01,Government,RN,5,390,0.01282051282051282
FL,2024-10-01,Non-Profit,CNA,390,7313,0.053329686859018184
FL,2024-10-01,Non-Profit,LPN,152,2217,0.06856111862877763
FL,2024-10-01,Non-Profit,RN,138,2514,0.05489260143198091
FL,2024-11-01,For-Profit,CNA,2246,31750,0.07074015748031497
FL,2024-11-01,For-Profit,LPN,755,10851,0.06957884065984701
FL,2024-11-01,For-Profit,RN,729,9539,0.07642310514729007
FL,2024-11-01,Government,CNA,23,839,0.027413587604290822
FL,2024-11-01,Government,LPN,7,192,0.036458333333333336
FL,2024-11-01,Government,RN,9,395,0.02278481012658228
FL,2024-11-01,Non-Profit,CNA,405,7261,0.055777441123812145
FL,2024-11-01,Non-Profit,LPN,131,2205,0.05941043083900227
FL,2024-11-01,Non-Profit,RN,147,2525,0.05821782178217822
FL,2024-12-01,For-Profit,CNA,2695,32037,0.08412148453350814
FL,2024-12-01,For-Profit,LPN,899,10868,0.08271991166728009
FL,2024-12-01,For-Profit,RN,859,9560,0.08985355648535565
FL,2024-12-01,Government,CNA,24,858,0.027972027972027972
FL,2024-12-01,Government,LPN,6,190,0.031578947368421054
FL,2024-12-01,Government,RN,13,393,0.03307888040712468
FL,2024-12-01,Non-Profit,CNA,414,7178,0.05767623293396489
FL,2024-12-01,Non-Profit,LPN,152,2201,0.06905951840072694
FL,2024-12-01,Non-Profit,RN,150,2519,0.05954743946010321
FL,2025-01-01,For-Profit,CNA,2454,32091,0.07647003832850331
FL,2025-01-01,For-Profit,LPN,778,10879,0.07151392591230811
FL,2025-01-01,For-Profit,RN,738,9641,0.07654807592573384
FL,2025-01-01,Government,CNA,43,932,0.046137339055793994
FL,2025-01-01,Government,LPN,9,218,0.04128440366972477
FL,2025-01-01,Government,RN,13,411,0.031630170316301706
FL,2025-01-01,Non-Profit,CNA,400,7330,0.054570259208731244
FL,2025-01-01,Non-Profit,LPN,122,2203,0.05537902859736723
FL,2025-01-01,Non-Profit,RN,128,2538,0.0504334121355398
FL,2025-02-01,For-Profit,CNA,2406,32061,0.07504444652381398
FL,2025-02-01,For-Profit,LPN,780,10788,0.07230255839822025
FL,2025-02-01,For-Profit,RN,746,9606,0.0776597959608578
FL,2025-02-01,Government,CNA,31,940,0.03297872340425532
FL,2025-02-01,Government,LPN,12,226,0.05309734513274336
FL,2025-02-01,Government,RN,17,413,0.04116222760290557
FL,2025-02-01,Non-Profit,CNA,428,7284,0.05875892366831411
FL,2025-02-01,Non-Profit,LPN,160,2234,0.07162041181736795
FL,2025-02-01,Non-Profit,RN,159,2544,0.0625
FL,2025-03-01,For-Profit,CNA,2793,32328,0.08639569413511507
FL,2025-03-01,For-Profit,LPN,854,10896,0.07837738619676946
FL,2025-03-01,For-Profit,RN,831,9649,0.08612291429163643
FL,2025-03-01,Government,CNA,43,974,0.044147843942505136
FL,2025-03-01,Government,LPN,16,232,0.06896551724137931
FL,2025-03-01,Government,RN,13,425,0.03058823529411765
FL,2025-03-01,Non-Profit,CNA,483,7278,0.0663643858202803
FL,2025-03-01,Non-Profit,LPN,166,2228,0.07450628366247755
FL,2025-03-01,Non-Profit,RN,172,2573,0.06684803731053245
GA,2022-10-01,For-Profit,CNA,708,7992,0.08858858858858859
GA,2022-10-01,For-Profit,LPN,279,4102,0.06801560214529498
GA,2022-10-01,For-Profit,RN,145,1907,0.07603565810173046
GA,2022-10-01,Government,CNA,18,451,0.03991130820399113
GA,2022-10-01,Government,LPN,9,238,0.037815126050420166
GA,2022-10-01,Government,RN,4,152,0.02631578947368421
GA,2022-10-01,Non-Profit,CNA,147,2569,0.05722070844686648
GA,2022-10-01,Non-Profit,LPN,51,1241,0.0410958904109589
GA,2022-10-01,Non-Profit,RN,28,669,0.04185351270553064
GA,2022-11-01,For-Profit,CNA,710,7879,0.09011295849727123
GA,2022-11-01,For-Profit,LPN,259,4061,0.06377739473036198
GA,2022-11-01,For-Profit,RN,132,1912,0.06903765690376569
GA,2022-11-01,Government,CNA,20,481,0.04158004158004158
GA,2022-11-01,Government,LPN,13,252,0.051587301587301584
GA,2022-11-01,Government,RN,8,166,0.04819277108433735
GA,2022-11-01,Non-Profit,CNA,135,2617,0.051585785250286585
GA,2022-11-01,Non-Profit,LPN,42,1237,0.03395311236863379
GA,2022-11-01,Non-Profit,RN,22,673,0.03268945022288262
GA,2022-12-01,For-Profit,CNA,824,7886,0.10448896779102207
GA,2022-12-01,For-Profit,LPN,398,4133,0.09629808855552867
GA,2022-12-01,For-Profit,RN,185,1872,0.09882478632478632
GA,2022-12-01,Government,CNA,27,497,0.05432595573440644
GA,2022-12-01,Government,LPN,15,247,0.06072874493927125
GA,2022-12-01,Government,RN,13,160,0.08125
GA,2022-12-01,Non-Profit,CNA,178,2684,0.06631892697466468
GA,2022-12-01,Non-Profit,LPN,63,1257,0.050119331742243436
GA,2022-12-01,Non-Profit,RN,36,673,0.05349182763744428
GA,2023-01-01,For-Profit,CNA,780,8113,0.09614199433008751
GA,2023-01-01,For-Profit,LPN,333,4209,0.07911617961511047
GA,2023-01-01,For-Profit,RN,150,1932,0.07763975155279502
GA,2023-01-01,Government,CNA,29,506,0.05731225296442688
GA,2023-01-01,Government,LPN,7,242,0.028925619834710745
GA,2023-01-01,Government,RN,9,151,0.059602649006622516
GA,2023-01-01,Non-Profit,CNA,147,2773,0.05301117922827263
GA,2023-01-01,Non-Profit,LPN,51,1261,0.040444091990483745
GA,2023-01-01,Non-Profit,RN,38,704,0.05397727272727273
GA,2023-02-01,For-Profit,CNA,669,8071,0.08288935695700657
GA,2023-02-01,For-Profit,LPN,244,4157,0.058696175126293
GA,2023-02-01,For-Profit,RN,142,1943,0.07308286155429748
GA,2023-02-01,Government,CNA,27,505,0.053465346534653464
GA,2023-02-01,Government,LPN,16,250,0.064
GA,2023-02-01,Government,RN,8,144,0.05555555555555555
GA,2023-02-01,Non-Profit,CNA,159,2826,0.05626326963906582
GA,2023-02-01,Non-Profit,LPN,55,1265,0.043478260869565216
GA,2023-02-01,Non-Profit,RN,22,694,0.03170028818443804
GA,2023-03-01,For-Profit,CNA,874,8332,0.10489678348535765
GA,2023-03-01,For-Profit,LPN,353,4264,0.08278611632270169
GA,2023-03-01,For-Profit,RN,153,1952,0.0783811475409836
GA,2023-03-01,Government,CNA,25,501,0.0499001996007984
GA,2023-03-01,Government,LPN,9,247,0.03643724696356275
GA,2023-03-01,Government,RN,8,140,0.05714285714285714
GA,2023-03-01,Non-Profit,CNA,206,2893,0.07120636017974422
GA,2023-03-01,Non-Profit,LPN,63,1285,0.0490272373540856
GA,2023-03-01,Non-Profit,RN,34,722,0.04709141274238227
GA,2023-04-01,For-Profit,CNA,750,8231,0.09111894059045074
GA,2023-04-01,For-Profit,LPN,266,4165,0.06386554621848739
GA,2023-04-01,For-Profit,RN,143,1949,0.07337095946639302
GA,2023-04-01,Government,CNA,33,498,0.06626506024096386
GA,2023-04-01,Government,LPN,11,243,0.04526748971193416
GA,2023-04-01,Government,RN,2,144,0.013888888888888888
GA,2023-04-01,Non-Profit,CNA,193,2954,0.06533513879485443
GA,2023-04-01,Non-Profit,LPN,63,1287,0.04895104895104895
GA,2023-04-01,Non-Profit,RN,23,726,0.03168044077134986
GA,2023-05-01,For-Profit,CNA,778,8440,0.09218009478672985
GA,2023-05-01,For-Profit,LPN,304,4258,0.07139502113668389
GA,2023-05-01,For-Profit,RN,132,1986,0.06646525679758308
GA,2023-05-01,Government,CNA,26,482,0.05394190871369295
GA,2023-05-01,Government,LPN,11,240,0.04583333333333333
GA,2023-05-01,Government,RN,7,145,0.04827586206896552
GA,2023-05-01,Non-Profit,CNA,186,3068,0.060625814863103
GA,2023-05-01,Non-Profit,LPN,50,1303,0.03837298541826554
GA,2023-05-01,Non-Profit,RN,45,754,0.05968169761273209
GA,2023-06-01,For-Profit,CNA,883,8734,0.10109915273643233
GA,2023-06-01,For-Profit,LPN,331,4243,0.07801084138581192
GA,2023-06-01,For-Profit,RN,150,1998,0.07507507507507508
GA,2023-06-01,Government,CNA,24,470,0.05106382978723404
GA,2023-06-01,Government,LPN,7,227,0.030837004405286344
GA,2023-06-01,Government,RN,13,149,0.087248322147651
GA,2023-06-01,Non-Profit,CNA,277,3125,0.08864
GA,2023-06-01,Non-Profit,LPN,85,1291,0.06584043377226956
GA,2023-06-01,Non-Profit,RN,45,749,0.06008010680907877
GA,2023-07-01,For-Profit,CNA,863,8843,0.09759131516453692
GA,2023-07-01,For-Profit,LPN,321,4273,0.07512286449801077
GA,2023-07-01,For-Profit,RN,155,2048,0.07568359375
GA,2023-07-01,Government,CNA,29,508,0.05708661417322835
GA,2023-07-01,Government,LPN,12,252,0.047619047619047616
GA,2023-07-01,Government,RN,10,153,0.06535947712418301
GA,2023-07-01,Non-Profit,CNA,258,3265,0.07901990811638591
GA,2023-07-01,Non-Profit,LPN,56,1287,0.04351204351204351
GA,2023-07-01,Non-Profit,RN,32,753,0.04249667994687915
GA,2023-08-01,For-Profit,CNA,893,9006,0.09915611814345991
GA,2023-08-01,For-Profit,LPN,351,4355,0.08059701492537313
GA,2023-08-01,For-Profit,RN,156,2095,0.07446300715990453
GA,2023-08-01,Government,CNA,28,510,0.054901960784313725
GA,2023-08-01,Government,LPN,14,255,0.054901960784313725
GA,2023-08-01,Government,RN,3,154,0.01948051948051948
GA,2023-08-01,Non-Profit,CNA,282,3394,0.08308780200353565
GA,2023-08-01,Non-Profit,LPN,57,1334,0.04272863568215892
GA,2023-08-01,Non-Profit,RN,23,771,0.029831387808041506
GA,2023-09-01,For-Profit,CNA,968,9010,0.1074361820199778
GA,2023-09-01,For-Profit,LPN,395,4329,0.09124509124509124
GA,2023-09-01,For-Profit,RN,215,2091,0.10282161645145864
GA,2023-09-01,Government,CNA,29,519,0.055876685934489405
GA,2023-09-01,Government,LPN,12,251,0.04780876494023904
GA,2023-09-01,Government,RN,5,161,0.031055900621118012
GA,2023-09-01,Non-Profit,CNA,269,3355,0.08017883755588674
GA,2023-09-01,Non-Profit,LPN,74,1363,0.05429200293470286
GA,2023-09-01,Non-Profit,RN,38,796,0.04773869346733668
GA,2023-10-01,For-Profit,CNA,878,9298,0.09442890944289094
GA,2023-10-01,For-Profit,LPN,352,4485,0.07848383500557414
GA,2023-10-01,For-Profit,RN,193,2076,0.09296724470134875
GA,2023-10-01,Government,CNA,31,520,0.05961538461538462
GA,2023-10-01,Government,LPN,4,248,0.016129032258064516
GA,2023-10-01,Government,RN,3,166,0.018072289156626505
GA,2023-10-01,Non-Profit,CNA,257,3403,0.07552159858947988
GA,2023-10-01,Non-Profit,LPN,61,1354,0.045051698670605614
GA,2023-10-01,Non-Profit,RN,33,775,0.04258064516129032
GA,2023-11-01,For-Profit,CNA,864,9332,0.09258465495070724
GA,2023-11-01,For-Profit,LPN,415,4509,0.0920381459303615
GA,2023-11-01,For-Profit,RN,168,2061,0.08151382823871907
GA,2023-11-01,Government,CNA,31,523,0.05927342256214149
GA,2023-11-01,Government,LPN,10,253,0.039525691699604744
GA,2023-11-01,Government,RN,9,164,0.054878048780487805
GA,2023-11-01,Non-Profit,CNA,184,3372,0.054567022538552785
GA,2023-11-01,Non-Profit,LPN,73,1377,0.053013798111837325
GA,2023-11-01,Non-Profit,RN,29,800,0.03625
GA,2023-12-01,For-Profit,CNA,921,9266,0.09939563997409885
GA,2023-12-01,For-Profit,LPN,475,4516,0.10518157661647476
GA,2023-12-01,For-Profit,RN,199,2036,0.09774066797642436
GA,2023-12-01,Government,CNA,39,537,0.07262569832402235
GA,2023-12-01,Government,LPN,10,254,0.03937007874015748
GA,2023-12-01,Government,RN,9,161,0.055900621118012424
GA,2023-12-01,Non-Profit,CNA,266,3342,0.07959305804907241
GA,2023-12-01,Non-Profit,LPN,86,1354,0.06351550960118169
GA,2023-12-01,Non-Profit,RN,54,811,0.06658446362515413
GA,2024-01-01,For-Profit,CNA,984,9464,0.10397295012679628
GA,2024-01-01,For-Profit,LPN,436,4538,0.09607756721022477
GA,2024-01-01,For-Profit,RN,154,2044,0.07534246575342465
GA,2024-01-01,Government,CNA,21,536,0.03917910447761194
GA,2024-01-01,Government,LPN,16,259,0.06177606177606178
GA,2024-01-01,Government,RN,12,172,0.06976744186046512
GA,2024-01-01,Non-Profit,CNA,255,3485,0.07317073170731707
GA,2024-01-01,Non-Profit,LPN,64,1420,0.04507042253521127
GA,2024-01-01,Non-Profit,RN,32,841,0.03804994054696789
GA,2024-02-01,For-Profit,CNA,952,9392,0.10136286201022146
GA,2024-02-01,For-Profit,LPN,365,4483,0.08141869283961632
GA,2024-02-01,For-Profit,RN,163,2067,0.07885824866956942
GA,2024-02-01,Government,CNA,25,470,0.05319148936170213
GA,2024-02-01,Government,LPN,13,211,0.061611374407582936
GA,2024-02-01,Government,RN,8,148,0.05405405405405406
GA,2024-02-01,Non-Profit,CNA,236,3440,0.0686046511627907
GA,2024-02-01,Non-Profit,LPN,81,1424,0.05688202247191011
GA,2024-02-01,Non-Profit,RN,46,862,0.05336426914153132
GA,2024-03-01,For-Profit,CNA,999,9447,0.105747856462369
GA,2024-03-01,For-Profit,LPN,413,4554,0.090689503732982
GA,2024-03-01,For-Profit,RN,167,2089,0.07994255624700813
GA,2024-03-01,Government,CNA,29,561,0.05169340463458111
GA,2024-03-01,Government,LPN,9,251,0.035856573705179286
GA,2024-03-01,Government,RN,7,173,0.04046242774566474
GA,2024-03-01,Non-Profit,CNA,264,3409,0.07744206512173658
GA,2024-03-01,Non-Profit,LPN,91,1389,0.06551475881929446
GA,2024-03-01,Non-Profit,RN,57,854,0.06674473067915691
GA,2024-04-01,For-Profit,CNA,904,9477,0.09538883612957687
GA,2024-04-01,For-Profit,LPN,381,4533,0.08405029781601589
GA,2024-04-01,For-Profit,RN,180,2130,0.08450704225352113
GA,2024-04-01,Government,CNA,24,521,0.046065259117082535
GA,2024-04-01,Government,LPN,11,251,0.043824701195219126
GA,2024-04-01,Government,RN,6,168,0.03571428571428571
GA,2024-04-01,Non-Profit,CNA,215,3471,0.061941803514837225
GA,2024-04-01,Non-Profit,LPN,72,1437,0.05010438413361169
GA,2024-04-01,Non-Profit,RN,46,884,0.05203619909502263
GA,2024-05-01,For-Profit,CNA,993,9817,0.1011510644799837
GA,2024-05-01,For-Profit,LPN,384,4597,0.08353273874265825
GA,2024-05-01,For-Profit,RN,164,2109,0.0777619724988146
GA,2024-05-01,Government,CNA,39,561,0.06951871657754011
GA,2024-05-01,Government,LPN,8,244,0.03278688524590164
GA,2024-05-01,Government,RN,6,167,0.03592814371257485
GA,2024-05-01,Non-Profit,CNA,249,3562,0.06990454800673779
GA,2024-05-01,Non-Profit,LPN,77,1379,0.05583756345177665
GA,2024-05-01,Non-Profit,RN,46,886,0.05191873589164785
GA,2024-06-01,For-Profit,CNA,1160,10032,0.11562998405103668
GA,2024-06-01,For-Profit,LPN,451,4614,0.0977459904638058
GA,2024-06-01,For-Profit,RN,184,2112,0.08712121212121213
GA,2024-06-01,Government,CNA,44,656,0.06707317073170732
GA,2024-06-01,Government,LPN,16,309,0.05177993527508091
GA,2024-06-01,Government,RN,13,200,0.065
GA,2024-06-01,Non-Profit,CNA,355,3706,0.09579060982191041
GA,2024-06-01,Non-Profit,LPN,102,1397,0.07301360057265568
GA,2024-06-01,Non-Profit,RN,53,886,0.05981941309255079
GA,2024-07-01,For-Profit,CNA,1250,10299,0.12137100689387319
GA,2024-07-01,For-Profit,LPN,456,4589,0.099368054042275
GA,2024-07-01,For-Profit,RN,188,2172,0.0865561694290976
GA,2024-07-01,Government,CNA,52,605,0.0859504132231405
GA,2024-07-01,Government,LPN,18,271,0.06642066420664207
GA,2024-07-01,Government,RN,9,173,0.05202312138728324
GA,2024-07-01,Non-Profit,CNA,272,3697,0.07357316743305382
GA,2024-07-01,Non-Profit,LPN,73,1364,0.053519061583577714
GA,2024-07-01,Non-Profit,RN,54,890,0.060674157303370786
GA,2024-08-01,For-Profit,CNA,1082,10082,0.10731997619519937
GA,2024-08-01,For-Profit,LPN,395,4491,0.08795368514807393
GA,2024-08-01,For-Profit,RN,195,2178,0.08953168044077135
GA,2024-08-01,Government,CNA,25,579,0.04317789291882556
GA,2024-08-01,Government,LPN,12,262,0.04580152671755725
GA,2024-08-01,Government,RN,8,170,0.047058823529411764
GA,2024-08-01,Non-Profit,CNA,263,3737,0.07037730800107038
GA,2024-08-01,Non-Profit,LPN,79,1358,0.05817378497790869
GA,2024-08-01,Non-Profit,RN,43,880,0.048863636363636366
GA,2024-09-01,For-Profit,CNA,1195,9954,0.12005224030540486
GA,2024-09-01,For-Profit,LPN,396,4411,0.08977556109725686
GA,2024-09-01,For-Profit,RN,237,2199,0.1077762619372442
GA,2024-09-01,Government,CNA,127,588,0.21598639455782312
GA,2024-09-01,Government,LPN,66,266,0.24812030075187969
GA,2024-09-01,Government,RN,59,179,0.329608938547486
GA,2024-09-01,Non-Profit,CNA,251,3721,0.06745498521902714
GA,2024-09-01,Non-Profit,LPN,77,1341,0.05741983594332588
GA,2024-09-01,Non-Profit,RN,44,895,0.049162011173184354
GA,2024-10-01,For-Profit,CNA,947,10049,0.09423823265996617
GA,2024-10-01,For-Profit,LPN,369,4474,0.08247653106839517
GA,2024-10-01,For-Profit,RN,180,2195,0.08200455580865604
GA,2024-10-01,Government,CNA,35,588,0.05952380952380952
GA,2024-10-01,Government,LPN,10,259,0.03861003861003861
GA,2024-10-01,Government,RN,11,186,0.05913978494623656
GA,2024-10-01,Non-Profit,CNA,245,3895,0.06290115532734275
GA,2024-10-01,Non-Profit,LPN,75,1411,0.05315379163713678
GA,2024-10-01,Non-Profit,RN,42,918,0.0457516339869281
GA,2024-11-01,For-Profit,CNA,915,10320,0.08866279069767442
GA,2024-11-01,For-Profit,LPN,361,4644,0.07773471145564169
GA,2024-11-01,For-Profit,RN,184,2266,0.08120035304501325
GA,2024-11-01,Government,CNA,28,579,0.04835924006908463
GA,2024-11-01,Government,LPN,10,265,0.03773584905660377
GA,2024-11-01,Government,RN,12,178,0.06741573033707865
GA,2024-11-01,Non-Profit,CNA,265,3879,0.06831657643722609
GA,2024-11-01,Non-Profit,LPN,53,1399,0.03788420300214439
GA,2024-11-01,Non-Profit,RN,44,935,0.047058823529411764
GA,2024-12-01,For-Profit,CNA,1136,10473,0.10846939749832904
GA,2024-12-01,For-Profit,LPN,530,4811,0.11016420702556641
GA,2024-12-01,For-Profit,RN,211,2246,0.09394479073909172
GA,2024-12-01,Government,CNA,51,556,0.09172661870503597
GA,2024-12-01,Government,LPN,19,266,0.07142857142857142
GA,2024-12-01,Government,RN,19,172,0.11046511627906977
GA,2024-12-01,Non-Profit,CNA,310,3862,0.08026929052304506
GA,2024-12-01,Non-Profit,LPN,103,1394,0.07388809182209469
GA,2024-12-01,Non-Profit,RN,61,926,0.06587473002159827
GA,2025-01-01,For-Profit,CNA,981,10315,0.09510421715947649
GA,2025-01-01,For-Profit,LPN,413,4690,0.0880597014925373
GA,2025-01-01,For-Profit,RN,209,2257,0.09260079751883031
GA,2025-01-01,Government,CNA,41,547,0.07495429616087751
GA,2025-01-01,Government,LPN,14,257,0.054474708171206226
GA,2025-01-01,Government,RN,10,162,0.06172839506172839
GA,2025-01-01,Non-Profit,CNA,272,3872,0.07024793388429752
GA,2025-01-01,Non-Profit,LPN,69,1380,0.05
GA,2025-01-01,Non-Profit,RN,33,922,0.03579175704989154
GA,2025-02-01,For-Profit,CNA,910,10106,0.09004551751434792
GA,2025-02-01,For-Profit,LPN,437,4659,0.09379695213565142
GA,2025-02-01,For-Profit,RN,188,2229,0.08434275459847465
GA,2025-02-01,Government,CNA,24,534,0.0449438202247191
GA,2025-02-01,Government,LPN,8,255,0.03137254901960784
GA,2025-02-01,Government,RN,7,168,0.041666666666666664
GA,2025-02-01,Non-Profit,CNA,228,3838,0.0594059405940594
GA,2025-02-01,Non-Profit,LPN,58,1365,0.04249084249084249
GA,2025-02-01,Non-Profit,RN,42,936,0.04487179487179487
GA,2025-03-01,For-Profit,CNA,1020,10354,0.09851265211512458
GA,2025-03-01,For-Profit,LPN,445,4640,0.09590517241379311
GA,2025-03-01,For-Profit,RN,248,2267,0.10939567710630789
GA,2025-03-01,Government,CNA,28,545,0.05137614678899083
GA,2025-03-01,Government,LPN,11,258,0.04263565891472868
GA,2025-03-01,Government,RN,6,168,0.03571428571428571
GA,2025-03-01,Non-Profit,CNA,304,3914,0.07766990291262135
GA,2025-03-01,Non-Profit,LPN,95,1379,0.06889050036258158
GA,2025-03-01,Non-Profit,RN,58,940,0.06170212765957447
GU,2022-10-01,Government,CNA,0,13,0.0
GU,2022-10-01,Government,LPN,0,5,0.0
GU,2022-10-01,Government,RN,0,12,0.0
GU,2022-11-01,Government,CNA,0,13,0.0
GU,2022-11-01,Government,LPN,0,5,0.0
GU,2022-11-01,Government,RN,0,12,0.0
GU,2022-12-01,Government,CNA,0,14,0.0
GU,2022-12-01,Government,LPN,0,5,0.0
GU,2022-12-01,Government,RN,0,12,0.0
GU,2023-01-01,Government,CNA,0,14,0.0
GU,2023-01-01,Government,LPN,0,5,0.0
GU,2023-01-01,Government,RN,0,13,0.0
GU,2023-02-01,Government,CNA,0,14,0.0
GU,2023-02-01,Government,LPN,0,5,0.0
GU,2023-02-01,Government,RN,0,12,0.0
GU,2023-03-01,Government,CNA,0,14,0.0
GU,2023-03-01,Government,LPN,0,5,0.0
GU,2023-03-01,Government,RN,2,13,0.15384615384615385
GU,2023-07-01,Government,CNA,0,14,0.0
GU,2023-07-01,Government,LPN,0,5,0.0
GU,2023-07-01,Government,RN,0,11,0.0
GU,2023-08-01,Government,CNA,0,15,0.0
GU,2023-08-01,Government,LPN,0,5,0.0
GU,2023-08-01,Government,RN,1,11,0.09090909090909091
GU,2023-09-01,Government,CNA,1,15,0.06666666666666667
GU,2023-09-01,Government,LPN,0,5,0.0
GU,2023-09-01,Government,RN,0,11,0.0
GU,2023-10-01,Government,CNA,0,15,0.0
GU,2023-10-01,Government,LPN,0,5,0.0
GU,2023-10-01,Government,RN,0,11,0.0
GU,2023-11-01,Government,CNA,0,15,0.0
GU,2023-11-01,Government,LPN,0,5,0.0
GU,2023-11-01,Government,RN,0,11,0.0
GU,2023-12-01,Government,CNA,0,16,0.0
GU,2023-12-01,Government,LPN,0,5,0.0
GU,2023-12-01,Government,RN,0,11,0.0
GU,2024-07-01,Government,CNA,0,16,0.0
GU,2024-07-01,Government,LPN,0,6,0.0
GU,2024-07-01,Government,RN,0,12,0.0
GU,2024-08-01,Government,CNA,0,16,0.0
GU,2024-08-01,Government,LPN,0,6,0.0
GU,2024-08-01,Government,RN,0,12,0.0
GU,2024-09-01,Government,CNA,0,16,0.0
GU,2024-09-01,Government,LPN,1,6,0.16666666666666666
GU,2024-09-01,Government,RN,0,12,0.0
GU,2024-10-01,Government,CNA,0,16,0.0
GU,2024-10-01,Government,LPN,0,5,0.0
GU,2024-10-01,Government,RN,0,12,0.0
GU,2024-11-01,Government,CNA,0,16,0.0
GU,2024-11-01,Government,LPN,0,5,0.0
GU,2024-11-01,Government,RN,0,12,0.0
GU,2024-12-01,Government,CNA,0,16,0.0
GU,2024-12-01,Government,LPN,0,5,0.0
GU,2024-12-01,Government,RN,0,11,0.0
GU,2025-01-01,Government,CNA,0,15,0.0
GU,2025-01-01,Government,LPN,0,5,0.0
GU,2025-01-01,Government,RN,0,11,0.0
GU,2025-02-01,Government,CNA,0,15,0.0
GU,2025-02-01,Government,LPN,0,5,0.0
GU,2025-02-01,Government,RN,1,11,0.09090909090909091
GU,2025-03-01,Government,CNA,0,14,0.0
GU,2025-03-01,Government,LPN,0,5,0.0
GU,2025-03-01,Government,RN,0,11,0.0
HI,2022-10-01,For-Profit,CNA,52,1050,0.049523809523809526
HI,2022-10-01,For-Profit,LPN,6,116,0.05172413793103448
HI,2022-10-01,For-Profit,RN,28,576,0.04861111111111111
HI,2022-10-01,Government,CNA,3,214,0.014018691588785047
HI,2022-10-01,Government,LPN,0,22,0.0
HI,2022-10-01,Government,RN,2,131,0.015267175572519083
HI,2022-10-01,Non-Profit,CNA,111,437,0.2540045766590389
HI,2022-10-01,Non-Profit,LPN,16,52,0.3076923076923077
HI,2022-10-01,Non-Profit,RN,46,224,0.20535714285714285
HI,2022-11-01,For-Profit,CNA,33,1024,0.0322265625
HI,2022-11-01,For-Profit,LPN,6,118,0.05084745762711865
HI,2022-11-01,For-Profit,RN,20,562,0.03558718861209965
HI,2022-11-01,Government,CNA,3,221,0.013574660633484163
HI,2022-11-01,Government,LPN,0,22,0.0
HI,2022-11-01,Government,RN,3,135,0.022222222222222223
HI,2022-11-01,Non-Profit,CNA,10,358,0.027932960893854747
HI,2022-11-01,Non-Profit,LPN,1,48,0.020833333333333332
HI,2022-11-01,Non-Profit,RN,13,204,0.06372549019607843
HI,2022-12-01,For-Profit,CNA,38,1002,0.03792415169660679
HI,2022-12-01,For-Profit,LPN,5,120,0.041666666666666664
HI,2022-12-01,For-Profit,RN,36,567,0.06349206349206349
HI,2022-12-01,Government,CNA,4,221,0.01809954751131222
HI,2022-12-01,Government,LPN,0,22,0.0
HI,2022-12-01,Government,RN,4,134,0.029850746268656716
HI,2022-12-01,Non-Profit,CNA,7,348,0.020114942528735632
HI,2022-12-01,Non-Profit,LPN,4,49,0.08163265306122448
HI,2022-12-01,Non-Profit,RN,9,194,0.04639175257731959
HI,2023-01-01,For-Profit,CNA,44,1050,0.0419047619047619
HI,2023-01-01,For-Profit,LPN,7,132,0.05303030303030303
HI,2023-01-01,For-Profit,RN,27,556,0.048561151079136694
HI,2023-01-01,Government,CNA,2,217,0.009216589861751152
HI,2023-01-01,Government,LPN,1,23,0.043478260869565216
HI,2023-01-01,Government,RN,4,125,0.032
HI,2023-01-01,Non-Profit,CNA,11,359,0.03064066852367688
HI,2023-01-01,Non-Profit,LPN,2,46,0.043478260869565216
HI,2023-01-01,Non-Profit,RN,2,190,0.010526315789473684
HI,2023-02-01,For-Profit,CNA,183,1057,0.17313150425733206
HI,2023-02-01,For-Profit,LPN,17,132,0.12878787878787878
HI,2023-02-01,For-Profit,RN,90,554,0.1624548736462094
HI,2023-02-01,Government,CNA,2,213,0.009389671361502348
HI,2023-02-01,Government,LPN,2,22,0.09090909090909091
HI,2023-02-01,Government,RN,2,126,0.015873015873015872
HI,2023-02-01,Non-Profit,CNA,10,357,0.028011204481792718
HI,2023-02-01,Non-Profit,LPN,1,46,0.021739130434782608
HI,2023-02-01,Non-Profit,RN,2,189,0.010582010582010581
HI,2023-03-01,For-Profit,CNA,39,900,0.043333333333333335
HI,2023-03-01,For-Profit,LPN,9,126,0.07142857142857142
HI,2023-03-01,For-Profit,RN,26,497,0.052313883299798795
HI,2023-03-01,Government,CNA,2,214,0.009345794392523364
HI,2023-03-01,Government,LPN,0,19,0.0
HI,2023-03-01,Government,RN,7,128,0.0546875
HI,2023-03-01,Non-Profit,CNA,20,351,0.05698005698005698
HI,2023-03-01,Non-Profit,LPN,1,52,0.019230769230769232
HI,2023-03-01,Non-Profit,RN,9,201,0.04477611940298507
HI,2023-04-01,For-Profit,CNA,37,893,0.04143337066069429
HI,2023-04-01,For-Profit,LPN,4,115,0.034782608695652174
HI,2023-04-01,For-Profit,RN,30,509,0.05893909626719057
HI,2023-04-01,Government,CNA,4,219,0.0182648401826484
HI,2023-04-01,Government,LPN,0,20,0.0
HI,2023-04-01,Government,RN,3,121,0.024793388429752067
HI,2023-04-01,Non-Profit,CNA,6,347,0.01729106628242075
HI,2023-04-01,Non-Profit,LPN,1,51,0.0196078431372549
HI,2023-04-01,Non-Profit,RN,12,196,0.061224489795918366
HI,2023-05-01,For-Profit,CNA,26,896,0.029017857142857144
HI,2023-05-01,For-Profit,LPN,7,116,0.0603448275862069
HI,2023-05-01,For-Profit,RN,19,506,0.037549407114624504
HI,2023-05-01,Government,CNA,6,222,0.02702702702702703
HI,2023-05-01,Government,LPN,0,20,0.0
HI,2023-05-01,Government,RN,1,117,0.008547008547008548
HI,2023-05-01,Non-Profit,CNA,11,345,0.03188405797101449
HI,2023-05-01,Non-Profit,LPN,0,53,0.0
HI,2023-05-01,Non-Profit,RN,5,201,0.024875621890547265
HI,2023-06-01,For-Profit,CNA,30,904,0.033185840707964605
HI,2023-06-01,For-Profit,LPN,5,117,0.042735042735042736
HI,2023-06-01,For-Profit,RN,28,501,0.05588822355289421
HI,2023-06-01,Government,CNA,9,213,0.04225352112676056
HI,2023-06-01,Government,LPN,0,21,0.0
HI,2023-06-01,Government,RN,2,118,0.01694915254237288
HI,2023-06-01,Non-Profit,CNA,11,348,0.031609195402298854
HI,2023-06-01,Non-Profit,LPN,3,53,0.05660377358490566
HI,2023-06-01,Non-Profit,RN,5,197,0.025380710659898477
HI,2023-07-01,For-Profit,CNA,48,1078,0.04452690166975881
HI,2023-07-01,For-Profit,LPN,6,137,0.043795620437956206
HI,2023-07-01,For-Profit,RN,25,586,0.042662116040955635
HI,2023-07-01,Government,CNA,4,218,0.01834862385321101
HI,2023-07-01,Government,LPN,0,21,0.0
HI,2023-07-01,Government,RN,1,112,0.008928571428571428
HI,2023-07-01,Non-Profit,CNA,4,346,0.011560693641618497
HI,2023-07-01,Non-Profit,LPN,2,57,0.03508771929824561
HI,2023-07-01,Non-Profit,RN,13,196,0.0663265306122449
HI,2023-08-01,For-Profit,CNA,58,1096,0.05291970802919708
HI,2023-08-01,For-Profit,LPN,11,140,0.07857142857142857
HI,2023-08-01,For-Profit,RN,27,601,0.04492512479201331
HI,2023-08-01,Government,CNA,0,232,0.0
HI,2023-08-01,Government,LPN,2,21,0.09523809523809523
HI,2023-08-01,Government,RN,3,114,0.02631578947368421
HI,2023-08-01,Non-Profit,CNA,8,353,0.0226628895184136
HI,2023-08-01,Non-Profit,LPN,4,56,0.07142857142857142
HI,2023-08-01,Non-Profit,RN,4,191,0.020942408376963352
HI,2023-09-01,For-Profit,CNA,62,1079,0.057460611677479144
HI,2023-09-01,For-Profit,LPN,5,138,0.036231884057971016
HI,2023-09-01,For-Profit,RN,31,590,0.05254237288135593
HI,2023-09-01,Government,CNA,5,206,0.024271844660194174
HI,2023-09-01,Government,LPN,0,12,0.0
HI,2023-09-01,Government,RN,1,93,0.010752688172043012
HI,2023-09-01,Non-Profit,CNA,13,354,0.03672316384180791
HI,2023-09-01,Non-Profit,LPN,2,52,0.038461538461538464
HI,2023-09-01,Non-Profit,RN,9,191,0.04712041884816754
HI,2023-10-01,For-Profit,CNA,41,1086,0.037753222836095765
HI,2023-10-01,For-Profit,LPN,4,145,0.027586206896551724
HI,2023-10-01,For-Profit,RN,22,603,0.03648424543946932
HI,2023-10-01,Government,CNA,7,220,0.031818181818181815
HI,2023-10-01,Government,LPN,0,13,0.0
HI,2023-10-01,Government,RN,1,106,0.009433962264150943
HI,2023-10-01,Non-Profit,CNA,11,352,0.03125
HI,2023-10-01,Non-Profit,LPN,0,50,0.0
HI,2023-10-01,Non-Profit,RN,6,198,0.030303030303030304
HI,2023-11-01,For-Profit,CNA,38,1065,0.03568075117370892
HI,2023-11-01,For-Profit,LPN,8,145,0.05517241379310345
HI,2023-11-01,For-Profit,RN,19,609,0.031198686371100164
HI,2023-11-01,Government,CNA,8,237,0.03375527426160337
HI,2023-11-01,Government,LPN,1,21,0.047619047619047616
HI,2023-11-01,Government,RN,2,122,0.01639344262295082
HI,2023-11-01,Non-Profit,CNA,8,341,0.02346041055718475
HI,2023-11-01,Non-Profit,LPN,1,51,0.0196078431372549
HI,2023-11-01,Non-Profit,RN,8,197,0.04060913705583756
HI,2023-12-01,For-Profit,CNA,48,1097,0.04375569735642662
HI,2023-12-01,For-Profit,LPN,7,149,0.04697986577181208
HI,2023-12-01,For-Profit,RN,29,613,0.04730831973898858
HI,2023-12-01,Government,CNA,14,232,0.0603448275862069
HI,2023-12-01,Government,LPN,1,20,0.05
HI,2023-12-01,Government,RN,0,122,0.0
HI,2023-12-01,Non-Profit,CNA,10,342,0.029239766081871343
HI,2023-12-01,Non-Profit,LPN,1,53,0.018867924528301886
HI,2023-12-01,Non-Profit,RN,6,193,0.031088082901554404
HI,2024-01-01,For-Profit,CNA,57,1112,0.051258992805755396
HI,2024-01-01,For-Profit,LPN,9,144,0.0625
HI,2024-01-01,For-Profit,RN,33,624,0.052884615384615384
HI,2024-01-01,Government,CNA,3,196,0.015306122448979591
HI,2024-01-01,Government,LPN,0,14,0.0
HI,2024-01-01,Government,RN,1,107,0.009345794392523364
HI,2024-01-01,Non-Profit,CNA,6,347,0.01729106628242075
HI,2024-01-01,Non-Profit,LPN,1,60,0.016666666666666666
HI,2024-01-01,Non-Profit,RN,7,196,0.03571428571428571
HI,2024-02-01,For-Profit,CNA,42,1121,0.03746654772524532
HI,2024-02-01,For-Profit,LPN,6,143,0.04195804195804196
HI,2024-02-01,For-Profit,RN,22,633,0.03475513428120063
HI,2024-02-01,Government,CNA,5,219,0.0228310502283105
HI,2024-02-01,Government,LPN,0,18,0.0
HI,2024-02-01,Government,RN,1,128,0.0078125
HI,2024-02-01,Non-Profit,CNA,8,347,0.023054755043227664
HI,2024-02-01,Non-Profit,LPN,2,59,0.03389830508474576
HI,2024-02-01,Non-Profit,RN,5,194,0.02577319587628866
HI,2024-03-01,For-Profit,CNA,50,1153,0.04336513443191674
HI,2024-03-01,For-Profit,LPN,8,148,0.05405405405405406
HI,2024-03-01,For-Profit,RN,41,644,0.06366459627329192
HI,2024-03-01,Government,CNA,11,219,0.0502283105022831
HI,2024-03-01,Government,LPN,1,20,0.05
HI,2024-03-01,Government,RN,2,129,0.015503875968992248
HI,2024-03-01,Non-Profit,CNA,10,348,0.028735632183908046
HI,2024-03-01,Non-Profit,LPN,1,59,0.01694915254237288
HI,2024-03-01,Non-Profit,RN,7,192,0.036458333333333336
HI,2024-04-01,For-Profit,CNA,72,1181,0.06096528365791702
HI,2024-04-01,For-Profit,LPN,8,149,0.053691275167785234
HI,2024-04-01,For-Profit,RN,30,632,0.04746835443037975
HI,2024-04-01,Government,CNA,3,213,0.014084507042253521
HI,2024-04-01,Government,LPN,0,19,0.0
HI,2024-04-01,Government,RN,0,128,0.0
HI,2024-04-01,Non-Profit,CNA,11,352,0.03125
HI,2024-04-01,Non-Profit,LPN,3,59,0.05084745762711865
HI,2024-04-01,Non-Profit,RN,5,194,0.02577319587628866
HI,2024-05-01,For-Profit,CNA,32,1146,0.027923211169284468
HI,2024-05-01,For-Profit,LPN,5,152,0.03289473684210526
HI,2024-05-01,For-Profit,RN,22,632,0.03481012658227848
HI,2024-05-01,Government,CNA,2,214,0.009345794392523364
HI,2024-05-01,Government,LPN,2,20,0.1
HI,2024-05-01,Government,RN,0,128,0.0
HI,2024-05-01,Non-Profit,CNA,6,357,0.01680672268907563
HI,2024-05-01,Non-Profit,LPN,3,57,0.05263157894736842
HI,2024-05-01,Non-Profit,RN,5,199,0.02512562814070352
HI,2024-06-01,For-Profit,CNA,76,1163,0.06534823731728288
HI,2024-06-01,For-Profit,LPN,12,150,0.08
HI,2024-06-01,For-Profit,RN,26,636,0.040880503144654086
HI,2024-06-01,Government,CNA,10,215,0.046511627906976744
HI,2024-06-01,Government,LPN,2,18,0.1111111111111111
HI,2024-06-01,Government,RN,2,134,0.014925373134328358
HI,2024-06-01,Non-Profit,CNA,4,357,0.011204481792717087
HI,2024-06-01,Non-Profit,LPN,4,55,0.07272727272727272
HI,2024-06-01,Non-Profit,RN,4,203,0.019704433497536946
HI,2024-07-01,For-Profit,CNA,50,1214,0.04118616144975288
HI,2024-07-01,For-Profit,LPN,8,153,0.05228758169934641
HI,2024-07-01,For-Profit,RN,17,658,0.025835866261398176
HI,2024-07-01,Government,CNA,5,221,0.02262443438914027
HI,2024-07-01,Government,LPN,1,16,0.0625
HI,2024-07-01,Government,RN,2,136,0.014705882352941176
HI,2024-07-01,Non-Profit,CNA,13,365,0.03561643835616438
HI,2024-07-01,Non-Profit,LPN,1,51,0.0196078431372549
HI,2024-07-01,Non-Profit,RN,12,211,0.05687203791469194
HI,2024-08-01,For-Profit,CNA,49,1221,0.04013104013104013
HI,2024-08-01,For-Profit,LPN,6,161,0.037267080745341616
HI,2024-08-01,For-Profit,RN,28,690,0.04057971014492753
HI,2024-08-01,Government,CNA,5,225,0.022222222222222223
HI,2024-08-01,Government,LPN,0,15,0.0
HI,2024-08-01,Government,RN,2,138,0.014492753623188406
HI,2024-08-01,Non-Profit,CNA,13,364,0.03571428571428571
HI,2024-08-01,Non-Profit,LPN,5,53,0.09433962264150944
HI,2024-08-01,Non-Profit,RN,9,212,0.04245283018867924
HI,2024-09-01,For-Profit,CNA,100,1208,0.08278145695364239
HI,2024-09-01,For-Profit,LPN,22,165,0.13333333333333333
HI,2024-09-01,For-Profit,RN,68,697,0.0975609756097561
HI,2024-09-01,Government,CNA,5,221,0.02262443438914027
HI,2024-09-01,Government,LPN,2,18,0.1111111111111111
HI,2024-09-01,Government,RN,3,138,0.021739130434782608
HI,2024-09-01,Non-Profit,CNA,17,357,0.047619047619047616
HI,2024-09-01,Non-Profit,LPN,3,49,0.061224489795918366
HI,2024-09-01,Non-Profit,RN,3,215,0.013953488372093023
HI,2024-10-01,For-Profit,CNA,48,1214,0.039538714991762765
HI,2024-10-01,For-Profit,LPN,6,156,0.038461538461538464
HI,2024-10-01,For-Profit,RN,28,693,0.04040404040404041
HI,2024-10-01,Government,CNA,4,224,0.017857142857142856
HI,2024-10-01,Government,LPN,1,17,0.058823529411764705
HI,2024-10-01,Government,RN,5,139,0.03597122302158273
HI,2024-10-01,Non-Profit,CNA,11,353,0.031161473087818695
HI,2024-10-01,Non-Profit,LPN,1,48,0.020833333333333332
HI,2024-10-01,Non-Profit,RN,5,230,0.021739130434782608
HI,2024-11-01,For-Profit,CNA,36,1196,0.030100334448160536
HI,2024-11-01,For-Profit,LPN,6,154,0.03896103896103896
HI,2024-11-01,For-Profit,RN,30,696,0.04310344827586207
HI,2024-11-01,Government,CNA,1,221,0.004524886877828055
HI,2024-11-01,Government,LPN,0,15,0.0
HI,2024-11-01,Government,RN,0,133,0.0
HI,2024-11-01,Non-Profit,CNA,4,349,0.011461318051575931
HI,2024-11-01,Non-Profit,LPN,2,47,0.0425531914893617
HI,2024-11-01,Non-Profit,RN,5,221,0.02262443438914027
HI,2024-12-01,For-Profit,CNA,49,1196,0.04096989966555184
HI,2024-12-01,For-Profit,LPN,9,157,0.05732484076433121
HI,2024-12-01,For-Profit,RN,23,678,0.03392330383480826
HI,2024-12-01,Government,CNA,6,223,0.026905829596412557
HI,2024-12-01,Government,LPN,0,15,0.0
HI,2024-12-01,Government,RN,3,134,0.022388059701492536
HI,2024-12-01,Non-Profit,CNA,9,357,0.025210084033613446
HI,2024-12-01,Non-Profit,LPN,0,45,0.0
HI,2024-12-01,Non-Profit,RN,7,218,0.03211009174311927
HI,2025-01-01,For-Profit,CNA,50,1188,0.04208754208754209
HI,2025-01-01,For-Profit,LPN,5,157,0.03184713375796178
HI,2025-01-01,For-Profit,RN,26,692,0.03757225433526012
HI,2025-01-01,Government,CNA,5,228,0.021929824561403508
HI,2025-01-01,Government,LPN,0,16,0.0
HI,2025-01-01,Government,RN,2,133,0.015037593984962405
HI,2025-01-01,Non-Profit,CNA,8,349,0.022922636103151862
HI,2025-01-01,Non-Profit,LPN,1,50,0.02
HI,2025-01-01,Non-Profit,RN,5,228,0.021929824561403508
HI,2025-02-01,For-Profit,CNA,40,1175,0.03404255319148936
HI,2025-02-01,For-Profit,LPN,8,154,0.05194805194805195
HI,2025-02-01,For-Profit,RN,16,677,0.023633677991137372
HI,2025-02-01,Government,CNA,3,233,0.012875536480686695
HI,2025-02-01,Government,LPN,0,17,0.0
HI,2025-02-01,Government,RN,2,135,0.014814814814814815
HI,2025-02-01,Non-Profit,CNA,3,359,0.008356545961002786
HI,2025-02-01,Non-Profit,LPN,2,53,0.03773584905660377
HI,2025-02-01,Non-Profit,RN,7,225,0.03111111111111111
HI,2025-03-01,For-Profit,CNA,60,1190,0.05042016806722689
HI,2025-03-01,For-Profit,LPN,8,163,0.049079754601226995
HI,2025-03-01,For-Profit,RN,19,697,0.027259684361549498
HI,2025-03-01,Government,CNA,56,235,0.23829787234042554
HI,2025-03-01,Government,LPN,2,17,0.11764705882352941
HI,2025-03-01,Government,RN,17,138,0.12318840579710146
HI,2025-03-01,Non-Profit,CNA,81,370,0.21891891891891893
HI,2025-03-01,Non-Profit,LPN,9,58,0.15517241379310345
HI,2025-03-01,Non-Profit,RN,30,231,0.12987012987012986
IA,2022-10-01,For-Profit,CNA,433,5607,0.07722489744961655
IA,2022-10-01,For-Profit,LPN,97,1264,0.07674050632911393
IA,2022-10-01,For-Profit,RN,83,1483,0.055967633175994604
IA,2022-10-01,Government,CNA,11,478,0.02301255230125523
IA,2022-10-01,Government,LPN,1,92,0.010869565217391304
IA,2022-10-01,Government,RN,7,127,0.05511811023622047
IA,2022-10-01,Non-Profit,CNA,376,5263,0.07144214326429793
IA,2022-10-01,Non-Profit,LPN,57,1090,0.05229357798165138
IA,2022-10-01,Non-Profit,RN,90,1480,0.060810810810810814
IA,2022-11-01,For-Profit,CNA,434,5662,0.07665135994348286
IA,2022-11-01,For-Profit,LPN,64,1222,0.05237315875613748
IA,2022-11-01,For-Profit,RN,91,1502,0.06058588548601864
IA,2022-11-01,Government,CNA,13,491,0.026476578411405296
IA,2022-11-01,Government,LPN,7,92,0.07608695652173914
IA,2022-11-01,Government,RN,3,121,0.024793388429752067
IA,2022-11-01,Non-Profit,CNA,354,5343,0.06625491297024144
IA,2022-11-01,Non-Profit,LPN,51,1084,0.0470479704797048
IA,2022-11-01,Non-Profit,RN,62,1477,0.04197698036560596
IA,2022-12-01,For-Profit,CNA,1054,6210,0.16972624798711755
IA,2022-12-01,For-Profit,LPN,250,1367,0.182882223847842
IA,2022-12-01,For-Profit,RN,210,1559,0.13470173187940987
IA,2022-12-01,Government,CNA,26,492,0.052845528455284556
IA,2022-12-01,Government,LPN,4,86,0.046511627906976744
IA,2022-12-01,Government,RN,5,125,0.04
IA,2022-12-01,Non-Profit,CNA,467,5412,0.08628972653362897
IA,2022-12-01,Non-Profit,LPN,76,1098,0.0692167577413479
IA,2022-12-01,Non-Profit,RN,86,1451,0.059269469331495524
IA,2023-01-01,For-Profit,CNA,399,5679,0.07025884838880085
IA,2023-01-01,For-Profit,LPN,65,1185,0.05485232067510549
IA,2023-01-01,For-Profit,RN,108,1506,0.07171314741035857
IA,2023-01-01,Government,CNA,16,491,0.032586558044806514
IA,2023-01-01,Government,LPN,3,89,0.033707865168539325
IA,2023-01-01,Government,RN,0,126,0.0
IA,2023-01-01,Non-Profit,CNA,391,5482,0.07132433418460415
IA,2023-01-01,Non-Profit,LPN,65,1127,0.05767524401064774
IA,2023-01-01,Non-Profit,RN,71,1494,0.04752342704149933
IA,2023-02-01,For-Profit,CNA,442,5632,0.07848011363636363
IA,2023-02-01,For-Profit,LPN,79,1204,0.06561461794019934
IA,2023-02-01,For-Profit,RN,79,1468,0.05381471389645776
IA,2023-02-01,Government,CNA,20,484,0.04132231404958678
IA,2023-02-01,Government,LPN,1,84,0.011904761904761904
IA,2023-02-01,Government,RN,2,124,0.016129032258064516
IA,2023-02-01,Non-Profit,CNA,338,5380,0.06282527881040892
IA,2023-02-01,Non-Profit,LPN,50,1098,0.04553734061930783
IA,2023-02-01,Non-Profit,RN,66,1474,0.04477611940298507
IA,2023-03-01,For-Profit,CNA,414,5715,0.07244094488188976
IA,2023-03-01,For-Profit,LPN,60,1184,0.05067567567567568
IA,2023-03-01,For-Profit,RN,101,1503,0.06719893546240852
IA,2023-03-01,Government,CNA,24,493,0.0486815415821501
IA,2023-03-01,Government,LPN,2,84,0.023809523809523808
IA,2023-03-01,Government,RN,2,125,0.016
IA,2023-03-01,Non-Profit,CNA,438,5497,0.07967982535928689
IA,2023-03-01,Non-Profit,LPN,60,1109,0.05410279531109107
IA,2023-03-01,Non-Profit,RN,78,1508,0.05172413793103448
IA,2023-04-01,For-Profit,CNA,438,5921,0.07397399087991893
IA,2023-04-01,For-Profit,LPN,57,1216,0.046875
IA,2023-04-01,For-Profit,RN,86,1553,0.05537669027688345
IA,2023-04-01,Government,CNA,27,486,0.05555555555555555
IA,2023-04-01,Government,LPN,0,84,0.0
IA,2023-04-01,Government,RN,4,125,0.032
IA,2023-04-01,Non-Profit,CNA,360,5498,0.06547835576573299
IA,2023-04-01,Non-Profit,LPN,46,1117,0.04118173679498657
IA,2023-04-01,Non-Profit,RN,57,1509,0.03777335984095427
IA,2023-05-01,For-Profit,CNA,477,6073,0.07854437674954717
IA,2023-05-01,For-Profit,LPN,65,1222,0.05319148936170213
IA,2023-05-01,For-Profit,RN,113,1551,0.07285622179239201
IA,2023-05-01,Government,CNA,19,497,0.03822937625754527
IA,2023-05-01,Government,LPN,1,89,0.011235955056179775
IA,2023-05-01,Government,RN,3,123,0.024390243902439025
IA,2023-05-01,Non-Profit,CNA,463,5805,0.0797588285960379
IA,2023-05-01,Non-Profit,LPN,49,1155,0.04242424242424243
IA,2023-05-01,Non-Profit,RN,80,1518,0.052700922266139656
IA,2023-06-01,For-Profit,CNA,476,6037,0.07884710949146927
IA,2023-06-01,For-Profit,LPN,73,1249,0.05844675740592474
IA,2023-06-01,For-Profit,RN,101,1525,0.06622950819672131
IA,2023-06-01,Government,CNA,25,504,0.0496031746031746
IA,2023-06-01,Government,LPN,5,90,0.05555555555555555
IA,2023-06-01,Government,RN,1,119,0.008403361344537815
IA,2023-06-01,Non-Profit,CNA,482,5841,0.0825201164184215
IA,2023-06-01,Non-Profit,LPN,91,1178,0.07724957555178268
IA,2023-06-01,Non-Profit,RN,78,1539,0.050682261208576995
IA,2023-07-01,For-Profit,CNA,548,6114,0.08963035655871769
IA,2023-07-01,For-Profit,LPN,90,1269,0.07092198581560284
IA,2023-07-01,For-Profit,RN,109,1562,0.06978233034571063
IA,2023-07-01,Government,CNA,17,495,0.03434343434343434
IA,2023-07-01,Government,LPN,2,90,0.022222222222222223
IA,2023-07-01,Government,RN,2,122,0.01639344262295082
IA,2023-07-01,Non-Profit,CNA,456,5846,0.07800205268559698
IA,2023-07-01,Non-Profit,LPN,91,1186,0.07672849915682968
IA,2023-07-01,Non-Profit,RN,86,1629,0.05279312461632903
IA,2023-08-01,For-Profit,CNA,524,6136,0.08539765319426336
IA,2023-08-01,For-Profit,LPN,98,1290,0.07596899224806201
IA,2023-08-01,For-Profit,RN,104,1588,0.0654911838790932
IA,2023-08-01,Government,CNA,25,496,0.05040322580645161
IA,2023-08-01,Government,LPN,4,92,0.043478260869565216
IA,2023-08-01,Government,RN,1,128,0.0078125
IA,2023-08-01,Non-Profit,CNA,556,5976,0.09303882195448461
IA,2023-08-01,Non-Profit,LPN,83,1187,0.06992417860151642
IA,2023-08-01,Non-Profit,RN,122,1705,0.07155425219941348
IA,2023-09-01,For-Profit,CNA,554,5961,0.09293742660627412
IA,2023-09-01,For-Profit,LPN,89,1259,0.07069102462271644
IA,2023-09-01,For-Profit,RN,117,1570,0.07452229299363057
IA,2023-09-01,Government,CNA,15,476,0.031512605042016806
IA,2023-09-01,Government,LPN,2,91,0.02197802197802198
IA,2023-09-01,Government,RN,3,131,0.022900763358778626
IA,2023-09-01,Non-Profit,CNA,500,5808,0.08608815426997245
IA,2023-09-01,Non-Profit,LPN,106,1210,0.08760330578512397
IA,2023-09-01,Non-Profit,RN,126,1688,0.07464454976303317
IA,2023-10-01,For-Profit,CNA,480,6036,0.07952286282306163
IA,2023-10-01,For-Profit,LPN,70,1281,0.0546448087431694
IA,2023-10-01,For-Profit,RN,103,1546,0.0666235446313066
IA,2023-10-01,Government,CNA,15,467,0.032119914346895075
IA,2023-10-01,Government,LPN,3,90,0.03333333333333333
IA,2023-10-01,Government,RN,4,128,0.03125
IA,2023-10-01,Non-Profit,CNA,481,5808,0.0828168044077135
IA,2023-10-01,Non-Profit,LPN,76,1180,0.06440677966101695
IA,2023-10-01,Non-Profit,RN,114,1712,0.06658878504672897
IA,2023-11-01,For-Profit,CNA,405,6039,0.06706408345752608
IA,2023-11-01,For-Profit,LPN,83,1255,0.06613545816733067
IA,2023-11-01,For-Profit,RN,102,1526,0.06684141546526867
IA,2023-11-01,Government,CNA,15,479,0.031315240083507306
IA,2023-11-01,Government,LPN,2,88,0.022727272727272728
IA,2023-11-01,Government,RN,6,130,0.046153846153846156
IA,2023-11-01,Non-Profit,CNA,384,5909,0.06498561516331021
IA,2023-11-01,Non-Profit,LPN,56,1171,0.04782237403928266
IA,2023-11-01,Non-Profit,RN,90,1672,0.05382775119617225
IA,2023-12-01,For-Profit,CNA,550,6205,0.088638195004029
IA,2023-12-01,For-Profit,LPN,90,1279,0.07036747458952307
IA,2023-12-01,For-Profit,RN,111,1531,0.07250163291966036
IA,2023-12-01,Government,CNA,24,479,0.05010438413361169
IA,2023-12-01,Government,LPN,5,90,0.05555555555555555
IA,2023-12-01,Government,RN,3,129,0.023255813953488372
IA,2023-12-01,Non-Profit,CNA,640,6141,0.10421755414427618
IA,2023-12-01,Non-Profit,LPN,120,1198,0.1001669449081803
IA,2023-12-01,Non-Profit,RN,137,1677,0.08169350029815146
IA,2024-01-01,For-Profit,CNA,480,6224,0.07712082262210797
IA,2024-01-01,For-Profit,LPN,90,1301,0.06917755572636433
IA,2024-01-01,For-Profit,RN,86,1562,0.05505761843790013
IA,2024-01-01,Government,CNA,9,458,0.019650655021834062
IA,2024-01-01,Government,LPN,2,90,0.022222222222222223
IA,2024-01-01,Government,RN,8,129,0.06201550387596899
IA,2024-01-01,Non-Profit,CNA,356,5970,0.05963149078726968
IA,2024-01-01,Non-Profit,LPN,62,1178,0.05263157894736842
IA,2024-01-01,Non-Profit,RN,77,1643,0.04686548995739501
IA,2024-02-01,For-Profit,CNA,435,6087,0.07146377525874816
IA,2024-02-01,For-Profit,LPN,77,1278,0.06025039123630673
IA,2024-02-01,For-Profit,RN,81,1552,0.05219072164948454
IA,2024-02-01,Government,CNA,10,456,0.021929824561403508
IA,2024-02-01,Government,LPN,3,89,0.033707865168539325
IA,2024-02-01,Government,RN,2,124,0.016129032258064516
IA,2024-02-01,Non-Profit,CNA,340,5917,0.05746155146188947
IA,2024-02-01,Non-Profit,LPN,73,1194,0.06113902847571189
IA,2024-02-01,Non-Profit,RN,86,1643,0.05234327449786975
IA,2024-03-01,For-Profit,CNA,482,6282,0.07672715695638331
IA,2024-03-01,For-Profit,LPN,91,1306,0.06967840735068913
IA,2024-03-01,For-Profit,RN,111,1586,0.06998738965952081
IA,2024-03-01,Government,CNA,14,472,0.029661016949152543
IA,2024-03-01,Government,LPN,4,89,0.0449438202247191
IA,2024-03-01,Government,RN,3,122,0.02459016393442623
IA,2024-03-01,Non-Profit,CNA,430,6007,0.07158315298818045
IA,2024-03-01,Non-Profit,LPN,85,1183,0.07185122569737955
IA,2024-03-01,Non-Profit,RN,131,1691,0.07746895328208162
IA,2024-04-01,For-Profit,CNA,502,6082,0.0825386386057218
IA,2024-04-01,For-Profit,LPN,65,1271,0.05114083398898505
IA,2024-04-01,For-Profit,RN,100,1549,0.0645577792123951
IA,2024-04-01,Government,CNA,16,483,0.033126293995859216
IA,2024-04-01,Government,LPN,0,84,0.0
IA,2024-04-01,Government,RN,1,122,0.00819672131147541
IA,2024-04-01,Non-Profit,CNA,416,6050,0.0687603305785124
IA,2024-04-01,Non-Profit,LPN,63,1221,0.051597051597051594
IA,2024-04-01,Non-Profit,RN,100,1718,0.05820721769499418
IA,2024-05-01,For-Profit,CNA,512,6255,0.0818545163868905
IA,2024-05-01,For-Profit,LPN,68,1281,0.05308352849336456
IA,2024-05-01,For-Profit,RN,116,1557,0.07450224791265253
IA,2024-05-01,Government,CNA,13,500,0.026
IA,2024-05-01,Government,LPN,4,85,0.047058823529411764
IA,2024-05-01,Government,RN,2,123,0.016260162601626018
IA,2024-05-01,Non-Profit,CNA,474,6317,0.07503561817318348
IA,2024-05-01,Non-Profit,LPN,67,1216,0.055098684210526314
IA,2024-05-01,Non-Profit,RN,119,1749,0.06803887935963408
IA,2024-06-01,For-Profit,CNA,557,6336,0.08791035353535354
IA,2024-06-01,For-Profit,LPN,107,1283,0.08339828526890102
IA,2024-06-01,For-Profit,RN,113,1534,0.07366362451108213
IA,2024-06-01,Government,CNA,17,515,0.03300970873786408
IA,2024-06-01,Government,LPN,6,86,0.06976744186046512
IA,2024-06-01,Government,RN,3,123,0.024390243902439025
IA,2024-06-01,Non-Profit,CNA,500,6367,0.0785299198994817
IA,2024-06-01,Non-Profit,LPN,107,1219,0.08777686628383921
IA,2024-06-01,Non-Profit,RN,108,1738,0.06214039125431531
IA,2024-07-01,For-Profit,CNA,570,6578,0.08665247795682578
IA,2024-07-01,For-Profit,LPN,101,1317,0.07668944570994685
IA,2024-07-01,For-Profit,RN,122,1595,0.07648902821316614
IA,2024-07-01,Government,CNA,20,520,0.038461538461538464
IA,2024-07-01,Government,LPN,5,90,0.05555555555555555
IA,2024-07-01,Government,RN,2,128,0.015625
IA,2024-07-01,Non-Profit,CNA,431,6502,0.06628729621654876
IA,2024-07-01,Non-Profit,LPN,89,1234,0.07212317666126418
IA,2024-07-01,Non-Profit,RN,92,1769,0.05200678349349915
IA,2024-08-01,For-Profit,CNA,582,6563,0.0886789577936919
IA,2024-08-01,For-Profit,LPN,90,1312,0.06859756097560976
IA,2024-08-01,For-Profit,RN,119,1596,0.07456140350877193
IA,2024-08-01,Government,CNA,20,516,0.03875968992248062
IA,2024-08-01,Government,LPN,5,88,0.056818181818181816
IA,2024-08-01,Government,RN,1,132,0.007575757575757576
IA,2024-08-01,Non-Profit,CNA,476,6567,0.072483630272575
IA,2024-08-01,Non-Profit,LPN,60,1235,0.048582995951417005
IA,2024-08-01,Non-Profit,RN,116,1813,0.06398234969663541
IA,2024-09-01,For-Profit,CNA,807,6343,0.12722686425981397
IA,2024-09-01,For-Profit,LPN,133,1310,0.10152671755725191
IA,2024-09-01,For-Profit,RN,208,1582,0.13147914032869784
IA,2024-09-01,Government,CNA,19,495,0.03838383838383838
IA,2024-09-01,Government,LPN,1,84,0.011904761904761904
IA,2024-09-01,Government,RN,3,137,0.021897810218978103
IA,2024-09-01,Non-Profit,CNA,415,6325,0.06561264822134387
IA,2024-09-01,Non-Profit,LPN,76,1228,0.06188925081433225
IA,2024-09-01,Non-Profit,RN,103,1772,0.05812641083521445
IA,2024-10-01,For-Profit,CNA,448,6355,0.07049567269866247
IA,2024-10-01,For-Profit,LPN,83,1334,0.06221889055472264
IA,2024-10-01,For-Profit,RN,116,1566,0.07407407407407407
IA,2024-10-01,Government,CNA,22,529,0.04158790170132325
IA,2024-10-01,Government,LPN,4,89,0.0449438202247191
IA,2024-10-01,Government,RN,3,140,0.02142857142857143
IA,2024-10-01,Non-Profit,CNA,394,6436,0.061218147917961464
IA,2024-10-01,Non-Profit,LPN,70,1226,0.057096247960848286
IA,2024-10-01,Non-Profit,RN,109,1832,0.05949781659388646
IA,2024-11-01,For-Profit,CNA,443,6371,0.06953382514518913
IA,2024-11-01,For-Profit,LPN,75,1315,0.057034220532319393
IA,2024-11-01,For-Profit,RN,94,1551,0.06060606060606061
IA,2024-11-01,Government,CNA,20,536,0.03731343283582089
IA,2024-11-01,Government,LPN,1,86,0.011627906976744186
IA,2024-11-01,Government,RN,1,136,0.007352941176470588
IA,2024-11-01,Non-Profit,CNA,341,6521,0.0522925931605582
IA,2024-11-01,Non-Profit,LPN,42,1236,0.03398058252427184
IA,2024-11-01,Non-Profit,RN,75,1789,0.041922861934041364
IA,2024-12-01,For-Profit,CNA,593,6575,0.09019011406844106
IA,2024-12-01,For-Profit,LPN,117,1331,0.0879038317054846
IA,2024-12-01,For-Profit,RN,151,1557,0.09698137443802184
IA,2024-12-01,Government,CNA,24,546,0.04395604395604396
IA,2024-12-01,Government,LPN,2,89,0.02247191011235955
IA,2024-12-01,Government,RN,3,139,0.02158273381294964
IA,2024-12-01,Non-Profit,CNA,334,6589,0.05069054484747306
IA,2024-12-01,Non-Profit,LPN,66,1246,0.052969502407704656
IA,2024-12-01,Non-Profit,RN,93,1801,0.051637978900610775
IA,2025-01-01,For-Profit,CNA,446,6558,0.06800853918877707
IA,2025-01-01,For-Profit,LPN,96,1311,0.07322654462242563
IA,2025-01-01,For-Profit,RN,87,1584,0.054924242424242424
IA,2025-01-01,Government,CNA,13,538,0.024163568773234202
IA,2025-01-01,Government,LPN,2,90,0.022222222222222223
IA,2025-01-01,Government,RN,6,142,0.04225352112676056
IA,2025-01-01,Non-Profit,CNA,384,6644,0.057796508127633955
IA,2025-01-01,Non-Profit,LPN,62,1230,0.05040650406504065
IA,2025-01-01,Non-Profit,RN,103,1835,0.0561307901907357
IA,2025-02-01,For-Profit,CNA,422,6517,0.06475372103728709
IA,2025-02-01,For-Profit,LPN,64,1279,0.05003909304143862
IA,2025-02-01,For-Profit,RN,108,1564,0.06905370843989769
IA,2025-02-01,Government,CNA,15,543,0.027624309392265192
IA,2025-02-01,Government,LPN,1,89,0.011235955056179775
IA,2025-02-01,Government,RN,2,136,0.014705882352941176
IA,2025-02-01,Non-Profit,CNA,341,6432,0.053016169154228854
IA,2025-02-01,Non-Profit,LPN,66,1216,0.054276315789473686
IA,2025-02-01,Non-Profit,RN,94,1806,0.05204872646733112
IA,2025-03-01,For-Profit,CNA,492,6639,0.07410754631721644
IA,2025-03-01,For-Profit,LPN,80,1308,0.06116207951070336
IA,2025-03-01,For-Profit,RN,115,1579,0.07283090563647879
IA,2025-03-01,Government,CNA,19,560,0.033928571428571426
IA,2025-03-01,Government,LPN,3,91,0.03296703296703297
IA,2025-03-01,Government,RN,6,138,0.043478260869565216
IA,2025-03-01,Non-Profit,CNA,430,6621,0.06494487237577405
IA,2025-03-01,Non-Profit,LPN,60,1196,0.05016722408026756
IA,2025-03-01,Non-Profit,RN,134,1858,0.0721205597416577
ID,2022-10-01,For-Profit,CNA,163,1754,0.09293044469783353
ID,2022-10-01,For-Profit,LPN,34,549,0.061930783242258654
ID,2022-10-01,For-Profit,RN,41,595,0.06890756302521009
ID,2022-10-01,Government,CNA,7,195,0.035897435897435895
ID,2022-10-01,Government,LPN,1,52,0.019230769230769232
ID,2022-10-01,Government,RN,2,76,0.02631578947368421
ID,2022-10-01,Non-Profit,CNA,4,56,0.07142857142857142
ID,2022-10-01,Non-Profit,LPN,1,16,0.0625
ID,2022-10-01,Non-Profit,RN,3,27,0.1111111111111111
ID,2022-11-01,For-Profit,CNA,153,1749,0.08747855917667238
ID,2022-11-01,For-Profit,LPN,23,538,0.04275092936802974
ID,2022-11-01,For-Profit,RN,33,594,0.05555555555555555
ID,2022-11-01,Government,CNA,4,193,0.02072538860103627
ID,2022-11-01,Government,LPN,2,51,0.0392156862745098
ID,2022-11-01,Government,RN,2,77,0.025974025974025976
ID,2022-11-01,Non-Profit,CNA,3,54,0.05555555555555555
ID,2022-11-01,Non-Profit,LPN,0,16,0.0
ID,2022-11-01,Non-Profit,RN,0,24,0.0
ID,2022-12-01,For-Profit,CNA,155,1771,0.08752117447769622
ID,2022-12-01,For-Profit,LPN,19,548,0.03467153284671533
ID,2022-12-01,For-Profit,RN,31,584,0.053082191780821915
ID,2022-12-01,Government,CNA,12,204,0.058823529411764705
ID,2022-12-01,Government,LPN,4,51,0.0784313725490196
ID,2022-12-01,Government,RN,9,79,0.11392405063291139
ID,2022-12-01,Non-Profit,CNA,1,57,0.017543859649122806
ID,2022-12-01,Non-Profit,LPN,1,16,0.0625
ID,2022-12-01,Non-Profit,RN,0,25,0.0
ID,2023-01-01,For-Profit,CNA,158,1905,0.08293963254593176
ID,2023-01-01,For-Profit,LPN,33,590,0.05593220338983051
ID,2023-01-01,For-Profit,RN,35,624,0.05608974358974359
ID,2023-01-01,Government,CNA,6,196,0.030612244897959183
ID,2023-01-01,Government,LPN,2,51,0.0392156862745098
ID,2023-01-01,Government,RN,6,73,0.0821917808219178
ID,2023-01-01,Non-Profit,CNA,0,58,0.0
ID,2023-01-01,Non-Profit,LPN,1,15,0.06666666666666667
ID,2023-01-01,Non-Profit,RN,0,26,0.0
ID,2023-02-01,For-Profit,CNA,191,1902,0.10042060988433228
ID,2023-02-01,For-Profit,LPN,34,591,0.05752961082910321
ID,2023-02-01,For-Profit,RN,42,616,0.06818181818181818
ID,2023-02-01,Government,CNA,6,200,0.03
ID,2023-02-01,Government,LPN,1,50,0.02
ID,2023-02-01,Government,RN,0,72,0.0
ID,2023-02-01,Non-Profit,CNA,1,58,0.017241379310344827
ID,2023-02-01,Non-Profit,LPN,0,14,0.0
ID,2023-02-01,Non-Profit,RN,0,25,0.0
ID,2023-03-01,For-Profit,CNA,182,1972,0.0922920892494929
ID,2023-03-01,For-Profit,LPN,48,595,0.08067226890756303
ID,2023-03-01,For-Profit,RN,44,639,0.06885758998435054
ID,2023-03-01,Government,CNA,8,199,0.04020100502512563
ID,2023-03-01,Government,LPN,0,52,0.0
ID,2023-03-01,Government,RN,4,75,0.05333333333333334
ID,2023-03-01,Non-Profit,CNA,0,56,0.0
ID,2023-03-01,Non-Profit,LPN,0,17,0.0
ID,2023-03-01,Non-Profit,RN,1,26,0.038461538461538464
ID,2023-04-01,For-Profit,CNA,180,1965,0.0916030534351145
ID,2023-04-01,For-Profit,LPN,38,579,0.06563039723661486
ID,2023-04-01,For-Profit,RN,50,633,0.07898894154818326
ID,2023-04-01,Government,CNA,5,199,0.02512562814070352
ID,2023-04-01,Government,LPN,1,53,0.018867924528301886
ID,2023-04-01,Government,RN,3,73,0.0410958904109589
ID,2023-04-01,Non-Profit,CNA,1,58,0.017241379310344827
ID,2023-04-01,Non-Profit,LPN,3,18,0.16666666666666666
ID,2023-04-01,Non-Profit,RN,0,27,0.0
ID,2023-05-01,For-Profit,CNA,179,1953,0.09165386584741424
ID,2023-05-01,For-Profit,LPN,35,576,0.06076388888888889
ID,2023-05-01,For-Profit,RN,40,642,0.06230529595015576
ID,2023-05-01,Government,CNA,10,203,0.04926108374384237
ID,2023-05-01,Government,LPN,9,54,0.16666666666666666
ID,2023-05-01,Government,RN,2,77,0.025974025974025976
ID,2023-05-01,Non-Profit,CNA,1,61,0.01639344262295082
ID,2023-05-01,Non-Profit,LPN,0,16,0.0
ID,2023-05-01,Non-Profit,RN,3,28,0.10714285714285714
ID,2023-06-01,For-Profit,CNA,161,1942,0.08290422245108137
ID,2023-06-01,For-Profit,LPN,35,569,0.061511423550087874
ID,2023-06-01,For-Profit,RN,41,635,0.06456692913385827
ID,2023-06-01,Government,CNA,16,195,0.08205128205128205
ID,2023-06-01,Government,LPN,11,47,0.23404255319148937
ID,2023-06-01,Government,RN,9,78,0.11538461538461539
ID,2023-06-01,Non-Profit,CNA,0,62,0.0
ID,2023-06-01,Non-Profit,LPN,0,15,0.0
ID,2023-06-01,Non-Profit,RN,1,25,0.04
ID,2023-07-01,For-Profit,CNA,185,2014,0.09185700099304867
ID,2023-07-01,For-Profit,LPN,31,579,0.0535405872193437
ID,2023-07-01,For-Profit,RN,39,657,0.0593607305936073
ID,2023-07-01,Government,CNA,55,254,0.21653543307086615
ID,2023-07-01,Government,LPN,10,58,0.1724137931034483
ID,2023-07-01,Government,RN,20,93,0.21505376344086022
ID,2023-07-01,Non-Profit,CNA,6,71,0.08450704225352113
ID,2023-07-01,Non-Profit,LPN,1,17,0.058823529411764705
ID,2023-07-01,Non-Profit,RN,3,27,0.1111111111111111
ID,2023-08-01,For-Profit,CNA,204,2071,0.09850313858039594
ID,2023-08-01,For-Profit,LPN,36,588,0.061224489795918366
ID,2023-08-01,For-Profit,RN,51,677,0.07533234859675036
ID,2023-08-01,Government,CNA,11,205,0.05365853658536585
ID,2023-08-01,Government,LPN,3,49,0.061224489795918366
ID,2023-08-01,Government,RN,5,82,0.06097560975609756
ID,2023-08-01,Non-Profit,CNA,9,67,0.13432835820895522
ID,2023-08-01,Non-Profit,LPN,1,19,0.05263157894736842
ID,2023-08-01,Non-Profit,RN,2,25,0.08
ID,2023-09-01,For-Profit,CNA,179,2038,0.08783120706575073
ID,2023-09-01,For-Profit,LPN,34,578,0.058823529411764705
ID,2023-09-01,For-Profit,RN,47,663,0.07088989441930618
ID,2023-09-01,Government,CNA,12,196,0.061224489795918366
ID,2023-09-01,Government,LPN,2,46,0.043478260869565216
ID,2023-09-01,Government,RN,5,81,0.06172839506172839
ID,2023-09-01,Non-Profit,CNA,3,64,0.046875
ID,2023-09-01,Non-Profit,LPN,0,20,0.0
ID,2023-09-01,Non-Profit,RN,1,24,0.041666666666666664
ID,2023-10-01,For-Profit,CNA,152,2058,0.0738581146744412
ID,2023-10-01,For-Profit,LPN,43,597,0.07202680067001675
ID,2023-10-01,For-Profit,RN,50,664,0.07530120481927711
ID,2023-10-01,Government,CNA,15,232,0.06465517241379311
ID,2023-10-01,Government,LPN,4,55,0.07272727272727272
ID,2023-10-01,Government,RN,0,92,0.0
ID,2023-10-01,Non-Profit,CNA,1,64,0.015625
ID,2023-10-01,Non-Profit,LPN,1,20,0.05
ID,2023-10-01,Non-Profit,RN,1,24,0.041666666666666664
ID,2023-11-01,For-Profit,CNA,153,2065,0.07409200968523003
ID,2023-11-01,For-Profit,LPN,47,618,0.07605177993527508
ID,2023-11-01,For-Profit,RN,33,645,0.05116279069767442
ID,2023-11-01,Government,CNA,24,239,0.100418410041841
ID,2023-11-01,Government,LPN,4,52,0.07692307692307693
ID,2023-11-01,Government,RN,16,106,0.1509433962264151
ID,2023-11-01,Non-Profit,CNA,3,68,0.04411764705882353
ID,2023-11-01,Non-Profit,LPN,0,17,0.0
ID,2023-11-01,Non-Profit,RN,1,23,0.043478260869565216
ID,2023-12-01,For-Profit,CNA,184,2084,0.08829174664107485
ID,2023-12-01,For-Profit,LPN,72,627,0.11483253588516747
ID,2023-12-01,For-Profit,RN,33,628,0.052547770700636945
ID,2023-12-01,Government,CNA,10,225,0.044444444444444446
ID,2023-12-01,Government,LPN,2,49,0.04081632653061224
ID,2023-12-01,Government,RN,10,94,0.10638297872340426
ID,2023-12-01,Non-Profit,CNA,6,68,0.08823529411764706
ID,2023-12-01,Non-Profit,LPN,1,19,0.05263157894736842
ID,2023-12-01,Non-Profit,RN,2,22,0.09090909090909091
ID,2024-01-01,For-Profit,CNA,150,2092,0.07170172084130019
ID,2024-01-01,For-Profit,LPN,29,598,0.048494983277591976
ID,2024-01-01,For-Profit,RN,26,638,0.04075235109717868
ID,2024-01-01,Government,CNA,4,225,0.017777777777777778
ID,2024-01-01,Government,LPN,0,50,0.0
ID,2024-01-01,Government,RN,5,92,0.05434782608695652
ID,2024-01-01,Non-Profit,CNA,5,67,0.07462686567164178
ID,2024-01-01,Non-Profit,LPN,1,19,0.05263157894736842
ID,2024-01-01,Non-Profit,RN,1,21,0.047619047619047616
ID,2024-02-01,For-Profit,CNA,173,2144,0.08069029850746269
ID,2024-02-01,For-Profit,LPN,39,605,0.06446280991735537
ID,2024-02-01,For-Profit,RN,32,653,0.04900459418070444
ID,2024-02-01,Government,CNA,9,234,0.038461538461538464
ID,2024-02-01,Government,LPN,2,51,0.0392156862745098
ID,2024-02-01,Government,RN,7,98,0.07142857142857142
ID,2024-02-01,Non-Profit,CNA,2,63,0.031746031746031744
ID,2024-02-01,Non-Profit,LPN,2,19,0.10526315789473684
ID,2024-02-01,Non-Profit,RN,2,22,0.09090909090909091
ID,2024-03-01,For-Profit,CNA,194,2177,0.0891134588883785
ID,2024-03-01,For-Profit,LPN,35,621,0.05636070853462158
ID,2024-03-01,For-Profit,RN,35,640,0.0546875
ID,2024-03-01,Government,CNA,13,239,0.05439330543933055
ID,2024-03-01,Government,LPN,1,50,0.02
ID,2024-03-01,Government,RN,9,98,0.09183673469387756
ID,2024-03-01,Non-Profit,CNA,1,62,0.016129032258064516
ID,2024-03-01,Non-Profit,LPN,1,18,0.05555555555555555
ID,2024-03-01,Non-Profit,RN,1,19,0.05263157894736842
ID,2024-04-01,For-Profit,CNA,167,2116,0.07892249527410208
ID,2024-04-01,For-Profit,LPN,34,615,0.055284552845528454
ID,2024-04-01,For-Profit,RN,52,644,0.08074534161490683
ID,2024-04-01,Government,CNA,8,227,0.03524229074889868
ID,2024-04-01,Government,LPN,0,51,0.0
ID,2024-04-01,Government,RN,2,94,0.02127659574468085
ID,2024-04-01,Non-Profit,CNA,1,66,0.015151515151515152
ID,2024-04-01,Non-Profit,LPN,0,16,0.0
ID,2024-04-01,Non-Profit,RN,0,19,0.0
ID,2024-05-01,For-Profit,CNA,180,2157,0.08344923504867872
ID,2024-05-01,For-Profit,LPN,37,614,0.06026058631921824
ID,2024-05-01,For-Profit,RN,45,634,0.07097791798107256
ID,2024-05-01,Government,CNA,14,229,0.0611353711790393
ID,2024-05-01,Government,LPN,0,52,0.0
ID,2024-05-01,Government,RN,8,98,0.08163265306122448
ID,2024-05-01,Non-Profit,CNA,2,66,0.030303030303030304
ID,2024-05-01,Non-Profit,LPN,0,16,0.0
ID,2024-05-01,Non-Profit,RN,0,18,0.0
ID,2024-06-01,For-Profit,CNA,153,2135,0.07166276346604215
ID,2024-06-01,For-Profit,LPN,35,619,0.05654281098546042
ID,2024-06-01,For-Profit,RN,43,640,0.0671875
ID,2024-06-01,Government,CNA,15,223,0.06726457399103139
ID,2024-06-01,Government,LPN,4,54,0.07407407407407407
ID,2024-06-01,Government,RN,4,93,0.043010752688172046
ID,2024-06-01,Non-Profit,CNA,1,71,0.014084507042253521
ID,2024-06-01,Non-Profit,LPN,1,16,0.0625
ID,2024-06-01,Non-Profit,RN,0,18,0.0
ID,2024-07-01,For-Profit,CNA,195,2222,0.08775877587758776
ID,2024-07-01,For-Profit,LPN,33,645,0.05116279069767442
ID,2024-07-01,For-Profit,RN,45,668,0.06736526946107785
ID,2024-07-01,Government,CNA,14,222,0.06306306306306306
ID,2024-07-01,Government,LPN,3,49,0.061224489795918366
ID,2024-07-01,Government,RN,5,94,0.05319148936170213
ID,2024-07-01,Non-Profit,CNA,5,69,0.07246376811594203
ID,2024-07-01,Non-Profit,LPN,0,16,0.0
ID,2024-07-01,Non-Profit,RN,0,20,0.0
ID,2024-08-01,For-Profit,CNA,219,2217,0.09878213802435724
ID,2024-08-01,For-Profit,LPN,50,654,0.0764525993883792
ID,2024-08-01,For-Profit,RN,59,672,0.08779761904761904
ID,2024-08-01,Government,CNA,12,227,0.05286343612334802
ID,2024-08-01,Government,LPN,1,48,0.020833333333333332
ID,2024-08-01,Government,RN,3,102,0.029411764705882353
ID,2024-08-01,Non-Profit,CNA,4,72,0.05555555555555555
ID,2024-08-01,Non-Profit,LPN,0,15,0.0
ID,2024-08-01,Non-Profit,RN,1,21,0.047619047619047616
ID,2024-09-01,For-Profit,CNA,181,2209,0.0819375282933454
ID,2024-09-01,For-Profit,LPN,42,652,0.06441717791411043
ID,2024-09-01,For-Profit,RN,35,657,0.0532724505327245
ID,2024-09-01,Government,CNA,11,223,0.04932735426008968
ID,2024-09-01,Government,LPN,3,51,0.058823529411764705
ID,2024-09-01,Government,RN,8,105,0.0761904761904762
ID,2024-09-01,Non-Profit,CNA,2,70,0.02857142857142857
ID,2024-09-01,Non-Profit,LPN,1,15,0.06666666666666667
ID,2024-09-01,Non-Profit,RN,0,19,0.0
ID,2024-10-01,For-Profit,CNA,176,2213,0.07953004970628107
ID,2024-10-01,For-Profit,LPN,55,653,0.08422664624808576
ID,2024-10-01,For-Profit,RN,45,670,0.06716417910447761
ID,2024-10-01,Government,CNA,12,219,0.0547945205479452
ID,2024-10-01,Government,LPN,3,48,0.0625
ID,2024-10-01,Government,RN,4,105,0.0380952380952381
ID,2024-10-01,Non-Profit,CNA,2,70,0.02857142857142857
ID,2024-10-01,Non-Profit,LPN,1,17,0.058823529411764705
ID,2024-10-01,Non-Profit,RN,0,21,0.0
ID,2024-11-01,For-Profit,CNA,170,2207,0.07702763932940643
ID,2024-11-01,For-Profit,LPN,34,652,0.05214723926380368
ID,2024-11-01,For-Profit,RN,57,688,0.08284883720930232
ID,2024-11-01,Government,CNA,11,216,0.05092592592592592
ID,2024-11-01,Government,LPN,3,47,0.06382978723404255
ID,2024-11-01,Government,RN,6,103,0.05825242718446602
ID,2024-11-01,Non-Profit,CNA,6,72,0.08333333333333333
ID,2024-11-01,Non-Profit,LPN,2,18,0.1111111111111111
ID,2024-11-01,Non-Profit,RN,0,21,0.0
ID,2024-12-01,For-Profit,CNA,195,2255,0.08647450110864745
ID,2024-12-01,For-Profit,LPN,47,661,0.07110438729198185
ID,2024-12-01,For-Profit,RN,30,668,0.04491017964071856
ID,2024-12-01,Government,CNA,8,227,0.03524229074889868
ID,2024-12-01,Government,LPN,3,46,0.06521739130434782
ID,2024-12-01,Government,RN,6,105,0.05714285714285714
ID,2024-12-01,Non-Profit,CNA,2,72,0.027777777777777776
ID,2024-12-01,Non-Profit,LPN,1,16,0.0625
ID,2024-12-01,Non-Profit,RN,0,22,0.0
ID,2025-01-01,For-Profit,CNA,165,2266,0.07281553398058252
ID,2025-01-01,For-Profit,LPN,38,650,0.05846153846153846
ID,2025-01-01,For-Profit,RN,49,694,0.07060518731988473
ID,2025-01-01,Government,CNA,14,244,0.05737704918032787
ID,2025-01-01,Government,LPN,0,46,0.0
ID,2025-01-01,Government,RN,3,101,0.0297029702970297
ID,2025-01-01,Non-Profit,CNA,5,74,0.06756756756756757
ID,2025-01-01,Non-Profit,LPN,0,16,0.0
ID,2025-01-01,Non-Profit,RN,0,21,0.0
ID,2025-02-01,For-Profit,CNA,162,2247,0.07209612817089453
ID,2025-02-01,For-Profit,LPN,29,639,0.04538341158059468
ID,2025-02-01,For-Profit,RN,33,666,0.04954954954954955
ID,2025-02-01,Government,CNA,7,237,0.029535864978902954
ID,2025-02-01,Government,LPN,3,46,0.06521739130434782
ID,2025-02-01,Government,RN,2,95,0.021052631578947368
ID,2025-02-01,Non-Profit,CNA,6,74,0.08108108108108109
ID,2025-02-01,Non-Profit,LPN,0,17,0.0
ID,2025-02-01,Non-Profit,RN,1,21,0.047619047619047616
ID,2025-03-01,For-Profit,CNA,197,2332,0.08447684391080618
ID,2025-03-01,For-Profit,LPN,55,672,0.0818452380952381
ID,2025-03-01,For-Profit,RN,45,689,0.06531204644412192
ID,2025-03-01,Government,CNA,18,225,0.08
ID,2025-03-01,Government,LPN,0,43,0.0
ID,2025-03-01,Government,RN,6,93,0.06451612903225806
ID,2025-03-01,Non-Profit,CNA,33,72,0.4583333333333333
ID,2025-03-01,Non-Profit,LPN,6,18,0.3333333333333333
ID,2025-03-01,Non-Profit,RN,5,20,0.25
IL,2022-10-01,For-Profit,CNA,1810,19417,0.09321728382345368
IL,2022-10-01,For-Profit,LPN,487,6550,0.07435114503816793
IL,2022-10-01,For-Profit,RN,411,6433,0.0638893206901912
IL,2022-10-01,Government,CNA,28,622,0.04501607717041801
IL,2022-10-01,Government,LPN,8,172,0.046511627906976744
IL,2022-10-01,Government,RN,9,245,0.036734693877551024
IL,2022-10-01,Non-Profit,CNA,271,3850,0.07038961038961039
IL,2022-10-01,Non-Profit,LPN,54,906,0.059602649006622516
IL,2022-10-01,Non-Profit,RN,92,1348,0.06824925816023739
IL,2022-11-01,For-Profit,CNA,1673,19584,0.08542687908496732
IL,2022-11-01,For-Profit,LPN,453,6461,0.07011298560594335
IL,2022-11-01,For-Profit,RN,394,6437,0.061208637564082645
IL,2022-11-01,Government,CNA,30,632,0.04746835443037975
IL,2022-11-01,Government,LPN,8,175,0.045714285714285714
IL,2022-11-01,Government,RN,17,240,0.07083333333333333
IL,2022-11-01,Non-Profit,CNA,307,3927,0.07817672523554876
IL,2022-11-01,Non-Profit,LPN,66,938,0.07036247334754797
IL,2022-11-01,Non-Profit,RN,81,1356,0.059734513274336286
IL,2022-12-01,For-Profit,CNA,2022,19874,0.10174096809902385
IL,2022-12-01,For-Profit,LPN,521,6456,0.0807001239157373
IL,2022-12-01,For-Profit,RN,571,6437,0.08870591890632282
IL,2022-12-01,Government,CNA,36,635,0.05669291338582677
IL,2022-12-01,Government,LPN,10,172,0.05813953488372093
IL,2022-12-01,Government,RN,9,246,0.036585365853658534
IL,2022-12-01,Non-Profit,CNA,472,4000,0.118
IL,2022-12-01,Non-Profit,LPN,112,922,0.12147505422993492
IL,2022-12-01,Non-Profit,RN,147,1360,0.10808823529411765
IL,2023-01-01,For-Profit,CNA,1884,20248,0.0930462267878309
IL,2023-01-01,For-Profit,LPN,466,6571,0.07091766854360067
IL,2023-01-01,For-Profit,RN,452,6385,0.07079091620986687
IL,2023-01-01,Government,CNA,36,628,0.05732484076433121
IL,2023-01-01,Government,LPN,9,175,0.05142857142857143
IL,2023-01-01,Government,RN,11,248,0.04435483870967742
IL,2023-01-01,Non-Profit,CNA,267,4163,0.06413644006725919
IL,2023-01-01,Non-Profit,LPN,56,926,0.06047516198704104
IL,2023-01-01,Non-Profit,RN,63,1389,0.04535637149028078
IL,2023-02-01,For-Profit,CNA,1757,20338,0.08639000885042777
IL,2023-02-01,For-Profit,LPN,446,6636,0.06720916214587101
IL,2023-02-01,For-Profit,RN,406,6386,0.06357657375508925
IL,2023-02-01,Government,CNA,33,626,0.052715654952076675
IL,2023-02-01,Government,LPN,7,175,0.04
IL,2023-02-01,Government,RN,5,228,0.021929824561403508
IL,2023-02-01,Non-Profit,CNA,306,4127,0.07414586866973588
IL,2023-02-01,Non-Profit,LPN,51,913,0.05585980284775466
IL,2023-02-01,Non-Profit,RN,62,1392,0.04454022988505747
IL,2023-03-01,For-Profit,CNA,2206,20512,0.10754680187207488
IL,2023-03-01,For-Profit,LPN,609,6684,0.09111310592459605
IL,2023-03-01,For-Profit,RN,510,6436,0.07924176507147296
IL,2023-03-01,Government,CNA,40,632,0.06329113924050633
IL,2023-03-01,Government,LPN,7,172,0.040697674418604654
IL,2023-03-01,Government,RN,14,229,0.0611353711790393
IL,2023-03-01,Non-Profit,CNA,338,4166,0.08113298127700432
IL,2023-03-01,Non-Profit,LPN,66,927,0.07119741100323625
IL,2023-03-01,Non-Profit,RN,79,1402,0.056348074179743225
IL,2023-04-01,For-Profit,CNA,2048,20677,0.09904725056826426
IL,2023-04-01,For-Profit,LPN,529,6757,0.07828918158946278
IL,2023-04-01,For-Profit,RN,438,6509,0.06729144261791366
IL,2023-04-01,Government,CNA,32,627,0.051036682615629984
IL,2023-04-01,Government,LPN,4,172,0.023255813953488372
IL,2023-04-01,Government,RN,7,213,0.03286384976525822
IL,2023-04-01,Non-Profit,CNA,312,4078,0.07650809220205983
IL,2023-04-01,Non-Profit,LPN,47,927,0.05070118662351672
IL,2023-04-01,Non-Profit,RN,68,1425,0.047719298245614036
IL,2023-05-01,For-Profit,CNA,2190,21234,0.1031364792314213
IL,2023-05-01,For-Profit,LPN,619,6845,0.0904309715120526
IL,2023-05-01,For-Profit,RN,483,6591,0.07328174783796086
IL,2023-05-01,Government,CNA,26,656,0.039634146341463415
IL,2023-05-01,Government,LPN,9,179,0.05027932960893855
IL,2023-05-01,Government,RN,15,229,0.06550218340611354
IL,2023-05-01,Non-Profit,CNA,315,4200,0.075
IL,2023-05-01,Non-Profit,LPN,79,944,0.0836864406779661
IL,2023-05-01,Non-Profit,RN,84,1433,0.05861828332170272
IL,2023-06-01,For-Profit,CNA,2668,21919,0.12172088142707241
IL,2023-06-01,For-Profit,LPN,711,6907,0.10293904734327494
IL,2023-06-01,For-Profit,RN,562,6667,0.08429578521073947
IL,2023-06-01,Government,CNA,29,680,0.04264705882352941
IL,2023-06-01,Government,LPN,4,173,0.023121387283236993
IL,2023-06-01,Government,RN,5,218,0.022935779816513763
IL,2023-06-01,Non-Profit,CNA,425,4348,0.09774609015639374
IL,2023-06-01,Non-Profit,LPN,107,927,0.11542610571736785
IL,2023-06-01,Non-Profit,RN,113,1456,0.07760989010989011
IL,2023-07-01,For-Profit,CNA,2606,22668,0.11496382565731428
IL,2023-07-01,For-Profit,LPN,742,7020,0.10569800569800569
IL,2023-07-01,For-Profit,RN,665,6918,0.09612604799074877
IL,2023-07-01,Government,CNA,34,720,0.04722222222222222
IL,2023-07-01,Government,LPN,7,182,0.038461538461538464
IL,2023-07-01,Government,RN,7,233,0.030042918454935622
IL,2023-07-01,Non-Profit,CNA,345,4207,0.08200618017589731
IL,2023-07-01,Non-Profit,LPN,69,897,0.07692307692307693
IL,2023-07-01,Non-Profit,RN,72,1402,0.05135520684736091
IL,2023-08-01,For-Profit,CNA,2722,22981,0.11844567251207519
IL,2023-08-01,For-Profit,LPN,651,7004,0.09294688749286122
IL,2023-08-01,For-Profit,RN,613,6980,0.08782234957020058
IL,2023-08-01,Government,CNA,56,752,0.07446808510638298
IL,2023-08-01,Government,LPN,7,181,0.03867403314917127
IL,2023-08-01,Government,RN,10,240,0.041666666666666664
IL,2023-08-01,Non-Profit,CNA,344,4198,0.08194378275369224
IL,2023-08-01,Non-Profit,LPN,61,880,0.06931818181818182
IL,2023-08-01,Non-Profit,RN,86,1418,0.06064880112834979
IL,2023-09-01,For-Profit,CNA,2922,22697,0.1287394809886769
IL,2023-09-01,For-Profit,LPN,701,6941,0.1009940930701628
IL,2023-09-01,For-Profit,RN,819,7025,0.11658362989323844
IL,2023-09-01,Government,CNA,37,693,0.05339105339105339
IL,2023-09-01,Government,LPN,9,180,0.05
IL,2023-09-01,Government,RN,16,242,0.06611570247933884
IL,2023-09-01,Non-Profit,CNA,423,4151,0.10190315586605637
IL,2023-09-01,Non-Profit,LPN,86,900,0.09555555555555556
IL,2023-09-01,Non-Profit,RN,102,1421,0.07178043631245602
IL,2023-10-01,For-Profit,CNA,2473,22666,0.10910615018088768
IL,2023-10-01,For-Profit,LPN,661,7048,0.09378547105561862
IL,2023-10-01,For-Profit,RN,534,6857,0.07787662242963395
IL,2023-10-01,Government,CNA,41,714,0.05742296918767507
IL,2023-10-01,Government,LPN,4,181,0.022099447513812154
IL,2023-10-01,Government,RN,10,246,0.04065040650406504
IL,2023-10-01,Non-Profit,CNA,264,4285,0.06161026837806301
IL,2023-10-01,Non-Profit,LPN,38,885,0.04293785310734463
IL,2023-10-01,Non-Profit,RN,83,1492,0.05563002680965148
IL,2023-11-01,For-Profit,CNA,2558,22684,0.11276670781167343
IL,2023-11-01,For-Profit,LPN,653,7065,0.0924274593064402
IL,2023-11-01,For-Profit,RN,601,6987,0.0860168885072277
IL,2023-11-01,Government,CNA,47,729,0.0644718792866941
IL,2023-11-01,Government,LPN,8,188,0.0425531914893617
IL,2023-11-01,Government,RN,1,246,0.0040650406504065045
IL,2023-11-01,Non-Profit,CNA,254,4374,0.058070416095107456
IL,2023-11-01,Non-Profit,LPN,38,908,0.04185022026431718
IL,2023-11-01,Non-Profit,RN,75,1505,0.04983388704318937
IL,2023-12-01,For-Profit,CNA,2991,22610,0.13228659885006636
IL,2023-12-01,For-Profit,LPN,800,7003,0.1142367556761388
IL,2023-12-01,For-Profit,RN,824,6892,0.1195589088798607
IL,2023-12-01,Government,CNA,50,741,0.06747638326585695
IL,2023-12-01,Government,LPN,7,182,0.038461538461538464
IL,2023-12-01,Government,RN,17,254,0.06692913385826772
IL,2023-12-01,Non-Profit,CNA,374,4424,0.08453887884267632
IL,2023-12-01,Non-Profit,LPN,69,919,0.0750816104461371
IL,2023-12-01,Non-Profit,RN,102,1507,0.0676841406768414
IL,2024-01-01,For-Profit,CNA,2551,23572,0.10822161886984558
IL,2024-01-01,For-Profit,LPN,685,7301,0.09382276400493084
IL,2024-01-01,For-Profit,RN,613,7118,0.08611969654397303
IL,2024-01-01,Government,CNA,45,746,0.06032171581769437
IL,2024-01-01,Government,LPN,5,178,0.028089887640449437
IL,2024-01-01,Government,RN,6,250,0.024
IL,2024-01-01,Non-Profit,CNA,281,4439,0.06330254561838251
IL,2024-01-01,Non-Profit,LPN,53,942,0.05626326963906582
IL,2024-01-01,Non-Profit,RN,70,1485,0.04713804713804714
IL,2024-02-01,For-Profit,CNA,1823,21946,0.08306752939032169
IL,2024-02-01,For-Profit,LPN,464,6893,0.06731466705353258
IL,2024-02-01,For-Profit,RN,422,6635,0.06360211002260739
IL,2024-02-01,Government,CNA,52,739,0.07036535859269283
IL,2024-02-01,Government,LPN,6,178,0.033707865168539325
IL,2024-02-01,Government,RN,11,249,0.04417670682730924
IL,2024-02-01,Non-Profit,CNA,290,4409,0.06577455205261964
IL,2024-02-01,Non-Profit,LPN,64,961,0.06659729448491156
IL,2024-02-01,Non-Profit,RN,70,1490,0.04697986577181208
IL,2024-03-01,For-Profit,CNA,2086,22157,0.09414631944757865
IL,2024-03-01,For-Profit,LPN,627,7009,0.08945641318305037
IL,2024-03-01,For-Profit,RN,545,6772,0.08047844063792085
IL,2024-03-01,Government,CNA,83,737,0.11261872455902307
IL,2024-03-01,Government,LPN,22,181,0.12154696132596685
IL,2024-03-01,Government,RN,16,257,0.0622568093385214
IL,2024-03-01,Non-Profit,CNA,349,4508,0.07741792369121561
IL,2024-03-01,Non-Profit,LPN,81,976,0.08299180327868852
IL,2024-03-01,Non-Profit,RN,103,1512,0.06812169312169312
IL,2024-04-01,For-Profit,CNA,1874,22258,0.08419444694042591
IL,2024-04-01,For-Profit,LPN,487,6972,0.06985083189902468
IL,2024-04-01,For-Profit,RN,456,6792,0.06713780918727916
IL,2024-04-01,Government,CNA,44,712,0.06179775280898876
IL,2024-04-01,Government,LPN,6,176,0.03409090909090909
IL,2024-04-01,Government,RN,6,259,0.023166023166023165
IL,2024-04-01,Non-Profit,CNA,308,4486,0.06865804725813643
IL,2024-04-01,Non-Profit,LPN,69,939,0.07348242811501597
IL,2024-04-01,Non-Profit,RN,61,1539,0.0396361273554256
IL,2024-05-01,For-Profit,CNA,1984,22779,0.08709776548575442
IL,2024-05-01,For-Profit,LPN,482,7015,0.06870990734141126
IL,2024-05-01,For-Profit,RN,453,6837,0.06625713032031592
IL,2024-05-01,Government,CNA,56,752,0.07446808510638298
IL,2024-05-01,Government,LPN,7,176,0.03977272727272727
IL,2024-05-01,Government,RN,15,265,0.05660377358490566
IL,2024-05-01,Non-Profit,CNA,329,4605,0.07144408251900108
IL,2024-05-01,Non-Profit,LPN,46,931,0.04940923737916219
IL,2024-05-01,Non-Profit,RN,67,1555,0.043086816720257236
IL,2024-06-01,For-Profit,CNA,2925,23012,0.12710759603685035
IL,2024-06-01,For-Profit,LPN,838,7021,0.11935621706309643
IL,2024-06-01,For-Profit,RN,872,6811,0.12802818969314345
IL,2024-06-01,Government,CNA,50,764,0.06544502617801047
IL,2024-06-01,Government,LPN,6,182,0.03296703296703297
IL,2024-06-01,Government,RN,11,269,0.040892193308550186
IL,2024-06-01,Non-Profit,CNA,352,4615,0.07627302275189599
IL,2024-06-01,Non-Profit,LPN,82,934,0.08779443254817987
IL,2024-06-01,Non-Profit,RN,112,1574,0.07115628970775095
IL,2024-07-01,For-Profit,CNA,1913,21908,0.08731970056600329
IL,2024-07-01,For-Profit,LPN,510,6676,0.07639304973037747
IL,2024-07-01,For-Profit,RN,400,6450,0.06201550387596899
IL,2024-07-01,Government,CNA,61,764,0.07984293193717278
IL,2024-07-01,Government,LPN,16,185,0.08648648648648649
IL,2024-07-01,Government,RN,11,276,0.03985507246376811
IL,2024-07-01,Non-Profit,CNA,376,4724,0.07959356477561388
IL,2024-07-01,Non-Profit,LPN,68,921,0.0738327904451683
IL,2024-07-01,Non-Profit,RN,57,1559,0.036561898652982684
IL,2024-08-01,For-Profit,CNA,2148,22006,0.09760974279741888
IL,2024-08-01,For-Profit,LPN,541,6726,0.08043413618792744
IL,2024-08-01,For-Profit,RN,456,6549,0.06962895098488318
IL,2024-08-01,Government,CNA,66,778,0.08483290488431877
IL,2024-08-01,Government,LPN,9,180,0.05
IL,2024-08-01,Government,RN,15,275,0.05454545454545454
IL,2024-08-01,Non-Profit,CNA,363,4688,0.07743174061433447
IL,2024-08-01,Non-Profit,LPN,46,918,0.05010893246187364
IL,2024-08-01,Non-Profit,RN,72,1587,0.045368620037807186
IL,2024-09-01,For-Profit,CNA,2125,21544,0.09863535090976606
IL,2024-09-01,For-Profit,LPN,559,6682,0.08365758754863813
IL,2024-09-01,For-Profit,RN,492,6513,0.07554122524182405
IL,2024-09-01,Government,CNA,51,755,0.06754966887417219
IL,2024-09-01,Government,LPN,11,180,0.06111111111111111
IL,2024-09-01,Government,RN,14,274,0.051094890510948905
IL,2024-09-01,Non-Profit,CNA,374,4602,0.0812690134724033
IL,2024-09-01,Non-Profit,LPN,63,930,0.06774193548387097
IL,2024-09-01,Non-Profit,RN,73,1564,0.046675191815856776
IL,2024-10-01,For-Profit,CNA,2653,23408,0.11333732057416268
IL,2024-10-01,For-Profit,LPN,731,7222,0.1012184990307394
IL,2024-10-01,For-Profit,RN,569,7118,0.07993818488339421
IL,2024-10-01,Government,CNA,54,774,0.06976744186046512
IL,2024-10-01,Government,LPN,5,180,0.027777777777777776
IL,2024-10-01,Government,RN,12,265,0.045283018867924525
IL,2024-10-01,Non-Profit,CNA,338,4657,0.07257891346360318
IL,2024-10-01,Non-Profit,LPN,52,931,0.055853920515574654
IL,2024-10-01,Non-Profit,RN,64,1593,0.040175768989328314
IL,2024-11-01,For-Profit,CNA,1820,23150,0.07861771058315335
IL,2024-11-01,For-Profit,LPN,512,7107,0.07204164907837343
IL,2024-11-01,For-Profit,RN,441,6994,0.06305404632542179
IL,2024-11-01,Government,CNA,38,771,0.04928664072632944
IL,2024-11-01,Government,LPN,5,178,0.028089887640449437
IL,2024-11-01,Government,RN,10,259,0.03861003861003861
IL,2024-11-01,Non-Profit,CNA,269,4640,0.05797413793103448
IL,2024-11-01,Non-Profit,LPN,46,911,0.050493962678375415
IL,2024-11-01,Non-Profit,RN,85,1605,0.0529595015576324
IL,2024-12-01,For-Profit,CNA,2097,23268,0.09012377514182568
IL,2024-12-01,For-Profit,LPN,583,7062,0.08255451713395638
IL,2024-12-01,For-Profit,RN,524,6944,0.07546082949308756
IL,2024-12-01,Government,CNA,47,784,0.05994897959183673
IL,2024-12-01,Government,LPN,6,178,0.033707865168539325
IL,2024-12-01,Government,RN,14,265,0.052830188679245285
IL,2024-12-01,Non-Profit,CNA,347,4764,0.07283795130142737
IL,2024-12-01,Non-Profit,LPN,51,908,0.05616740088105727
IL,2024-12-01,Non-Profit,RN,74,1589,0.04657016991818754
IL,2025-01-01,For-Profit,CNA,1965,23656,0.08306560703415623
IL,2025-01-01,For-Profit,LPN,536,7133,0.07514369830365905
IL,2025-01-01,For-Profit,RN,462,7004,0.06596230725299829
IL,2025-01-01,Government,CNA,47,760,0.06184210526315789
IL,2025-01-01,Government,LPN,11,163,0.06748466257668712
IL,2025-01-01,Government,RN,9,245,0.036734693877551024
IL,2025-01-01,Non-Profit,CNA,348,4792,0.07262103505843072
IL,2025-01-01,Non-Profit,LPN,63,906,0.0695364238410596
IL,2025-01-01,Non-Profit,RN,91,1595,0.057053291536050155
IL,2025-02-01,For-Profit,CNA,1845,23311,0.07914718373300159
IL,2025-02-01,For-Profit,LPN,447,6968,0.064150401836969
IL,2025-02-01,For-Profit,RN,424,6938,0.061112712597290286
IL,2025-02-01,Government,CNA,40,721,0.05547850208044383
IL,2025-02-01,Government,LPN,6,158,0.0379746835443038
IL,2025-02-01,Government,RN,7,243,0.02880658436213992
IL,2025-02-01,Non-Profit,CNA,339,4601,0.07367963486198653
IL,2025-02-01,Non-Profit,LPN,38,892,0.042600896860986545
IL,2025-02-01,Non-Profit,RN,79,1572,0.05025445292620865
IL,2025-03-01,For-Profit,CNA,2391,23652,0.1010908168442415
IL,2025-03-01,For-Profit,LPN,584,7103,0.0822187807968464
IL,2025-03-01,For-Profit,RN,547,7008,0.07805365296803653
IL,2025-03-01,Government,CNA,53,757,0.07001321003963012
IL,2025-03-01,Government,LPN,8,162,0.04938271604938271
IL,2025-03-01,Government,RN,10,245,0.04081632653061224
IL,2025-03-01,Non-Profit,CNA,331,4663,0.07098434484237615
IL,2025-03-01,Non-Profit,LPN,54,918,0.058823529411764705
IL,2025-03-01,Non-Profit,RN,85,1570,0.054140127388535034
IN,2022-10-01,For-Profit,CNA,900,9171,0.09813542688910697
IN,2022-10-01,For-Profit,LPN,196,2960,0.06621621621621622
IN,2022-10-01,For-Profit,RN,224,2421,0.09252375051631558
IN,2022-10-01,Government,CNA,418,4612,0.09063313096270599
IN,2022-10-01,Government,LPN,100,1496,0.06684491978609626
IN,2022-10-01,Government,RN,82,1209,0.06782464846980976
IN,2022-10-01,Non-Profit,CNA,443,4367,0.10144263796656744
IN,2022-10-01,Non-Profit,LPN,78,1350,0.057777777777777775
IN,2022-10-01,Non-Profit,RN,59,1066,0.055347091932457786
IN,2022-11-01,For-Profit,CNA,762,9170,0.08309705561613959
IN,2022-11-01,For-Profit,LPN,172,2942,0.05846363018354861
IN,2022-11-01,For-Profit,RN,158,2365,0.0668076109936575
IN,2022-11-01,Government,CNA,400,4598,0.08699434536755112
IN,2022-11-01,Government,LPN,74,1477,0.05010155721056195
IN,2022-11-01,Government,RN,74,1200,0.06166666666666667
IN,2022-11-01,Non-Profit,CNA,376,4305,0.08734030197444832
IN,2022-11-01,Non-Profit,LPN,55,1335,0.04119850187265917
IN,2022-11-01,Non-Profit,RN,64,1080,0.05925925925925926
IN,2022-12-01,For-Profit,CNA,980,9367,0.1046226112949717
IN,2022-12-01,For-Profit,LPN,204,2913,0.07003089598352215
IN,2022-12-01,For-Profit,RN,202,2342,0.08625106746370624
IN,2022-12-01,Government,CNA,403,4624,0.08715397923875433
IN,2022-12-01,Government,LPN,82,1476,0.05555555555555555
IN,2022-12-01,Government,RN,70,1184,0.05912162162162162
IN,2022-12-01,Non-Profit,CNA,482,4326,0.11141932501155802
IN,2022-12-01,Non-Profit,LPN,104,1365,0.0761904761904762
IN,2022-12-01,Non-Profit,RN,68,1057,0.06433301797540208
IN,2023-01-01,For-Profit,CNA,918,9622,0.09540636042402827
IN,2023-01-01,For-Profit,LPN,174,3009,0.05782652043868395
IN,2023-01-01,For-Profit,RN,192,2435,0.07885010266940452
IN,2023-01-01,Government,CNA,421,4660,0.09034334763948498
IN,2023-01-01,Government,LPN,90,1482,0.06072874493927125
IN,2023-01-01,Government,RN,77,1213,0.06347897774113767
IN,2023-01-01,Non-Profit,CNA,331,4210,0.07862232779097388
IN,2023-01-01,Non-Profit,LPN,82,1339,0.061239731142643763
IN,2023-01-01,Non-Profit,RN,55,1059,0.05193578847969783
IN,2023-02-01,For-Profit,CNA,861,9547,0.09018539855451975
IN,2023-02-01,For-Profit,LPN,159,3006,0.05289421157684631
IN,2023-02-01,For-Profit,RN,167,2428,0.06878088962108732
IN,2023-02-01,Government,CNA,411,4706,0.08733531661708457
IN,2023-02-01,Government,LPN,75,1464,0.05122950819672131
IN,2023-02-01,Government,RN,84,1231,0.06823720552396426
IN,2023-02-01,Non-Profit,CNA,352,4209,0.0836303159895462
IN,2023-02-01,Non-Profit,LPN,69,1313,0.05255140898705255
IN,2023-02-01,Non-Profit,RN,55,1070,0.0514018691588785
IN,2023-03-01,For-Profit,CNA,1042,9894,0.1053163533454619
IN,2023-03-01,For-Profit,LPN,223,3077,0.07247318817029574
IN,2023-03-01,For-Profit,RN,186,2479,0.07503025413473174
IN,2023-03-01,Government,CNA,538,4810,0.11185031185031186
IN,2023-03-01,Government,LPN,97,1510,0.06423841059602649
IN,2023-03-01,Government,RN,116,1274,0.09105180533751962
IN,2023-03-01,Non-Profit,CNA,356,4296,0.08286778398510242
IN,2023-03-01,Non-Profit,LPN,70,1310,0.05343511450381679
IN,2023-03-01,Non-Profit,RN,88,1086,0.08103130755064457
IN,2023-04-01,For-Profit,CNA,996,9901,0.1005958994041006
IN,2023-04-01,For-Profit,LPN,179,3026,0.05915399867812293
IN,2023-04-01,For-Profit,RN,209,2486,0.084070796460177
IN,2023-04-01,Government,CNA,424,4726,0.08971646212441811
IN,2023-04-01,Government,LPN,104,1529,0.06801831262262917
IN,2023-04-01,Government,RN,76,1223,0.06214227309893704
IN,2023-04-01,Non-Profit,CNA,384,4530,0.0847682119205298
IN,2023-04-01,Non-Profit,LPN,61,1346,0.045319465081723624
IN,2023-04-01,Non-Profit,RN,77,1081,0.07123034227567067
IN,2023-05-01,For-Profit,CNA,1008,10215,0.0986784140969163
IN,2023-05-01,For-Profit,LPN,203,3074,0.0660377358490566
IN,2023-05-01,For-Profit,RN,181,2500,0.0724
IN,2023-05-01,Government,CNA,473,4890,0.0967280163599182
IN,2023-05-01,Government,LPN,118,1546,0.07632600258732213
IN,2023-05-01,Government,RN,74,1236,0.059870550161812294
IN,2023-05-01,Non-Profit,CNA,426,4671,0.09120102761721259
IN,2023-05-01,Non-Profit,LPN,93,1387,0.06705118961788031
IN,2023-05-01,Non-Profit,RN,91,1061,0.08576814326107446
IN,2023-06-01,For-Profit,CNA,1072,10337,0.10370513688691109
IN,2023-06-01,For-Profit,LPN,210,3131,0.06707122325135739
IN,2023-06-01,For-Profit,RN,192,2518,0.07625099285146943
IN,2023-06-01,Government,CNA,511,5037,0.10144927536231885
IN,2023-06-01,Government,LPN,135,1525,0.08852459016393442
IN,2023-06-01,Government,RN,94,1249,0.07526020816653323
IN,2023-06-01,Non-Profit,CNA,459,4771,0.09620624607000629
IN,2023-06-01,Non-Profit,LPN,107,1377,0.07770515613652869
IN,2023-06-01,Non-Profit,RN,69,1067,0.06466729147141519
IN,2023-07-01,For-Profit,CNA,1061,10393,0.10208794380833253
IN,2023-07-01,For-Profit,LPN,252,3115,0.08089887640449438
IN,2023-07-01,For-Profit,RN,200,2561,0.07809449433814916
IN,2023-07-01,Government,CNA,502,5135,0.09776046738072054
IN,2023-07-01,Government,LPN,99,1523,0.06500328299409061
IN,2023-07-01,Government,RN,84,1296,0.06481481481481481
IN,2023-07-01,Non-Profit,CNA,409,4695,0.0871139510117146
IN,2023-07-01,Non-Profit,LPN,80,1362,0.05873715124816446
IN,2023-07-01,Non-Profit,RN,69,1073,0.06430568499534017
IN,2023-08-01,For-Profit,CNA,1162,10471,0.11097316397669754
IN,2023-08-01,For-Profit,LPN,221,3168,0.06976010101010101
IN,2023-08-01,For-Profit,RN,193,2665,0.0724202626641651
IN,2023-08-01,Government,CNA,547,5167,0.10586413779756144
IN,2023-08-01,Government,LPN,90,1540,0.05844155844155844
IN,2023-08-01,Government,RN,91,1333,0.06826706676669167
IN,2023-08-01,Non-Profit,CNA,446,4799,0.09293602833923734
IN,2023-08-01,Non-Profit,LPN,88,1391,0.06326383896477354
IN,2023-08-01,Non-Profit,RN,68,1082,0.06284658040665435
IN,2023-09-01,For-Profit,CNA,1038,10146,0.1023063276167948
IN,2023-09-01,For-Profit,LPN,217,3152,0.06884517766497462
IN,2023-09-01,For-Profit,RN,208,2614,0.07957153787299158
IN,2023-09-01,Government,CNA,489,5029,0.09723603102008352
IN,2023-09-01,Government,LPN,95,1553,0.061171925305859624
IN,2023-09-01,Government,RN,109,1311,0.08314263920671243
IN,2023-09-01,Non-Profit,CNA,491,4827,0.10171949451004765
IN,2023-09-01,Non-Profit,LPN,99,1400,0.07071428571428572
IN,2023-09-01,Non-Profit,RN,90,1096,0.08211678832116788
IN,2023-10-01,For-Profit,CNA,1066,10399,0.10250985671699202
IN,2023-10-01,For-Profit,LPN,263,3277,0.08025633201098566
IN,2023-10-01,For-Profit,RN,193,2674,0.07217651458489155
IN,2023-10-01,Government,CNA,529,5210,0.10153550863723608
IN,2023-10-01,Government,LPN,118,1604,0.07356608478802992
IN,2023-10-01,Government,RN,82,1309,0.06264323911382735
IN,2023-10-01,Non-Profit,CNA,497,4914,0.10113960113960115
IN,2023-10-01,Non-Profit,LPN,83,1423,0.05832747716092762
IN,2023-10-01,Non-Profit,RN,89,1102,0.08076225045372051
IN,2023-11-01,For-Profit,CNA,871,10130,0.0859822309970385
IN,2023-11-01,For-Profit,LPN,188,3209,0.05858522904331567
IN,2023-11-01,For-Profit,RN,170,2665,0.06378986866791744
IN,2023-11-01,Government,CNA,437,5128,0.08521840873634945
IN,2023-11-01,Government,LPN,101,1561,0.0647021140294683
IN,2023-11-01,Government,RN,73,1297,0.05628373168851195
IN,2023-11-01,Non-Profit,CNA,367,4751,0.07724689539044412
IN,2023-11-01,Non-Profit,LPN,86,1409,0.06103619588360539
IN,2023-11-01,Non-Profit,RN,53,1060,0.05
IN,2023-12-01,For-Profit,CNA,926,10192,0.09085557299843014
IN,2023-12-01,For-Profit,LPN,241,3219,0.07486797141969556
IN,2023-12-01,For-Profit,RN,187,2602,0.07186779400461184
IN,2023-12-01,Government,CNA,504,5155,0.09776915615906887
IN,2023-12-01,Government,LPN,104,1547,0.06722689075630252
IN,2023-12-01,Government,RN,96,1304,0.0736196319018405
IN,2023-12-01,Non-Profit,CNA,471,4835,0.09741468459152017
IN,2023-12-01,Non-Profit,LPN,104,1388,0.07492795389048991
IN,2023-12-01,Non-Profit,RN,83,1059,0.07837582625118036
IN,2024-01-01,For-Profit,CNA,876,10282,0.08519743240614666
IN,2024-01-01,For-Profit,LPN,228,3238,0.07041383570105003
IN,2024-01-01,For-Profit,RN,154,2699,0.0570581696924787
IN,2024-01-01,Government,CNA,438,5035,0.08699106256206554
IN,2024-01-01,Government,LPN,77,1529,0.050359712230215826
IN,2024-01-01,Government,RN,73,1303,0.056024558710667687
IN,2024-01-01,Non-Profit,CNA,430,4865,0.08838643371017471
IN,2024-01-01,Non-Profit,LPN,103,1472,0.06997282608695653
IN,2024-01-01,Non-Profit,RN,47,1087,0.04323827046918123
IN,2024-02-01,For-Profit,CNA,885,10180,0.0869351669941061
IN,2024-02-01,For-Profit,LPN,237,3233,0.07330652644602537
IN,2024-02-01,For-Profit,RN,167,2761,0.060485331401666065
IN,2024-02-01,Government,CNA,432,4930,0.08762677484787018
IN,2024-02-01,Government,LPN,99,1552,0.06378865979381443
IN,2024-02-01,Government,RN,77,1318,0.05842185128983308
IN,2024-02-01,Non-Profit,CNA,400,4835,0.0827300930713547
IN,2024-02-01,Non-Profit,LPN,83,1461,0.0568104038329911
IN,2024-02-01,Non-Profit,RN,63,1086,0.058011049723756904
IN,2024-03-01,For-Profit,CNA,1145,10356,0.11056392429509464
IN,2024-03-01,For-Profit,LPN,249,3251,0.07659181790218395
IN,2024-03-01,For-Profit,RN,233,2778,0.08387329013678906
IN,2024-03-01,Government,CNA,479,4974,0.09630076397265783
IN,2024-03-01,Government,LPN,124,1580,0.07848101265822785
IN,2024-03-01,Government,RN,102,1323,0.07709750566893424
IN,2024-03-01,Non-Profit,CNA,515,4900,0.10510204081632653
IN,2024-03-01,Non-Profit,LPN,138,1493,0.09243134628265237
IN,2024-03-01,Non-Profit,RN,80,1119,0.07149240393208221
IN,2024-04-01,For-Profit,CNA,882,10375,0.08501204819277108
IN,2024-04-01,For-Profit,LPN,214,3272,0.06540342298288508
IN,2024-04-01,For-Profit,RN,174,2749,0.06329574390687523
IN,2024-04-01,Government,CNA,427,4992,0.08553685897435898
IN,2024-04-01,Government,LPN,110,1610,0.06832298136645963
IN,2024-04-01,Government,RN,83,1308,0.06345565749235474
IN,2024-04-01,Non-Profit,CNA,413,4885,0.08454452405322416
IN,2024-04-01,Non-Profit,LPN,78,1437,0.054279749478079335
IN,2024-04-01,Non-Profit,RN,69,1126,0.06127886323268206
IN,2024-05-01,For-Profit,CNA,1035,10589,0.09774294078760978
IN,2024-05-01,For-Profit,LPN,214,3233,0.06619239096814104
IN,2024-05-01,For-Profit,RN,193,2786,0.06927494615936827
IN,2024-05-01,Government,CNA,506,5167,0.09792916586026708
IN,2024-05-01,Government,LPN,95,1605,0.059190031152647975
IN,2024-05-01,Government,RN,78,1367,0.0570592538405267
IN,2024-05-01,Non-Profit,CNA,459,4999,0.09181836367273455
IN,2024-05-01,Non-Profit,LPN,107,1480,0.0722972972972973
IN,2024-05-01,Non-Profit,RN,57,1134,0.05026455026455026
IN,2024-06-01,For-Profit,CNA,1013,10617,0.09541301685975323
IN,2024-06-01,For-Profit,LPN,239,3217,0.07429281939695369
IN,2024-06-01,For-Profit,RN,222,2822,0.07866761162296244
IN,2024-06-01,Government,CNA,508,5167,0.09831623766208632
IN,2024-06-01,Government,LPN,132,1604,0.08229426433915212
IN,2024-06-01,Government,RN,107,1375,0.07781818181818181
IN,2024-06-01,Non-Profit,CNA,468,4995,0.0936936936936937
IN,2024-06-01,Non-Profit,LPN,116,1438,0.08066759388038942
IN,2024-06-01,Non-Profit,RN,81,1161,0.06976744186046512
IN,2024-07-01,For-Profit,CNA,989,10789,0.09166743905830012
IN,2024-07-01,For-Profit,LPN,223,3247,0.06867878041268864
IN,2024-07-01,For-Profit,RN,190,2815,0.0674955595026643
IN,2024-07-01,Government,CNA,432,5200,0.08307692307692308
IN,2024-07-01,Government,LPN,92,1620,0.056790123456790124
IN,2024-07-01,Government,RN,83,1368,0.06067251461988304
IN,2024-07-01,Non-Profit,CNA,389,5010,0.07764471057884231
IN,2024-07-01,Non-Profit,LPN,86,1437,0.059846903270702856
IN,2024-07-01,Non-Profit,RN,57,1145,0.04978165938864629
IN,2024-08-01,For-Profit,CNA,986,10775,0.09150812064965197
IN,2024-08-01,For-Profit,LPN,236,3269,0.07219333129397369
IN,2024-08-01,For-Profit,RN,189,2891,0.06537530266343826
IN,2024-08-01,Government,CNA,467,5214,0.08956655159186805
IN,2024-08-01,Government,LPN,102,1616,0.06311881188118812
IN,2024-08-01,Government,RN,80,1377,0.05809731299927379
IN,2024-08-01,Non-Profit,CNA,467,5105,0.09147894221351616
IN,2024-08-01,Non-Profit,LPN,86,1450,0.05931034482758621
IN,2024-08-01,Non-Profit,RN,64,1178,0.05432937181663837
IN,2024-09-01,For-Profit,CNA,908,10547,0.08609083151607091
IN,2024-09-01,For-Profit,LPN,231,3220,0.07173913043478261
IN,2024-09-01,For-Profit,RN,202,2882,0.07009021512838307
IN,2024-09-01,Government,CNA,418,5114,0.08173640985529917
IN,2024-09-01,Government,LPN,95,1615,0.058823529411764705
IN,2024-09-01,Government,RN,90,1371,0.06564551422319474
IN,2024-09-01,Non-Profit,CNA,429,5011,0.0856116543604071
IN,2024-09-01,Non-Profit,LPN,96,1457,0.06588881262868909
IN,2024-09-01,Non-Profit,RN,77,1200,0.06416666666666666
IN,2024-10-01,For-Profit,CNA,979,10750,0.09106976744186046
IN,2024-10-01,For-Profit,LPN,208,3266,0.06368646662584201
IN,2024-10-01,For-Profit,RN,169,2925,0.057777777777777775
IN,2024-10-01,Government,CNA,445,5242,0.0848912628767646
IN,2024-10-01,Government,LPN,110,1663,0.0661455201443175
IN,2024-10-01,Government,RN,78,1371,0.05689277899343545
IN,2024-10-01,Non-Profit,CNA,366,5035,0.07269116186693148
IN,2024-10-01,Non-Profit,LPN,92,1476,0.06233062330623306
IN,2024-10-01,Non-Profit,RN,64,1208,0.052980132450331126
IN,2024-11-01,For-Profit,CNA,829,10670,0.07769447047797563
IN,2024-11-01,For-Profit,LPN,179,3238,0.055281037677578755
IN,2024-11-01,For-Profit,RN,196,2944,0.06657608695652174
IN,2024-11-01,Government,CNA,409,5243,0.07800877360289911
IN,2024-11-01,Government,LPN,85,1621,0.05243676742751388
IN,2024-11-01,Government,RN,84,1382,0.060781476121562955
IN,2024-11-01,Non-Profit,CNA,378,5076,0.07446808510638298
IN,2024-11-01,Non-Profit,LPN,93,1472,0.06317934782608696
IN,2024-11-01,Non-Profit,RN,58,1212,0.04785478547854786
IN,2024-12-01,For-Profit,CNA,882,10586,0.08331758926884565
IN,2024-12-01,For-Profit,LPN,230,3255,0.0706605222734255
IN,2024-12-01,For-Profit,RN,205,2861,0.07165326808808109
IN,2024-12-01,Government,CNA,427,5316,0.08032355154251317
IN,2024-12-01,Government,LPN,131,1675,0.07820895522388059
IN,2024-12-01,Government,RN,99,1393,0.07106963388370424
IN,2024-12-01,Non-Profit,CNA,417,5060,0.08241106719367589
IN,2024-12-01,Non-Profit,LPN,123,1472,0.08355978260869565
IN,2024-12-01,Non-Profit,RN,101,1240,0.0814516129032258
IN,2025-01-01,For-Profit,CNA,955,10634,0.08980628173782208
IN,2025-01-01,For-Profit,LPN,243,3264,0.0744485294117647
IN,2025-01-01,For-Profit,RN,220,2976,0.0739247311827957
IN,2025-01-01,Government,CNA,468,5254,0.08907499048344118
IN,2025-01-01,Government,LPN,104,1655,0.06283987915407856
IN,2025-01-01,Government,RN,94,1386,0.06782106782106782
IN,2025-01-01,Non-Profit,CNA,407,5001,0.08138372325534893
IN,2025-01-01,Non-Profit,LPN,95,1443,0.06583506583506583
IN,2025-01-01,Non-Profit,RN,75,1194,0.06281407035175879
IN,2025-02-01,For-Profit,CNA,823,10437,0.0788540768420044
IN,2025-02-01,For-Profit,LPN,188,3295,0.057056145675265554
IN,2025-02-01,For-Profit,RN,217,2927,0.07413734198838401
IN,2025-02-01,Government,CNA,419,5148,0.08139083139083139
IN,2025-02-01,Government,LPN,111,1637,0.0678069639584606
IN,2025-02-01,Government,RN,80,1383,0.05784526391901663
IN,2025-02-01,Non-Profit,CNA,423,4860,0.08703703703703704
IN,2025-02-01,Non-Profit,LPN,84,1445,0.05813148788927336
IN,2025-02-01,Non-Profit,RN,77,1183,0.0650887573964497
IN,2025-03-01,For-Profit,CNA,920,10599,0.08680064156995942
IN,2025-03-01,For-Profit,LPN,244,3336,0.07314148681055156
IN,2025-03-01,For-Profit,RN,230,2944,0.078125
IN,2025-03-01,Government,CNA,450,5156,0.08727695888285493
IN,2025-03-01,Government,LPN,97,1643,0.05903834449178332
IN,2025-03-01,Government,RN,98,1387,0.07065609228550829
IN,2025-03-01,Non-Profit,CNA,406,4887,0.08307755269081236
IN,2025-03-01,Non-Profit,LPN,122,1490,0.08187919463087248
IN,2025-03-01,Non-Profit,RN,84,1218,0.06896551724137931
KS,2022-10-01,For-Profit,CNA,653,5267,0.12397949496867287
KS,2022-10-01,For-Profit,LPN,151,1414,0.10678925035360678
KS,2022-10-01,For-Profit,RN,94,1287,0.07303807303807304
KS,2022-10-01,Government,CNA,17,346,0.049132947976878616
KS,2022-10-01,Government,LPN,2,48,0.041666666666666664
KS,2022-10-01,Government,RN,2,87,0.022988505747126436
KS,2022-10-01,Non-Profit,CNA,266,3067,0.08672970329312031
KS,2022-10-01,Non-Profit,LPN,45,679,0.0662739322533137
KS,2022-10-01,Non-Profit,RN,42,754,0.05570291777188329
KS,2022-11-01,For-Profit,CNA,601,5195,0.11568816169393648
KS,2022-11-01,For-Profit,LPN,128,1376,0.09302325581395349
KS,2022-11-01,For-Profit,RN,106,1289,0.08223429014740109
KS,2022-11-01,Government,CNA,17,348,0.04885057471264368
KS,2022-11-01,Government,LPN,1,46,0.021739130434782608
KS,2022-11-01,Government,RN,5,88,0.056818181818181816
KS,2022-11-01,Non-Profit,CNA,282,3136,0.0899234693877551
KS,2022-11-01,Non-Profit,LPN,31,663,0.04675716440422323
KS,2022-11-01,Non-Profit,RN,27,737,0.036635006784260515
KS,2022-12-01,For-Profit,CNA,814,5359,0.15189401007650682
KS,2022-12-01,For-Profit,LPN,190,1400,0.1357142857142857
KS,2022-12-01,For-Profit,RN,163,1281,0.12724434035909446
KS,2022-12-01,Government,CNA,43,347,0.1239193083573487
KS,2022-12-01,Government,LPN,10,57,0.17543859649122806
KS,2022-12-01,Government,RN,14,92,0.15217391304347827
KS,2022-12-01,Non-Profit,CNA,398,3153,0.1262289882651443
KS,2022-12-01,Non-Profit,LPN,61,681,0.08957415565345081
KS,2022-12-01,Non-Profit,RN,81,741,0.10931174089068826
KS,2023-01-01,For-Profit,CNA,718,5590,0.12844364937388192
KS,2023-01-01,For-Profit,LPN,140,1427,0.09810791871058164
KS,2023-01-01,For-Profit,RN,119,1317,0.09035687167805619
KS,2023-01-01,Government,CNA,24,349,0.06876790830945559
KS,2023-01-01,Government,LPN,9,52,0.17307692307692307
KS,2023-01-01,Government,RN,1,89,0.011235955056179775
KS,2023-01-01,Non-Profit,CNA,265,3165,0.08372827804107424
KS,2023-01-01,Non-Profit,LPN,34,652,0.05214723926380368
KS,2023-01-01,Non-Profit,RN,39,719,0.054242002781641166
KS,2023-02-01,For-Profit,CNA,694,5504,0.12609011627906977
KS,2023-02-01,For-Profit,LPN,145,1413,0.10261854210898796
KS,2023-02-01,For-Profit,RN,80,1256,0.06369426751592357
KS,2023-02-01,Government,CNA,25,341,0.07331378299120235
KS,2023-02-01,Government,LPN,0,45,0.0
KS,2023-02-01,Government,RN,5,86,0.05813953488372093
KS,2023-02-01,Non-Profit,CNA,244,3060,0.07973856209150326
KS,2023-02-01,Non-Profit,LPN,24,633,0.037914691943127965
KS,2023-02-01,Non-Profit,RN,30,702,0.042735042735042736
KS,2023-03-01,For-Profit,CNA,821,5681,0.14451681042070058
KS,2023-03-01,For-Profit,LPN,130,1405,0.09252669039145907
KS,2023-03-01,For-Profit,RN,152,1325,0.11471698113207547
KS,2023-03-01,Government,CNA,40,348,0.11494252873563218
KS,2023-03-01,Government,LPN,4,47,0.0851063829787234
KS,2023-03-01,Government,RN,6,85,0.07058823529411765
KS,2023-03-01,Non-Profit,CNA,255,3184,0.08008793969849247
KS,2023-03-01,Non-Profit,LPN,38,666,0.057057057057057055
KS,2023-03-01,Non-Profit,RN,37,710,0.05211267605633803
KS,2023-04-01,For-Profit,CNA,726,5696,0.12745786516853932
KS,2023-04-01,For-Profit,LPN,135,1435,0.09407665505226481
KS,2023-04-01,For-Profit,RN,122,1329,0.09179834462001504
KS,2023-04-01,Government,CNA,16,324,0.04938271604938271
KS,2023-04-01,Government,LPN,0,44,0.0
KS,2023-04-01,Government,RN,0,84,0.0
KS,2023-04-01,Non-Profit,CNA,262,3223,0.08129072292894818
KS,2023-04-01,Non-Profit,LPN,55,704,0.078125
KS,2023-04-01,Non-Profit,RN,37,741,0.04993252361673414
KS,2023-05-01,For-Profit,CNA,846,5875,0.144
KS,2023-05-01,For-Profit,LPN,158,1431,0.11041229909154437
KS,2023-05-01,For-Profit,RN,120,1294,0.09273570324574962
KS,2023-05-01,Government,CNA,25,333,0.07507507507507508
KS,2023-05-01,Government,LPN,1,49,0.02040816326530612
KS,2023-05-01,Government,RN,2,87,0.022988505747126436
KS,2023-05-01,Non-Profit,CNA,287,3368,0.08521377672209027
KS,2023-05-01,Non-Profit,LPN,49,714,0.06862745098039216
KS,2023-05-01,Non-Profit,RN,63,766,0.08224543080939947
KS,2023-06-01,For-Profit,CNA,783,5818,0.13458233069783432
KS,2023-06-01,For-Profit,LPN,169,1443,0.11711711711711711
KS,2023-06-01,For-Profit,RN,112,1301,0.08608762490392007
KS,2023-06-01,Government,CNA,22,326,0.06748466257668712
KS,2023-06-01,Government,LPN,0,53,0.0
KS,2023-06-01,Government,RN,2,81,0.024691358024691357
KS,2023-06-01,Non-Profit,CNA,298,3386,0.08800945067926758
KS,2023-06-01,Non-Profit,LPN,89,742,0.11994609164420485
KS,2023-06-01,Non-Profit,RN,65,781,0.08322663252240717
KS,2023-07-01,For-Profit,CNA,865,5934,0.1457701381867206
KS,2023-07-01,For-Profit,LPN,177,1493,0.11855324849296718
KS,2023-07-01,For-Profit,RN,141,1340,0.10522388059701493
KS,2023-07-01,Government,CNA,26,356,0.07303370786516854
KS,2023-07-01,Government,LPN,0,52,0.0
KS,2023-07-01,Government,RN,5,82,0.06097560975609756
KS,2023-07-01,Non-Profit,CNA,324,3524,0.09194097616345062
KS,2023-07-01,Non-Profit,LPN,62,723,0.08575380359612725
KS,2023-07-01,Non-Profit,RN,41,781,0.052496798975672214
KS,2023-08-01,For-Profit,CNA,906,6067,0.1493324542607549
KS,2023-08-01,For-Profit,LPN,188,1545,0.12168284789644013
KS,2023-08-01,For-Profit,RN,158,1401,0.11277658815132048
KS,2023-08-01,Government,CNA,22,352,0.0625
KS,2023-08-01,Government,LPN,3,56,0.05357142857142857
KS,2023-08-01,Government,RN,1,78,0.01282051282051282
KS,2023-08-01,Non-Profit,CNA,314,3444,0.09117305458768873
KS,2023-08-01,Non-Profit,LPN,54,712,0.07584269662921349
KS,2023-08-01,Non-Profit,RN,33,776,0.04252577319587629
KS,2023-09-01,For-Profit,CNA,1264,5950,0.21243697478991597
KS,2023-09-01,For-Profit,LPN,277,1515,0.18283828382838282
KS,2023-09-01,For-Profit,RN,251,1401,0.17915774446823698
KS,2023-09-01,Government,CNA,63,345,0.1826086956521739
KS,2023-09-01,Government,LPN,6,52,0.11538461538461539
KS,2023-09-01,Government,RN,12,77,0.15584415584415584
KS,2023-09-01,Non-Profit,CNA,295,3351,0.0880334228588481
KS,2023-09-01,Non-Profit,LPN,45,686,0.06559766763848396
KS,2023-09-01,Non-Profit,RN,45,790,0.056962025316455694
KS,2023-10-01,For-Profit,CNA,820,6017,0.13628053847432275
KS,2023-10-01,For-Profit,LPN,126,1491,0.08450704225352113
KS,2023-10-01,For-Profit,RN,107,1391,0.07692307692307693
KS,2023-10-01,Government,CNA,16,376,0.0425531914893617
KS,2023-10-01,Government,LPN,4,61,0.06557377049180328
KS,2023-10-01,Government,RN,0,83,0.0
KS,2023-10-01,Non-Profit,CNA,247,3330,0.07417417417417417
KS,2023-10-01,Non-Profit,LPN,31,693,0.044733044733044736
KS,2023-10-01,Non-Profit,RN,36,790,0.04556962025316456
KS,2023-11-01,For-Profit,CNA,787,6034,0.13042757706330793
KS,2023-11-01,For-Profit,LPN,148,1528,0.0968586387434555
KS,2023-11-01,For-Profit,RN,129,1413,0.09129511677282377
KS,2023-11-01,Government,CNA,17,386,0.04404145077720207
KS,2023-11-01,Government,LPN,2,60,0.03333333333333333
KS,2023-11-01,Government,RN,4,85,0.047058823529411764
KS,2023-11-01,Non-Profit,CNA,187,3357,0.055704498063747394
KS,2023-11-01,Non-Profit,LPN,38,696,0.05459770114942529
KS,2023-11-01,Non-Profit,RN,38,774,0.04909560723514212
KS,2023-12-01,For-Profit,CNA,972,6076,0.15997366688610928
KS,2023-12-01,For-Profit,LPN,200,1493,0.13395847287340926
KS,2023-12-01,For-Profit,RN,176,1403,0.12544547398431932
KS,2023-12-01,Government,CNA,27,394,0.06852791878172589
KS,2023-12-01,Government,LPN,4,58,0.06896551724137931
KS,2023-12-01,Government,RN,5,85,0.058823529411764705
KS,2023-12-01,Non-Profit,CNA,307,3441,0.08921825050857309
KS,2023-12-01,Non-Profit,LPN,51,689,0.07402031930333818
KS,2023-12-01,Non-Profit,RN,54,768,0.0703125
KS,2024-01-01,For-Profit,CNA,813,6096,0.13336614173228348
KS,2024-01-01,For-Profit,LPN,145,1488,0.09744623655913978
KS,2024-01-01,For-Profit,RN,130,1395,0.0931899641577061
KS,2024-01-01,Government,CNA,23,380,0.060526315789473685
KS,2024-01-01,Government,LPN,1,50,0.02
KS,2024-01-01,Government,RN,3,84,0.03571428571428571
KS,2024-01-01,Non-Profit,CNA,244,3469,0.07033727298933411
KS,2024-01-01,Non-Profit,LPN,37,702,0.05270655270655271
KS,2024-01-01,Non-Profit,RN,25,744,0.033602150537634407
KS,2024-02-01,For-Profit,CNA,751,5914,0.12698681095705106
KS,2024-02-01,For-Profit,LPN,159,1507,0.10550763105507631
KS,2024-02-01,For-Profit,RN,137,1394,0.09827833572453372
KS,2024-02-01,Government,CNA,21,380,0.05526315789473684
KS,2024-02-01,Government,LPN,1,54,0.018518518518518517
KS,2024-02-01,Government,RN,3,79,0.0379746835443038
KS,2024-02-01,Non-Profit,CNA,221,3436,0.06431897555296857
KS,2024-02-01,Non-Profit,LPN,35,693,0.050505050505050504
KS,2024-02-01,Non-Profit,RN,31,750,0.04133333333333333
KS,2024-03-01,For-Profit,CNA,1113,6363,0.17491749174917492
KS,2024-03-01,For-Profit,LPN,239,1618,0.1477132262051916
KS,2024-03-01,For-Profit,RN,225,1469,0.1531654186521443
KS,2024-03-01,Government,CNA,25,378,0.06613756613756613
KS,2024-03-01,Government,LPN,0,58,0.0
KS,2024-03-01,Government,RN,4,81,0.04938271604938271
KS,2024-03-01,Non-Profit,CNA,261,3530,0.07393767705382437
KS,2024-03-01,Non-Profit,LPN,44,697,0.06312769010043041
KS,2024-03-01,Non-Profit,RN,36,778,0.04627249357326478
KS,2024-04-01,For-Profit,CNA,725,5976,0.12131860776439089
KS,2024-04-01,For-Profit,LPN,136,1560,0.08717948717948718
KS,2024-04-01,For-Profit,RN,124,1395,0.08888888888888889
KS,2024-04-01,Government,CNA,19,385,0.04935064935064935
KS,2024-04-01,Government,LPN,2,59,0.03389830508474576
KS,2024-04-01,Government,RN,2,84,0.023809523809523808
KS,2024-04-01,Non-Profit,CNA,279,3543,0.07874682472480948
KS,2024-04-01,Non-Profit,LPN,36,692,0.05202312138728324
KS,2024-04-01,Non-Profit,RN,40,790,0.05063291139240506
KS,2024-05-01,For-Profit,CNA,783,6196,0.1263718528082634
KS,2024-05-01,For-Profit,LPN,146,1538,0.09492847854356307
KS,2024-05-01,For-Profit,RN,128,1397,0.09162491052254831
KS,2024-05-01,Government,CNA,32,410,0.07804878048780488
KS,2024-05-01,Government,LPN,8,66,0.12121212121212122
KS,2024-05-01,Government,RN,7,93,0.07526881720430108
KS,2024-05-01,Non-Profit,CNA,295,3705,0.0796221322537112
KS,2024-05-01,Non-Profit,LPN,40,714,0.056022408963585436
KS,2024-05-01,Non-Profit,RN,37,797,0.04642409033877039
KS,2024-06-01,For-Profit,CNA,709,6116,0.11592544146500981
KS,2024-06-01,For-Profit,LPN,136,1505,0.09036544850498339
KS,2024-06-01,For-Profit,RN,107,1348,0.07937685459940653
KS,2024-06-01,Government,CNA,29,401,0.07231920199501247
KS,2024-06-01,Government,LPN,5,57,0.08771929824561403
KS,2024-06-01,Government,RN,5,90,0.05555555555555555
KS,2024-06-01,Non-Profit,CNA,323,3730,0.08659517426273458
KS,2024-06-01,Non-Profit,LPN,45,715,0.06293706293706294
KS,2024-06-01,Non-Profit,RN,41,809,0.05067985166872682
KS,2024-07-01,For-Profit,CNA,716,6252,0.1145233525271913
KS,2024-07-01,For-Profit,LPN,134,1551,0.08639587362991619
KS,2024-07-01,For-Profit,RN,112,1391,0.08051761322789361
KS,2024-07-01,Government,CNA,30,349,0.08595988538681948
KS,2024-07-01,Government,LPN,6,57,0.10526315789473684
KS,2024-07-01,Government,RN,2,81,0.024691358024691357
KS,2024-07-01,Non-Profit,CNA,301,3778,0.07967178401270514
KS,2024-07-01,Non-Profit,LPN,57,725,0.07862068965517241
KS,2024-07-01,Non-Profit,RN,50,809,0.06180469715698393
KS,2024-08-01,For-Profit,CNA,753,6224,0.12098329048843187
KS,2024-08-01,For-Profit,LPN,137,1522,0.0900131406044678
KS,2024-08-01,For-Profit,RN,99,1394,0.07101865136298421
KS,2024-08-01,Government,CNA,20,339,0.058997050147492625
KS,2024-08-01,Government,LPN,5,56,0.08928571428571429
KS,2024-08-01,Government,RN,2,82,0.024390243902439025
KS,2024-08-01,Non-Profit,CNA,328,3842,0.08537220197813639
KS,2024-08-01,Non-Profit,LPN,45,734,0.06130790190735695
KS,2024-08-01,Non-Profit,RN,44,795,0.055345911949685536
KS,2024-09-01,For-Profit,CNA,672,5995,0.11209341117597998
KS,2024-09-01,For-Profit,LPN,142,1482,0.09581646423751687
KS,2024-09-01,For-Profit,RN,99,1358,0.07290132547864507
KS,2024-09-01,Government,CNA,15,325,0.046153846153846156
KS,2024-09-01,Government,LPN,4,59,0.06779661016949153
KS,2024-09-01,Government,RN,4,83,0.04819277108433735
KS,2024-09-01,Non-Profit,CNA,324,3689,0.08782867985904039
KS,2024-09-01,Non-Profit,LPN,64,742,0.0862533692722372
KS,2024-09-01,Non-Profit,RN,50,798,0.06265664160401002
KS,2024-10-01,For-Profit,CNA,677,6106,0.11087454962332133
KS,2024-10-01,For-Profit,LPN,128,1512,0.08465608465608465
KS,2024-10-01,For-Profit,RN,118,1405,0.08398576512455516
KS,2024-10-01,Government,CNA,16,394,0.04060913705583756
KS,2024-10-01,Government,LPN,3,66,0.045454545454545456
KS,2024-10-01,Government,RN,1,90,0.011111111111111112
KS,2024-10-01,Non-Profit,CNA,256,3699,0.06920789402541228
KS,2024-10-01,Non-Profit,LPN,36,736,0.04891304347826087
KS,2024-10-01,Non-Profit,RN,48,792,0.06060606060606061
KS,2024-11-01,For-Profit,CNA,603,6073,0.0992919479664087
KS,2024-11-01,For-Profit,LPN,116,1491,0.07780013413816231
KS,2024-11-01,For-Profit,RN,100,1382,0.0723589001447178
KS,2024-11-01,Government,CNA,19,410,0.046341463414634146
KS,2024-11-01,Government,LPN,3,61,0.04918032786885246
KS,2024-11-01,Government,RN,5,89,0.056179775280898875
KS,2024-11-01,Non-Profit,CNA,228,3700,0.061621621621621624
KS,2024-11-01,Non-Profit,LPN,35,735,0.047619047619047616
KS,2024-11-01,Non-Profit,RN,39,776,0.05025773195876289
KS,2024-12-01,For-Profit,CNA,634,6154,0.10302242443938901
KS,2024-12-01,For-Profit,LPN,128,1506,0.0849933598937583
KS,2024-12-01,For-Profit,RN,95,1366,0.06954612005856516
KS,2024-12-01,Government,CNA,29,404,0.07178217821782178
KS,2024-12-01,Government,LPN,2,62,0.03225806451612903
KS,2024-12-01,Government,RN,5,83,0.060240963855421686
KS,2024-12-01,Non-Profit,CNA,323,3788,0.08526927138331573
KS,2024-12-01,Non-Profit,LPN,54,728,0.07417582417582418
KS,2024-12-01,Non-Profit,RN,50,766,0.06527415143603134
KS,2025-01-01,For-Profit,CNA,703,6207,0.11325922345738682
KS,2025-01-01,For-Profit,LPN,119,1486,0.0800807537012113
KS,2025-01-01,For-Profit,RN,97,1385,0.07003610108303249
KS,2025-01-01,Government,CNA,23,397,0.05793450881612091
KS,2025-01-01,Government,LPN,0,60,0.0
KS,2025-01-01,Government,RN,2,79,0.02531645569620253
KS,2025-01-01,Non-Profit,CNA,251,3724,0.06740064446831365
KS,2025-01-01,Non-Profit,LPN,52,701,0.07417974322396577
KS,2025-01-01,Non-Profit,RN,31,744,0.041666666666666664
KS,2025-02-01,For-Profit,CNA,581,5934,0.09791034715200539
KS,2025-02-01,For-Profit,LPN,103,1427,0.07217939733707078
KS,2025-02-01,For-Profit,RN,84,1361,0.06171932402645114
KS,2025-02-01,Government,CNA,16,388,0.041237113402061855
KS,2025-02-01,Government,LPN,3,56,0.05357142857142857
KS,2025-02-01,Government,RN,4,83,0.04819277108433735
KS,2025-02-01,Non-Profit,CNA,217,3572,0.06075027995520717
KS,2025-02-01,Non-Profit,LPN,33,685,0.04817518248175182
KS,2025-02-01,Non-Profit,RN,33,761,0.04336399474375821
KS,2025-03-01,For-Profit,CNA,620,6139,0.10099364717380681
KS,2025-03-01,For-Profit,LPN,124,1465,0.08464163822525597
KS,2025-03-01,For-Profit,RN,121,1410,0.08581560283687943
KS,2025-03-01,Government,CNA,44,398,0.11055276381909548
KS,2025-03-01,Government,LPN,5,59,0.0847457627118644
KS,2025-03-01,Government,RN,5,82,0.06097560975609756
KS,2025-03-01,Non-Profit,CNA,238,3651,0.06518761983018351
KS,2025-03-01,Non-Profit,LPN,51,714,0.07142857142857142
KS,2025-03-01,Non-Profit,RN,44,774,0.056847545219638244
KY,2022-10-01,For-Profit,CNA,1040,9124,0.11398509425690487
KY,2022-10-01,For-Profit,LPN,244,3001,0.08130623125624792
KY,2022-10-01,For-Profit,RN,206,2394,0.0860484544695071
KY,2022-10-01,Government,CNA,4,114,0.03508771929824561
KY,2022-10-01,Government,LPN,0,31,0.0
KY,2022-10-01,Government,RN,2,57,0.03508771929824561
KY,2022-10-01,Non-Profit,CNA,117,1450,0.08068965517241379
KY,2022-10-01,Non-Profit,LPN,35,564,0.06205673758865248
KY,2022-10-01,Non-Profit,RN,46,475,0.0968421052631579
KY,2022-11-01,For-Profit,CNA,921,9067,0.1015771478989743
KY,2022-11-01,For-Profit,LPN,237,2979,0.07955689828801611
KY,2022-11-01,For-Profit,RN,199,2385,0.08343815513626834
KY,2022-11-01,Government,CNA,0,115,0.0
KY,2022-11-01,Government,LPN,1,32,0.03125
KY,2022-11-01,Government,RN,1,55,0.01818181818181818
KY,2022-11-01,Non-Profit,CNA,69,1434,0.04811715481171548
KY,2022-11-01,Non-Profit,LPN,22,557,0.03949730700179533
KY,2022-11-01,Non-Profit,RN,24,480,0.05
KY,2022-12-01,For-Profit,CNA,1304,9420,0.13842887473460722
KY,2022-12-01,For-Profit,LPN,406,3093,0.13126414484319432
KY,2022-12-01,For-Profit,RN,280,2429,0.11527377521613832
KY,2022-12-01,Government,CNA,2,115,0.017391304347826087
KY,2022-12-01,Government,LPN,0,31,0.0
KY,2022-12-01,Government,RN,1,56,0.017857142857142856
KY,2022-12-01,Non-Profit,CNA,124,1485,0.08350168350168351
KY,2022-12-01,Non-Profit,LPN,33,573,0.05759162303664921
KY,2022-12-01,Non-Profit,RN,33,493,0.06693711967545639
KY,2023-01-01,For-Profit,CNA,1079,9390,0.1149094781682641
KY,2023-01-01,For-Profit,LPN,297,3034,0.09789057350032959
KY,2023-01-01,For-Profit,RN,197,2389,0.08246128087065718
KY,2023-01-01,Government,CNA,1,116,0.008620689655172414
KY,2023-01-01,Government,LPN,0,32,0.0
KY,2023-01-01,Government,RN,0,56,0.0
KY,2023-01-01,Non-Profit,CNA,93,1495,0.06220735785953177
KY,2023-01-01,Non-Profit,LPN,31,565,0.05486725663716814
KY,2023-01-01,Non-Profit,RN,18,502,0.035856573705179286
KY,2023-02-01,For-Profit,CNA,1110,9351,0.11870388193776067
KY,2023-02-01,For-Profit,LPN,268,3010,0.08903654485049833
KY,2023-02-01,For-Profit,RN,202,2391,0.08448347971560016
KY,2023-02-01,Government,CNA,0,118,0.0
KY,2023-02-01,Government,LPN,1,33,0.030303030303030304
KY,2023-02-01,Government,RN,0,57,0.0
KY,2023-02-01,Non-Profit,CNA,84,1491,0.056338028169014086
KY,2023-02-01,Non-Profit,LPN,20,540,0.037037037037037035
KY,2023-02-01,Non-Profit,RN,23,521,0.044145873320537425
KY,2023-03-01,For-Profit,CNA,1302,9576,0.13596491228070176
KY,2023-03-01,For-Profit,LPN,354,3081,0.11489776046738072
KY,2023-03-01,For-Profit,RN,252,2425,0.10391752577319588
KY,2023-03-01,Government,CNA,0,122,0.0
KY,2023-03-01,Government,LPN,0,33,0.0
KY,2023-03-01,Government,RN,0,57,0.0
KY,2023-03-01,Non-Profit,CNA,121,1531,0.0790333115610712
KY,2023-03-01,Non-Profit,LPN,21,551,0.038112522686025406
KY,2023-03-01,Non-Profit,RN,45,531,0.0847457627118644
KY,2023-04-01,For-Profit,CNA,1102,9553,0.11535643253428242
KY,2023-04-01,For-Profit,LPN,335,3156,0.10614702154626109
KY,2023-04-01,For-Profit,RN,212,2379,0.0891130727196301
KY,2023-04-01,Government,CNA,2,135,0.014814814814814815
KY,2023-04-01,Government,LPN,3,35,0.08571428571428572
KY,2023-04-01,Government,RN,1,59,0.01694915254237288
KY,2023-04-01,Non-Profit,CNA,96,1426,0.06732117812061711
KY,2023-04-01,Non-Profit,LPN,20,497,0.04024144869215292
KY,2023-04-01,Non-Profit,RN,22,448,0.049107142857142856
KY,2023-05-01,For-Profit,CNA,1221,9825,0.12427480916030534
KY,2023-05-01,For-Profit,LPN,323,3136,0.10299744897959184
KY,2023-05-01,For-Profit,RN,218,2421,0.09004543577034284
KY,2023-05-01,Government,CNA,2,138,0.014492753623188406
KY,2023-05-01,Government,LPN,0,33,0.0
KY,2023-05-01,Government,RN,1,62,0.016129032258064516
KY,2023-05-01,Non-Profit,CNA,119,1405,0.08469750889679716
KY,2023-05-01,Non-Profit,LPN,27,484,0.05578512396694215
KY,2023-05-01,Non-Profit,RN,19,449,0.042316258351893093
KY,2023-06-01,For-Profit,CNA,1129,9878,0.11429439157724236
KY,2023-06-01,For-Profit,LPN,364,3199,0.1137855579868709
KY,2023-06-01,For-Profit,RN,195,2455,0.07942973523421588
KY,2023-06-01,Government,CNA,7,151,0.046357615894039736
KY,2023-06-01,Government,LPN,0,36,0.0
KY,2023-06-01,Government,RN,2,64,0.03125
KY,2023-06-01,Non-Profit,CNA,124,1507,0.0822826808228268
KY,2023-06-01,Non-Profit,LPN,31,513,0.06042884990253411
KY,2023-06-01,Non-Profit,RN,23,483,0.047619047619047616
KY,2023-07-01,For-Profit,CNA,1223,10168,0.120279307631786
KY,2023-07-01,For-Profit,LPN,377,3244,0.11621454993834772
KY,2023-07-01,For-Profit,RN,216,2485,0.0869215291750503
KY,2023-07-01,Government,CNA,2,147,0.013605442176870748
KY,2023-07-01,Government,LPN,0,36,0.0
KY,2023-07-01,Government,RN,0,65,0.0
KY,2023-07-01,Non-Profit,CNA,125,1592,0.0785175879396985
KY,2023-07-01,Non-Profit,LPN,29,559,0.0518783542039356
KY,2023-07-01,Non-Profit,RN,42,543,0.07734806629834254
KY,2023-08-01,For-Profit,CNA,1272,10223,0.12442531546512765
KY,2023-08-01,For-Profit,LPN,406,3340,0.12155688622754492
KY,2023-08-01,For-Profit,RN,232,2510,0.09243027888446215
KY,2023-08-01,Government,CNA,6,159,0.03773584905660377
KY,2023-08-01,Government,LPN,1,38,0.02631578947368421
KY,2023-08-01,Government,RN,1,69,0.014492753623188406
KY,2023-08-01,Non-Profit,CNA,107,1576,0.06789340101522842
KY,2023-08-01,Non-Profit,LPN,35,545,0.06422018348623854
KY,2023-08-01,Non-Profit,RN,31,512,0.060546875
KY,2023-09-01,For-Profit,CNA,1314,10196,0.12887406826206355
KY,2023-09-01,For-Profit,LPN,417,3290,0.12674772036474163
KY,2023-09-01,For-Profit,RN,226,2490,0.09076305220883533
KY,2023-09-01,Government,CNA,6,163,0.03680981595092025
KY,2023-09-01,Government,LPN,1,39,0.02564102564102564
KY,2023-09-01,Government,RN,4,70,0.05714285714285714
KY,2023-09-01,Non-Profit,CNA,121,1553,0.07791371538956858
KY,2023-09-01,Non-Profit,LPN,28,535,0.052336448598130844
KY,2023-09-01,Non-Profit,RN,22,513,0.042884990253411304
KY,2023-10-01,For-Profit,CNA,1355,10350,0.13091787439613525
KY,2023-10-01,For-Profit,LPN,468,3393,0.13793103448275862
KY,2023-10-01,For-Profit,RN,248,2562,0.09679937548790007
KY,2023-10-01,Government,CNA,4,162,0.024691358024691357
KY,2023-10-01,Government,LPN,0,39,0.0
KY,2023-10-01,Government,RN,1,69,0.014492753623188406
KY,2023-10-01,Non-Profit,CNA,141,1722,0.08188153310104529
KY,2023-10-01,Non-Profit,LPN,40,581,0.06884681583476764
KY,2023-10-01,Non-Profit,RN,42,559,0.07513416815742398
KY,2023-11-01,For-Profit,CNA,1020,9907,0.10295750479458969
KY,2023-11-01,For-Profit,LPN,350,3169,0.1104449353108236
KY,2023-11-01,For-Profit,RN,207,2507,0.08256880733944955
KY,2023-11-01,Government,CNA,2,167,0.011976047904191617
KY,2023-11-01,Government,LPN,0,40,0.0
KY,2023-11-01,Government,RN,1,72,0.013888888888888888
KY,2023-11-01,Non-Profit,CNA,94,1726,0.054461181923522596
KY,2023-11-01,Non-Profit,LPN,18,558,0.03225806451612903
KY,2023-11-01,Non-Profit,RN,27,546,0.04945054945054945
KY,2023-12-01,For-Profit,CNA,1056,9848,0.10722989439480098
KY,2023-12-01,For-Profit,LPN,329,3120,0.10544871794871795
KY,2023-12-01,For-Profit,RN,202,2470,0.08178137651821862
KY,2023-12-01,Government,CNA,4,175,0.022857142857142857
KY,2023-12-01,Government,LPN,1,41,0.024390243902439025
KY,2023-12-01,Government,RN,4,72,0.05555555555555555
KY,2023-12-01,Non-Profit,CNA,146,1745,0.0836676217765043
KY,2023-12-01,Non-Profit,LPN,29,563,0.05150976909413854
KY,2023-12-01,Non-Profit,RN,38,535,0.07102803738317758
KY,2024-01-01,For-Profit,CNA,1000,9861,0.10140959334753068
KY,2024-01-01,For-Profit,LPN,262,3070,0.08534201954397394
KY,2024-01-01,For-Profit,RN,199,2512,0.07921974522292993
KY,2024-01-01,Government,CNA,6,186,0.03225806451612903
KY,2024-01-01,Government,LPN,0,41,0.0
KY,2024-01-01,Government,RN,1,67,0.014925373134328358
KY,2024-01-01,Non-Profit,CNA,116,1729,0.0670908039329092
KY,2024-01-01,Non-Profit,LPN,17,568,0.02992957746478873
KY,2024-01-01,Non-Profit,RN,25,520,0.04807692307692308
KY,2024-02-01,For-Profit,CNA,892,9753,0.09145903824464267
KY,2024-02-01,For-Profit,LPN,225,3031,0.07423292642692181
KY,2024-02-01,For-Profit,RN,178,2522,0.07057890563045202
KY,2024-02-01,Government,CNA,5,185,0.02702702702702703
KY,2024-02-01,Government,LPN,2,41,0.04878048780487805
KY,2024-02-01,Government,RN,0,67,0.0
KY,2024-02-01,Non-Profit,CNA,134,1737,0.07714450201496834
KY,2024-02-01,Non-Profit,LPN,29,585,0.04957264957264957
KY,2024-02-01,Non-Profit,RN,25,535,0.04672897196261682
KY,2024-03-01,For-Profit,CNA,964,9777,0.09859875217346835
KY,2024-03-01,For-Profit,LPN,230,3040,0.0756578947368421
KY,2024-03-01,For-Profit,RN,187,2511,0.07447232178414974
KY,2024-03-01,Government,CNA,6,185,0.032432432432432434
KY,2024-03-01,Government,LPN,1,40,0.025
KY,2024-03-01,Government,RN,5,69,0.07246376811594203
KY,2024-03-01,Non-Profit,CNA,165,1723,0.09576320371445154
KY,2024-03-01,Non-Profit,LPN,46,582,0.07903780068728522
KY,2024-03-01,Non-Profit,RN,38,545,0.06972477064220184
KY,2024-04-01,For-Profit,CNA,1055,9840,0.10721544715447154
KY,2024-04-01,For-Profit,LPN,264,3017,0.08750414318859795
KY,2024-04-01,For-Profit,RN,198,2525,0.07841584158415842
KY,2024-04-01,Government,CNA,4,200,0.02
KY,2024-04-01,Government,LPN,0,39,0.0
KY,2024-04-01,Government,RN,1,67,0.014925373134328358
KY,2024-04-01,Non-Profit,CNA,105,1681,0.062462819750148724
KY,2024-04-01,Non-Profit,LPN,21,554,0.03790613718411552
KY,2024-04-01,Non-Profit,RN,20,553,0.03616636528028933
KY,2024-05-01,For-Profit,CNA,990,9980,0.09919839679358718
KY,2024-05-01,For-Profit,LPN,274,3039,0.0901612372490951
KY,2024-05-01,For-Profit,RN,179,2540,0.07047244094488189
KY,2024-05-01,Government,CNA,8,198,0.04040404040404041
KY,2024-05-01,Government,LPN,0,39,0.0
KY,2024-05-01,Government,RN,0,68,0.0
KY,2024-05-01,Non-Profit,CNA,141,1720,0.08197674418604652
KY,2024-05-01,Non-Profit,LPN,39,557,0.07001795332136446
KY,2024-05-01,Non-Profit,RN,23,566,0.04063604240282685
KY,2024-06-01,For-Profit,CNA,926,10025,0.09236907730673316
KY,2024-06-01,For-Profit,LPN,217,2985,0.07269681742043552
KY,2024-06-01,For-Profit,RN,179,2576,0.06948757763975155
KY,2024-06-01,Government,CNA,7,200,0.035
KY,2024-06-01,Government,LPN,1,40,0.025
KY,2024-06-01,Government,RN,0,68,0.0
KY,2024-06-01,Non-Profit,CNA,138,1759,0.07845366685616828
KY,2024-06-01,Non-Profit,LPN,25,540,0.046296296296296294
KY,2024-06-01,Non-Profit,RN,35,583,0.060034305317324184
KY,2024-07-01,For-Profit,CNA,1164,10086,0.11540749553837001
KY,2024-07-01,For-Profit,LPN,283,2991,0.09461718488799732
KY,2024-07-01,For-Profit,RN,234,2670,0.08764044943820225
KY,2024-07-01,Government,CNA,4,200,0.02
KY,2024-07-01,Government,LPN,4,41,0.0975609756097561
KY,2024-07-01,Government,RN,1,71,0.014084507042253521
KY,2024-07-01,Non-Profit,CNA,157,1875,0.08373333333333334
KY,2024-07-01,Non-Profit,LPN,30,593,0.050590219224283306
KY,2024-07-01,Non-Profit,RN,32,579,0.055267702936096716
KY,2024-08-01,For-Profit,CNA,985,9849,0.10001015331505736
KY,2024-08-01,For-Profit,LPN,190,2920,0.06506849315068493
KY,2024-08-01,For-Profit,RN,196,2660,0.07368421052631578
KY,2024-08-01,Government,CNA,4,203,0.019704433497536946
KY,2024-08-01,Government,LPN,0,37,0.0
KY,2024-08-01,Government,RN,0,72,0.0
KY,2024-08-01,Non-Profit,CNA,188,1885,0.09973474801061008
KY,2024-08-01,Non-Profit,LPN,34,601,0.056572379367720464
KY,2024-08-01,Non-Profit,RN,30,577,0.05199306759098787
KY,2024-09-01,For-Profit,CNA,1025,9658,0.1061296334644854
KY,2024-09-01,For-Profit,LPN,271,2930,0.0924914675767918
KY,2024-09-01,For-Profit,RN,233,2653,0.08782510365623822
KY,2024-09-01,Government,CNA,6,203,0.029556650246305417
KY,2024-09-01,Government,LPN,1,37,0.02702702702702703
KY,2024-09-01,Government,RN,3,73,0.0410958904109589
KY,2024-09-01,Non-Profit,CNA,152,1811,0.08393152954168967
KY,2024-09-01,Non-Profit,LPN,48,594,0.08080808080808081
KY,2024-09-01,Non-Profit,RN,36,570,0.06315789473684211
KY,2024-10-01,For-Profit,CNA,898,10158,0.08840322898208308
KY,2024-10-01,For-Profit,LPN,168,3071,0.05470530771735591
KY,2024-10-01,For-Profit,RN,184,2796,0.06580829756795423
KY,2024-10-01,Government,CNA,8,205,0.03902439024390244
KY,2024-10-01,Government,LPN,1,37,0.02702702702702703
KY,2024-10-01,Government,RN,1,72,0.013888888888888888
KY,2024-10-01,Non-Profit,CNA,135,1826,0.07393209200438117
KY,2024-10-01,Non-Profit,LPN,26,594,0.04377104377104377
KY,2024-10-01,Non-Profit,RN,36,593,0.06070826306913996
KY,2024-11-01,For-Profit,CNA,751,10005,0.07506246876561719
KY,2024-11-01,For-Profit,LPN,176,3043,0.057837660203746304
KY,2024-11-01,For-Profit,RN,202,2763,0.07310893955845096
KY,2024-11-01,Government,CNA,3,207,0.014492753623188406
KY,2024-11-01,Government,LPN,0,37,0.0
KY,2024-11-01,Government,RN,0,75,0.0
KY,2024-11-01,Non-Profit,CNA,121,1843,0.06565382528486163
KY,2024-11-01,Non-Profit,LPN,31,590,0.05254237288135593
KY,2024-11-01,Non-Profit,RN,37,613,0.06035889070146819
KY,2024-12-01,For-Profit,CNA,917,10084,0.09093613645378817
KY,2024-12-01,For-Profit,LPN,226,3063,0.07378387202089455
KY,2024-12-01,For-Profit,RN,193,2756,0.07002902757619739
KY,2024-12-01,Government,CNA,10,209,0.04784688995215311
KY,2024-12-01,Government,LPN,0,37,0.0
KY,2024-12-01,Government,RN,0,74,0.0
KY,2024-12-01,Non-Profit,CNA,141,1876,0.07515991471215352
KY,2024-12-01,Non-Profit,LPN,38,581,0.06540447504302926
KY,2024-12-01,Non-Profit,RN,47,604,0.07781456953642384
KY,2025-01-01,For-Profit,CNA,884,10192,0.08673469387755102
KY,2025-01-01,For-Profit,LPN,196,3073,0.06378132118451026
KY,2025-01-01,For-Profit,RN,237,2854,0.08304134548002803
KY,2025-01-01,Government,CNA,5,194,0.02577319587628866
KY,2025-01-01,Government,LPN,0,34,0.0
KY,2025-01-01,Government,RN,1,72,0.013888888888888888
KY,2025-01-01,Non-Profit,CNA,147,1885,0.0779840848806366
KY,2025-01-01,Non-Profit,LPN,31,571,0.0542907180385289
KY,2025-01-01,Non-Profit,RN,27,581,0.04647160068846816
KY,2025-02-01,For-Profit,CNA,841,10046,0.08371491140752538
KY,2025-02-01,For-Profit,LPN,193,3052,0.06323722149410223
KY,2025-02-01,For-Profit,RN,220,2806,0.07840342124019957
KY,2025-02-01,Government,CNA,7,198,0.03535353535353535
KY,2025-02-01,Government,LPN,1,36,0.027777777777777776
KY,2025-02-01,Government,RN,1,72,0.013888888888888888
KY,2025-02-01,Non-Profit,CNA,108,1850,0.05837837837837838
KY,2025-02-01,Non-Profit,LPN,20,564,0.03546099290780142
KY,2025-02-01,Non-Profit,RN,36,575,0.06260869565217392
KY,2025-03-01,For-Profit,CNA,1068,10190,0.10480863591756624
KY,2025-03-01,For-Profit,LPN,226,3055,0.0739770867430442
KY,2025-03-01,For-Profit,RN,267,2788,0.09576757532281205
KY,2025-03-01,Government,CNA,5,195,0.02564102564102564
KY,2025-03-01,Government,LPN,0,35,0.0
KY,2025-03-01,Government,RN,2,72,0.027777777777777776
KY,2025-03-01,Non-Profit,CNA,203,1913,0.10611604809200209
KY,2025-03-01,Non-Profit,LPN,42,580,0.07241379310344828
KY,2025-03-01,Non-Profit,RN,46,594,0.07744107744107744
LA,2022-10-01,For-Profit,CNA,735,8738,0.08411535820553903
LA,2022-10-01,For-Profit,LPN,239,4129,0.05788326471300557
LA,2022-10-01,For-Profit,RN,53,1051,0.05042816365366318
LA,2022-10-01,Government,CNA,11,240,0.04583333333333333
LA,2022-10-01,Government,LPN,2,109,0.01834862385321101
LA,2022-10-01,Government,RN,2,47,0.0425531914893617
LA,2022-10-01,Non-Profit,CNA,117,1429,0.08187543736878937
LA,2022-10-01,Non-Profit,LPN,46,754,0.0610079575596817
LA,2022-10-01,Non-Profit,RN,29,250,0.116
LA,2022-11-01,For-Profit,CNA,633,8565,0.07390542907180385
LA,2022-11-01,For-Profit,LPN,222,4137,0.05366207396664249
LA,2022-11-01,For-Profit,RN,50,1032,0.04844961240310078
LA,2022-11-01,Government,CNA,5,242,0.02066115702479339
LA,2022-11-01,Government,LPN,4,114,0.03508771929824561
LA,2022-11-01,Government,RN,2,47,0.0425531914893617
LA,2022-11-01,Non-Profit,CNA,104,1398,0.07439198855507868
LA,2022-11-01,Non-Profit,LPN,52,755,0.06887417218543046
LA,2022-11-01,Non-Profit,RN,24,233,0.10300429184549356
LA,2022-12-01,For-Profit,CNA,926,8629,0.10731255070112411
LA,2022-12-01,For-Profit,LPN,342,4160,0.08221153846153846
LA,2022-12-01,For-Profit,RN,89,1064,0.08364661654135339
LA,2022-12-01,Government,CNA,71,298,0.23825503355704697
LA,2022-12-01,Government,LPN,29,137,0.2116788321167883
LA,2022-12-01,Government,RN,8,48,0.16666666666666666
LA,2022-12-01,Non-Profit,CNA,654,1748,0.37414187643020597
LA,2022-12-01,Non-Profit,LPN,300,982,0.3054989816700611
LA,2022-12-01,Non-Profit,RN,98,289,0.3391003460207612
LA,2023-01-01,For-Profit,CNA,701,8589,0.08161602049132612
LA,2023-01-01,For-Profit,LPN,262,4124,0.0635305528612997
LA,2023-01-01,For-Profit,RN,58,1078,0.05380333951762523
LA,2023-01-01,Government,CNA,9,212,0.04245283018867924
LA,2023-01-01,Government,LPN,2,94,0.02127659574468085
LA,2023-01-01,Government,RN,1,40,0.025
LA,2023-01-01,Non-Profit,CNA,92,1379,0.06671501087744743
LA,2023-01-01,Non-Profit,LPN,30,762,0.03937007874015748
LA,2023-01-01,Non-Profit,RN,11,205,0.05365853658536585
LA,2023-02-01,For-Profit,CNA,647,8561,0.07557528326130125
LA,2023-02-01,For-Profit,LPN,211,4057,0.05200887355188563
LA,2023-02-01,For-Profit,RN,79,1085,0.0728110599078341
LA,2023-02-01,Government,CNA,4,197,0.02030456852791878
LA,2023-02-01,Government,LPN,3,96,0.03125
LA,2023-02-01,Government,RN,1,42,0.023809523809523808
LA,2023-02-01,Non-Profit,CNA,100,1374,0.07278020378457059
LA,2023-02-01,Non-Profit,LPN,41,767,0.05345501955671447
LA,2023-02-01,Non-Profit,RN,22,209,0.10526315789473684
LA,2023-03-01,For-Profit,CNA,842,8705,0.09672601952900632
LA,2023-03-01,For-Profit,LPN,287,4147,0.06920665541355196
LA,2023-03-01,For-Profit,RN,83,1070,0.07757009345794393
LA,2023-03-01,Government,CNA,15,207,0.07246376811594203
LA,2023-03-01,Government,LPN,7,98,0.07142857142857142
LA,2023-03-01,Government,RN,1,40,0.025
LA,2023-03-01,Non-Profit,CNA,204,1389,0.1468682505399568
LA,2023-03-01,Non-Profit,LPN,128,776,0.16494845360824742
LA,2023-03-01,Non-Profit,RN,33,217,0.15207373271889402
LA,2023-04-01,For-Profit,CNA,665,8567,0.07762343877670129
LA,2023-04-01,For-Profit,LPN,218,4031,0.05408087323244853
LA,2023-04-01,For-Profit,RN,55,1057,0.05203405865657521
LA,2023-04-01,Government,CNA,4,209,0.019138755980861243
LA,2023-04-01,Government,LPN,1,97,0.010309278350515464
LA,2023-04-01,Government,RN,1,42,0.023809523809523808
LA,2023-04-01,Non-Profit,CNA,82,1377,0.05954974582425563
LA,2023-04-01,Non-Profit,LPN,29,724,0.04005524861878453
LA,2023-04-01,Non-Profit,RN,8,206,0.038834951456310676
LA,2023-05-01,For-Profit,CNA,830,8757,0.09478131780290054
LA,2023-05-01,For-Profit,LPN,276,4107,0.06720233747260775
LA,2023-05-01,For-Profit,RN,65,1067,0.06091846298031865
LA,2023-05-01,Government,CNA,10,209,0.04784688995215311
LA,2023-05-01,Government,LPN,2,98,0.02040816326530612
LA,2023-05-01,Government,RN,1,40,0.025
LA,2023-05-01,Non-Profit,CNA,103,1440,0.07152777777777777
LA,2023-05-01,Non-Profit,LPN,51,762,0.06692913385826772
LA,2023-05-01,Non-Profit,RN,17,215,0.07906976744186046
LA,2023-06-01,For-Profit,CNA,992,9003,0.11018549372431412
LA,2023-06-01,For-Profit,LPN,310,4184,0.07409177820267686
LA,2023-06-01,For-Profit,RN,84,1096,0.07664233576642336
LA,2023-06-01,Government,CNA,8,210,0.0380952380952381
LA,2023-06-01,Government,LPN,3,100,0.03
LA,2023-06-01,Government,RN,1,40,0.025
LA,2023-06-01,Non-Profit,CNA,175,1543,0.11341542449773169
LA,2023-06-01,Non-Profit,LPN,76,838,0.09069212410501193
LA,2023-06-01,Non-Profit,RN,26,226,0.11504424778761062
LA,2023-07-01,For-Profit,CNA,775,8976,0.08634135472370766
LA,2023-07-01,For-Profit,LPN,269,4221,0.06372897417673537
LA,2023-07-01,For-Profit,RN,76,1084,0.07011070110701106
LA,2023-07-01,Government,CNA,5,238,0.02100840336134454
LA,2023-07-01,Government,LPN,4,119,0.03361344537815126
LA,2023-07-01,Government,RN,1,50,0.02
LA,2023-07-01,Non-Profit,CNA,123,1557,0.0789980732177264
LA,2023-07-01,Non-Profit,LPN,39,839,0.04648390941597139
LA,2023-07-01,Non-Profit,RN,17,250,0.068
LA,2023-08-01,For-Profit,CNA,836,9169,0.09117679136219871
LA,2023-08-01,For-Profit,LPN,273,4237,0.06443238140193533
LA,2023-08-01,For-Profit,RN,77,1079,0.07136237256719184
LA,2023-08-01,Government,CNA,9,247,0.03643724696356275
LA,2023-08-01,Government,LPN,0,116,0.0
LA,2023-08-01,Government,RN,2,50,0.04
LA,2023-08-01,Non-Profit,CNA,132,1572,0.08396946564885496
LA,2023-08-01,Non-Profit,LPN,42,825,0.05090909090909091
LA,2023-08-01,Non-Profit,RN,20,257,0.07782101167315175
LA,2023-09-01,For-Profit,CNA,878,9026,0.09727454021715046
LA,2023-09-01,For-Profit,LPN,328,4261,0.07697723539075334
LA,2023-09-01,For-Profit,RN,69,1061,0.06503298774740811
LA,2023-09-01,Government,CNA,8,246,0.032520325203252036
LA,2023-09-01,Government,LPN,3,119,0.025210084033613446
LA,2023-09-01,Government,RN,2,49,0.04081632653061224
LA,2023-09-01,Non-Profit,CNA,126,1521,0.08284023668639054
LA,2023-09-01,Non-Profit,LPN,51,817,0.06242350061199511
LA,2023-09-01,Non-Profit,RN,45,249,0.18072289156626506
LA,2023-10-01,For-Profit,CNA,845,9197,0.09187778623464173
LA,2023-10-01,For-Profit,LPN,257,4358,0.05897200550711335
LA,2023-10-01,For-Profit,RN,69,1082,0.06377079482439926
LA,2023-10-01,Government,CNA,11,262,0.04198473282442748
LA,2023-10-01,Government,LPN,2,118,0.01694915254237288
LA,2023-10-01,Government,RN,0,49,0.0
LA,2023-10-01,Non-Profit,CNA,91,1551,0.05867182462927144
LA,2023-10-01,Non-Profit,LPN,48,835,0.05748502994011976
LA,2023-10-01,Non-Profit,RN,18,233,0.07725321888412018
LA,2023-11-01,For-Profit,CNA,730,9026,0.08087746510081985
LA,2023-11-01,For-Profit,LPN,258,4333,0.05954304177244404
LA,2023-11-01,For-Profit,RN,54,1070,0.05046728971962617
LA,2023-11-01,Government,CNA,10,256,0.0390625
LA,2023-11-01,Government,LPN,3,124,0.024193548387096774
LA,2023-11-01,Government,RN,2,53,0.03773584905660377
LA,2023-11-01,Non-Profit,CNA,87,1548,0.0562015503875969
LA,2023-11-01,Non-Profit,LPN,37,829,0.04463208685162847
LA,2023-11-01,Non-Profit,RN,23,238,0.09663865546218488
LA,2023-12-01,For-Profit,CNA,883,9189,0.09609315485907063
LA,2023-12-01,For-Profit,LPN,328,4400,0.07454545454545454
LA,2023-12-01,For-Profit,RN,80,1113,0.07187780772686433
LA,2023-12-01,Government,CNA,18,257,0.07003891050583658
LA,2023-12-01,Government,LPN,7,117,0.05982905982905983
LA,2023-12-01,Government,RN,1,50,0.02
LA,2023-12-01,Non-Profit,CNA,124,1545,0.08025889967637541
LA,2023-12-01,Non-Profit,LPN,48,826,0.05811138014527845
LA,2023-12-01,Non-Profit,RN,26,233,0.11158798283261803
LA,2024-01-01,For-Profit,CNA,800,9134,0.08758484782132692
LA,2024-01-01,For-Profit,LPN,266,4395,0.06052332195676906
LA,2024-01-01,For-Profit,RN,59,1120,0.05267857142857143
LA,2024-01-01,Government,CNA,7,222,0.03153153153153153
LA,2024-01-01,Government,LPN,3,103,0.02912621359223301
LA,2024-01-01,Government,RN,0,47,0.0
LA,2024-01-01,Non-Profit,CNA,131,1619,0.08091414453366276
LA,2024-01-01,Non-Profit,LPN,65,871,0.07462686567164178
LA,2024-01-01,Non-Profit,RN,18,243,0.07407407407407407
LA,2024-02-01,For-Profit,CNA,822,9022,0.0911106184881401
LA,2024-02-01,For-Profit,LPN,299,4412,0.06776971894832276
LA,2024-02-01,For-Profit,RN,77,1127,0.06832298136645963
LA,2024-02-01,Government,CNA,7,216,0.032407407407407406
LA,2024-02-01,Government,LPN,0,106,0.0
LA,2024-02-01,Government,RN,2,52,0.038461538461538464
LA,2024-02-01,Non-Profit,CNA,133,1604,0.08291770573566085
LA,2024-02-01,Non-Profit,LPN,47,845,0.05562130177514793
LA,2024-02-01,Non-Profit,RN,13,240,0.05416666666666667
LA,2024-03-01,For-Profit,CNA,831,9072,0.0916005291005291
LA,2024-03-01,For-Profit,LPN,291,4398,0.06616643929058663
LA,2024-03-01,For-Profit,RN,101,1140,0.08859649122807017
LA,2024-03-01,Government,CNA,9,210,0.04285714285714286
LA,2024-03-01,Government,LPN,3,107,0.028037383177570093
LA,2024-03-01,Government,RN,1,52,0.019230769230769232
LA,2024-03-01,Non-Profit,CNA,144,1613,0.08927464352138871
LA,2024-03-01,Non-Profit,LPN,53,848,0.0625
LA,2024-03-01,Non-Profit,RN,25,254,0.0984251968503937
LA,2024-04-01,For-Profit,CNA,769,9097,0.08453336264702649
LA,2024-04-01,For-Profit,LPN,211,4291,0.04917268701934281
LA,2024-04-01,For-Profit,RN,64,1116,0.05734767025089606
LA,2024-04-01,Government,CNA,5,211,0.023696682464454975
LA,2024-04-01,Government,LPN,1,103,0.009708737864077669
LA,2024-04-01,Government,RN,0,49,0.0
LA,2024-04-01,Non-Profit,CNA,131,1604,0.0816708229426434
LA,2024-04-01,Non-Profit,LPN,39,843,0.046263345195729534
LA,2024-04-01,Non-Profit,RN,28,259,0.10810810810810811
LA,2024-05-01,For-Profit,CNA,841,9264,0.09078151986183074
LA,2024-05-01,For-Profit,LPN,249,4398,0.056616643929058665
LA,2024-05-01,For-Profit,RN,74,1119,0.06613047363717604
LA,2024-05-01,Government,CNA,10,205,0.04878048780487805
LA,2024-05-01,Government,LPN,3,109,0.027522935779816515
LA,2024-05-01,Government,RN,1,50,0.02
LA,2024-05-01,Non-Profit,CNA,154,1659,0.09282700421940929
LA,2024-05-01,Non-Profit,LPN,63,859,0.07334109429569266
LA,2024-05-01,Non-Profit,RN,20,254,0.07874015748031496
LA,2024-06-01,For-Profit,CNA,886,9378,0.0944764342077202
LA,2024-06-01,For-Profit,LPN,337,4443,0.0758496511366194
LA,2024-06-01,For-Profit,RN,85,1124,0.07562277580071175
LA,2024-06-01,Government,CNA,9,217,0.041474654377880185
LA,2024-06-01,Government,LPN,4,107,0.037383177570093455
LA,2024-06-01,Government,RN,1,47,0.02127659574468085
LA,2024-06-01,Non-Profit,CNA,140,1641,0.08531383302864107
LA,2024-06-01,Non-Profit,LPN,52,858,0.06060606060606061
LA,2024-06-01,Non-Profit,RN,19,268,0.0708955223880597
LA,2024-07-01,For-Profit,CNA,848,9560,0.0887029288702929
LA,2024-07-01,For-Profit,LPN,278,4501,0.06176405243279271
LA,2024-07-01,For-Profit,RN,76,1157,0.06568712186689715
LA,2024-07-01,Government,CNA,11,221,0.049773755656108594
LA,2024-07-01,Government,LPN,7,111,0.06306306306306306
LA,2024-07-01,Government,RN,1,47,0.02127659574468085
LA,2024-07-01,Non-Profit,CNA,124,1638,0.0757020757020757
LA,2024-07-01,Non-Profit,LPN,49,850,0.05764705882352941
LA,2024-07-01,Non-Profit,RN,16,264,0.06060606060606061
LA,2024-08-01,For-Profit,CNA,874,9637,0.09069212410501193
LA,2024-08-01,For-Profit,LPN,326,4546,0.07171139463264409
LA,2024-08-01,For-Profit,RN,75,1172,0.06399317406143344
LA,2024-08-01,Government,CNA,9,225,0.04
LA,2024-08-01,Government,LPN,0,110,0.0
LA,2024-08-01,Government,RN,1,49,0.02040816326530612
LA,2024-08-01,Non-Profit,CNA,130,1666,0.07803121248499399
LA,2024-08-01,Non-Profit,LPN,56,847,0.06611570247933884
LA,2024-08-01,Non-Profit,RN,21,271,0.07749077490774908
LA,2024-09-01,For-Profit,CNA,847,9435,0.08977212506624271
LA,2024-09-01,For-Profit,LPN,284,4461,0.06366285586191436
LA,2024-09-01,For-Profit,RN,88,1158,0.07599309153713299
LA,2024-09-01,Government,CNA,12,226,0.05309734513274336
LA,2024-09-01,Government,LPN,2,110,0.01818181818181818
LA,2024-09-01,Government,RN,2,47,0.0425531914893617
LA,2024-09-01,Non-Profit,CNA,151,1649,0.09157064887810794
LA,2024-09-01,Non-Profit,LPN,58,828,0.07004830917874397
LA,2024-09-01,Non-Profit,RN,22,271,0.08118081180811808
LA,2024-10-01,For-Profit,CNA,862,9669,0.08915089461164546
LA,2024-10-01,For-Profit,LPN,266,4564,0.05828220858895705
LA,2024-10-01,For-Profit,RN,71,1172,0.060580204778156996
LA,2024-10-01,Government,CNA,13,258,0.050387596899224806
LA,2024-10-01,Government,LPN,2,121,0.01652892561983471
LA,2024-10-01,Government,RN,1,52,0.019230769230769232
LA,2024-10-01,Non-Profit,CNA,133,1698,0.07832744405182568
LA,2024-10-01,Non-Profit,LPN,41,852,0.04812206572769953
LA,2024-10-01,Non-Profit,RN,15,275,0.05454545454545454
LA,2024-11-01,For-Profit,CNA,784,9612,0.08156471077819392
LA,2024-11-01,For-Profit,LPN,248,4558,0.05440982887231242
LA,2024-11-01,For-Profit,RN,61,1172,0.05204778156996587
LA,2024-11-01,Government,CNA,9,260,0.03461538461538462
LA,2024-11-01,Government,LPN,4,125,0.032
LA,2024-11-01,Government,RN,2,52,0.038461538461538464
LA,2024-11-01,Non-Profit,CNA,141,1702,0.08284371327849589
LA,2024-11-01,Non-Profit,LPN,41,862,0.04756380510440835
LA,2024-11-01,Non-Profit,RN,22,269,0.08178438661710037
LA,2024-12-01,For-Profit,CNA,849,9444,0.08989834815756036
LA,2024-12-01,For-Profit,LPN,296,4529,0.06535659085890926
LA,2024-12-01,For-Profit,RN,65,1149,0.05657093124456049
LA,2024-12-01,Government,CNA,62,270,0.22962962962962963
LA,2024-12-01,Government,LPN,23,125,0.184
LA,2024-12-01,Government,RN,6,52,0.11538461538461539
LA,2024-12-01,Non-Profit,CNA,165,1671,0.09874326750448834
LA,2024-12-01,Non-Profit,LPN,56,864,0.06481481481481481
LA,2024-12-01,Non-Profit,RN,18,257,0.07003891050583658
LA,2025-01-01,For-Profit,CNA,801,9338,0.08577853930177769
LA,2025-01-01,For-Profit,LPN,286,4475,0.06391061452513966
LA,2025-01-01,For-Profit,RN,67,1153,0.058109280138768434
LA,2025-01-01,Government,CNA,4,216,0.018518518518518517
LA,2025-01-01,Government,LPN,3,104,0.028846153846153848
LA,2025-01-01,Government,RN,2,49,0.04081632653061224
LA,2025-01-01,Non-Profit,CNA,141,1690,0.0834319526627219
LA,2025-01-01,Non-Profit,LPN,43,852,0.05046948356807512
LA,2025-01-01,Non-Profit,RN,17,265,0.06415094339622641
LA,2025-02-01,For-Profit,CNA,805,9216,0.08734809027777778
LA,2025-02-01,For-Profit,LPN,296,4469,0.0662340568359812
LA,2025-02-01,For-Profit,RN,73,1163,0.06276870163370593
LA,2025-02-01,Government,CNA,10,225,0.044444444444444446
LA,2025-02-01,Government,LPN,5,106,0.04716981132075472
LA,2025-02-01,Government,RN,1,45,0.022222222222222223
LA,2025-02-01,Non-Profit,CNA,137,1661,0.08248043347381095
LA,2025-02-01,Non-Profit,LPN,56,874,0.06407322654462243
LA,2025-02-01,Non-Profit,RN,13,265,0.04905660377358491
LA,2025-03-01,For-Profit,CNA,933,9358,0.09970079076725796
LA,2025-03-01,For-Profit,LPN,347,4478,0.07748995087092451
LA,2025-03-01,For-Profit,RN,105,1178,0.08913412563667232
LA,2025-03-01,Government,CNA,13,227,0.05726872246696035
LA,2025-03-01,Government,LPN,7,104,0.0673076923076923
LA,2025-03-01,Government,RN,2,47,0.0425531914893617
LA,2025-03-01,Non-Profit,CNA,140,1640,0.08536585365853659
LA,2025-03-01,Non-Profit,LPN,51,868,0.0587557603686636
LA,2025-03-01,Non-Profit,RN,12,271,0.04428044280442804
MA,2022-10-01,For-Profit,CNA,504,9265,0.05439827307069617
MA,2022-10-01,For-Profit,LPN,237,4110,0.05766423357664233
MA,2022-10-01,For-Profit,RN,175,2876,0.06084840055632823
MA,2022-10-01,Government,CNA,3,51,0.058823529411764705
MA,2022-10-01,Government,LPN,0,27,0.0
MA,2022-10-01,Government,RN,0,11,0.0
MA,2022-10-01,Non-Profit,CNA,210,4335,0.04844290657439446
MA,2022-10-01,Non-Profit,LPN,88,1690,0.05207100591715976
MA,2022-10-01,Non-Profit,RN,84,1437,0.05845511482254697
MA,2022-11-01,For-Profit,CNA,510,9269,0.05502211673319668
MA,2022-11-01,For-Profit,LPN,228,4056,0.05621301775147929
MA,2022-11-01,For-Profit,RN,173,2894,0.059778852798894264
MA,2022-11-01,Government,CNA,1,54,0.018518518518518517
MA,2022-11-01,Government,LPN,3,28,0.10714285714285714
MA,2022-11-01,Government,RN,1,13,0.07692307692307693
MA,2022-11-01,Non-Profit,CNA,207,4360,0.04747706422018349
MA,2022-11-01,Non-Profit,LPN,84,1681,0.049970255800118976
MA,2022-11-01,Non-Profit,RN,77,1416,0.054378531073446326
MA,2022-12-01,For-Profit,CNA,752,9447,0.07960199004975124
MA,2022-12-01,For-Profit,LPN,361,4087,0.08832884756545144
MA,2022-12-01,For-Profit,RN,311,2955,0.10524534686971235
MA,2022-12-01,Government,CNA,2,57,0.03508771929824561
MA,2022-12-01,Government,LPN,1,26,0.038461538461538464
MA,2022-12-01,Government,RN,0,13,0.0
MA,2022-12-01,Non-Profit,CNA,337,4440,0.0759009009009009
MA,2022-12-01,Non-Profit,LPN,116,1677,0.0691711389385808
MA,2022-12-01,Non-Profit,RN,130,1426,0.091164095371669
MA,2023-01-01,For-Profit,CNA,466,9243,0.05041653142918966
MA,2023-01-01,For-Profit,LPN,190,3978,0.04776269482151835
MA,2023-01-01,For-Profit,RN,189,2848,0.0663623595505618
MA,2023-01-01,Government,CNA,0,57,0.0
MA,2023-01-01,Government,LPN,0,26,0.0
MA,2023-01-01,Government,RN,0,13,0.0
MA,2023-01-01,Non-Profit,CNA,224,4464,0.05017921146953405
MA,2023-01-01,Non-Profit,LPN,65,1688,0.03850710900473934
MA,2023-01-01,Non-Profit,RN,81,1440,0.05625
MA,2023-02-01,For-Profit,CNA,428,9209,0.04647627321098925
MA,2023-02-01,For-Profit,LPN,204,3941,0.05176351179903578
MA,2023-02-01,For-Profit,RN,176,2876,0.061196105702364396
MA,2023-02-01,Government,CNA,0,55,0.0
MA,2023-02-01,Government,LPN,1,28,0.03571428571428571
MA,2023-02-01,Government,RN,0,12,0.0
MA,2023-02-01,Non-Profit,CNA,205,4381,0.04679296964163433
MA,2023-02-01,Non-Profit,LPN,76,1684,0.04513064133016627
MA,2023-02-01,Non-Profit,RN,80,1417,0.056457304163726185
MA,2023-03-01,For-Profit,CNA,495,9424,0.05252546689303905
MA,2023-03-01,For-Profit,LPN,195,3937,0.04953009906019812
MA,2023-03-01,For-Profit,RN,186,2909,0.06393949810931591
MA,2023-03-01,Government,CNA,3,55,0.05454545454545454
MA,2023-03-01,Government,LPN,0,28,0.0
MA,2023-03-01,Government,RN,0,13,0.0
MA,2023-03-01,Non-Profit,CNA,272,4512,0.06028368794326241
MA,2023-03-01,Non-Profit,LPN,78,1693,0.04607206142941524
MA,2023-03-01,Non-Profit,RN,100,1419,0.07047216349541931
MA,2023-04-01,For-Profit,CNA,487,9486,0.05133881509593084
MA,2023-04-01,For-Profit,LPN,189,3975,0.047547169811320754
MA,2023-04-01,For-Profit,RN,174,2930,0.059385665529010236
MA,2023-04-01,Government,CNA,0,53,0.0
MA,2023-04-01,Government,LPN,0,28,0.0
MA,2023-04-01,Government,RN,0,13,0.0
MA,2023-04-01,Non-Profit,CNA,244,4531,0.05385124696534981
MA,2023-04-01,Non-Profit,LPN,68,1667,0.04079184163167367
MA,2023-04-01,Non-Profit,RN,66,1382,0.04775687409551375
MA,2023-05-01,For-Profit,CNA,493,9637,0.051156999066099405
MA,2023-05-01,For-Profit,LPN,169,4013,0.04211313231996013
MA,2023-05-01,For-Profit,RN,159,2931,0.05424769703172978
MA,2023-05-01,Government,CNA,1,56,0.017857142857142856
MA,2023-05-01,Government,LPN,3,28,0.10714285714285714
MA,2023-05-01,Government,RN,0,13,0.0
MA,2023-05-01,Non-Profit,CNA,324,4641,0.0698125404007757
MA,2023-05-01,Non-Profit,LPN,82,1720,0.047674418604651166
MA,2023-05-01,Non-Profit,RN,85,1405,0.060498220640569395
MA,2023-06-01,For-Profit,CNA,905,9792,0.09242238562091504
MA,2023-06-01,For-Profit,LPN,389,4083,0.0952730835170218
MA,2023-06-01,For-Profit,RN,297,2932,0.10129604365620737
MA,2023-06-01,Government,CNA,1,55,0.01818181818181818
MA,2023-06-01,Government,LPN,1,25,0.04
MA,2023-06-01,Government,RN,0,13,0.0
MA,2023-06-01,Non-Profit,CNA,370,4690,0.07889125799573561
MA,2023-06-01,Non-Profit,LPN,121,1713,0.07063631056625802
MA,2023-06-01,Non-Profit,RN,100,1422,0.07032348804500703
MA,2023-07-01,For-Profit,CNA,496,9849,0.0503604426845365
MA,2023-07-01,For-Profit,LPN,227,4175,0.05437125748502994
MA,2023-07-01,For-Profit,RN,173,2979,0.05807317891910037
MA,2023-07-01,Government,CNA,1,58,0.017241379310344827
MA,2023-07-01,Government,LPN,0,25,0.0
MA,2023-07-01,Government,RN,1,13,0.07692307692307693
MA,2023-07-01,Non-Profit,CNA,328,4762,0.06887862242755145
MA,2023-07-01,Non-Profit,LPN,71,1699,0.04178928781636257
MA,2023-07-01,Non-Profit,RN,67,1401,0.04782298358315489
MA,2023-08-01,For-Profit,CNA,567,9956,0.056950582563278423
MA,2023-08-01,For-Profit,LPN,231,4203,0.054960742326909354
MA,2023-08-01,For-Profit,RN,182,3003,0.06060606060606061
MA,2023-08-01,Government,CNA,1,60,0.016666666666666666
MA,2023-08-01,Government,LPN,0,28,0.0
MA,2023-08-01,Government,RN,0,14,0.0
MA,2023-08-01,Non-Profit,CNA,307,4740,0.06476793248945148
MA,2023-08-01,Non-Profit,LPN,89,1709,0.052077238150965474
MA,2023-08-01,Non-Profit,RN,92,1409,0.06529453513129879
MA,2023-09-01,For-Profit,CNA,913,9860,0.09259634888438134
MA,2023-09-01,For-Profit,LPN,387,4208,0.09196768060836502
MA,2023-09-01,For-Profit,RN,308,3037,0.10141587092525518
MA,2023-09-01,Government,CNA,1,54,0.018518518518518517
MA,2023-09-01,Government,LPN,0,29,0.0
MA,2023-09-01,Government,RN,0,15,0.0
MA,2023-09-01,Non-Profit,CNA,287,4671,0.06144294583600942
MA,2023-09-01,Non-Profit,LPN,109,1722,0.06329849012775841
MA,2023-09-01,Non-Profit,RN,93,1408,0.06605113636363637
MA,2023-10-01,For-Profit,CNA,623,9983,0.062406090353601125
MA,2023-10-01,For-Profit,LPN,300,4333,0.06923609508423725
MA,2023-10-01,For-Profit,RN,255,3081,0.0827653359298929
MA,2023-10-01,Government,CNA,0,57,0.0
MA,2023-10-01,Government,LPN,0,29,0.0
MA,2023-10-01,Government,RN,0,14,0.0
MA,2023-10-01,Non-Profit,CNA,259,4650,0.0556989247311828
MA,2023-10-01,Non-Profit,LPN,104,1737,0.059873344847438115
MA,2023-10-01,Non-Profit,RN,93,1391,0.06685837526959022
MA,2023-11-01,For-Profit,CNA,478,9867,0.04844430931387453
MA,2023-11-01,For-Profit,LPN,213,4240,0.050235849056603776
MA,2023-11-01,For-Profit,RN,172,2998,0.057371581054036024
MA,2023-11-01,Government,CNA,1,63,0.015873015873015872
MA,2023-11-01,Government,LPN,0,29,0.0
MA,2023-11-01,Government,RN,1,15,0.06666666666666667
MA,2023-11-01,Non-Profit,CNA,234,4576,0.05113636363636364
MA,2023-11-01,Non-Profit,LPN,90,1725,0.05217391304347826
MA,2023-11-01,Non-Profit,RN,72,1387,0.05191059841384282
MA,2023-12-01,For-Profit,CNA,656,10076,0.06510520047637952
MA,2023-12-01,For-Profit,LPN,335,4315,0.0776361529548088
MA,2023-12-01,For-Profit,RN,247,2980,0.08288590604026845
MA,2023-12-01,Government,CNA,2,67,0.029850746268656716
MA,2023-12-01,Government,LPN,3,34,0.08823529411764706
MA,2023-12-01,Government,RN,0,15,0.0
MA,2023-12-01,Non-Profit,CNA,255,4611,0.05530253741054001
MA,2023-12-01,Non-Profit,LPN,107,1720,0.062209302325581396
MA,2023-12-01,Non-Profit,RN,110,1400,0.07857142857142857
MA,2024-01-01,For-Profit,CNA,513,10242,0.05008787346221441
MA,2024-01-01,For-Profit,LPN,261,4390,0.05945330296127563
MA,2024-01-01,For-Profit,RN,235,3050,0.07704918032786885
MA,2024-01-01,Government,CNA,0,67,0.0
MA,2024-01-01,Government,LPN,0,30,0.0
MA,2024-01-01,Government,RN,0,14,0.0
MA,2024-01-01,Non-Profit,CNA,203,4625,0.04389189189189189
MA,2024-01-01,Non-Profit,LPN,74,1718,0.04307334109429569
MA,2024-01-01,Non-Profit,RN,60,1331,0.045078888054094664
MA,2024-02-01,For-Profit,CNA,535,10337,0.05175582857695656
MA,2024-02-01,For-Profit,LPN,227,4390,0.05170842824601367
MA,2024-02-01,For-Profit,RN,241,3061,0.07873244037896113
MA,2024-02-01,Government,CNA,4,70,0.05714285714285714
MA,2024-02-01,Government,LPN,2,32,0.0625
MA,2024-02-01,Government,RN,0,15,0.0
MA,2024-02-01,Non-Profit,CNA,193,4556,0.04236172080772607
MA,2024-02-01,Non-Profit,LPN,66,1700,0.03882352941176471
MA,2024-02-01,Non-Profit,RN,63,1339,0.04705003734129948
MA,2024-03-01,For-Profit,CNA,744,10561,0.07044787425433198
MA,2024-03-01,For-Profit,LPN,410,4508,0.09094942324755989
MA,2024-03-01,For-Profit,RN,330,3088,0.10686528497409327
MA,2024-03-01,Government,CNA,1,66,0.015151515151515152
MA,2024-03-01,Government,LPN,0,30,0.0
MA,2024-03-01,Government,RN,1,15,0.06666666666666667
MA,2024-03-01,Non-Profit,CNA,408,4679,0.08719811925625133
MA,2024-03-01,Non-Profit,LPN,147,1711,0.08591466978375219
MA,2024-03-01,Non-Profit,RN,152,1329,0.1143717080511663
MA,2024-04-01,For-Profit,CNA,684,10510,0.06508087535680304
MA,2024-04-01,For-Profit,LPN,275,4385,0.06271379703534778
MA,2024-04-01,For-Profit,RN,207,2974,0.06960322797579019
MA,2024-04-01,Government,CNA,0,65,0.0
MA,2024-04-01,Government,LPN,0,30,0.0
MA,2024-04-01,Government,RN,0,16,0.0
MA,2024-04-01,Non-Profit,CNA,338,5199,0.06501250240430852
MA,2024-04-01,Non-Profit,LPN,128,1963,0.065206316861946
MA,2024-04-01,Non-Profit,RN,102,1445,0.07058823529411765
MA,2024-05-01,For-Profit,CNA,596,10669,0.05586278001687131
MA,2024-05-01,For-Profit,LPN,241,4392,0.05487249544626594
MA,2024-05-01,For-Profit,RN,204,2967,0.06875631951466127
MA,2024-05-01,Government,CNA,0,74,0.0
MA,2024-05-01,Government,LPN,2,30,0.06666666666666667
MA,2024-05-01,Government,RN,0,15,0.0
MA,2024-05-01,Non-Profit,CNA,207,4669,0.04433497536945813
MA,2024-05-01,Non-Profit,LPN,71,1683,0.0421865715983363
MA,2024-05-01,Non-Profit,RN,47,1290,0.03643410852713178
MA,2024-06-01,For-Profit,CNA,694,10829,0.06408717333087081
MA,2024-06-01,For-Profit,LPN,258,4382,0.058877225011410315
MA,2024-06-01,For-Profit,RN,184,2956,0.06224627875507442
MA,2024-06-01,Government,CNA,2,78,0.02564102564102564
MA,2024-06-01,Government,LPN,0,28,0.0
MA,2024-06-01,Government,RN,0,16,0.0
MA,2024-06-01,Non-Profit,CNA,739,4773,0.15482924785250365
MA,2024-06-01,Non-Profit,LPN,306,1660,0.18433734939759036
MA,2024-06-01,Non-Profit,RN,181,1308,0.13837920489296637
MA,2024-07-01,For-Profit,CNA,649,11067,0.05864281196349508
MA,2024-07-01,For-Profit,LPN,253,4442,0.05695632597928861
MA,2024-07-01,For-Profit,RN,222,2981,0.07447165380744716
MA,2024-07-01,Government,CNA,2,171,0.011695906432748537
MA,2024-07-01,Government,LPN,0,57,0.0
MA,2024-07-01,Government,RN,0,40,0.0
MA,2024-07-01,Non-Profit,CNA,214,4976,0.0430064308681672
MA,2024-07-01,Non-Profit,LPN,73,1729,0.042220936957779065
MA,2024-07-01,Non-Profit,RN,65,1370,0.04744525547445255
MA,2024-08-01,For-Profit,CNA,678,11089,0.061141671927134995
MA,2024-08-01,For-Profit,LPN,264,4480,0.05892857142857143
MA,2024-08-01,For-Profit,RN,203,2986,0.06798392498325519
MA,2024-08-01,Government,CNA,3,167,0.017964071856287425
MA,2024-08-01,Government,LPN,0,61,0.0
MA,2024-08-01,Government,RN,0,42,0.0
MA,2024-08-01,Non-Profit,CNA,255,5081,0.05018697106868727
MA,2024-08-01,Non-Profit,LPN,88,1770,0.04971751412429379
MA,2024-08-01,Non-Profit,RN,87,1409,0.061745919091554295
MA,2024-09-01,For-Profit,CNA,772,10989,0.07025207025207025
MA,2024-09-01,For-Profit,LPN,356,4540,0.07841409691629955
MA,2024-09-01,For-Profit,RN,269,2992,0.08990641711229946
MA,2024-09-01,Government,CNA,5,165,0.030303030303030304
MA,2024-09-01,Government,LPN,3,62,0.04838709677419355
MA,2024-09-01,Government,RN,1,43,0.023255813953488372
MA,2024-09-01,Non-Profit,CNA,399,4918,0.08113054087027247
MA,2024-09-01,Non-Profit,LPN,127,1771,0.07171089779785432
MA,2024-09-01,Non-Profit,RN,115,1392,0.08261494252873564
MA,2024-10-01,For-Profit,CNA,634,11203,0.05659198428992234
MA,2024-10-01,For-Profit,LPN,246,4605,0.053420195439739415
MA,2024-10-01,For-Profit,RN,191,3037,0.06289101086598617
MA,2024-10-01,Government,CNA,2,163,0.012269938650306749
MA,2024-10-01,Government,LPN,0,57,0.0
MA,2024-10-01,Government,RN,1,45,0.022222222222222223
MA,2024-10-01,Non-Profit,CNA,210,4820,0.043568464730290454
MA,2024-10-01,Non-Profit,LPN,55,1750,0.03142857142857143
MA,2024-10-01,Non-Profit,RN,52,1381,0.03765387400434468
MA,2024-11-01,For-Profit,CNA,514,11181,0.04597084339504517
MA,2024-11-01,For-Profit,LPN,252,4652,0.05417024935511608
MA,2024-11-01,For-Profit,RN,166,2999,0.05535178392797599
MA,2024-11-01,Government,CNA,1,164,0.006097560975609756
MA,2024-11-01,Government,LPN,0,59,0.0
MA,2024-11-01,Government,RN,2,46,0.043478260869565216
MA,2024-11-01,Non-Profit,CNA,206,4861,0.04237811149969142
MA,2024-11-01,Non-Profit,LPN,62,1751,0.03540833809251856
MA,2024-11-01,Non-Profit,RN,58,1387,0.0418168709444845
MA,2024-12-01,For-Profit,CNA,763,11320,0.06740282685512368
MA,2024-12-01,For-Profit,LPN,377,4648,0.08111015490533563
MA,2024-12-01,For-Profit,RN,277,3060,0.09052287581699346
MA,2024-12-01,Government,CNA,1,167,0.005988023952095809
MA,2024-12-01,Government,LPN,2,59,0.03389830508474576
MA,2024-12-01,Government,RN,0,45,0.0
MA,2024-12-01,Non-Profit,CNA,263,4904,0.05362969004893964
MA,2024-12-01,Non-Profit,LPN,89,1775,0.05014084507042253
MA,2024-12-01,Non-Profit,RN,57,1369,0.04163623082542001
MA,2025-01-01,For-Profit,CNA,561,11224,0.049982181040627224
MA,2025-01-01,For-Profit,LPN,219,4493,0.04874248831515691
MA,2025-01-01,For-Profit,RN,193,2967,0.06504887091338052
MA,2025-01-01,Government,CNA,1,164,0.006097560975609756
MA,2025-01-01,Government,LPN,0,59,0.0
MA,2025-01-01,Government,RN,1,47,0.02127659574468085
MA,2025-01-01,Non-Profit,CNA,198,4882,0.04055714870954527
MA,2025-01-01,Non-Profit,LPN,69,1746,0.03951890034364261
MA,2025-01-01,Non-Profit,RN,65,1365,0.047619047619047616
MA,2025-02-01,For-Profit,CNA,493,11179,0.04410054566598086
MA,2025-02-01,For-Profit,LPN,235,4485,0.05239687848383501
MA,2025-02-01,For-Profit,RN,186,2995,0.06210350584307179
MA,2025-02-01,Government,CNA,2,166,0.012048192771084338
MA,2025-02-01,Government,LPN,0,59,0.0
MA,2025-02-01,Government,RN,0,46,0.0
MA,2025-02-01,Non-Profit,CNA,178,4781,0.037230704873457435
MA,2025-02-01,Non-Profit,LPN,53,1718,0.030849825378346914
MA,2025-02-01,Non-Profit,RN,49,1356,0.036135693215339236
MA,2025-03-01,For-Profit,CNA,1010,11319,0.0892304973937627
MA,2025-03-01,For-Profit,LPN,486,4533,0.10721376571806751
MA,2025-03-01,For-Profit,RN,386,3046,0.12672357189757058
MA,2025-03-01,Government,CNA,10,170,0.058823529411764705
MA,2025-03-01,Government,LPN,4,58,0.06896551724137931
MA,2025-03-01,Government,RN,4,46,0.08695652173913043
MA,2025-03-01,Non-Profit,CNA,282,4880,0.05778688524590164
MA,2025-03-01,Non-Profit,LPN,73,1735,0.04207492795389049
MA,2025-03-01,Non-Profit,RN,80,1373,0.05826656955571741
MD,2022-10-01,For-Profit,CNA,1261,7906,0.15949911459650898
MD,2022-10-01,For-Profit,LPN,619,3379,0.18319029298609055
MD,2022-10-01,For-Profit,RN,311,2746,0.11325564457392572
MD,2022-10-01,Government,CNA,2,130,0.015384615384615385
MD,2022-10-01,Government,LPN,2,41,0.04878048780487805
MD,2022-10-01,Government,RN,2,83,0.024096385542168676
MD,2022-10-01,Non-Profit,CNA,78,1611,0.048417132216014895
MD,2022-10-01,Non-Profit,LPN,19,614,0.030944625407166124
MD,2022-10-01,Non-Profit,RN,25,623,0.04012841091492777
MD,2022-11-01,For-Profit,CNA,479,7240,0.06616022099447513
MD,2022-11-01,For-Profit,LPN,155,2946,0.052613713509843854
MD,2022-11-01,For-Profit,RN,148,2655,0.055743879472693034
MD,2022-11-01,Government,CNA,3,129,0.023255813953488372
MD,2022-11-01,Government,LPN,1,43,0.023255813953488372
MD,2022-11-01,Government,RN,1,77,0.012987012987012988
MD,2022-11-01,Non-Profit,CNA,63,1601,0.03935040599625234
MD,2022-11-01,Non-Profit,LPN,19,602,0.03156146179401993
MD,2022-11-01,Non-Profit,RN,14,623,0.02247191011235955
MD,2022-12-01,For-Profit,CNA,591,7215,0.08191268191268192
MD,2022-12-01,For-Profit,LPN,184,2940,0.06258503401360545
MD,2022-12-01,For-Profit,RN,207,2655,0.07796610169491526
MD,2022-12-01,Government,CNA,3,128,0.0234375
MD,2022-12-01,Government,LPN,3,44,0.06818181818181818
MD,2022-12-01,Government,RN,2,82,0.024390243902439025
MD,2022-12-01,Non-Profit,CNA,59,1574,0.03748411689961881
MD,2022-12-01,Non-Profit,LPN,33,599,0.05509181969949917
MD,2022-12-01,Non-Profit,RN,31,626,0.04952076677316294
MD,2023-01-01,For-Profit,CNA,637,7323,0.08698620783831763
MD,2023-01-01,For-Profit,LPN,180,2976,0.06048387096774194
MD,2023-01-01,For-Profit,RN,182,2664,0.06831831831831832
MD,2023-01-01,Government,CNA,4,128,0.03125
MD,2023-01-01,Government,LPN,1,43,0.023255813953488372
MD,2023-01-01,Government,RN,2,85,0.023529411764705882
MD,2023-01-01,Non-Profit,CNA,73,1640,0.04451219512195122
MD,2023-01-01,Non-Profit,LPN,29,601,0.048252911813643926
MD,2023-01-01,Non-Profit,RN,28,647,0.04327666151468315
MD,2023-02-01,For-Profit,CNA,636,7339,0.08666030794386156
MD,2023-02-01,For-Profit,LPN,224,3085,0.07260940032414911
MD,2023-02-01,For-Profit,RN,208,2754,0.07552650689905592
MD,2023-02-01,Government,CNA,6,127,0.047244094488188976
MD,2023-02-01,Government,LPN,4,44,0.09090909090909091
MD,2023-02-01,Government,RN,1,87,0.011494252873563218
MD,2023-02-01,Non-Profit,CNA,63,1639,0.03843807199511898
MD,2023-02-01,Non-Profit,LPN,23,617,0.03727714748784441
MD,2023-02-01,Non-Profit,RN,27,850,0.03176470588235294
MD,2023-03-01,For-Profit,CNA,759,7343,0.10336374778700803
MD,2023-03-01,For-Profit,LPN,302,3077,0.09814754631134222
MD,2023-03-01,For-Profit,RN,294,2738,0.10737764791818846
MD,2023-03-01,Government,CNA,5,123,0.04065040650406504
MD,2023-03-01,Government,LPN,3,40,0.075
MD,2023-03-01,Government,RN,2,91,0.02197802197802198
MD,2023-03-01,Non-Profit,CNA,110,1650,0.06666666666666667
MD,2023-03-01,Non-Profit,LPN,47,604,0.07781456953642384
MD,2023-03-01,Non-Profit,RN,240,857,0.28004667444574094
MD,2023-04-01,For-Profit,CNA,579,7152,0.08095637583892618
MD,2023-04-01,For-Profit,LPN,214,3007,0.07116727635517127
MD,2023-04-01,For-Profit,RN,212,2661,0.07966929725667042
MD,2023-04-01,Government,CNA,4,122,0.03278688524590164
MD,2023-04-01,Government,LPN,0,38,0.0
MD,2023-04-01,Government,RN,2,91,0.02197802197802198
MD,2023-04-01,Non-Profit,CNA,80,1603,0.049906425452276984
MD,2023-04-01,Non-Profit,LPN,22,576,0.03819444444444445
MD,2023-04-01,Non-Profit,RN,24,628,0.03821656050955414
MD,2023-05-01,For-Profit,CNA,551,7430,0.07415881561238223
MD,2023-05-01,For-Profit,LPN,180,3103,0.05800837898807606
MD,2023-05-01,For-Profit,RN,184,2691,0.06837606837606838
MD,2023-05-01,Government,CNA,3,123,0.024390243902439025
MD,2023-05-01,Government,LPN,1,38,0.02631578947368421
MD,2023-05-01,Government,RN,2,93,0.021505376344086023
MD,2023-05-01,Non-Profit,CNA,72,1573,0.04577240940877304
MD,2023-05-01,Non-Profit,LPN,25,592,0.04222972972972973
MD,2023-05-01,Non-Profit,RN,18,612,0.029411764705882353
MD,2023-06-01,For-Profit,CNA,630,7637,0.08249312557286893
MD,2023-06-01,For-Profit,LPN,211,3189,0.06616494198808404
MD,2023-06-01,For-Profit,RN,193,2702,0.07142857142857142
MD,2023-06-01,Government,CNA,3,128,0.0234375
MD,2023-06-01,Government,LPN,2,42,0.047619047619047616
MD,2023-06-01,Government,RN,4,102,0.0392156862745098
MD,2023-06-01,Non-Profit,CNA,63,1560,0.04038461538461539
MD,2023-06-01,Non-Profit,LPN,20,588,0.034013605442176874
MD,2023-06-01,Non-Profit,RN,22,626,0.03514376996805112
MD,2023-07-01,For-Profit,CNA,556,7667,0.07251858614842834
MD,2023-07-01,For-Profit,LPN,200,3224,0.062034739454094295
MD,2023-07-01,For-Profit,RN,179,2800,0.06392857142857143
MD,2023-07-01,Government,CNA,2,133,0.015037593984962405
MD,2023-07-01,Government,LPN,1,46,0.021739130434782608
MD,2023-07-01,Government,RN,6,98,0.061224489795918366
MD,2023-07-01,Non-Profit,CNA,71,1661,0.042745334136062615
MD,2023-07-01,Non-Profit,LPN,31,601,0.051580698835274545
MD,2023-07-01,Non-Profit,RN,25,660,0.03787878787878788
MD,2023-08-01,For-Profit,CNA,578,7690,0.07516254876462938
MD,2023-08-01,For-Profit,LPN,186,3224,0.057692307692307696
MD,2023-08-01,For-Profit,RN,182,2821,0.06451612903225806
MD,2023-08-01,Government,CNA,10,139,0.07194244604316546
MD,2023-08-01,Government,LPN,2,47,0.0425531914893617
MD,2023-08-01,Government,RN,6,89,0.06741573033707865
MD,2023-08-01,Non-Profit,CNA,82,1635,0.05015290519877676
MD,2023-08-01,Non-Profit,LPN,34,592,0.057432432432432436
MD,2023-08-01,Non-Profit,RN,25,668,0.0374251497005988
MD,2023-09-01,For-Profit,CNA,816,7589,0.10752404796415865
MD,2023-09-01,For-Profit,LPN,259,3212,0.08063511830635119
MD,2023-09-01,For-Profit,RN,284,2833,0.10024708789269325
MD,2023-09-01,Government,CNA,3,125,0.024
MD,2023-09-01,Government,LPN,0,47,0.0
MD,2023-09-01,Government,RN,3,90,0.03333333333333333
MD,2023-09-01,Non-Profit,CNA,131,1623,0.0807147258163894
MD,2023-09-01,Non-Profit,LPN,44,595,0.07394957983193277
MD,2023-09-01,Non-Profit,RN,56,700,0.08
MD,2023-10-01,For-Profit,CNA,440,7403,0.05943536404160475
MD,2023-10-01,For-Profit,LPN,154,3216,0.04788557213930348
MD,2023-10-01,For-Profit,RN,187,2858,0.06543037088873338
MD,2023-10-01,Government,CNA,6,130,0.046153846153846156
MD,2023-10-01,Government,LPN,1,50,0.02
MD,2023-10-01,Government,RN,3,82,0.036585365853658534
MD,2023-10-01,Non-Profit,CNA,60,1515,0.039603960396039604
MD,2023-10-01,Non-Profit,LPN,16,561,0.0285204991087344
MD,2023-10-01,Non-Profit,RN,29,641,0.0452418096723869
MD,2023-11-01,For-Profit,CNA,461,7458,0.06181281844998659
MD,2023-11-01,For-Profit,LPN,150,3231,0.04642525533890436
MD,2023-11-01,For-Profit,RN,159,2876,0.05528511821974965
MD,2023-11-01,Government,CNA,27,156,0.17307692307692307
MD,2023-11-01,Government,LPN,26,79,0.3291139240506329
MD,2023-11-01,Government,RN,4,73,0.0547945205479452
MD,2023-11-01,Non-Profit,CNA,69,1575,0.04380952380952381
MD,2023-11-01,Non-Profit,LPN,18,581,0.03098106712564544
MD,2023-11-01,Non-Profit,RN,26,652,0.03987730061349693
MD,2023-12-01,For-Profit,CNA,568,7477,0.07596629664303865
MD,2023-12-01,For-Profit,LPN,220,3247,0.06775485063135202
MD,2023-12-01,For-Profit,RN,241,2868,0.08403068340306834
MD,2023-12-01,Government,CNA,2,131,0.015267175572519083
MD,2023-12-01,Government,LPN,1,50,0.02
MD,2023-12-01,Government,RN,4,83,0.04819277108433735
MD,2023-12-01,Non-Profit,CNA,185,1561,0.1185137732222934
MD,2023-12-01,Non-Profit,LPN,61,591,0.10321489001692047
MD,2023-12-01,Non-Profit,RN,55,638,0.08620689655172414
MD,2024-01-01,For-Profit,CNA,521,7744,0.06727789256198347
MD,2024-01-01,For-Profit,LPN,168,3267,0.051423324150596875
MD,2024-01-01,For-Profit,RN,180,2866,0.0628053035589672
MD,2024-01-01,Government,CNA,1,133,0.007518796992481203
MD,2024-01-01,Government,LPN,0,51,0.0
MD,2024-01-01,Government,RN,6,84,0.07142857142857142
MD,2024-01-01,Non-Profit,CNA,74,1633,0.0453153704837722
MD,2024-01-01,Non-Profit,LPN,23,597,0.038525963149078725
MD,2024-01-01,Non-Profit,RN,25,684,0.03654970760233918
MD,2024-02-01,For-Profit,CNA,484,7718,0.06271054677377559
MD,2024-02-01,For-Profit,LPN,171,3317,0.051552607778112755
MD,2024-02-01,For-Profit,RN,164,2910,0.056357388316151204
MD,2024-02-01,Government,CNA,1,139,0.007194244604316547
MD,2024-02-01,Government,LPN,1,54,0.018518518518518517
MD,2024-02-01,Government,RN,2,81,0.024691358024691357
MD,2024-02-01,Non-Profit,CNA,75,1633,0.04592774035517452
MD,2024-02-01,Non-Profit,LPN,28,606,0.0462046204620462
MD,2024-02-01,Non-Profit,RN,25,698,0.03581661891117478
MD,2024-03-01,For-Profit,CNA,645,7831,0.0823649597752522
MD,2024-03-01,For-Profit,LPN,212,3356,0.0631704410011919
MD,2024-03-01,For-Profit,RN,280,2932,0.09549795361527967
MD,2024-03-01,Government,CNA,5,149,0.03355704697986577
MD,2024-03-01,Government,LPN,1,52,0.019230769230769232
MD,2024-03-01,Government,RN,5,79,0.06329113924050633
MD,2024-03-01,Non-Profit,CNA,117,1645,0.07112462006079028
MD,2024-03-01,Non-Profit,LPN,42,611,0.06873977086743044
MD,2024-03-01,Non-Profit,RN,82,714,0.11484593837535013
MD,2024-04-01,For-Profit,CNA,492,7758,0.0634184068058778
MD,2024-04-01,For-Profit,LPN,153,3334,0.045890821835632874
MD,2024-04-01,For-Profit,RN,156,2908,0.05364511691884457
MD,2024-04-01,Government,CNA,6,154,0.03896103896103896
MD,2024-04-01,Government,LPN,0,53,0.0
MD,2024-04-01,Government,RN,1,73,0.0136986301369863
MD,2024-04-01,Non-Profit,CNA,80,1671,0.047875523638539794
MD,2024-04-01,Non-Profit,LPN,20,627,0.03189792663476874
MD,2024-04-01,Non-Profit,RN,15,693,0.021645021645021644
MD,2024-05-01,For-Profit,CNA,467,7818,0.05973394730110002
MD,2024-05-01,For-Profit,LPN,177,3386,0.0522740696987596
MD,2024-05-01,For-Profit,RN,195,2952,0.06605691056910569
MD,2024-05-01,Government,CNA,6,151,0.039735099337748346
MD,2024-05-01,Government,LPN,2,56,0.03571428571428571
MD,2024-05-01,Government,RN,2,79,0.02531645569620253
MD,2024-05-01,Non-Profit,CNA,73,1671,0.043686415320167565
MD,2024-05-01,Non-Profit,LPN,34,620,0.054838709677419356
MD,2024-05-01,Non-Profit,RN,32,696,0.04597701149425287
MD,2024-06-01,For-Profit,CNA,561,7946,0.07060156053360181
MD,2024-06-01,For-Profit,LPN,206,3359,0.061327776123846385
MD,2024-06-01,For-Profit,RN,211,2959,0.07130787428185198
MD,2024-06-01,Government,CNA,12,149,0.08053691275167785
MD,2024-06-01,Government,LPN,2,54,0.037037037037037035
MD,2024-06-01,Government,RN,0,77,0.0
MD,2024-06-01,Non-Profit,CNA,85,1664,0.05108173076923077
MD,2024-06-01,Non-Profit,LPN,31,618,0.05016181229773463
MD,2024-06-01,Non-Profit,RN,38,706,0.053824362606232294
MD,2024-07-01,For-Profit,CNA,522,8142,0.06411201179071481
MD,2024-07-01,For-Profit,LPN,161,3401,0.04733901793590121
MD,2024-07-01,For-Profit,RN,173,3003,0.05760905760905761
MD,2024-07-01,Government,CNA,1,143,0.006993006993006993
MD,2024-07-01,Government,LPN,3,53,0.05660377358490566
MD,2024-07-01,Government,RN,1,77,0.012987012987012988
MD,2024-07-01,Non-Profit,CNA,70,1656,0.042270531400966184
MD,2024-07-01,Non-Profit,LPN,24,638,0.03761755485893417
MD,2024-07-01,Non-Profit,RN,32,695,0.0460431654676259
MD,2024-08-01,For-Profit,CNA,623,8201,0.07596634556761371
MD,2024-08-01,For-Profit,LPN,191,3416,0.05591334894613583
MD,2024-08-01,For-Profit,RN,224,3029,0.07395179927368768
MD,2024-08-01,Government,CNA,7,140,0.05
MD,2024-08-01,Government,LPN,3,50,0.06
MD,2024-08-01,Government,RN,0,79,0.0
MD,2024-08-01,Non-Profit,CNA,77,1681,0.04580606781677573
MD,2024-08-01,Non-Profit,LPN,23,637,0.03610675039246468
MD,2024-08-01,Non-Profit,RN,33,707,0.04667609618104668
MD,2024-09-01,For-Profit,CNA,678,8169,0.08299669482188762
MD,2024-09-01,For-Profit,LPN,218,3407,0.06398591135896683
MD,2024-09-01,For-Profit,RN,237,2982,0.079476861167002
MD,2024-09-01,Government,CNA,6,139,0.04316546762589928
MD,2024-09-01,Government,LPN,3,51,0.058823529411764705
MD,2024-09-01,Government,RN,7,84,0.08333333333333333
MD,2024-09-01,Non-Profit,CNA,114,1693,0.06733608978145304
MD,2024-09-01,Non-Profit,LPN,25,633,0.03949447077409163
MD,2024-09-01,Non-Profit,RN,43,694,0.06195965417867435
MD,2024-10-01,For-Profit,CNA,537,8246,0.0651224836284259
MD,2024-10-01,For-Profit,LPN,156,3449,0.04523050159466512
MD,2024-10-01,For-Profit,RN,189,3038,0.06221198156682028
MD,2024-10-01,Government,CNA,7,137,0.051094890510948905
MD,2024-10-01,Government,LPN,0,50,0.0
MD,2024-10-01,Government,RN,2,84,0.023809523809523808
MD,2024-10-01,Non-Profit,CNA,81,1663,0.0487071557426338
MD,2024-10-01,Non-Profit,LPN,21,643,0.03265940902021773
MD,2024-10-01,Non-Profit,RN,26,690,0.03768115942028986
MD,2024-11-01,For-Profit,CNA,522,8224,0.0634727626459144
MD,2024-11-01,For-Profit,LPN,164,3463,0.04735778226970835
MD,2024-11-01,For-Profit,RN,177,3038,0.05826201448321264
MD,2024-11-01,Government,CNA,4,132,0.030303030303030304
MD,2024-11-01,Government,LPN,0,49,0.0
MD,2024-11-01,Government,RN,1,83,0.012048192771084338
MD,2024-11-01,Non-Profit,CNA,97,1678,0.05780691299165673
MD,2024-11-01,Non-Profit,LPN,24,647,0.03709428129829984
MD,2024-11-01,Non-Profit,RN,26,694,0.037463976945244955
MD,2024-12-01,For-Profit,CNA,727,8248,0.08814258001939865
MD,2024-12-01,For-Profit,LPN,237,3482,0.06806433084434234
MD,2024-12-01,For-Profit,RN,282,3101,0.090938406965495
MD,2024-12-01,Government,CNA,1,128,0.0078125
MD,2024-12-01,Government,LPN,1,48,0.020833333333333332
MD,2024-12-01,Government,RN,3,81,0.037037037037037035
MD,2024-12-01,Non-Profit,CNA,90,1653,0.0544464609800363
MD,2024-12-01,Non-Profit,LPN,23,642,0.03582554517133956
MD,2024-12-01,Non-Profit,RN,30,695,0.04316546762589928
MD,2025-01-01,For-Profit,CNA,542,8166,0.06637276512368356
MD,2025-01-01,For-Profit,LPN,195,3470,0.056195965417867436
MD,2025-01-01,For-Profit,RN,235,3117,0.07539300609560474
MD,2025-01-01,Government,CNA,3,132,0.022727272727272728
MD,2025-01-01,Government,LPN,0,47,0.0
MD,2025-01-01,Government,RN,1,77,0.012987012987012988
MD,2025-01-01,Non-Profit,CNA,70,1647,0.042501517911353974
MD,2025-01-01,Non-Profit,LPN,29,638,0.045454545454545456
MD,2025-01-01,Non-Profit,RN,25,703,0.03556187766714083
MD,2025-02-01,For-Profit,CNA,505,8080,0.0625
MD,2025-02-01,For-Profit,LPN,174,3465,0.050216450216450215
MD,2025-02-01,For-Profit,RN,201,3086,0.06513285806869734
MD,2025-02-01,Government,CNA,3,135,0.022222222222222223
MD,2025-02-01,Government,LPN,4,50,0.08
MD,2025-02-01,Government,RN,2,81,0.024691358024691357
MD,2025-02-01,Non-Profit,CNA,81,1633,0.049601959583588484
MD,2025-02-01,Non-Profit,LPN,30,630,0.047619047619047616
MD,2025-02-01,Non-Profit,RN,25,704,0.03551136363636364
MD,2025-03-01,For-Profit,CNA,560,8242,0.06794467362290706
MD,2025-03-01,For-Profit,LPN,215,3535,0.06082036775106082
MD,2025-03-01,For-Profit,RN,271,3111,0.08711025393764063
MD,2025-03-01,Government,CNA,4,132,0.030303030303030304
MD,2025-03-01,Government,LPN,3,46,0.06521739130434782
MD,2025-03-01,Government,RN,2,86,0.023255813953488372
MD,2025-03-01,Non-Profit,CNA,91,1635,0.05565749235474006
MD,2025-03-01,Non-Profit,LPN,28,617,0.04538087520259319
MD,2025-03-01,Non-Profit,RN,35,704,0.04971590909090909
ME,2022-10-01,For-Profit,CNA,134,1866,0.07181136120042872
ME,2022-10-01,For-Profit,LPN,29,286,0.10139860139860139
ME,2022-10-01,For-Profit,RN,34,625,0.0544
ME,2022-10-01,Government,CNA,1,66,0.015151515151515152
ME,2022-10-01,Government,LPN,0,13,0.0
ME,2022-10-01,Government,RN,1,17,0.058823529411764705
ME,2022-10-01,Non-Profit,CNA,50,793,0.06305170239596469
ME,2022-10-01,Non-Profit,LPN,3,67,0.04477611940298507
ME,2022-10-01,Non-Profit,RN,11,313,0.03514376996805112
ME,2022-11-01,For-Profit,CNA,122,1823,0.06692265496434449
ME,2022-11-01,For-Profit,LPN,17,277,0.061371841155234655
ME,2022-11-01,For-Profit,RN,31,628,0.04936305732484077
ME,2022-11-01,Government,CNA,4,67,0.05970149253731343
ME,2022-11-01,Government,LPN,0,14,0.0
ME,2022-11-01,Government,RN,0,17,0.0
ME,2022-11-01,Non-Profit,CNA,40,796,0.05025125628140704
ME,2022-11-01,Non-Profit,LPN,2,69,0.028985507246376812
ME,2022-11-01,Non-Profit,RN,12,317,0.03785488958990536
ME,2022-12-01,For-Profit,CNA,119,1851,0.06428957320367369
ME,2022-12-01,For-Profit,LPN,19,285,0.06666666666666667
ME,2022-12-01,For-Profit,RN,51,635,0.08031496062992126
ME,2022-12-01,Government,CNA,1,66,0.015151515151515152
ME,2022-12-01,Government,LPN,2,13,0.15384615384615385
ME,2022-12-01,Government,RN,0,18,0.0
ME,2022-12-01,Non-Profit,CNA,42,800,0.0525
ME,2022-12-01,Non-Profit,LPN,8,70,0.11428571428571428
ME,2022-12-01,Non-Profit,RN,17,322,0.052795031055900624
ME,2023-01-01,For-Profit,CNA,117,1881,0.06220095693779904
ME,2023-01-01,For-Profit,LPN,16,283,0.05653710247349823
ME,2023-01-01,For-Profit,RN,36,624,0.057692307692307696
ME,2023-01-01,Government,CNA,1,64,0.015625
ME,2023-01-01,Government,LPN,1,12,0.08333333333333333
ME,2023-01-01,Government,RN,0,20,0.0
ME,2023-01-01,Non-Profit,CNA,46,896,0.05133928571428571
ME,2023-01-01,Non-Profit,LPN,8,77,0.1038961038961039
ME,2023-01-01,Non-Profit,RN,29,353,0.0821529745042493
ME,2023-02-01,For-Profit,CNA,98,1837,0.053347849755035384
ME,2023-02-01,For-Profit,LPN,13,287,0.04529616724738676
ME,2023-02-01,For-Profit,RN,36,603,0.05970149253731343
ME,2023-02-01,Government,CNA,0,63,0.0
ME,2023-02-01,Government,LPN,0,14,0.0
ME,2023-02-01,Government,RN,0,21,0.0
ME,2023-02-01,Non-Profit,CNA,49,874,0.05606407322654462
ME,2023-02-01,Non-Profit,LPN,5,76,0.06578947368421052
ME,2023-02-01,Non-Profit,RN,23,341,0.06744868035190615
ME,2023-03-01,For-Profit,CNA,166,1859,0.08929532006455083
ME,2023-03-01,For-Profit,LPN,26,286,0.09090909090909091
ME,2023-03-01,For-Profit,RN,34,622,0.05466237942122187
ME,2023-03-01,Government,CNA,1,65,0.015384615384615385
ME,2023-03-01,Government,LPN,2,14,0.14285714285714285
ME,2023-03-01,Government,RN,0,21,0.0
ME,2023-03-01,Non-Profit,CNA,54,880,0.06136363636363636
ME,2023-03-01,Non-Profit,LPN,5,77,0.06493506493506493
ME,2023-03-01,Non-Profit,RN,18,339,0.05309734513274336
ME,2023-04-01,For-Profit,CNA,103,1802,0.05715871254162042
ME,2023-04-01,For-Profit,LPN,19,277,0.06859205776173286
ME,2023-04-01,For-Profit,RN,31,627,0.049441786283891544
ME,2023-04-01,Government,CNA,3,64,0.046875
ME,2023-04-01,Government,LPN,1,13,0.07692307692307693
ME,2023-04-01,Government,RN,2,21,0.09523809523809523
ME,2023-04-01,Non-Profit,CNA,47,881,0.053348467650397274
ME,2023-04-01,Non-Profit,LPN,7,78,0.08974358974358974
ME,2023-04-01,Non-Profit,RN,12,349,0.034383954154727794
ME,2023-05-01,For-Profit,CNA,128,1847,0.06930157011369789
ME,2023-05-01,For-Profit,LPN,26,278,0.09352517985611511
ME,2023-05-01,For-Profit,RN,30,644,0.046583850931677016
ME,2023-05-01,Government,CNA,2,63,0.031746031746031744
ME,2023-05-01,Government,LPN,0,13,0.0
ME,2023-05-01,Government,RN,1,19,0.05263157894736842
ME,2023-05-01,Non-Profit,CNA,50,903,0.05537098560354374
ME,2023-05-01,Non-Profit,LPN,5,81,0.06172839506172839
ME,2023-05-01,Non-Profit,RN,21,355,0.059154929577464786
ME,2023-06-01,For-Profit,CNA,335,1928,0.1737551867219917
ME,2023-06-01,For-Profit,LPN,40,278,0.14388489208633093
ME,2023-06-01,For-Profit,RN,113,672,0.16815476190476192
ME,2023-06-01,Government,CNA,4,62,0.06451612903225806
ME,2023-06-01,Government,LPN,0,14,0.0
ME,2023-06-01,Government,RN,0,17,0.0
ME,2023-06-01,Non-Profit,CNA,54,882,0.061224489795918366
ME,2023-06-01,Non-Profit,LPN,5,77,0.06493506493506493
ME,2023-06-01,Non-Profit,RN,13,341,0.03812316715542522
ME,2023-07-01,For-Profit,CNA,161,2005,0.08029925187032419
ME,2023-07-01,For-Profit,LPN,23,278,0.08273381294964029
ME,2023-07-01,For-Profit,RN,35,674,0.05192878338278932
ME,2023-07-01,Government,CNA,3,59,0.05084745762711865
ME,2023-07-01,Government,LPN,2,14,0.14285714285714285
ME,2023-07-01,Government,RN,2,18,0.1111111111111111
ME,2023-07-01,Non-Profit,CNA,56,898,0.062360801781737196
ME,2023-07-01,Non-Profit,LPN,5,74,0.06756756756756757
ME,2023-07-01,Non-Profit,RN,10,340,0.029411764705882353
ME,2023-08-01,For-Profit,CNA,143,2030,0.07044334975369458
ME,2023-08-01,For-Profit,LPN,22,283,0.07773851590106007
ME,2023-08-01,For-Profit,RN,44,671,0.06557377049180328
ME,2023-08-01,Government,CNA,2,59,0.03389830508474576
ME,2023-08-01,Government,LPN,0,10,0.0
ME,2023-08-01,Government,RN,0,16,0.0
ME,2023-08-01,Non-Profit,CNA,44,892,0.04932735426008968
ME,2023-08-01,Non-Profit,LPN,5,72,0.06944444444444445
ME,2023-08-01,Non-Profit,RN,10,353,0.028328611898016998
ME,2023-09-01,For-Profit,CNA,146,2014,0.07249255213505462
ME,2023-09-01,For-Profit,LPN,13,281,0.046263345195729534
ME,2023-09-01,For-Profit,RN,31,666,0.046546546546546545
ME,2023-09-01,Government,CNA,4,71,0.056338028169014086
ME,2023-09-01,Government,LPN,0,11,0.0
ME,2023-09-01,Government,RN,1,17,0.058823529411764705
ME,2023-09-01,Non-Profit,CNA,36,899,0.04004449388209121
ME,2023-09-01,Non-Profit,LPN,5,72,0.06944444444444445
ME,2023-09-01,Non-Profit,RN,5,349,0.014326647564469915
ME,2023-10-01,For-Profit,CNA,153,2007,0.07623318385650224
ME,2023-10-01,For-Profit,LPN,24,282,0.0851063829787234
ME,2023-10-01,For-Profit,RN,34,664,0.05120481927710843
ME,2023-10-01,Government,CNA,2,72,0.027777777777777776
ME,2023-10-01,Government,LPN,0,12,0.0
ME,2023-10-01,Government,RN,1,17,0.058823529411764705
ME,2023-10-01,Non-Profit,CNA,47,959,0.049009384775808136
ME,2023-10-01,Non-Profit,LPN,2,71,0.028169014084507043
ME,2023-10-01,Non-Profit,RN,18,367,0.04904632152588556
ME,2023-11-01,For-Profit,CNA,151,1983,0.07614725163893091
ME,2023-11-01,For-Profit,LPN,20,274,0.072992700729927
ME,2023-11-01,For-Profit,RN,38,666,0.057057057057057055
ME,2023-11-01,Government,CNA,5,74,0.06756756756756757
ME,2023-11-01,Government,LPN,0,12,0.0
ME,2023-11-01,Government,RN,1,21,0.047619047619047616
ME,2023-11-01,Non-Profit,CNA,57,968,0.058884297520661155
ME,2023-11-01,Non-Profit,LPN,10,75,0.13333333333333333
ME,2023-11-01,Non-Profit,RN,7,363,0.01928374655647383
ME,2023-12-01,For-Profit,CNA,218,1987,0.10971313537996981
ME,2023-12-01,For-Profit,LPN,35,276,0.12681159420289856
ME,2023-12-01,For-Profit,RN,67,667,0.10044977511244378
ME,2023-12-01,Government,CNA,3,74,0.04054054054054054
ME,2023-12-01,Government,LPN,2,11,0.18181818181818182
ME,2023-12-01,Government,RN,3,19,0.15789473684210525
ME,2023-12-01,Non-Profit,CNA,58,963,0.060228452751817235
ME,2023-12-01,Non-Profit,LPN,5,69,0.07246376811594203
ME,2023-12-01,Non-Profit,RN,20,362,0.055248618784530384
ME,2024-01-01,For-Profit,CNA,139,2033,0.06837186424003935
ME,2024-01-01,For-Profit,LPN,16,287,0.05574912891986063
ME,2024-01-01,For-Profit,RN,32,689,0.04644412191582003
ME,2024-01-01,Government,CNA,2,72,0.027777777777777776
ME,2024-01-01,Government,LPN,1,9,0.1111111111111111
ME,2024-01-01,Government,RN,0,16,0.0
ME,2024-01-01,Non-Profit,CNA,54,943,0.05726405090137858
ME,2024-01-01,Non-Profit,LPN,1,70,0.014285714285714285
ME,2024-01-01,Non-Profit,RN,18,360,0.05
ME,2024-02-01,For-Profit,CNA,131,2000,0.0655
ME,2024-02-01,For-Profit,LPN,16,286,0.055944055944055944
ME,2024-02-01,For-Profit,RN,32,694,0.04610951008645533
ME,2024-02-01,Government,CNA,2,71,0.028169014084507043
ME,2024-02-01,Government,LPN,0,7,0.0
ME,2024-02-01,Government,RN,2,18,0.1111111111111111
ME,2024-02-01,Non-Profit,CNA,40,912,0.043859649122807015
ME,2024-02-01,Non-Profit,LPN,1,70,0.014285714285714285
ME,2024-02-01,Non-Profit,RN,9,355,0.02535211267605634
ME,2024-03-01,For-Profit,CNA,193,2039,0.0946542422756253
ME,2024-03-01,For-Profit,LPN,26,286,0.09090909090909091
ME,2024-03-01,For-Profit,RN,53,683,0.07759882869692533
ME,2024-03-01,Government,CNA,2,69,0.028985507246376812
ME,2024-03-01,Government,LPN,2,9,0.2222222222222222
ME,2024-03-01,Government,RN,0,20,0.0
ME,2024-03-01,Non-Profit,CNA,63,943,0.06680805938494168
ME,2024-03-01,Non-Profit,LPN,9,78,0.11538461538461539
ME,2024-03-01,Non-Profit,RN,13,361,0.036011080332409975
ME,2024-04-01,For-Profit,CNA,107,2075,0.051566265060240965
ME,2024-04-01,For-Profit,LPN,21,285,0.07368421052631578
ME,2024-04-01,For-Profit,RN,29,691,0.041968162083936326
ME,2024-04-01,Government,CNA,3,69,0.043478260869565216
ME,2024-04-01,Government,LPN,1,8,0.125
ME,2024-04-01,Government,RN,1,23,0.043478260869565216
ME,2024-04-01,Non-Profit,CNA,51,973,0.052415210688591986
ME,2024-04-01,Non-Profit,LPN,5,83,0.060240963855421686
ME,2024-04-01,Non-Profit,RN,12,369,0.032520325203252036
ME,2024-05-01,For-Profit,CNA,194,2159,0.08985641500694766
ME,2024-05-01,For-Profit,LPN,23,286,0.08041958041958042
ME,2024-05-01,For-Profit,RN,37,713,0.051893408134642355
ME,2024-05-01,Government,CNA,1,76,0.013157894736842105
ME,2024-05-01,Government,LPN,0,7,0.0
ME,2024-05-01,Government,RN,2,23,0.08695652173913043
ME,2024-05-01,Non-Profit,CNA,48,991,0.04843592330978809
ME,2024-05-01,Non-Profit,LPN,5,87,0.05747126436781609
ME,2024-05-01,Non-Profit,RN,12,373,0.032171581769437
ME,2024-06-01,For-Profit,CNA,145,2140,0.06775700934579439
ME,2024-06-01,For-Profit,LPN,16,276,0.057971014492753624
ME,2024-06-01,For-Profit,RN,47,719,0.06536856745479833
ME,2024-06-01,Government,CNA,4,83,0.04819277108433735
ME,2024-06-01,Government,LPN,1,8,0.125
ME,2024-06-01,Government,RN,1,23,0.043478260869565216
ME,2024-06-01,Non-Profit,CNA,56,1015,0.05517241379310345
ME,2024-06-01,Non-Profit,LPN,5,88,0.056818181818181816
ME,2024-06-01,Non-Profit,RN,11,375,0.029333333333333333
ME,2024-07-01,For-Profit,CNA,153,2152,0.07109665427509294
ME,2024-07-01,For-Profit,LPN,14,284,0.04929577464788732
ME,2024-07-01,For-Profit,RN,38,726,0.05234159779614325
ME,2024-07-01,Government,CNA,3,85,0.03529411764705882
ME,2024-07-01,Government,LPN,0,7,0.0
ME,2024-07-01,Government,RN,1,26,0.038461538461538464
ME,2024-07-01,Non-Profit,CNA,54,991,0.054490413723511606
ME,2024-07-01,Non-Profit,LPN,6,92,0.06521739130434782
ME,2024-07-01,Non-Profit,RN,13,366,0.03551912568306011
ME,2024-08-01,For-Profit,CNA,163,2178,0.07483930211202938
ME,2024-08-01,For-Profit,LPN,22,290,0.07586206896551724
ME,2024-08-01,For-Profit,RN,46,724,0.06353591160220995
ME,2024-08-01,Government,CNA,2,91,0.02197802197802198
ME,2024-08-01,Government,LPN,0,8,0.0
ME,2024-08-01,Government,RN,1,26,0.038461538461538464
ME,2024-08-01,Non-Profit,CNA,65,988,0.06578947368421052
ME,2024-08-01,Non-Profit,LPN,6,87,0.06896551724137931
ME,2024-08-01,Non-Profit,RN,13,371,0.03504043126684636
ME,2024-09-01,For-Profit,CNA,164,2150,0.07627906976744186
ME,2024-09-01,For-Profit,LPN,11,282,0.03900709219858156
ME,2024-09-01,For-Profit,RN,37,714,0.05182072829131653
ME,2024-09-01,Government,CNA,7,91,0.07692307692307693
ME,2024-09-01,Government,LPN,0,8,0.0
ME,2024-09-01,Government,RN,0,25,0.0
ME,2024-09-01,Non-Profit,CNA,67,962,0.06964656964656965
ME,2024-09-01,Non-Profit,LPN,13,89,0.14606741573033707
ME,2024-09-01,Non-Profit,RN,20,381,0.05249343832020997
ME,2024-10-01,For-Profit,CNA,145,2144,0.06763059701492537
ME,2024-10-01,For-Profit,LPN,24,302,0.07947019867549669
ME,2024-10-01,For-Profit,RN,33,740,0.0445945945945946
ME,2024-10-01,Government,CNA,6,87,0.06896551724137931
ME,2024-10-01,Government,LPN,1,9,0.1111111111111111
ME,2024-10-01,Government,RN,0,26,0.0
ME,2024-10-01,Non-Profit,CNA,66,1034,0.06382978723404255
ME,2024-10-01,Non-Profit,LPN,4,82,0.04878048780487805
ME,2024-10-01,Non-Profit,RN,14,392,0.03571428571428571
ME,2024-11-01,For-Profit,CNA,146,2198,0.06642402183803457
ME,2024-11-01,For-Profit,LPN,16,289,0.05536332179930796
ME,2024-11-01,For-Profit,RN,42,730,0.057534246575342465
ME,2024-11-01,Government,CNA,1,84,0.011904761904761904
ME,2024-11-01,Government,LPN,0,8,0.0
ME,2024-11-01,Government,RN,0,27,0.0
ME,2024-11-01,Non-Profit,CNA,59,1043,0.05656759348034516
ME,2024-11-01,Non-Profit,LPN,3,89,0.033707865168539325
ME,2024-11-01,Non-Profit,RN,14,396,0.03535353535353535
ME,2024-12-01,For-Profit,CNA,150,2209,0.06790402897238569
ME,2024-12-01,For-Profit,LPN,17,289,0.058823529411764705
ME,2024-12-01,For-Profit,RN,36,739,0.04871447902571042
ME,2024-12-01,Government,CNA,4,89,0.0449438202247191
ME,2024-12-01,Government,LPN,0,7,0.0
ME,2024-12-01,Government,RN,1,27,0.037037037037037035
ME,2024-12-01,Non-Profit,CNA,59,1044,0.05651340996168582
ME,2024-12-01,Non-Profit,LPN,8,92,0.08695652173913043
ME,2024-12-01,Non-Profit,RN,12,395,0.030379746835443037
ME,2025-01-01,For-Profit,CNA,143,2219,0.0644434429923389
ME,2025-01-01,For-Profit,LPN,14,293,0.04778156996587031
ME,2025-01-01,For-Profit,RN,39,742,0.05256064690026954
ME,2025-01-01,Government,CNA,2,88,0.022727272727272728
ME,2025-01-01,Government,LPN,0,9,0.0
ME,2025-01-01,Government,RN,2,26,0.07692307692307693
ME,2025-01-01,Non-Profit,CNA,63,1072,0.058768656716417914
ME,2025-01-01,Non-Profit,LPN,8,98,0.08163265306122448
ME,2025-01-01,Non-Profit,RN,24,409,0.05867970660146699
ME,2025-02-01,For-Profit,CNA,124,2197,0.056440600819299046
ME,2025-02-01,For-Profit,LPN,20,300,0.06666666666666667
ME,2025-02-01,For-Profit,RN,29,732,0.03961748633879782
ME,2025-02-01,Government,CNA,0,89,0.0
ME,2025-02-01,Government,LPN,1,9,0.1111111111111111
ME,2025-02-01,Government,RN,1,24,0.041666666666666664
ME,2025-02-01,Non-Profit,CNA,65,1024,0.0634765625
ME,2025-02-01,Non-Profit,LPN,4,94,0.0425531914893617
ME,2025-02-01,Non-Profit,RN,14,397,0.03526448362720403
ME,2025-03-01,For-Profit,CNA,149,2245,0.06636971046770601
ME,2025-03-01,For-Profit,LPN,20,300,0.06666666666666667
ME,2025-03-01,For-Profit,RN,62,752,0.08244680851063829
ME,2025-03-01,Government,CNA,3,88,0.03409090909090909
ME,2025-03-01,Government,LPN,2,9,0.2222222222222222
ME,2025-03-01,Government,RN,3,21,0.14285714285714285
ME,2025-03-01,Non-Profit,CNA,68,1018,0.06679764243614932
ME,2025-03-01,Non-Profit,LPN,3,96,0.03125
ME,2025-03-01,Non-Profit,RN,14,392,0.03571428571428571
MI,2022-10-01,For-Profit,CNA,1221,12795,0.09542790152403283
MI,2022-10-01,For-Profit,LPN,399,5193,0.07683419988445984
MI,2022-10-01,For-Profit,RN,265,3782,0.07006874669487044
MI,2022-10-01,Government,CNA,110,2433,0.04521167283189478
MI,2022-10-01,Government,LPN,20,574,0.03484320557491289
MI,2022-10-01,Government,RN,34,780,0.04358974358974359
MI,2022-10-01,Non-Profit,CNA,159,2190,0.07260273972602739
MI,2022-10-01,Non-Profit,LPN,29,766,0.037859007832898174
MI,2022-10-01,Non-Profit,RN,33,754,0.04376657824933687
MI,2022-11-01,For-Profit,CNA,1074,12818,0.08378842253081605
MI,2022-11-01,For-Profit,LPN,384,5263,0.07296218886566597
MI,2022-11-01,For-Profit,RN,210,3761,0.05583621377293273
MI,2022-11-01,Government,CNA,97,2436,0.03981937602627258
MI,2022-11-01,Government,LPN,16,578,0.02768166089965398
MI,2022-11-01,Government,RN,17,754,0.022546419098143235
MI,2022-11-01,Non-Profit,CNA,136,2175,0.0625287356321839
MI,2022-11-01,Non-Profit,LPN,32,774,0.041343669250646
MI,2022-11-01,Non-Profit,RN,31,745,0.04161073825503356
MI,2022-12-01,For-Profit,CNA,1320,12860,0.1026438569206843
MI,2022-12-01,For-Profit,LPN,480,5267,0.09113347256502753
MI,2022-12-01,For-Profit,RN,303,3791,0.07992614085993141
MI,2022-12-01,Government,CNA,108,2433,0.04438964241676942
MI,2022-12-01,Government,LPN,23,579,0.039723661485319514
MI,2022-12-01,Government,RN,31,762,0.04068241469816273
MI,2022-12-01,Non-Profit,CNA,166,2161,0.07681628875520592
MI,2022-12-01,Non-Profit,LPN,37,770,0.048051948051948054
MI,2022-12-01,Non-Profit,RN,38,739,0.05142083897158322
MI,2023-01-01,For-Profit,CNA,1358,13477,0.10076426504414929
MI,2023-01-01,For-Profit,LPN,525,5533,0.09488523405024399
MI,2023-01-01,For-Profit,RN,307,3877,0.0791849368068094
MI,2023-01-01,Government,CNA,74,2337,0.031664527171587506
MI,2023-01-01,Government,LPN,20,584,0.03424657534246575
MI,2023-01-01,Government,RN,27,761,0.035479632063074903
MI,2023-01-01,Non-Profit,CNA,159,2232,0.07123655913978495
MI,2023-01-01,Non-Profit,LPN,24,809,0.029666254635352288
MI,2023-01-01,Non-Profit,RN,34,777,0.043758043758043756
MI,2023-02-01,For-Profit,CNA,1163,13099,0.08878540346591343
MI,2023-02-01,For-Profit,LPN,396,5349,0.07403252944475602
MI,2023-02-01,For-Profit,RN,240,3816,0.06289308176100629
MI,2023-02-01,Government,CNA,171,2509,0.06815464328417696
MI,2023-02-01,Government,LPN,40,604,0.06622516556291391
MI,2023-02-01,Government,RN,45,784,0.05739795918367347
MI,2023-02-01,Non-Profit,CNA,147,2197,0.06690942193900774
MI,2023-02-01,Non-Profit,LPN,37,817,0.04528763769889841
MI,2023-02-01,Non-Profit,RN,38,768,0.049479166666666664
MI,2023-03-01,For-Profit,CNA,1672,13385,0.1249159506910721
MI,2023-03-01,For-Profit,LPN,666,5492,0.12126729788783686
MI,2023-03-01,For-Profit,RN,348,3870,0.08992248062015504
MI,2023-03-01,Government,CNA,115,2388,0.04815745393634841
MI,2023-03-01,Government,LPN,32,582,0.054982817869415807
MI,2023-03-01,Government,RN,34,745,0.04563758389261745
MI,2023-03-01,Non-Profit,CNA,166,2254,0.07364685004436557
MI,2023-03-01,Non-Profit,LPN,61,830,0.07349397590361446
MI,2023-03-01,Non-Profit,RN,53,770,0.06883116883116883
MI,2023-04-01,For-Profit,CNA,1246,13264,0.09393848009650181
MI,2023-04-01,For-Profit,LPN,399,5399,0.07390257455084275
MI,2023-04-01,For-Profit,RN,229,3852,0.05944963655244029
MI,2023-04-01,Government,CNA,132,2515,0.052485089463220676
MI,2023-04-01,Government,LPN,20,620,0.03225806451612903
MI,2023-04-01,Government,RN,12,756,0.015873015873015872
MI,2023-04-01,Non-Profit,CNA,212,2270,0.0933920704845815
MI,2023-04-01,Non-Profit,LPN,86,820,0.1048780487804878
MI,2023-04-01,Non-Profit,RN,51,779,0.06546854942233633
MI,2023-05-01,For-Profit,CNA,1383,13706,0.10090471326426383
MI,2023-05-01,For-Profit,LPN,416,5514,0.0754443235400798
MI,2023-05-01,For-Profit,RN,246,3916,0.06281920326864147
MI,2023-05-01,Government,CNA,124,2517,0.04926499801350814
MI,2023-05-01,Government,LPN,27,627,0.0430622009569378
MI,2023-05-01,Government,RN,21,776,0.027061855670103094
MI,2023-05-01,Non-Profit,CNA,165,2238,0.07372654155495978
MI,2023-05-01,Non-Profit,LPN,40,781,0.05121638924455826
MI,2023-05-01,Non-Profit,RN,33,761,0.04336399474375821
MI,2023-06-01,For-Profit,CNA,1339,13821,0.09688155705086463
MI,2023-06-01,For-Profit,LPN,474,5612,0.08446186742694227
MI,2023-06-01,For-Profit,RN,297,3967,0.07486765817998488
MI,2023-06-01,Government,CNA,117,2543,0.04600865119937082
MI,2023-06-01,Government,LPN,38,627,0.06060606060606061
MI,2023-06-01,Government,RN,22,794,0.027707808564231738
MI,2023-06-01,Non-Profit,CNA,204,2265,0.09006622516556291
MI,2023-06-01,Non-Profit,LPN,82,793,0.1034047919293821
MI,2023-06-01,Non-Profit,RN,60,770,0.07792207792207792
MI,2023-07-01,For-Profit,CNA,1421,14087,0.10087314545325478
MI,2023-07-01,For-Profit,LPN,519,5720,0.09073426573426574
MI,2023-07-01,For-Profit,RN,293,4017,0.07294000497883993
MI,2023-07-01,Government,CNA,138,2585,0.053384912959381046
MI,2023-07-01,Government,LPN,26,594,0.04377104377104377
MI,2023-07-01,Government,RN,27,781,0.034571062740076826
MI,2023-07-01,Non-Profit,CNA,134,2237,0.059901654000894054
MI,2023-07-01,Non-Profit,LPN,39,762,0.051181102362204724
MI,2023-07-01,Non-Profit,RN,48,768,0.0625
MI,2023-08-01,For-Profit,CNA,1527,14343,0.10646308303702154
MI,2023-08-01,For-Profit,LPN,525,5792,0.09064226519337017
MI,2023-08-01,For-Profit,RN,299,4081,0.07326635628522421
MI,2023-08-01,Government,CNA,229,2675,0.08560747663551402
MI,2023-08-01,Government,LPN,66,633,0.10426540284360189
MI,2023-08-01,Government,RN,31,764,0.04057591623036649
MI,2023-08-01,Non-Profit,CNA,153,2276,0.0672231985940246
MI,2023-08-01,Non-Profit,LPN,41,771,0.05317769130998703
MI,2023-08-01,Non-Profit,RN,29,741,0.03913630229419703
MI,2023-09-01,For-Profit,CNA,1559,14263,0.10930379303091917
MI,2023-09-01,For-Profit,LPN,593,5814,0.1019951840385277
MI,2023-09-01,For-Profit,RN,349,4049,0.08619412200543344
MI,2023-09-01,Government,CNA,129,2552,0.05054858934169279
MI,2023-09-01,Government,LPN,28,591,0.047377326565143825
MI,2023-09-01,Government,RN,30,762,0.03937007874015748
MI,2023-09-01,Non-Profit,CNA,145,2256,0.06427304964539007
MI,2023-09-01,Non-Profit,LPN,43,751,0.05725699067909454
MI,2023-09-01,Non-Profit,RN,46,730,0.06301369863013699
MI,2023-10-01,For-Profit,CNA,1344,14260,0.09424964936886396
MI,2023-10-01,For-Profit,LPN,491,5814,0.08445132438940489
MI,2023-10-01,For-Profit,RN,312,4114,0.07583859990277103
MI,2023-10-01,Government,CNA,124,2496,0.049679487179487176
MI,2023-10-01,Government,LPN,22,585,0.037606837606837605
MI,2023-10-01,Government,RN,28,760,0.03684210526315789
MI,2023-10-01,Non-Profit,CNA,152,2365,0.06427061310782241
MI,2023-10-01,Non-Profit,LPN,56,841,0.06658739595719382
MI,2023-10-01,Non-Profit,RN,25,767,0.03259452411994785
MI,2023-11-01,For-Profit,CNA,1260,14269,0.08830331487840774
MI,2023-11-01,For-Profit,LPN,445,5784,0.07693637621023514
MI,2023-11-01,For-Profit,RN,295,4115,0.07168894289185905
MI,2023-11-01,Government,CNA,105,2463,0.04263093788063337
MI,2023-11-01,Government,LPN,20,593,0.03372681281618887
MI,2023-11-01,Government,RN,19,752,0.02526595744680851
MI,2023-11-01,Non-Profit,CNA,152,2411,0.06304437992534218
MI,2023-11-01,Non-Profit,LPN,46,842,0.05463182897862233
MI,2023-11-01,Non-Profit,RN,30,772,0.038860103626943004
MI,2023-12-01,For-Profit,CNA,1479,14180,0.10430183356840621
MI,2023-12-01,For-Profit,LPN,576,5801,0.09929322530598172
MI,2023-12-01,For-Profit,RN,461,4109,0.11219274762715989
MI,2023-12-01,Government,CNA,126,2482,0.05076551168412571
MI,2023-12-01,Government,LPN,28,598,0.046822742474916385
MI,2023-12-01,Government,RN,21,746,0.028150134048257374
MI,2023-12-01,Non-Profit,CNA,281,2532,0.11097946287519747
MI,2023-12-01,Non-Profit,LPN,86,880,0.09772727272727273
MI,2023-12-01,Non-Profit,RN,66,792,0.08333333333333333
MI,2024-01-01,For-Profit,CNA,1352,14328,0.0943606923506421
MI,2024-01-01,For-Profit,LPN,493,5770,0.0854419410745234
MI,2024-01-01,For-Profit,RN,293,4082,0.07177853993140618
MI,2024-01-01,Government,CNA,110,2656,0.04141566265060241
MI,2024-01-01,Government,LPN,33,638,0.05172413793103448
MI,2024-01-01,Government,RN,21,796,0.026381909547738693
MI,2024-01-01,Non-Profit,CNA,151,2467,0.061207944872314554
MI,2024-01-01,Non-Profit,LPN,49,884,0.05542986425339366
MI,2024-01-01,Non-Profit,RN,33,825,0.04
MI,2024-02-01,For-Profit,CNA,1588,14723,0.10785845276098621
MI,2024-02-01,For-Profit,LPN,525,5856,0.08965163934426229
MI,2024-02-01,For-Profit,RN,389,4267,0.09116475275369111
MI,2024-02-01,Government,CNA,124,2770,0.044765342960288806
MI,2024-02-01,Government,LPN,23,648,0.035493827160493825
MI,2024-02-01,Government,RN,21,845,0.02485207100591716
MI,2024-02-01,Non-Profit,CNA,142,2463,0.05765326837190418
MI,2024-02-01,Non-Profit,LPN,31,878,0.03530751708428246
MI,2024-02-01,Non-Profit,RN,35,832,0.042067307692307696
MI,2024-03-01,For-Profit,CNA,1547,14467,0.10693301997649823
MI,2024-03-01,For-Profit,LPN,517,5853,0.08833077054501964
MI,2024-03-01,For-Profit,RN,375,4165,0.09003601440576231
MI,2024-03-01,Government,CNA,179,2718,0.06585724797645327
MI,2024-03-01,Government,LPN,23,628,0.03662420382165605
MI,2024-03-01,Government,RN,37,813,0.04551045510455105
MI,2024-03-01,Non-Profit,CNA,274,2487,0.110172899075191
MI,2024-03-01,Non-Profit,LPN,69,907,0.07607497243660419
MI,2024-03-01,Non-Profit,RN,85,828,0.10265700483091787
MI,2024-04-01,For-Profit,CNA,1322,14102,0.09374556800453836
MI,2024-04-01,For-Profit,LPN,402,5706,0.07045215562565721
MI,2024-04-01,For-Profit,RN,298,4050,0.07358024691358024
MI,2024-04-01,Government,CNA,147,2648,0.055513595166163145
MI,2024-04-01,Government,LPN,21,625,0.0336
MI,2024-04-01,Government,RN,13,807,0.0161090458488228
MI,2024-04-01,Non-Profit,CNA,173,2484,0.06964573268921095
MI,2024-04-01,Non-Profit,LPN,45,896,0.05022321428571429
MI,2024-04-01,Non-Profit,RN,44,832,0.052884615384615384
MI,2024-05-01,For-Profit,CNA,1308,14373,0.09100396576915049
MI,2024-05-01,For-Profit,LPN,504,5771,0.08733321781320395
MI,2024-05-01,For-Profit,RN,305,4101,0.07437210436478908
MI,2024-05-01,Government,CNA,147,2676,0.05493273542600897
MI,2024-05-01,Government,LPN,25,628,0.03980891719745223
MI,2024-05-01,Government,RN,17,814,0.020884520884520884
MI,2024-05-01,Non-Profit,CNA,193,2446,0.07890433360588717
MI,2024-05-01,Non-Profit,LPN,43,887,0.048478015783540024
MI,2024-05-01,Non-Profit,RN,46,815,0.05644171779141104
MI,2024-06-01,For-Profit,CNA,1329,14426,0.09212532926660197
MI,2024-06-01,For-Profit,LPN,486,5771,0.08421417431987524
MI,2024-06-01,For-Profit,RN,351,4096,0.085693359375
MI,2024-06-01,Government,CNA,158,2678,0.05899925317401045
MI,2024-06-01,Government,LPN,41,628,0.06528662420382166
MI,2024-06-01,Government,RN,43,823,0.05224787363304982
MI,2024-06-01,Non-Profit,CNA,164,2467,0.06647750304012971
MI,2024-06-01,Non-Profit,LPN,47,885,0.05310734463276836
MI,2024-06-01,Non-Profit,RN,26,790,0.03291139240506329
MI,2024-07-01,For-Profit,CNA,1356,14684,0.09234540997003542
MI,2024-07-01,For-Profit,LPN,431,5902,0.0730260928498814
MI,2024-07-01,For-Profit,RN,293,4186,0.06999522216913522
MI,2024-07-01,Government,CNA,124,2712,0.045722713864306784
MI,2024-07-01,Government,LPN,17,609,0.027914614121510674
MI,2024-07-01,Government,RN,32,825,0.03878787878787879
MI,2024-07-01,Non-Profit,CNA,172,2550,0.06745098039215686
MI,2024-07-01,Non-Profit,LPN,61,918,0.0664488017429194
MI,2024-07-01,Non-Profit,RN,31,846,0.03664302600472813
MI,2024-08-01,For-Profit,CNA,1534,14844,0.10334141740770682
MI,2024-08-01,For-Profit,LPN,543,6019,0.09021432131583319
MI,2024-08-01,For-Profit,RN,307,4237,0.07245692707104083
MI,2024-08-01,Government,CNA,145,2708,0.053545051698670604
MI,2024-08-01,Government,LPN,27,605,0.04462809917355372
MI,2024-08-01,Government,RN,22,821,0.02679658952496955
MI,2024-08-01,Non-Profit,CNA,193,2569,0.07512650836901517
MI,2024-08-01,Non-Profit,LPN,43,897,0.04793756967670011
MI,2024-08-01,Non-Profit,RN,33,834,0.039568345323741004
MI,2024-09-01,For-Profit,CNA,1951,14573,0.13387771906951212
MI,2024-09-01,For-Profit,LPN,738,5947,0.12409618294938625
MI,2024-09-01,For-Profit,RN,555,4232,0.1311436672967864
MI,2024-09-01,Government,CNA,122,2686,0.045420699925539834
MI,2024-09-01,Government,LPN,23,608,0.03782894736842105
MI,2024-09-01,Government,RN,27,815,0.033128834355828224
MI,2024-09-01,Non-Profit,CNA,171,2492,0.06861958266452649
MI,2024-09-01,Non-Profit,LPN,64,915,0.06994535519125683
MI,2024-09-01,Non-Profit,RN,44,836,0.05263157894736842
MI,2024-10-01,For-Profit,CNA,1280,14786,0.08656837549032868
MI,2024-10-01,For-Profit,LPN,464,6067,0.07647931432338882
MI,2024-10-01,For-Profit,RN,315,4295,0.07334109429569266
MI,2024-10-01,Government,CNA,113,2769,0.04080895630191405
MI,2024-10-01,Government,LPN,13,626,0.020766773162939296
MI,2024-10-01,Government,RN,21,814,0.025798525798525797
MI,2024-10-01,Non-Profit,CNA,157,2554,0.06147220046985121
MI,2024-10-01,Non-Profit,LPN,49,926,0.052915766738660906
MI,2024-10-01,Non-Profit,RN,28,850,0.03294117647058824
MI,2024-11-01,For-Profit,CNA,1174,14847,0.07907321344379335
MI,2024-11-01,For-Profit,LPN,443,6024,0.07353917662682603
MI,2024-11-01,For-Profit,RN,250,4274,0.0584932147870847
MI,2024-11-01,Government,CNA,107,2806,0.038132573057733425
MI,2024-11-01,Government,LPN,9,635,0.014173228346456693
MI,2024-11-01,Government,RN,14,828,0.016908212560386472
MI,2024-11-01,Non-Profit,CNA,140,2548,0.054945054945054944
MI,2024-11-01,Non-Profit,LPN,33,923,0.035752979414951244
MI,2024-11-01,Non-Profit,RN,47,849,0.05535924617196702
MI,2024-12-01,For-Profit,CNA,1322,14766,0.08953000135446296
MI,2024-12-01,For-Profit,LPN,423,5978,0.0707594513215122
MI,2024-12-01,For-Profit,RN,323,4279,0.07548492638466932
MI,2024-12-01,Government,CNA,169,2817,0.059992900248491306
MI,2024-12-01,Government,LPN,30,647,0.04636785162287481
MI,2024-12-01,Government,RN,39,841,0.04637336504161712
MI,2024-12-01,Non-Profit,CNA,121,2571,0.0470633994554648
MI,2024-12-01,Non-Profit,LPN,48,931,0.05155746509129968
MI,2024-12-01,Non-Profit,RN,38,835,0.045508982035928146
MI,2025-01-01,For-Profit,CNA,1272,14837,0.08573161690368673
MI,2025-01-01,For-Profit,LPN,420,6035,0.0695940347970174
MI,2025-01-01,For-Profit,RN,298,4319,0.06899745311414679
MI,2025-01-01,Government,CNA,113,2814,0.04015636105188344
MI,2025-01-01,Government,LPN,20,661,0.030257186081694403
MI,2025-01-01,Government,RN,18,828,0.021739130434782608
MI,2025-01-01,Non-Profit,CNA,169,2571,0.06573317775184753
MI,2025-01-01,Non-Profit,LPN,66,941,0.07013815090329437
MI,2025-01-01,Non-Profit,RN,29,833,0.03481392557022809
MI,2025-02-01,For-Profit,CNA,1289,14915,0.08642306402950051
MI,2025-02-01,For-Profit,LPN,423,6055,0.06985962014863749
MI,2025-02-01,For-Profit,RN,313,4295,0.07287543655413271
MI,2025-02-01,Government,CNA,106,2797,0.03789774758670004
MI,2025-02-01,Government,LPN,24,662,0.03625377643504532
MI,2025-02-01,Government,RN,20,828,0.024154589371980676
MI,2025-02-01,Non-Profit,CNA,150,2473,0.0606550748079256
MI,2025-02-01,Non-Profit,LPN,38,906,0.04194260485651214
MI,2025-02-01,Non-Profit,RN,34,819,0.04151404151404151
MI,2025-03-01,For-Profit,CNA,1302,15054,0.08648864089278598
MI,2025-03-01,For-Profit,LPN,490,6053,0.08095159425078473
MI,2025-03-01,For-Profit,RN,356,4300,0.0827906976744186
MI,2025-03-01,Government,CNA,207,2823,0.07332624867162593
MI,2025-03-01,Government,LPN,35,654,0.053516819571865444
MI,2025-03-01,Government,RN,55,854,0.06440281030444965
MI,2025-03-01,Non-Profit,CNA,181,2530,0.07154150197628459
MI,2025-03-01,Non-Profit,LPN,66,927,0.07119741100323625
MI,2025-03-01,Non-Profit,RN,54,837,0.06451612903225806
MN,2022-10-01,For-Profit,CNA,234,2983,0.07844451894066376
MN,2022-10-01,For-Profit,LPN,46,841,0.054696789536266346
MN,2022-10-01,For-Profit,RN,77,1228,0.06270358306188925
MN,2022-10-01,Government,CNA,34,882,0.03854875283446712
MN,2022-10-01,Government,LPN,3,196,0.015306122448979591
MN,2022-10-01,Government,RN,6,297,0.020202020202020204
MN,2022-10-01,Non-Profit,CNA,506,7941,0.06371993451706334
MN,2022-10-01,Non-Profit,LPN,84,1900,0.04421052631578947
MN,2022-10-01,Non-Profit,RN,137,3063,0.044727391446294486
MN,2022-11-01,For-Profit,CNA,248,3014,0.0822826808228268
MN,2022-11-01,For-Profit,LPN,53,821,0.06455542021924482
MN,2022-11-01,For-Profit,RN,100,1201,0.08326394671107411
MN,2022-11-01,Government,CNA,39,903,0.04318936877076412
MN,2022-11-01,Government,LPN,1,197,0.005076142131979695
MN,2022-11-01,Government,RN,6,301,0.019933554817275746
MN,2022-11-01,Non-Profit,CNA,440,7945,0.05538074260541221
MN,2022-11-01,Non-Profit,LPN,98,1876,0.05223880597014925
MN,2022-11-01,Non-Profit,RN,131,2999,0.0436812270756919
MN,2022-12-01,For-Profit,CNA,576,3127,0.18420211064918451
MN,2022-12-01,For-Profit,LPN,166,828,0.20048309178743962
MN,2022-12-01,For-Profit,RN,217,1221,0.17772317772317772
MN,2022-12-01,Government,CNA,48,924,0.05194805194805195
MN,2022-12-01,Government,LPN,11,208,0.052884615384615384
MN,2022-12-01,Government,RN,14,298,0.04697986577181208
MN,2022-12-01,Non-Profit,CNA,583,8133,0.07168326570761097
MN,2022-12-01,Non-Profit,LPN,101,1846,0.05471289274106175
MN,2022-12-01,Non-Profit,RN,177,2984,0.05931635388739946
MN,2023-01-01,For-Profit,CNA,199,2976,0.06686827956989247
MN,2023-01-01,For-Profit,LPN,56,822,0.0681265206812652
MN,2023-01-01,For-Profit,RN,72,1175,0.06127659574468085
MN,2023-01-01,Government,CNA,38,908,0.04185022026431718
MN,2023-01-01,Government,LPN,0,201,0.0
MN,2023-01-01,Government,RN,8,302,0.026490066225165563
MN,2023-01-01,Non-Profit,CNA,475,8332,0.05700912145943351
MN,2023-01-01,Non-Profit,LPN,80,1915,0.04177545691906005
MN,2023-01-01,Non-Profit,RN,123,3072,0.0400390625
MN,2023-02-01,For-Profit,CNA,174,2924,0.05950752393980848
MN,2023-02-01,For-Profit,LPN,41,817,0.05018359853121175
MN,2023-02-01,For-Profit,RN,61,1176,0.05187074829931973
MN,2023-02-01,Government,CNA,24,863,0.027809965237543453
MN,2023-02-01,Government,LPN,2,207,0.00966183574879227
MN,2023-02-01,Government,RN,8,298,0.026845637583892617
MN,2023-02-01,Non-Profit,CNA,419,8067,0.05194000247923639
MN,2023-02-01,Non-Profit,LPN,88,1896,0.046413502109704644
MN,2023-02-01,Non-Profit,RN,127,3060,0.04150326797385621
MN,2023-03-01,For-Profit,CNA,270,3031,0.08907951171230617
MN,2023-03-01,For-Profit,LPN,56,821,0.0682095006090134
MN,2023-03-01,For-Profit,RN,121,1205,0.1004149377593361
MN,2023-03-01,Government,CNA,41,875,0.046857142857142854
MN,2023-03-01,Government,LPN,10,211,0.04739336492890995
MN,2023-03-01,Government,RN,8,292,0.0273972602739726
MN,2023-03-01,Non-Profit,CNA,529,8294,0.06378104653966724
MN,2023-03-01,Non-Profit,LPN,103,1903,0.054125065685759324
MN,2023-03-01,Non-Profit,RN,255,3051,0.08357915437561456
MN,2023-04-01,For-Profit,CNA,204,2872,0.07103064066852367
MN,2023-04-01,For-Profit,LPN,38,807,0.04708798017348203
MN,2023-04-01,For-Profit,RN,90,1121,0.08028545941123996
MN,2023-04-01,Government,CNA,25,876,0.028538812785388126
MN,2023-04-01,Government,LPN,2,199,0.010050251256281407
MN,2023-04-01,Government,RN,5,301,0.016611295681063124
MN,2023-04-01,Non-Profit,CNA,470,8086,0.058125154588177096
MN,2023-04-01,Non-Profit,LPN,78,1901,0.041031036296685953
MN,2023-04-01,Non-Profit,RN,113,2919,0.03871188763275094
MN,2023-05-01,For-Profit,CNA,255,3057,0.08341511285574092
MN,2023-05-01,For-Profit,LPN,35,835,0.041916167664670656
MN,2023-05-01,For-Profit,RN,69,1150,0.06
MN,2023-05-01,Government,CNA,27,893,0.030235162374020158
MN,2023-05-01,Government,LPN,11,209,0.05263157894736842
MN,2023-05-01,Government,RN,7,304,0.023026315789473683
MN,2023-05-01,Non-Profit,CNA,532,8391,0.06340126325825289
MN,2023-05-01,Non-Profit,LPN,84,1905,0.04409448818897638
MN,2023-05-01,Non-Profit,RN,115,2919,0.03939705378554299
MN,2023-06-01,For-Profit,CNA,216,3065,0.07047308319738989
MN,2023-06-01,For-Profit,LPN,58,847,0.06847697756788666
MN,2023-06-01,For-Profit,RN,68,1150,0.059130434782608696
MN,2023-06-01,Government,CNA,48,924,0.05194805194805195
MN,2023-06-01,Government,LPN,7,209,0.03349282296650718
MN,2023-06-01,Government,RN,11,311,0.03536977491961415
MN,2023-06-01,Non-Profit,CNA,671,8579,0.07821424408439212
MN,2023-06-01,Non-Profit,LPN,134,1913,0.07004704652378463
MN,2023-06-01,Non-Profit,RN,186,2965,0.0627318718381113
MN,2023-07-01,For-Profit,CNA,256,3165,0.08088467614533965
MN,2023-07-01,For-Profit,LPN,68,888,0.07657657657657657
MN,2023-07-01,For-Profit,RN,85,1182,0.07191201353637902
MN,2023-07-01,Government,CNA,39,937,0.0416221985058698
MN,2023-07-01,Government,LPN,2,210,0.009523809523809525
MN,2023-07-01,Government,RN,7,300,0.023333333333333334
MN,2023-07-01,Non-Profit,CNA,581,8442,0.06882255389718077
MN,2023-07-01,Non-Profit,LPN,99,1868,0.05299785867237687
MN,2023-07-01,Non-Profit,RN,125,2890,0.04325259515570934
MN,2023-08-01,For-Profit,CNA,319,3296,0.09678398058252427
MN,2023-08-01,For-Profit,LPN,46,890,0.051685393258426963
MN,2023-08-01,For-Profit,RN,79,1204,0.06561461794019934
MN,2023-08-01,Government,CNA,45,919,0.04896626768226333
MN,2023-08-01,Government,LPN,6,205,0.02926829268292683
MN,2023-08-01,Government,RN,3,298,0.010067114093959731
MN,2023-08-01,Non-Profit,CNA,671,8491,0.07902484984100813
MN,2023-08-01,Non-Profit,LPN,108,1864,0.05793991416309013
MN,2023-08-01,Non-Profit,RN,153,2905,0.05266781411359724
MN,2023-09-01,For-Profit,CNA,282,3162,0.08918406072106262
MN,2023-09-01,For-Profit,LPN,71,898,0.07906458797327394
MN,2023-09-01,For-Profit,RN,105,1219,0.08613617719442165
MN,2023-09-01,Government,CNA,28,872,0.03211009174311927
MN,2023-09-01,Government,LPN,8,209,0.03827751196172249
MN,2023-09-01,Government,RN,6,309,0.019417475728155338
MN,2023-09-01,Non-Profit,CNA,561,7814,0.07179421551062196
MN,2023-09-01,Non-Profit,LPN,157,1812,0.08664459161147903
MN,2023-09-01,Non-Profit,RN,161,2886,0.05578655578655579
MN,2023-10-01,For-Profit,CNA,259,3191,0.08116577875274208
MN,2023-10-01,For-Profit,LPN,53,893,0.0593505039193729
MN,2023-10-01,For-Profit,RN,92,1180,0.07796610169491526
MN,2023-10-01,Government,CNA,39,880,0.04431818181818182
MN,2023-10-01,Government,LPN,5,205,0.024390243902439025
MN,2023-10-01,Government,RN,7,313,0.022364217252396165
MN,2023-10-01,Non-Profit,CNA,579,8303,0.06973383114536914
MN,2023-10-01,Non-Profit,LPN,100,1850,0.05405405405405406
MN,2023-10-01,Non-Profit,RN,175,3013,0.058081646199800864
MN,2023-11-01,For-Profit,CNA,242,3284,0.07369062119366626
MN,2023-11-01,For-Profit,LPN,62,906,0.0684326710816777
MN,2023-11-01,For-Profit,RN,105,1175,0.08936170212765958
MN,2023-11-01,Government,CNA,20,887,0.02254791431792559
MN,2023-11-01,Government,LPN,7,204,0.03431372549019608
MN,2023-11-01,Government,RN,3,315,0.009523809523809525
MN,2023-11-01,Non-Profit,CNA,473,8358,0.05659248624072745
MN,2023-11-01,Non-Profit,LPN,90,1824,0.049342105263157895
MN,2023-11-01,Non-Profit,RN,134,2984,0.044906166219839144
MN,2023-12-01,For-Profit,CNA,431,3366,0.12804515745692216
MN,2023-12-01,For-Profit,LPN,89,906,0.09823399558498896
MN,2023-12-01,For-Profit,RN,132,1157,0.11408815903197926
MN,2023-12-01,Government,CNA,64,935,0.06844919786096257
MN,2023-12-01,Government,LPN,15,200,0.075
MN,2023-12-01,Government,RN,13,320,0.040625
MN,2023-12-01,Non-Profit,CNA,639,8607,0.07424189613105611
MN,2023-12-01,Non-Profit,LPN,112,1804,0.06208425720620843
MN,2023-12-01,Non-Profit,RN,200,2960,0.06756756756756757
MN,2024-01-01,For-Profit,CNA,248,3256,0.07616707616707617
MN,2024-01-01,For-Profit,LPN,75,913,0.08214676889375684
MN,2024-01-01,For-Profit,RN,91,1170,0.07777777777777778
MN,2024-01-01,Government,CNA,42,928,0.04525862068965517
MN,2024-01-01,Government,LPN,6,207,0.028985507246376812
MN,2024-01-01,Government,RN,7,326,0.02147239263803681
MN,2024-01-01,Non-Profit,CNA,508,8828,0.05754417761667422
MN,2024-01-01,Non-Profit,LPN,76,1929,0.03939865215137377
MN,2024-01-01,Non-Profit,RN,111,3040,0.036513157894736845
MN,2024-02-01,For-Profit,CNA,237,3227,0.0734428261543229
MN,2024-02-01,For-Profit,LPN,62,877,0.07069555302166476
MN,2024-02-01,For-Profit,RN,73,1162,0.06282271944922548
MN,2024-02-01,Government,CNA,23,887,0.02593010146561443
MN,2024-02-01,Government,LPN,3,207,0.014492753623188406
MN,2024-02-01,Government,RN,8,320,0.025
MN,2024-02-01,Non-Profit,CNA,445,8558,0.05199813040430007
MN,2024-02-01,Non-Profit,LPN,69,1948,0.03542094455852156
MN,2024-02-01,Non-Profit,RN,93,3042,0.03057199211045365
MN,2024-03-01,For-Profit,CNA,272,3319,0.0819523952997891
MN,2024-03-01,For-Profit,LPN,65,877,0.07411630558722919
MN,2024-03-01,For-Profit,RN,77,1173,0.06564364876385337
MN,2024-03-01,Government,CNA,30,913,0.03285870755750274
MN,2024-03-01,Government,LPN,12,211,0.05687203791469194
MN,2024-03-01,Government,RN,7,312,0.022435897435897436
MN,2024-03-01,Non-Profit,CNA,559,8773,0.06371822637638208
MN,2024-03-01,Non-Profit,LPN,84,1976,0.04251012145748988
MN,2024-03-01,Non-Profit,RN,172,3124,0.05505761843790013
MN,2024-04-01,For-Profit,CNA,270,3396,0.07950530035335689
MN,2024-04-01,For-Profit,LPN,67,886,0.07562076749435666
MN,2024-04-01,For-Profit,RN,101,1210,0.0834710743801653
MN,2024-04-01,Government,CNA,26,884,0.029411764705882353
MN,2024-04-01,Government,LPN,3,203,0.014778325123152709
MN,2024-04-01,Government,RN,5,305,0.01639344262295082
MN,2024-04-01,Non-Profit,CNA,454,8562,0.053024994160242936
MN,2024-04-01,Non-Profit,LPN,63,1958,0.032175689479060264
MN,2024-04-01,Non-Profit,RN,125,3106,0.04024468770122344
MN,2024-05-01,For-Profit,CNA,320,3592,0.08908685968819599
MN,2024-05-01,For-Profit,LPN,62,904,0.06858407079646017
MN,2024-05-01,For-Profit,RN,82,1223,0.06704824202780049
MN,2024-05-01,Government,CNA,39,947,0.04118268215417107
MN,2024-05-01,Government,LPN,8,205,0.03902439024390244
MN,2024-05-01,Government,RN,6,311,0.01929260450160772
MN,2024-05-01,Non-Profit,CNA,550,9054,0.06074663132317208
MN,2024-05-01,Non-Profit,LPN,99,1974,0.05015197568389058
MN,2024-05-01,Non-Profit,RN,116,3098,0.03744351194318916
MN,2024-06-01,For-Profit,CNA,342,3598,0.09505280711506392
MN,2024-06-01,For-Profit,LPN,100,921,0.10857763300760044
MN,2024-06-01,For-Profit,RN,106,1230,0.08617886178861789
MN,2024-06-01,Government,CNA,42,984,0.042682926829268296
MN,2024-06-01,Government,LPN,11,199,0.05527638190954774
MN,2024-06-01,Government,RN,10,315,0.031746031746031744
MN,2024-06-01,Non-Profit,CNA,528,9152,0.057692307692307696
MN,2024-06-01,Non-Profit,LPN,112,1961,0.05711371749107598
MN,2024-06-01,Non-Profit,RN,128,3110,0.041157556270096464
MN,2024-07-01,For-Profit,CNA,344,3592,0.0957683741648107
MN,2024-07-01,For-Profit,LPN,59,895,0.0659217877094972
MN,2024-07-01,For-Profit,RN,82,1213,0.06760098928276999
MN,2024-07-01,Government,CNA,34,978,0.034764826175869123
MN,2024-07-01,Government,LPN,5,200,0.025
MN,2024-07-01,Government,RN,6,325,0.018461538461538463
MN,2024-07-01,Non-Profit,CNA,508,9422,0.05391636595202717
MN,2024-07-01,Non-Profit,LPN,92,2010,0.045771144278606964
MN,2024-07-01,Non-Profit,RN,96,3187,0.030122372136805773
MN,2024-08-01,For-Profit,CNA,304,3587,0.08475048787287427
MN,2024-08-01,For-Profit,LPN,43,892,0.04820627802690583
MN,2024-08-01,For-Profit,RN,80,1231,0.06498781478472786
MN,2024-08-01,Government,CNA,50,990,0.050505050505050504
MN,2024-08-01,Government,LPN,6,205,0.02926829268292683
MN,2024-08-01,Government,RN,7,333,0.021021021021021023
MN,2024-08-01,Non-Profit,CNA,656,9536,0.06879194630872483
MN,2024-08-01,Non-Profit,LPN,75,1999,0.03751875937968985
MN,2024-08-01,Non-Profit,RN,143,3248,0.044027093596059115
MN,2024-09-01,For-Profit,CNA,268,3453,0.07761366927309586
MN,2024-09-01,For-Profit,LPN,54,916,0.05895196506550218
MN,2024-09-01,For-Profit,RN,96,1240,0.07741935483870968
MN,2024-09-01,Government,CNA,51,934,0.05460385438972163
MN,2024-09-01,Government,LPN,9,196,0.04591836734693878
MN,2024-09-01,Government,RN,13,329,0.03951367781155015
MN,2024-09-01,Non-Profit,CNA,591,9020,0.0655210643015521
MN,2024-09-01,Non-Profit,LPN,82,1992,0.04116465863453815
MN,2024-09-01,Non-Profit,RN,162,3280,0.04939024390243903
MN,2024-10-01,For-Profit,CNA,244,3471,0.07029674445404782
MN,2024-10-01,For-Profit,LPN,55,903,0.06090808416389812
MN,2024-10-01,For-Profit,RN,83,1230,0.06747967479674796
MN,2024-10-01,Government,CNA,70,1018,0.068762278978389
MN,2024-10-01,Government,LPN,12,210,0.05714285714285714
MN,2024-10-01,Government,RN,16,358,0.0446927374301676
MN,2024-10-01,Non-Profit,CNA,420,9051,0.04640371229698376
MN,2024-10-01,Non-Profit,LPN,70,1977,0.035407182599898834
MN,2024-10-01,Non-Profit,RN,131,3253,0.040270519520442666
MN,2024-11-01,For-Profit,CNA,271,3553,0.07627357162960878
MN,2024-11-01,For-Profit,LPN,70,898,0.0779510022271715
MN,2024-11-01,For-Profit,RN,92,1247,0.07377706495589414
MN,2024-11-01,Government,CNA,42,1013,0.04146100691016782
MN,2024-11-01,Government,LPN,3,206,0.014563106796116505
MN,2024-11-01,Government,RN,8,350,0.022857142857142857
MN,2024-11-01,Non-Profit,CNA,446,9225,0.04834688346883469
MN,2024-11-01,Non-Profit,LPN,58,1979,0.029307731177362305
MN,2024-11-01,Non-Profit,RN,109,3269,0.0333435301315387
MN,2024-12-01,For-Profit,CNA,293,3607,0.08123093983920156
MN,2024-12-01,For-Profit,LPN,50,873,0.0572737686139748
MN,2024-12-01,For-Profit,RN,89,1255,0.07091633466135458
MN,2024-12-01,Government,CNA,50,1040,0.04807692307692308
MN,2024-12-01,Government,LPN,7,216,0.032407407407407406
MN,2024-12-01,Government,RN,11,345,0.03188405797101449
MN,2024-12-01,Non-Profit,CNA,514,9510,0.054048370136698214
MN,2024-12-01,Non-Profit,LPN,94,1995,0.04711779448621554
MN,2024-12-01,Non-Profit,RN,151,3271,0.04616325282788138
MN,2025-01-01,For-Profit,CNA,257,3624,0.07091611479028698
MN,2025-01-01,For-Profit,LPN,60,901,0.06659267480577137
MN,2025-01-01,For-Profit,RN,90,1239,0.07263922518159806
MN,2025-01-01,Government,CNA,45,1026,0.043859649122807015
MN,2025-01-01,Government,LPN,0,220,0.0
MN,2025-01-01,Government,RN,10,341,0.02932551319648094
MN,2025-01-01,Non-Profit,CNA,505,9379,0.0538436933575008
MN,2025-01-01,Non-Profit,LPN,77,1930,0.03989637305699482
MN,2025-01-01,Non-Profit,RN,133,3242,0.04102405922270204
MN,2025-02-01,For-Profit,CNA,301,3567,0.08438463694981778
MN,2025-02-01,For-Profit,LPN,43,894,0.04809843400447427
MN,2025-02-01,For-Profit,RN,119,1272,0.09355345911949685
MN,2025-02-01,Government,CNA,31,987,0.031408308004052685
MN,2025-02-01,Government,LPN,8,220,0.03636363636363636
MN,2025-02-01,Government,RN,9,341,0.026392961876832845
MN,2025-02-01,Non-Profit,CNA,432,9111,0.04741521238063879
MN,2025-02-01,Non-Profit,LPN,64,1928,0.03319502074688797
MN,2025-02-01,Non-Profit,RN,138,3251,0.04244847739157182
MN,2025-03-01,For-Profit,CNA,264,3593,0.07347620372947397
MN,2025-03-01,For-Profit,LPN,52,909,0.05720572057205721
MN,2025-03-01,For-Profit,RN,86,1261,0.06819984139571768
MN,2025-03-01,Government,CNA,44,1026,0.042884990253411304
MN,2025-03-01,Government,LPN,13,226,0.05752212389380531
MN,2025-03-01,Government,RN,6,349,0.017191977077363897
MN,2025-03-01,Non-Profit,CNA,595,9359,0.06357516828721017
MN,2025-03-01,Non-Profit,LPN,100,1953,0.051203277009728626
MN,2025-03-01,Non-Profit,RN,145,3330,0.04354354354354354
MO,2022-10-01,For-Profit,CNA,1519,11895,0.1277007145859605
MO,2022-10-01,For-Profit,LPN,342,3552,0.09628378378378379
MO,2022-10-01,For-Profit,RN,182,2216,0.08212996389891697
MO,2022-10-01,Government,CNA,55,570,0.09649122807017543
MO,2022-10-01,Government,LPN,12,158,0.0759493670886076
MO,2022-10-01,Government,RN,7,117,0.05982905982905983
MO,2022-10-01,Non-Profit,CNA,250,2676,0.09342301943198804
MO,2022-10-01,Non-Profit,LPN,63,872,0.07224770642201835
MO,2022-10-01,Non-Profit,RN,52,617,0.08427876823338736
MO,2022-11-01,For-Profit,CNA,1396,11856,0.11774628879892038
MO,2022-11-01,For-Profit,LPN,329,3522,0.09341283361726292
MO,2022-11-01,For-Profit,RN,185,2209,0.08374830239927569
MO,2022-11-01,Government,CNA,38,558,0.06810035842293907
MO,2022-11-01,Government,LPN,5,155,0.03225806451612903
MO,2022-11-01,Government,RN,6,117,0.05128205128205128
MO,2022-11-01,Non-Profit,CNA,240,2797,0.08580622095101895
MO,2022-11-01,Non-Profit,LPN,79,917,0.0861504907306434
MO,2022-11-01,Non-Profit,RN,37,625,0.0592
MO,2022-12-01,For-Profit,CNA,2195,12400,0.17701612903225805
MO,2022-12-01,For-Profit,LPN,538,3653,0.14727621133315083
MO,2022-12-01,For-Profit,RN,293,2233,0.13121361397223466
MO,2022-12-01,Government,CNA,65,599,0.10851419031719532
MO,2022-12-01,Government,LPN,16,166,0.0963855421686747
MO,2022-12-01,Government,RN,11,120,0.09166666666666666
MO,2022-12-01,Non-Profit,CNA,314,2662,0.1179564237415477
MO,2022-12-01,Non-Profit,LPN,77,842,0.09144893111638955
MO,2022-12-01,Non-Profit,RN,58,606,0.09570957095709572
MO,2023-01-01,For-Profit,CNA,1434,12059,0.11891533294634712
MO,2023-01-01,For-Profit,LPN,300,3475,0.08633093525179857
MO,2023-01-01,For-Profit,RN,189,2214,0.08536585365853659
MO,2023-01-01,Government,CNA,53,592,0.08952702702702703
MO,2023-01-01,Government,LPN,13,157,0.08280254777070063
MO,2023-01-01,Government,RN,7,116,0.0603448275862069
MO,2023-01-01,Non-Profit,CNA,220,2727,0.08067473414008068
MO,2023-01-01,Non-Profit,LPN,51,842,0.060570071258907364
MO,2023-01-01,Non-Profit,RN,39,607,0.0642504118616145
MO,2023-02-01,For-Profit,CNA,1391,11858,0.117304773148929
MO,2023-02-01,For-Profit,LPN,318,3463,0.09182789488882472
MO,2023-02-01,For-Profit,RN,170,2188,0.07769652650822668
MO,2023-02-01,Government,CNA,39,588,0.0663265306122449
MO,2023-02-01,Government,LPN,7,148,0.0472972972972973
MO,2023-02-01,Government,RN,2,113,0.017699115044247787
MO,2023-02-01,Non-Profit,CNA,220,2691,0.08175399479747306
MO,2023-02-01,Non-Profit,LPN,69,839,0.08224076281287247
MO,2023-02-01,Non-Profit,RN,28,592,0.0472972972972973
MO,2023-03-01,For-Profit,CNA,1800,12149,0.14816034241501358
MO,2023-03-01,For-Profit,LPN,375,3490,0.10744985673352435
MO,2023-03-01,For-Profit,RN,256,2219,0.11536728255971158
MO,2023-03-01,Government,CNA,48,599,0.08013355592654424
MO,2023-03-01,Government,LPN,12,153,0.0784313725490196
MO,2023-03-01,Government,RN,9,122,0.07377049180327869
MO,2023-03-01,Non-Profit,CNA,285,2670,0.10674157303370786
MO,2023-03-01,Non-Profit,LPN,62,825,0.07515151515151515
MO,2023-03-01,Non-Profit,RN,54,607,0.08896210873146623
MO,2023-04-01,For-Profit,CNA,1603,12552,0.1277087316762269
MO,2023-04-01,For-Profit,LPN,319,3569,0.08938077892967218
MO,2023-04-01,For-Profit,RN,213,2283,0.09329829172141918
MO,2023-04-01,Government,CNA,47,556,0.08453237410071943
MO,2023-04-01,Government,LPN,9,137,0.06569343065693431
MO,2023-04-01,Government,RN,4,104,0.038461538461538464
MO,2023-04-01,Non-Profit,CNA,220,2541,0.08658008658008658
MO,2023-04-01,Non-Profit,LPN,52,802,0.06483790523690773
MO,2023-04-01,Non-Profit,RN,26,561,0.04634581105169341
MO,2023-05-01,For-Profit,CNA,1684,12771,0.1318612481403179
MO,2023-05-01,For-Profit,LPN,299,3576,0.08361297539149888
MO,2023-05-01,For-Profit,RN,218,2290,0.09519650655021834
MO,2023-05-01,Government,CNA,44,559,0.07871198568872988
MO,2023-05-01,Government,LPN,8,134,0.05970149253731343
MO,2023-05-01,Government,RN,3,110,0.02727272727272727
MO,2023-05-01,Non-Profit,CNA,238,2579,0.09228383094222567
MO,2023-05-01,Non-Profit,LPN,60,796,0.07537688442211055
MO,2023-05-01,Non-Profit,RN,22,568,0.03873239436619718
MO,2023-06-01,For-Profit,CNA,1850,12859,0.14386810793996424
MO,2023-06-01,For-Profit,LPN,396,3589,0.11033714126497632
MO,2023-06-01,For-Profit,RN,304,2292,0.13263525305410123
MO,2023-06-01,Government,CNA,52,555,0.0936936936936937
MO,2023-06-01,Government,LPN,13,137,0.0948905109489051
MO,2023-06-01,Government,RN,11,111,0.0990990990990991
MO,2023-06-01,Non-Profit,CNA,312,2640,0.11818181818181818
MO,2023-06-01,Non-Profit,LPN,74,799,0.09261576971214018
MO,2023-06-01,Non-Profit,RN,51,573,0.08900523560209424
MO,2023-07-01,For-Profit,CNA,1588,13207,0.12023926705534943
MO,2023-07-01,For-Profit,LPN,336,3642,0.09225700164744646
MO,2023-07-01,For-Profit,RN,169,2291,0.07376691401134876
MO,2023-07-01,Government,CNA,49,616,0.07954545454545454
MO,2023-07-01,Government,LPN,9,151,0.059602649006622516
MO,2023-07-01,Government,RN,10,127,0.07874015748031496
MO,2023-07-01,Non-Profit,CNA,270,2744,0.09839650145772595
MO,2023-07-01,Non-Profit,LPN,57,816,0.06985294117647059
MO,2023-07-01,Non-Profit,RN,33,589,0.05602716468590832
MO,2023-08-01,For-Profit,CNA,1829,13473,0.13575298745639428
MO,2023-08-01,For-Profit,LPN,328,3697,0.08872058425750609
MO,2023-08-01,For-Profit,RN,222,2321,0.0956484274019819
MO,2023-08-01,Government,CNA,63,620,0.10161290322580645
MO,2023-08-01,Government,LPN,12,149,0.08053691275167785
MO,2023-08-01,Government,RN,13,127,0.10236220472440945
MO,2023-08-01,Non-Profit,CNA,292,2846,0.10260014054813774
MO,2023-08-01,Non-Profit,LPN,52,845,0.06153846153846154
MO,2023-08-01,Non-Profit,RN,34,596,0.05704697986577181
MO,2023-09-01,For-Profit,CNA,1843,13298,0.13859226951421266
MO,2023-09-01,For-Profit,LPN,382,3705,0.10310391363022942
MO,2023-09-01,For-Profit,RN,283,2268,0.1247795414462081
MO,2023-09-01,Government,CNA,51,637,0.08006279434850863
MO,2023-09-01,Government,LPN,11,144,0.0763888888888889
MO,2023-09-01,Government,RN,3,111,0.02702702702702703
MO,2023-09-01,Non-Profit,CNA,323,2787,0.11589522784355938
MO,2023-09-01,Non-Profit,LPN,65,849,0.07656065959952886
MO,2023-09-01,Non-Profit,RN,50,607,0.08237232289950576
MO,2023-10-01,For-Profit,CNA,1801,13716,0.13130650335374744
MO,2023-10-01,For-Profit,LPN,356,3842,0.092660072878709
MO,2023-10-01,For-Profit,RN,190,2225,0.0853932584269663
MO,2023-10-01,Government,CNA,70,649,0.10785824345146379
MO,2023-10-01,Government,LPN,13,142,0.09154929577464789
MO,2023-10-01,Government,RN,6,114,0.05263157894736842
MO,2023-10-01,Non-Profit,CNA,259,2904,0.08918732782369146
MO,2023-10-01,Non-Profit,LPN,71,898,0.07906458797327394
MO,2023-10-01,Non-Profit,RN,36,631,0.05705229793977813
MO,2023-11-01,For-Profit,CNA,1678,13549,0.12384677836002657
MO,2023-11-01,For-Profit,LPN,347,3804,0.09121976866456362
MO,2023-11-01,For-Profit,RN,228,2303,0.09900130264871906
MO,2023-11-01,Government,CNA,38,621,0.061191626409017714
MO,2023-11-01,Government,LPN,6,133,0.045112781954887216
MO,2023-11-01,Government,RN,4,121,0.03305785123966942
MO,2023-11-01,Non-Profit,CNA,237,2920,0.08116438356164384
MO,2023-11-01,Non-Profit,LPN,47,863,0.054461181923522596
MO,2023-11-01,Non-Profit,RN,27,610,0.04426229508196721
MO,2023-12-01,For-Profit,CNA,1841,13457,0.13680612320725274
MO,2023-12-01,For-Profit,LPN,454,3793,0.11969417347745848
MO,2023-12-01,For-Profit,RN,236,2240,0.10535714285714286
MO,2023-12-01,Government,CNA,54,628,0.08598726114649681
MO,2023-12-01,Government,LPN,4,127,0.031496062992125984
MO,2023-12-01,Government,RN,8,120,0.06666666666666667
MO,2023-12-01,Non-Profit,CNA,449,2954,0.15199729180771834
MO,2023-12-01,Non-Profit,LPN,113,867,0.1303344867358708
MO,2023-12-01,Non-Profit,RN,82,623,0.13162118780096307
MO,2024-01-01,For-Profit,CNA,1660,13604,0.1220229344310497
MO,2024-01-01,For-Profit,LPN,343,3800,0.09026315789473684
MO,2024-01-01,For-Profit,RN,185,2305,0.08026030368763558
MO,2024-01-01,Government,CNA,59,631,0.09350237717908082
MO,2024-01-01,Government,LPN,7,132,0.05303030303030303
MO,2024-01-01,Government,RN,12,116,0.10344827586206896
MO,2024-01-01,Non-Profit,CNA,266,2939,0.0905069751616196
MO,2024-01-01,Non-Profit,LPN,73,895,0.08156424581005586
MO,2024-01-01,Non-Profit,RN,37,619,0.05977382875605816
MO,2024-02-01,For-Profit,CNA,1627,13612,0.11952688803996474
MO,2024-02-01,For-Profit,LPN,305,3727,0.08183525623826134
MO,2024-02-01,For-Profit,RN,210,2288,0.09178321678321678
MO,2024-02-01,Government,CNA,40,610,0.06557377049180328
MO,2024-02-01,Government,LPN,9,133,0.06766917293233082
MO,2024-02-01,Government,RN,7,112,0.0625
MO,2024-02-01,Non-Profit,CNA,243,2916,0.08333333333333333
MO,2024-02-01,Non-Profit,LPN,60,869,0.06904487917146145
MO,2024-02-01,Non-Profit,RN,31,615,0.05040650406504065
MO,2024-03-01,For-Profit,CNA,2288,14040,0.16296296296296298
MO,2024-03-01,For-Profit,LPN,501,3850,0.13012987012987012
MO,2024-03-01,For-Profit,RN,346,2377,0.14556163230963398
MO,2024-03-01,Government,CNA,47,598,0.07859531772575251
MO,2024-03-01,Government,LPN,7,132,0.05303030303030303
MO,2024-03-01,Government,RN,5,114,0.043859649122807015
MO,2024-03-01,Non-Profit,CNA,379,2979,0.12722390063779793
MO,2024-03-01,Non-Profit,LPN,84,891,0.09427609427609428
MO,2024-03-01,Non-Profit,RN,63,619,0.10177705977382875
MO,2024-04-01,For-Profit,CNA,1632,13493,0.12095160453568517
MO,2024-04-01,For-Profit,LPN,282,3706,0.07609282245008095
MO,2024-04-01,For-Profit,RN,176,2286,0.07699037620297462
MO,2024-04-01,Government,CNA,44,608,0.07236842105263158
MO,2024-04-01,Government,LPN,14,141,0.09929078014184398
MO,2024-04-01,Government,RN,3,112,0.026785714285714284
MO,2024-04-01,Non-Profit,CNA,232,2781,0.08342322905429701
MO,2024-04-01,Non-Profit,LPN,45,849,0.053003533568904596
MO,2024-04-01,Non-Profit,RN,37,594,0.06228956228956229
MO,2024-05-01,For-Profit,CNA,1826,13699,0.13329440105117163
MO,2024-05-01,For-Profit,LPN,366,3735,0.09799196787148594
MO,2024-05-01,For-Profit,RN,211,2330,0.0905579399141631
MO,2024-05-01,Government,CNA,69,603,0.11442786069651742
MO,2024-05-01,Government,LPN,17,140,0.12142857142857143
MO,2024-05-01,Government,RN,13,114,0.11403508771929824
MO,2024-05-01,Non-Profit,CNA,290,2877,0.1007994438651373
MO,2024-05-01,Non-Profit,LPN,74,865,0.08554913294797688
MO,2024-05-01,Non-Profit,RN,29,599,0.048414023372287146
MO,2024-06-01,For-Profit,CNA,1875,13813,0.13574169260841237
MO,2024-06-01,For-Profit,LPN,427,3768,0.11332271762208068
MO,2024-06-01,For-Profit,RN,215,2297,0.09360034828036569
MO,2024-06-01,Government,CNA,44,604,0.0728476821192053
MO,2024-06-01,Government,LPN,11,141,0.07801418439716312
MO,2024-06-01,Government,RN,4,118,0.03389830508474576
MO,2024-06-01,Non-Profit,CNA,307,2805,0.10944741532976827
MO,2024-06-01,Non-Profit,LPN,57,830,0.06867469879518072
MO,2024-06-01,Non-Profit,RN,57,603,0.0945273631840796
MO,2024-07-01,For-Profit,CNA,1890,14061,0.13441433752933646
MO,2024-07-01,For-Profit,LPN,349,3745,0.0931909212283044
MO,2024-07-01,For-Profit,RN,183,2328,0.07860824742268041
MO,2024-07-01,Government,CNA,62,623,0.09951845906902086
MO,2024-07-01,Government,LPN,18,148,0.12162162162162163
MO,2024-07-01,Government,RN,7,122,0.05737704918032787
MO,2024-07-01,Non-Profit,CNA,268,2996,0.08945260347129506
MO,2024-07-01,Non-Profit,LPN,52,880,0.05909090909090909
MO,2024-07-01,Non-Profit,RN,41,607,0.06754530477759473
MO,2024-08-01,For-Profit,CNA,1918,14122,0.13581645659255062
MO,2024-08-01,For-Profit,LPN,354,3705,0.09554655870445344
MO,2024-08-01,For-Profit,RN,212,2374,0.08930075821398484
MO,2024-08-01,Government,CNA,60,625,0.096
MO,2024-08-01,Government,LPN,9,141,0.06382978723404255
MO,2024-08-01,Government,RN,10,125,0.08
MO,2024-08-01,Non-Profit,CNA,275,2977,0.09237487403426269
MO,2024-08-01,Non-Profit,LPN,55,872,0.06307339449541284
MO,2024-08-01,Non-Profit,RN,33,615,0.05365853658536585
MO,2024-09-01,For-Profit,CNA,1964,13948,0.14080871809578435
MO,2024-09-01,For-Profit,LPN,371,3757,0.09874900186318872
MO,2024-09-01,For-Profit,RN,249,2358,0.10559796437659033
MO,2024-09-01,Government,CNA,97,636,0.15251572327044025
MO,2024-09-01,Government,LPN,12,148,0.08108108108108109
MO,2024-09-01,Government,RN,12,126,0.09523809523809523
MO,2024-09-01,Non-Profit,CNA,295,2987,0.0987612989621694
MO,2024-09-01,Non-Profit,LPN,77,887,0.08680947012401354
MO,2024-09-01,Non-Profit,RN,62,633,0.09794628751974724
MO,2024-10-01,For-Profit,CNA,1753,14233,0.12316447691983419
MO,2024-10-01,For-Profit,LPN,340,3801,0.08945014469876349
MO,2024-10-01,For-Profit,RN,229,2438,0.09392945036915505
MO,2024-10-01,Government,CNA,36,595,0.06050420168067227
MO,2024-10-01,Government,LPN,7,136,0.051470588235294115
MO,2024-10-01,Government,RN,4,116,0.034482758620689655
MO,2024-10-01,Non-Profit,CNA,289,3149,0.09177516671959352
MO,2024-10-01,Non-Profit,LPN,59,898,0.06570155902004454
MO,2024-10-01,Non-Profit,RN,33,619,0.05331179321486268
MO,2024-11-01,For-Profit,CNA,1718,14155,0.12137054044507241
MO,2024-11-01,For-Profit,LPN,329,3747,0.08780357619428876
MO,2024-11-01,For-Profit,RN,207,2432,0.08511513157894737
MO,2024-11-01,Government,CNA,46,614,0.0749185667752443
MO,2024-11-01,Government,LPN,5,133,0.03759398496240601
MO,2024-11-01,Government,RN,5,122,0.040983606557377046
MO,2024-11-01,Non-Profit,CNA,243,3123,0.07780979827089338
MO,2024-11-01,Non-Profit,LPN,64,883,0.072480181200453
MO,2024-11-01,Non-Profit,RN,27,639,0.04225352112676056
MO,2024-12-01,For-Profit,CNA,1932,14314,0.13497275394718458
MO,2024-12-01,For-Profit,LPN,386,3803,0.10149881672363924
MO,2024-12-01,For-Profit,RN,278,2445,0.11370143149284254
MO,2024-12-01,Government,CNA,111,625,0.1776
MO,2024-12-01,Government,LPN,24,145,0.16551724137931034
MO,2024-12-01,Government,RN,24,122,0.19672131147540983
MO,2024-12-01,Non-Profit,CNA,331,3158,0.10481317289423686
MO,2024-12-01,Non-Profit,LPN,75,866,0.08660508083140878
MO,2024-12-01,Non-Profit,RN,43,634,0.06782334384858044
MO,2025-01-01,For-Profit,CNA,1865,14541,0.1282580290213878
MO,2025-01-01,For-Profit,LPN,351,3789,0.09263657957244656
MO,2025-01-01,For-Profit,RN,212,2415,0.08778467908902692
MO,2025-01-01,Government,CNA,44,591,0.07445008460236886
MO,2025-01-01,Government,LPN,10,137,0.072992700729927
MO,2025-01-01,Government,RN,3,112,0.026785714285714284
MO,2025-01-01,Non-Profit,CNA,259,3163,0.08188428706923806
MO,2025-01-01,Non-Profit,LPN,60,878,0.0683371298405467
MO,2025-01-01,Non-Profit,RN,38,649,0.05855161787365177
MO,2025-02-01,For-Profit,CNA,1709,14203,0.12032669154404
MO,2025-02-01,For-Profit,LPN,284,3742,0.07589524318546231
MO,2025-02-01,For-Profit,RN,230,2444,0.09410801963993454
MO,2025-02-01,Government,CNA,35,581,0.060240963855421686
MO,2025-02-01,Government,LPN,10,136,0.07352941176470588
MO,2025-02-01,Government,RN,6,115,0.05217391304347826
MO,2025-02-01,Non-Profit,CNA,257,3104,0.08279639175257732
MO,2025-02-01,Non-Profit,LPN,52,863,0.06025492468134415
MO,2025-02-01,Non-Profit,RN,31,646,0.047987616099071206
MO,2025-03-01,For-Profit,CNA,2233,14684,0.15207028057749933
MO,2025-03-01,For-Profit,LPN,443,3886,0.11399897066392177
MO,2025-03-01,For-Profit,RN,298,2480,0.12016129032258065
MO,2025-03-01,Government,CNA,81,612,0.1323529411764706
MO,2025-03-01,Government,LPN,16,138,0.11594202898550725
MO,2025-03-01,Government,RN,17,117,0.1452991452991453
MO,2025-03-01,Non-Profit,CNA,334,3161,0.10566276494780133
MO,2025-03-01,Non-Profit,LPN,73,878,0.08314350797266515
MO,2025-03-01,Non-Profit,RN,54,654,0.08256880733944955
MS,2022-10-01,For-Profit,CNA,445,5364,0.08296047725577926
MS,2022-10-01,For-Profit,LPN,143,2490,0.05742971887550201
MS,2022-10-01,For-Profit,RN,81,1348,0.06008902077151335
MS,2022-10-01,Government,CNA,37,600,0.06166666666666667
MS,2022-10-01,Government,LPN,12,260,0.046153846153846156
MS,2022-10-01,Government,RN,5,165,0.030303030303030304
MS,2022-10-01,Non-Profit,CNA,45,877,0.05131128848346636
MS,2022-10-01,Non-Profit,LPN,12,335,0.03582089552238806
MS,2022-10-01,Non-Profit,RN,10,229,0.043668122270742356
MS,2022-11-01,For-Profit,CNA,371,5274,0.07034508911642018
MS,2022-11-01,For-Profit,LPN,135,2484,0.05434782608695652
MS,2022-11-01,For-Profit,RN,74,1321,0.056018168054504165
MS,2022-11-01,Government,CNA,42,638,0.06583072100313479
MS,2022-11-01,Government,LPN,13,264,0.04924242424242424
MS,2022-11-01,Government,RN,3,175,0.017142857142857144
MS,2022-11-01,Non-Profit,CNA,37,851,0.043478260869565216
MS,2022-11-01,Non-Profit,LPN,9,328,0.027439024390243903
MS,2022-11-01,Non-Profit,RN,10,221,0.04524886877828054
MS,2022-12-01,For-Profit,CNA,427,5327,0.08015768725361366
MS,2022-12-01,For-Profit,LPN,146,2467,0.05918119173084718
MS,2022-12-01,For-Profit,RN,94,1320,0.07121212121212121
MS,2022-12-01,Government,CNA,41,609,0.06732348111658457
MS,2022-12-01,Government,LPN,10,261,0.038314176245210725
MS,2022-12-01,Government,RN,1,162,0.006172839506172839
MS,2022-12-01,Non-Profit,CNA,77,869,0.08860759493670886
MS,2022-12-01,Non-Profit,LPN,21,326,0.06441717791411043
MS,2022-12-01,Non-Profit,RN,17,230,0.07391304347826087
MS,2023-01-01,For-Profit,CNA,433,5388,0.0803637713437268
MS,2023-01-01,For-Profit,LPN,129,2501,0.05157936825269892
MS,2023-01-01,For-Profit,RN,68,1338,0.05082212257100149
MS,2023-01-01,Government,CNA,34,640,0.053125
MS,2023-01-01,Government,LPN,8,270,0.02962962962962963
MS,2023-01-01,Government,RN,8,187,0.0427807486631016
MS,2023-01-01,Non-Profit,CNA,38,857,0.044340723453908985
MS,2023-01-01,Non-Profit,LPN,13,332,0.0391566265060241
MS,2023-01-01,Non-Profit,RN,3,215,0.013953488372093023
MS,2023-02-01,For-Profit,CNA,390,5307,0.07348784624081402
MS,2023-02-01,For-Profit,LPN,130,2547,0.051040439733019236
MS,2023-02-01,For-Profit,RN,68,1326,0.05128205128205128
MS,2023-02-01,Government,CNA,35,642,0.05451713395638629
MS,2023-02-01,Government,LPN,10,273,0.03663003663003663
MS,2023-02-01,Government,RN,7,179,0.03910614525139665
MS,2023-02-01,Non-Profit,CNA,36,863,0.04171494785631518
MS,2023-02-01,Non-Profit,LPN,15,328,0.04573170731707317
MS,2023-02-01,Non-Profit,RN,12,230,0.05217391304347826
MS,2023-03-01,For-Profit,CNA,605,5506,0.10988013076643662
MS,2023-03-01,For-Profit,LPN,229,2575,0.08893203883495146
MS,2023-03-01,For-Profit,RN,122,1367,0.08924652523774688
MS,2023-03-01,Government,CNA,53,629,0.08426073131955485
MS,2023-03-01,Government,LPN,11,265,0.04150943396226415
MS,2023-03-01,Government,RN,18,189,0.09523809523809523
MS,2023-03-01,Non-Profit,CNA,50,875,0.05714285714285714
MS,2023-03-01,Non-Profit,LPN,17,338,0.05029585798816568
MS,2023-03-01,Non-Profit,RN,6,227,0.02643171806167401
MS,2023-04-01,For-Profit,CNA,448,5596,0.08005718370264475
MS,2023-04-01,For-Profit,LPN,137,2548,0.05376766091051805
MS,2023-04-01,For-Profit,RN,82,1382,0.059334298118668596
MS,2023-04-01,Government,CNA,32,603,0.05306799336650083
MS,2023-04-01,Government,LPN,9,257,0.03501945525291829
MS,2023-04-01,Government,RN,8,167,0.04790419161676647
MS,2023-04-01,Non-Profit,CNA,53,904,0.0586283185840708
MS,2023-04-01,Non-Profit,LPN,12,338,0.03550295857988166
MS,2023-04-01,Non-Profit,RN,6,237,0.02531645569620253
MS,2023-05-01,For-Profit,CNA,485,5815,0.08340498710232158
MS,2023-05-01,For-Profit,LPN,154,2622,0.05873379099923722
MS,2023-05-01,For-Profit,RN,101,1394,0.07245337159253945
MS,2023-05-01,Government,CNA,32,615,0.05203252032520325
MS,2023-05-01,Government,LPN,7,261,0.02681992337164751
MS,2023-05-01,Government,RN,9,170,0.052941176470588235
MS,2023-05-01,Non-Profit,CNA,59,925,0.06378378378378378
MS,2023-05-01,Non-Profit,LPN,12,332,0.03614457831325301
MS,2023-05-01,Non-Profit,RN,9,231,0.03896103896103896
MS,2023-06-01,For-Profit,CNA,550,5928,0.09278002699055331
MS,2023-06-01,For-Profit,LPN,170,2636,0.06449165402124431
MS,2023-06-01,For-Profit,RN,104,1433,0.07257501744591766
MS,2023-06-01,Government,CNA,44,617,0.0713128038897893
MS,2023-06-01,Government,LPN,12,258,0.046511627906976744
MS,2023-06-01,Government,RN,11,176,0.0625
MS,2023-06-01,Non-Profit,CNA,68,932,0.07296137339055794
MS,2023-06-01,Non-Profit,LPN,22,334,0.0658682634730539
MS,2023-06-01,Non-Profit,RN,10,235,0.0425531914893617
MS,2023-07-01,For-Profit,CNA,617,5956,0.10359301544660846
MS,2023-07-01,For-Profit,LPN,194,2693,0.07203861864092091
MS,2023-07-01,For-Profit,RN,95,1458,0.06515775034293553
MS,2023-07-01,Government,CNA,47,732,0.06420765027322405
MS,2023-07-01,Government,LPN,13,297,0.04377104377104377
MS,2023-07-01,Government,RN,5,207,0.024154589371980676
MS,2023-07-01,Non-Profit,CNA,57,935,0.06096256684491978
MS,2023-07-01,Non-Profit,LPN,9,334,0.02694610778443114
MS,2023-07-01,Non-Profit,RN,9,237,0.0379746835443038
MS,2023-08-01,For-Profit,CNA,593,6049,0.09803273268308811
MS,2023-08-01,For-Profit,LPN,207,2798,0.07398141529664046
MS,2023-08-01,For-Profit,RN,117,1454,0.08046767537826685
MS,2023-08-01,Government,CNA,43,721,0.059639389736477116
MS,2023-08-01,Government,LPN,10,301,0.03322259136212625
MS,2023-08-01,Government,RN,14,209,0.06698564593301436
MS,2023-08-01,Non-Profit,CNA,59,955,0.061780104712041886
MS,2023-08-01,Non-Profit,LPN,10,351,0.02849002849002849
MS,2023-08-01,Non-Profit,RN,5,239,0.02092050209205021
MS,2023-09-01,For-Profit,CNA,645,6002,0.10746417860713095
MS,2023-09-01,For-Profit,LPN,217,2738,0.07925493060628196
MS,2023-09-01,For-Profit,RN,109,1427,0.07638402242466713
MS,2023-09-01,Government,CNA,51,722,0.07063711911357341
MS,2023-09-01,Government,LPN,13,307,0.04234527687296417
MS,2023-09-01,Government,RN,11,208,0.052884615384615384
MS,2023-09-01,Non-Profit,CNA,73,962,0.07588357588357589
MS,2023-09-01,Non-Profit,LPN,11,363,0.030303030303030304
MS,2023-09-01,Non-Profit,RN,17,240,0.07083333333333333
MS,2023-10-01,For-Profit,CNA,511,5972,0.08556597454789015
MS,2023-10-01,For-Profit,LPN,192,2784,0.06896551724137931
MS,2023-10-01,For-Profit,RN,92,1455,0.06323024054982818
MS,2023-10-01,Government,CNA,64,738,0.08672086720867209
MS,2023-10-01,Government,LPN,14,314,0.044585987261146494
MS,2023-10-01,Government,RN,6,204,0.029411764705882353
MS,2023-10-01,Non-Profit,CNA,64,969,0.06604747162022703
MS,2023-10-01,Non-Profit,LPN,16,358,0.0446927374301676
MS,2023-10-01,Non-Profit,RN,9,245,0.036734693877551024
MS,2023-11-01,For-Profit,CNA,447,5958,0.07502517623363544
MS,2023-11-01,For-Profit,LPN,129,2723,0.04737421961072347
MS,2023-11-01,For-Profit,RN,81,1446,0.056016597510373446
MS,2023-11-01,Government,CNA,49,707,0.06930693069306931
MS,2023-11-01,Government,LPN,9,305,0.029508196721311476
MS,2023-11-01,Government,RN,9,195,0.046153846153846156
MS,2023-11-01,Non-Profit,CNA,59,977,0.06038894575230297
MS,2023-11-01,Non-Profit,LPN,15,360,0.041666666666666664
MS,2023-11-01,Non-Profit,RN,11,246,0.044715447154471545
MS,2023-12-01,For-Profit,CNA,669,5925,0.11291139240506329
MS,2023-12-01,For-Profit,LPN,231,2734,0.084491587417703
MS,2023-12-01,For-Profit,RN,121,1424,0.08497191011235955
MS,2023-12-01,Government,CNA,104,659,0.15781487101669195
MS,2023-12-01,Government,LPN,40,282,0.14184397163120568
MS,2023-12-01,Government,RN,14,189,0.07407407407407407
MS,2023-12-01,Non-Profit,CNA,79,948,0.08333333333333333
MS,2023-12-01,Non-Profit,LPN,22,357,0.06162464985994398
MS,2023-12-01,Non-Profit,RN,19,245,0.07755102040816327
MS,2024-01-01,For-Profit,CNA,493,5900,0.0835593220338983
MS,2024-01-01,For-Profit,LPN,177,2724,0.06497797356828194
MS,2024-01-01,For-Profit,RN,98,1430,0.06853146853146853
MS,2024-01-01,Government,CNA,50,695,0.07194244604316546
MS,2024-01-01,Government,LPN,15,305,0.04918032786885246
MS,2024-01-01,Government,RN,14,195,0.07179487179487179
MS,2024-01-01,Non-Profit,CNA,46,937,0.04909284951974386
MS,2024-01-01,Non-Profit,LPN,15,353,0.042492917847025496
MS,2024-01-01,Non-Profit,RN,12,245,0.04897959183673469
MS,2024-02-01,For-Profit,CNA,521,5895,0.08837998303647158
MS,2024-02-01,For-Profit,LPN,160,2718,0.05886681383370125
MS,2024-02-01,For-Profit,RN,90,1448,0.062154696132596686
MS,2024-02-01,Government,CNA,50,692,0.07225433526011561
MS,2024-02-01,Government,LPN,13,298,0.0436241610738255
MS,2024-02-01,Government,RN,3,191,0.015706806282722512
MS,2024-02-01,Non-Profit,CNA,50,932,0.0536480686695279
MS,2024-02-01,Non-Profit,LPN,19,357,0.05322128851540616
MS,2024-02-01,Non-Profit,RN,10,247,0.04048582995951417
MS,2024-03-01,For-Profit,CNA,637,5954,0.10698689956331878
MS,2024-03-01,For-Profit,LPN,186,2756,0.06748911465892599
MS,2024-03-01,For-Profit,RN,100,1450,0.06896551724137931
MS,2024-03-01,Government,CNA,80,713,0.11220196353436185
MS,2024-03-01,Government,LPN,19,301,0.06312292358803986
MS,2024-03-01,Government,RN,7,201,0.03482587064676617
MS,2024-03-01,Non-Profit,CNA,187,953,0.19622245540398742
MS,2024-03-01,Non-Profit,LPN,74,355,0.2084507042253521
MS,2024-03-01,Non-Profit,RN,44,250,0.176
MS,2024-04-01,For-Profit,CNA,495,5967,0.08295625942684766
MS,2024-04-01,For-Profit,LPN,142,2711,0.05237919586868314
MS,2024-04-01,For-Profit,RN,87,1410,0.06170212765957447
MS,2024-04-01,Government,CNA,49,675,0.0725925925925926
MS,2024-04-01,Government,LPN,14,289,0.04844290657439446
MS,2024-04-01,Government,RN,8,202,0.039603960396039604
MS,2024-04-01,Non-Profit,CNA,41,924,0.044372294372294376
MS,2024-04-01,Non-Profit,LPN,14,353,0.039660056657223795
MS,2024-04-01,Non-Profit,RN,12,261,0.04597701149425287
MS,2024-05-01,For-Profit,CNA,582,6130,0.09494290375203915
MS,2024-05-01,For-Profit,LPN,199,2728,0.07294721407624634
MS,2024-05-01,For-Profit,RN,97,1466,0.06616643929058663
MS,2024-05-01,Government,CNA,43,686,0.06268221574344024
MS,2024-05-01,Government,LPN,14,287,0.04878048780487805
MS,2024-05-01,Government,RN,9,209,0.0430622009569378
MS,2024-05-01,Non-Profit,CNA,56,943,0.05938494167550371
MS,2024-05-01,Non-Profit,LPN,18,363,0.049586776859504134
MS,2024-05-01,Non-Profit,RN,16,263,0.060836501901140684
MS,2024-06-01,For-Profit,CNA,528,6220,0.08488745980707396
MS,2024-06-01,For-Profit,LPN,174,2712,0.06415929203539823
MS,2024-06-01,For-Profit,RN,102,1507,0.0676841406768414
MS,2024-06-01,Government,CNA,46,692,0.06647398843930635
MS,2024-06-01,Government,LPN,14,290,0.04827586206896552
MS,2024-06-01,Government,RN,12,208,0.057692307692307696
MS,2024-06-01,Non-Profit,CNA,58,953,0.060860440713536204
MS,2024-06-01,Non-Profit,LPN,13,363,0.03581267217630854
MS,2024-06-01,Non-Profit,RN,17,257,0.06614785992217899
MS,2024-07-01,For-Profit,CNA,624,6473,0.09640043256604357
MS,2024-07-01,For-Profit,LPN,179,2768,0.06466763005780347
MS,2024-07-01,For-Profit,RN,96,1517,0.06328279499011207
MS,2024-07-01,Government,CNA,47,738,0.06368563685636856
MS,2024-07-01,Government,LPN,17,298,0.05704697986577181
MS,2024-07-01,Government,RN,6,207,0.028985507246376812
MS,2024-07-01,Non-Profit,CNA,59,994,0.059356136820925554
MS,2024-07-01,Non-Profit,LPN,15,364,0.04120879120879121
MS,2024-07-01,Non-Profit,RN,11,259,0.04247104247104247
MS,2024-08-01,For-Profit,CNA,588,6416,0.09164588528678304
MS,2024-08-01,For-Profit,LPN,186,2840,0.06549295774647887
MS,2024-08-01,For-Profit,RN,126,1540,0.08181818181818182
MS,2024-08-01,Government,CNA,54,744,0.07258064516129033
MS,2024-08-01,Government,LPN,10,291,0.03436426116838488
MS,2024-08-01,Government,RN,9,213,0.04225352112676056
MS,2024-08-01,Non-Profit,CNA,68,1017,0.06686332350049164
MS,2024-08-01,Non-Profit,LPN,20,378,0.05291005291005291
MS,2024-08-01,Non-Profit,RN,15,264,0.056818181818181816
MS,2024-09-01,For-Profit,CNA,641,6397,0.10020322025949664
MS,2024-09-01,For-Profit,LPN,215,2879,0.07467870788468219
MS,2024-09-01,For-Profit,RN,97,1515,0.06402640264026403
MS,2024-09-01,Government,CNA,49,727,0.06740027510316368
MS,2024-09-01,Government,LPN,12,305,0.03934426229508197
MS,2024-09-01,Government,RN,14,220,0.06363636363636363
MS,2024-09-01,Non-Profit,CNA,137,1013,0.13524185587364265
MS,2024-09-01,Non-Profit,LPN,58,382,0.1518324607329843
MS,2024-09-01,Non-Profit,RN,32,251,0.12749003984063745
MS,2024-10-01,For-Profit,CNA,562,6271,0.08961888056131398
MS,2024-10-01,For-Profit,LPN,177,2812,0.06294452347083926
MS,2024-10-01,For-Profit,RN,109,1518,0.07180500658761528
MS,2024-10-01,Government,CNA,61,744,0.08198924731182795
MS,2024-10-01,Government,LPN,14,314,0.044585987261146494
MS,2024-10-01,Government,RN,13,212,0.06132075471698113
MS,2024-10-01,Non-Profit,CNA,57,994,0.05734406438631791
MS,2024-10-01,Non-Profit,LPN,18,387,0.046511627906976744
MS,2024-10-01,Non-Profit,RN,12,250,0.048
MS,2024-11-01,For-Profit,CNA,489,6234,0.07844080846968239
MS,2024-11-01,For-Profit,LPN,146,2763,0.05284111473036555
MS,2024-11-01,For-Profit,RN,84,1514,0.05548216644649934
MS,2024-11-01,Government,CNA,61,738,0.08265582655826559
MS,2024-11-01,Government,LPN,16,326,0.049079754601226995
MS,2024-11-01,Government,RN,8,199,0.04020100502512563
MS,2024-11-01,Non-Profit,CNA,72,1020,0.07058823529411765
MS,2024-11-01,Non-Profit,LPN,15,386,0.038860103626943004
MS,2024-11-01,Non-Profit,RN,16,262,0.061068702290076333
MS,2024-12-01,For-Profit,CNA,645,6089,0.10592872392839547
MS,2024-12-01,For-Profit,LPN,204,2749,0.07420880320116406
MS,2024-12-01,For-Profit,RN,130,1500,0.08666666666666667
MS,2024-12-01,Government,CNA,76,711,0.10689170182841069
MS,2024-12-01,Government,LPN,24,322,0.07453416149068323
MS,2024-12-01,Government,RN,13,199,0.06532663316582915
MS,2024-12-01,Non-Profit,CNA,82,1010,0.08118811881188119
MS,2024-12-01,Non-Profit,LPN,30,399,0.07518796992481203
MS,2024-12-01,Non-Profit,RN,15,248,0.06048387096774194
MS,2025-01-01,For-Profit,CNA,546,6267,0.08712302537099091
MS,2025-01-01,For-Profit,LPN,167,2817,0.059282925097621585
MS,2025-01-01,For-Profit,RN,90,1519,0.05924950625411455
MS,2025-01-01,Government,CNA,39,706,0.05524079320113314
MS,2025-01-01,Government,LPN,23,324,0.07098765432098765
MS,2025-01-01,Government,RN,8,207,0.03864734299516908
MS,2025-01-01,Non-Profit,CNA,63,1020,0.061764705882352944
MS,2025-01-01,Non-Profit,LPN,16,379,0.04221635883905013
MS,2025-01-01,Non-Profit,RN,10,260,0.038461538461538464
MS,2025-02-01,For-Profit,CNA,677,6308,0.10732403297400127
MS,2025-02-01,For-Profit,LPN,266,2899,0.09175577785443256
MS,2025-02-01,For-Profit,RN,130,1545,0.08414239482200647
MS,2025-02-01,Government,CNA,51,713,0.07152875175315568
MS,2025-02-01,Government,LPN,19,322,0.059006211180124224
MS,2025-02-01,Government,RN,12,210,0.05714285714285714
MS,2025-02-01,Non-Profit,CNA,69,1010,0.06831683168316832
MS,2025-02-01,Non-Profit,LPN,17,375,0.04533333333333334
MS,2025-02-01,Non-Profit,RN,5,252,0.01984126984126984
MS,2025-03-01,For-Profit,CNA,692,6326,0.10938981979133734
MS,2025-03-01,For-Profit,LPN,241,2856,0.08438375350140057
MS,2025-03-01,For-Profit,RN,140,1526,0.09174311926605505
MS,2025-03-01,Government,CNA,75,703,0.10668563300142248
MS,2025-03-01,Government,LPN,19,319,0.05956112852664577
MS,2025-03-01,Government,RN,13,217,0.059907834101382486
MS,2025-03-01,Non-Profit,CNA,72,1014,0.07100591715976332
MS,2025-03-01,Non-Profit,LPN,23,379,0.06068601583113457
MS,2025-03-01,Non-Profit,RN,13,257,0.05058365758754864
MT,2022-10-01,For-Profit,CNA,82,672,0.12202380952380952
MT,2022-10-01,For-Profit,LPN,18,171,0.10526315789473684
MT,2022-10-01,For-Profit,RN,20,278,0.07194244604316546
MT,2022-10-01,Government,CNA,13,153,0.08496732026143791
MT,2022-10-01,Government,LPN,3,21,0.14285714285714285
MT,2022-10-01,Government,RN,1,68,0.014705882352941176
MT,2022-10-01,Non-Profit,CNA,20,450,0.044444444444444446
MT,2022-10-01,Non-Profit,LPN,2,87,0.022988505747126436
MT,2022-10-01,Non-Profit,RN,3,161,0.018633540372670808
MT,2022-11-01,For-Profit,CNA,54,687,0.07860262008733625
MT,2022-11-01,For-Profit,LPN,8,170,0.047058823529411764
MT,2022-11-01,For-Profit,RN,28,275,0.10181818181818182
MT,2022-11-01,Government,CNA,14,151,0.09271523178807947
MT,2022-11-01,Government,LPN,2,17,0.11764705882352941
MT,2022-11-01,Government,RN,3,70,0.04285714285714286
MT,2022-11-01,Non-Profit,CNA,17,454,0.037444933920704845
MT,2022-11-01,Non-Profit,LPN,5,88,0.056818181818181816
MT,2022-11-01,Non-Profit,RN,3,161,0.018633540372670808
MT,2022-12-01,For-Profit,CNA,91,698,0.1303724928366762
MT,2022-12-01,For-Profit,LPN,29,176,0.16477272727272727
MT,2022-12-01,For-Profit,RN,27,260,0.10384615384615385
MT,2022-12-01,Government,CNA,29,155,0.1870967741935484
MT,2022-12-01,Government,LPN,4,23,0.17391304347826086
MT,2022-12-01,Government,RN,10,72,0.1388888888888889
MT,2022-12-01,Non-Profit,CNA,35,487,0.07186858316221766
MT,2022-12-01,Non-Profit,LPN,3,85,0.03529411764705882
MT,2022-12-01,Non-Profit,RN,5,168,0.02976190476190476
MT,2023-01-01,For-Profit,CNA,68,735,0.09251700680272108
MT,2023-01-01,For-Profit,LPN,10,174,0.05747126436781609
MT,2023-01-01,For-Profit,RN,16,264,0.06060606060606061
MT,2023-01-01,Government,CNA,10,144,0.06944444444444445
MT,2023-01-01,Government,LPN,0,20,0.0
MT,2023-01-01,Government,RN,2,62,0.03225806451612903
MT,2023-01-01,Non-Profit,CNA,44,531,0.08286252354048965
MT,2023-01-01,Non-Profit,LPN,4,96,0.041666666666666664
MT,2023-01-01,Non-Profit,RN,8,194,0.041237113402061855
MT,2023-02-01,For-Profit,CNA,78,744,0.10483870967741936
MT,2023-02-01,For-Profit,LPN,12,174,0.06896551724137931
MT,2023-02-01,For-Profit,RN,17,263,0.06463878326996197
MT,2023-02-01,Government,CNA,12,144,0.08333333333333333
MT,2023-02-01,Government,LPN,1,19,0.05263157894736842
MT,2023-02-01,Government,RN,1,59,0.01694915254237288
MT,2023-02-01,Non-Profit,CNA,41,505,0.08118811881188119
MT,2023-02-01,Non-Profit,LPN,5,89,0.056179775280898875
MT,2023-02-01,Non-Profit,RN,9,196,0.04591836734693878
MT,2023-03-01,For-Profit,CNA,83,779,0.10654685494223363
MT,2023-03-01,For-Profit,LPN,10,190,0.05263157894736842
MT,2023-03-01,For-Profit,RN,13,266,0.04887218045112782
MT,2023-03-01,Government,CNA,18,153,0.11764705882352941
MT,2023-03-01,Government,LPN,2,20,0.1
MT,2023-03-01,Government,RN,4,69,0.057971014492753624
MT,2023-03-01,Non-Profit,CNA,30,503,0.05964214711729622
MT,2023-03-01,Non-Profit,LPN,4,97,0.041237113402061855
MT,2023-03-01,Non-Profit,RN,12,192,0.0625
MT,2023-04-01,For-Profit,CNA,95,746,0.12734584450402145
MT,2023-04-01,For-Profit,LPN,17,190,0.08947368421052632
MT,2023-04-01,For-Profit,RN,15,263,0.057034220532319393
MT,2023-04-01,Government,CNA,10,152,0.06578947368421052
MT,2023-04-01,Government,LPN,2,18,0.1111111111111111
MT,2023-04-01,Government,RN,5,69,0.07246376811594203
MT,2023-04-01,Non-Profit,CNA,37,528,0.07007575757575757
MT,2023-04-01,Non-Profit,LPN,1,102,0.00980392156862745
MT,2023-04-01,Non-Profit,RN,7,198,0.03535353535353535
MT,2023-05-01,For-Profit,CNA,96,749,0.12817089452603472
MT,2023-05-01,For-Profit,LPN,14,189,0.07407407407407407
MT,2023-05-01,For-Profit,RN,33,277,0.11913357400722022
MT,2023-05-01,Government,CNA,16,154,0.1038961038961039
MT,2023-05-01,Government,LPN,0,16,0.0
MT,2023-05-01,Government,RN,3,70,0.04285714285714286
MT,2023-05-01,Non-Profit,CNA,45,552,0.08152173913043478
MT,2023-05-01,Non-Profit,LPN,7,105,0.06666666666666667
MT,2023-05-01,Non-Profit,RN,10,199,0.05025125628140704
MT,2023-06-01,For-Profit,CNA,178,767,0.2320730117340287
MT,2023-06-01,For-Profit,LPN,44,193,0.22797927461139897
MT,2023-06-01,For-Profit,RN,62,268,0.23134328358208955
MT,2023-06-01,Government,CNA,16,163,0.09815950920245399
MT,2023-06-01,Government,LPN,1,16,0.0625
MT,2023-06-01,Government,RN,6,74,0.08108108108108109
MT,2023-06-01,Non-Profit,CNA,60,580,0.10344827586206896
MT,2023-06-01,Non-Profit,LPN,5,107,0.04672897196261682
MT,2023-06-01,Non-Profit,RN,15,201,0.07462686567164178
MT,2023-07-01,For-Profit,CNA,82,821,0.09987819732034105
MT,2023-07-01,For-Profit,LPN,16,197,0.08121827411167512
MT,2023-07-01,For-Profit,RN,16,280,0.05714285714285714
MT,2023-07-01,Government,CNA,15,163,0.09202453987730061
MT,2023-07-01,Government,LPN,1,21,0.047619047619047616
MT,2023-07-01,Government,RN,4,72,0.05555555555555555
MT,2023-07-01,Non-Profit,CNA,55,580,0.09482758620689655
MT,2023-07-01,Non-Profit,LPN,12,112,0.10714285714285714
MT,2023-07-01,Non-Profit,RN,7,202,0.034653465346534656
MT,2023-08-01,For-Profit,CNA,86,813,0.1057810578105781
MT,2023-08-01,For-Profit,LPN,15,198,0.07575757575757576
MT,2023-08-01,For-Profit,RN,21,283,0.07420494699646643
MT,2023-08-01,Government,CNA,14,157,0.08917197452229299
MT,2023-08-01,Government,LPN,2,23,0.08695652173913043
MT,2023-08-01,Government,RN,4,77,0.05194805194805195
MT,2023-08-01,Non-Profit,CNA,64,574,0.11149825783972125
MT,2023-08-01,Non-Profit,LPN,6,101,0.0594059405940594
MT,2023-08-01,Non-Profit,RN,13,202,0.06435643564356436
MT,2023-09-01,For-Profit,CNA,104,817,0.12729498164014688
MT,2023-09-01,For-Profit,LPN,22,204,0.10784313725490197
MT,2023-09-01,For-Profit,RN,28,291,0.09621993127147767
MT,2023-09-01,Government,CNA,11,169,0.0650887573964497
MT,2023-09-01,Government,LPN,0,23,0.0
MT,2023-09-01,Government,RN,4,78,0.05128205128205128
MT,2023-09-01,Non-Profit,CNA,40,541,0.07393715341959335
MT,2023-09-01,Non-Profit,LPN,13,106,0.12264150943396226
MT,2023-09-01,Non-Profit,RN,13,204,0.06372549019607843
MT,2023-10-01,For-Profit,CNA,65,834,0.07793764988009592
MT,2023-10-01,For-Profit,LPN,16,210,0.0761904761904762
MT,2023-10-01,For-Profit,RN,21,294,0.07142857142857142
MT,2023-10-01,Government,CNA,22,174,0.12643678160919541
MT,2023-10-01,Government,LPN,1,24,0.041666666666666664
MT,2023-10-01,Government,RN,5,79,0.06329113924050633
MT,2023-10-01,Non-Profit,CNA,31,537,0.05772811918063315
MT,2023-10-01,Non-Profit,LPN,8,96,0.08333333333333333
MT,2023-10-01,Non-Profit,RN,13,206,0.06310679611650485
MT,2023-11-01,For-Profit,CNA,74,868,0.08525345622119816
MT,2023-11-01,For-Profit,LPN,10,205,0.04878048780487805
MT,2023-11-01,For-Profit,RN,22,281,0.07829181494661921
MT,2023-11-01,Government,CNA,22,177,0.12429378531073447
MT,2023-11-01,Government,LPN,0,22,0.0
MT,2023-11-01,Government,RN,4,81,0.04938271604938271
MT,2023-11-01,Non-Profit,CNA,37,544,0.06801470588235294
MT,2023-11-01,Non-Profit,LPN,5,103,0.04854368932038835
MT,2023-11-01,Non-Profit,RN,7,199,0.035175879396984924
MT,2023-12-01,For-Profit,CNA,222,893,0.24860022396416573
MT,2023-12-01,For-Profit,LPN,47,216,0.2175925925925926
MT,2023-12-01,For-Profit,RN,53,288,0.1840277777777778
MT,2023-12-01,Government,CNA,19,170,0.11176470588235295
MT,2023-12-01,Government,LPN,3,23,0.13043478260869565
MT,2023-12-01,Government,RN,7,78,0.08974358974358974
MT,2023-12-01,Non-Profit,CNA,41,499,0.08216432865731463
MT,2023-12-01,Non-Profit,LPN,6,91,0.06593406593406594
MT,2023-12-01,Non-Profit,RN,11,183,0.060109289617486336
MT,2024-01-01,For-Profit,CNA,102,907,0.11245865490628446
MT,2024-01-01,For-Profit,LPN,18,218,0.08256880733944955
MT,2024-01-01,For-Profit,RN,18,293,0.06143344709897611
MT,2024-01-01,Government,CNA,15,170,0.08823529411764706
MT,2024-01-01,Government,LPN,0,20,0.0
MT,2024-01-01,Government,RN,9,83,0.10843373493975904
MT,2024-01-01,Non-Profit,CNA,24,574,0.041811846689895474
MT,2024-01-01,Non-Profit,LPN,7,101,0.06930693069306931
MT,2024-01-01,Non-Profit,RN,6,208,0.028846153846153848
MT,2024-02-01,For-Profit,CNA,91,892,0.10201793721973094
MT,2024-02-01,For-Profit,LPN,17,213,0.07981220657276995
MT,2024-02-01,For-Profit,RN,27,297,0.09090909090909091
MT,2024-02-01,Government,CNA,11,178,0.06179775280898876
MT,2024-02-01,Government,LPN,0,20,0.0
MT,2024-02-01,Government,RN,3,75,0.04
MT,2024-02-01,Non-Profit,CNA,29,541,0.053604436229205174
MT,2024-02-01,Non-Profit,LPN,6,98,0.061224489795918366
MT,2024-02-01,Non-Profit,RN,8,210,0.0380952380952381
MT,2024-03-01,For-Profit,CNA,80,867,0.0922722029988466
MT,2024-03-01,For-Profit,LPN,17,210,0.08095238095238096
MT,2024-03-01,For-Profit,RN,30,292,0.10273972602739725
MT,2024-03-01,Government,CNA,19,176,0.10795454545454546
MT,2024-03-01,Government,LPN,3,22,0.13636363636363635
MT,2024-03-01,Government,RN,8,76,0.10526315789473684
MT,2024-03-01,Non-Profit,CNA,40,567,0.07054673721340388
MT,2024-03-01,Non-Profit,LPN,7,93,0.07526881720430108
MT,2024-03-01,Non-Profit,RN,7,205,0.03414634146341464
MT,2024-04-01,For-Profit,CNA,87,870,0.1
MT,2024-04-01,For-Profit,LPN,11,205,0.05365853658536585
MT,2024-04-01,For-Profit,RN,17,286,0.05944055944055944
MT,2024-04-01,Government,CNA,20,183,0.1092896174863388
MT,2024-04-01,Government,LPN,0,22,0.0
MT,2024-04-01,Government,RN,5,76,0.06578947368421052
MT,2024-04-01,Non-Profit,CNA,35,568,0.061619718309859156
MT,2024-04-01,Non-Profit,LPN,3,96,0.03125
MT,2024-04-01,Non-Profit,RN,5,214,0.02336448598130841
MT,2024-05-01,For-Profit,CNA,95,896,0.10602678571428571
MT,2024-05-01,For-Profit,LPN,11,207,0.05314009661835749
MT,2024-05-01,For-Profit,RN,17,291,0.058419243986254296
MT,2024-05-01,Government,CNA,16,178,0.0898876404494382
MT,2024-05-01,Government,LPN,1,22,0.045454545454545456
MT,2024-05-01,Government,RN,3,72,0.041666666666666664
MT,2024-05-01,Non-Profit,CNA,48,613,0.07830342577487764
MT,2024-05-01,Non-Profit,LPN,4,95,0.042105263157894736
MT,2024-05-01,Non-Profit,RN,11,223,0.04932735426008968
MT,2024-06-01,For-Profit,CNA,103,896,0.11495535714285714
MT,2024-06-01,For-Profit,LPN,16,208,0.07692307692307693
MT,2024-06-01,For-Profit,RN,17,285,0.05964912280701754
MT,2024-06-01,Government,CNA,24,191,0.1256544502617801
MT,2024-06-01,Government,LPN,2,22,0.09090909090909091
MT,2024-06-01,Government,RN,6,75,0.08
MT,2024-06-01,Non-Profit,CNA,61,630,0.09682539682539683
MT,2024-06-01,Non-Profit,LPN,10,97,0.10309278350515463
MT,2024-06-01,Non-Profit,RN,10,223,0.04484304932735426
MT,2024-07-01,For-Profit,CNA,98,864,0.11342592592592593
MT,2024-07-01,For-Profit,LPN,18,204,0.08823529411764706
MT,2024-07-01,For-Profit,RN,11,276,0.03985507246376811
MT,2024-07-01,Government,CNA,12,181,0.06629834254143646
MT,2024-07-01,Government,LPN,3,21,0.14285714285714285
MT,2024-07-01,Government,RN,7,78,0.08974358974358974
MT,2024-07-01,Non-Profit,CNA,58,628,0.09235668789808917
MT,2024-07-01,Non-Profit,LPN,7,109,0.06422018348623854
MT,2024-07-01,Non-Profit,RN,17,236,0.07203389830508475
MT,2024-08-01,For-Profit,CNA,94,851,0.11045828437132785
MT,2024-08-01,For-Profit,LPN,14,202,0.06930693069306931
MT,2024-08-01,For-Profit,RN,14,289,0.04844290657439446
MT,2024-08-01,Government,CNA,17,193,0.08808290155440414
MT,2024-08-01,Government,LPN,2,23,0.08695652173913043
MT,2024-08-01,Government,RN,5,79,0.06329113924050633
MT,2024-08-01,Non-Profit,CNA,51,607,0.08401976935749589
MT,2024-08-01,Non-Profit,LPN,3,110,0.02727272727272727
MT,2024-08-01,Non-Profit,RN,15,234,0.0641025641025641
MT,2024-09-01,For-Profit,CNA,78,825,0.09454545454545454
MT,2024-09-01,For-Profit,LPN,15,200,0.075
MT,2024-09-01,For-Profit,RN,22,296,0.07432432432432433
MT,2024-09-01,Government,CNA,22,201,0.10945273631840796
MT,2024-09-01,Government,LPN,4,24,0.16666666666666666
MT,2024-09-01,Government,RN,10,86,0.11627906976744186
MT,2024-09-01,Non-Profit,CNA,35,567,0.06172839506172839
MT,2024-09-01,Non-Profit,LPN,4,109,0.03669724770642202
MT,2024-09-01,Non-Profit,RN,11,229,0.048034934497816595
MT,2024-10-01,For-Profit,CNA,56,860,0.06511627906976744
MT,2024-10-01,For-Profit,LPN,14,197,0.07106598984771574
MT,2024-10-01,For-Profit,RN,21,316,0.06645569620253164
MT,2024-10-01,Government,CNA,21,189,0.1111111111111111
MT,2024-10-01,Government,LPN,2,22,0.09090909090909091
MT,2024-10-01,Government,RN,4,82,0.04878048780487805
MT,2024-10-01,Non-Profit,CNA,31,583,0.05317324185248713
MT,2024-10-01,Non-Profit,LPN,3,115,0.02608695652173913
MT,2024-10-01,Non-Profit,RN,10,238,0.04201680672268908
MT,2024-11-01,For-Profit,CNA,63,883,0.07134767836919592
MT,2024-11-01,For-Profit,LPN,10,195,0.05128205128205128
MT,2024-11-01,For-Profit,RN,27,321,0.08411214953271028
MT,2024-11-01,Government,CNA,11,188,0.05851063829787234
MT,2024-11-01,Government,LPN,4,23,0.17391304347826086
MT,2024-11-01,Government,RN,3,86,0.03488372093023256
MT,2024-11-01,Non-Profit,CNA,36,586,0.06143344709897611
MT,2024-11-01,Non-Profit,LPN,5,113,0.04424778761061947
MT,2024-11-01,Non-Profit,RN,9,232,0.03879310344827586
MT,2024-12-01,For-Profit,CNA,74,886,0.0835214446952596
MT,2024-12-01,For-Profit,LPN,9,194,0.04639175257731959
MT,2024-12-01,For-Profit,RN,21,330,0.06363636363636363
MT,2024-12-01,Government,CNA,22,195,0.11282051282051282
MT,2024-12-01,Government,LPN,3,21,0.14285714285714285
MT,2024-12-01,Government,RN,6,86,0.06976744186046512
MT,2024-12-01,Non-Profit,CNA,69,620,0.11129032258064517
MT,2024-12-01,Non-Profit,LPN,7,112,0.0625
MT,2024-12-01,Non-Profit,RN,21,232,0.09051724137931035
MT,2025-01-01,For-Profit,CNA,87,919,0.09466811751904244
MT,2025-01-01,For-Profit,LPN,12,197,0.06091370558375635
MT,2025-01-01,For-Profit,RN,19,324,0.05864197530864197
MT,2025-01-01,Government,CNA,15,187,0.08021390374331551
MT,2025-01-01,Government,LPN,0,20,0.0
MT,2025-01-01,Government,RN,6,84,0.07142857142857142
MT,2025-01-01,Non-Profit,CNA,55,604,0.09105960264900662
MT,2025-01-01,Non-Profit,LPN,9,113,0.07964601769911504
MT,2025-01-01,Non-Profit,RN,8,225,0.035555555555555556
MT,2025-02-01,For-Profit,CNA,72,903,0.07973421926910298
MT,2025-02-01,For-Profit,LPN,9,197,0.04568527918781726
MT,2025-02-01,For-Profit,RN,16,324,0.04938271604938271
MT,2025-02-01,Government,CNA,14,190,0.07368421052631578
MT,2025-02-01,Government,LPN,1,24,0.041666666666666664
MT,2025-02-01,Government,RN,4,79,0.05063291139240506
MT,2025-02-01,Non-Profit,CNA,47,587,0.08006814310051108
MT,2025-02-01,Non-Profit,LPN,10,110,0.09090909090909091
MT,2025-02-01,Non-Profit,RN,18,232,0.07758620689655173
MT,2025-03-01,For-Profit,CNA,101,931,0.10848549946294307
MT,2025-03-01,For-Profit,LPN,14,206,0.06796116504854369
MT,2025-03-01,For-Profit,RN,29,333,0.08708708708708708
MT,2025-03-01,Government,CNA,17,196,0.08673469387755102
MT,2025-03-01,Government,LPN,2,24,0.08333333333333333
MT,2025-03-01,Government,RN,7,81,0.08641975308641975
MT,2025-03-01,Non-Profit,CNA,88,605,0.14545454545454545
MT,2025-03-01,Non-Profit,LPN,7,110,0.06363636363636363
MT,2025-03-01,Non-Profit,RN,16,224,0.07142857142857142
NC,2022-10-01,For-Profit,CNA,1106,11619,0.09518891470866683
NC,2022-10-01,For-Profit,LPN,395,4640,0.08512931034482758
NC,2022-10-01,For-Profit,RN,245,2889,0.08480443059882312
NC,2022-10-01,Government,CNA,19,255,0.07450980392156863
NC,2022-10-01,Government,LPN,2,45,0.044444444444444446
NC,2022-10-01,Government,RN,2,79,0.02531645569620253
NC,2022-10-01,Non-Profit,CNA,139,2191,0.06344135098128709
NC,2022-10-01,Non-Profit,LPN,36,740,0.04864864864864865
NC,2022-10-01,Non-Profit,RN,30,626,0.04792332268370607
NC,2022-11-01,For-Profit,CNA,941,11558,0.08141546980446444
NC,2022-11-01,For-Profit,LPN,346,4563,0.07582730659653737
NC,2022-11-01,For-Profit,RN,221,2901,0.07618062736987245
NC,2022-11-01,Government,CNA,6,138,0.043478260869565216
NC,2022-11-01,Government,LPN,2,39,0.05128205128205128
NC,2022-11-01,Government,RN,1,48,0.020833333333333332
NC,2022-11-01,Non-Profit,CNA,111,2186,0.05077767612076853
NC,2022-11-01,Non-Profit,LPN,32,753,0.04249667994687915
NC,2022-11-01,Non-Profit,RN,23,609,0.03776683087027915
NC,2022-12-01,For-Profit,CNA,1035,11671,0.08868134692828378
NC,2022-12-01,For-Profit,LPN,366,4642,0.07884532529082292
NC,2022-12-01,For-Profit,RN,274,2921,0.09380349195481
NC,2022-12-01,Government,CNA,37,269,0.137546468401487
NC,2022-12-01,Government,LPN,3,63,0.047619047619047616
NC,2022-12-01,Government,RN,8,87,0.09195402298850575
NC,2022-12-01,Non-Profit,CNA,272,2229,0.12202781516375057
NC,2022-12-01,Non-Profit,LPN,75,758,0.09894459102902374
NC,2022-12-01,Non-Profit,RN,51,608,0.08388157894736842
NC,2023-01-01,For-Profit,CNA,1164,12230,0.09517579721995094
NC,2023-01-01,For-Profit,LPN,414,4785,0.08652037617554859
NC,2023-01-01,For-Profit,RN,234,3000,0.078
NC,2023-01-01,Government,CNA,13,204,0.06372549019607843
NC,2023-01-01,Government,LPN,1,81,0.012345679012345678
NC,2023-01-01,Government,RN,1,67,0.014925373134328358
NC,2023-01-01,Non-Profit,CNA,126,2154,0.0584958217270195
NC,2023-01-01,Non-Profit,LPN,34,730,0.04657534246575343
NC,2023-01-01,Non-Profit,RN,36,597,0.06030150753768844
NC,2023-02-01,For-Profit,CNA,1055,12084,0.08730552797087057
NC,2023-02-01,For-Profit,LPN,324,4686,0.06914212548015365
NC,2023-02-01,For-Profit,RN,222,2958,0.07505070993914807
NC,2023-02-01,Government,CNA,9,227,0.039647577092511016
NC,2023-02-01,Government,LPN,7,84,0.08333333333333333
NC,2023-02-01,Government,RN,8,73,0.1095890410958904
NC,2023-02-01,Non-Profit,CNA,118,2115,0.055791962174940896
NC,2023-02-01,Non-Profit,LPN,34,743,0.04576043068640646
NC,2023-02-01,Non-Profit,RN,20,592,0.033783783783783786
NC,2023-03-01,For-Profit,CNA,1237,12368,0.10001617076326003
NC,2023-03-01,For-Profit,LPN,384,4732,0.08114961961115807
NC,2023-03-01,For-Profit,RN,276,3023,0.09130003307972213
NC,2023-03-01,Government,CNA,10,221,0.04524886877828054
NC,2023-03-01,Government,LPN,6,82,0.07317073170731707
NC,2023-03-01,Government,RN,8,72,0.1111111111111111
NC,2023-03-01,Non-Profit,CNA,142,2171,0.0654076462459696
NC,2023-03-01,Non-Profit,LPN,49,759,0.06455862977602109
NC,2023-03-01,Non-Profit,RN,46,602,0.07641196013289037
NC,2023-04-01,For-Profit,CNA,1098,12251,0.08962533670720757
NC,2023-04-01,For-Profit,LPN,341,4655,0.0732545649838883
NC,2023-04-01,For-Profit,RN,238,2997,0.07941274607941275
NC,2023-04-01,Government,CNA,17,235,0.07234042553191489
NC,2023-04-01,Government,LPN,6,83,0.07228915662650602
NC,2023-04-01,Government,RN,1,70,0.014285714285714285
NC,2023-04-01,Non-Profit,CNA,129,2211,0.05834464043419267
NC,2023-04-01,Non-Profit,LPN,33,760,0.04342105263157895
NC,2023-04-01,Non-Profit,RN,25,588,0.04251700680272109
NC,2023-05-01,For-Profit,CNA,1171,12849,0.0911354969258308
NC,2023-05-01,For-Profit,LPN,366,4756,0.07695542472666106
NC,2023-05-01,For-Profit,RN,264,3034,0.08701384311140409
NC,2023-05-01,Government,CNA,18,242,0.0743801652892562
NC,2023-05-01,Government,LPN,4,79,0.05063291139240506
NC,2023-05-01,Government,RN,3,77,0.03896103896103896
NC,2023-05-01,Non-Profit,CNA,141,2331,0.06048906048906049
NC,2023-05-01,Non-Profit,LPN,32,777,0.04118404118404118
NC,2023-05-01,Non-Profit,RN,25,600,0.041666666666666664
NC,2023-06-01,For-Profit,CNA,1416,13241,0.10694056340155578
NC,2023-06-01,For-Profit,LPN,471,4774,0.09865940511101802
NC,2023-06-01,For-Profit,RN,336,3096,0.10852713178294573
NC,2023-06-01,Government,CNA,16,252,0.06349206349206349
NC,2023-06-01,Government,LPN,5,86,0.05813953488372093
NC,2023-06-01,Government,RN,5,80,0.0625
NC,2023-06-01,Non-Profit,CNA,199,2424,0.08209570957095709
NC,2023-06-01,Non-Profit,LPN,61,789,0.07731305449936629
NC,2023-06-01,Non-Profit,RN,38,628,0.06050955414012739
NC,2023-07-01,For-Profit,CNA,1354,13937,0.09715146731721318
NC,2023-07-01,For-Profit,LPN,383,4859,0.07882280304589422
NC,2023-07-01,For-Profit,RN,225,3140,0.07165605095541401
NC,2023-07-01,Government,CNA,26,273,0.09523809523809523
NC,2023-07-01,Government,LPN,6,91,0.06593406593406594
NC,2023-07-01,Government,RN,5,82,0.06097560975609756
NC,2023-07-01,Non-Profit,CNA,148,2450,0.060408163265306125
NC,2023-07-01,Non-Profit,LPN,40,781,0.05121638924455826
NC,2023-07-01,Non-Profit,RN,24,631,0.03803486529318542
NC,2023-08-01,For-Profit,CNA,1523,14464,0.10529590707964602
NC,2023-08-01,For-Profit,LPN,377,4976,0.07576366559485531
NC,2023-08-01,For-Profit,RN,284,3293,0.08624354691770422
NC,2023-08-01,Government,CNA,27,270,0.1
NC,2023-08-01,Government,LPN,4,90,0.044444444444444446
NC,2023-08-01,Government,RN,5,76,0.06578947368421052
NC,2023-08-01,Non-Profit,CNA,202,2475,0.08161616161616161
NC,2023-08-01,Non-Profit,LPN,52,826,0.06295399515738499
NC,2023-08-01,Non-Profit,RN,26,640,0.040625
NC,2023-09-01,For-Profit,CNA,1422,14354,0.09906646231015745
NC,2023-09-01,For-Profit,LPN,388,5023,0.07724467449731236
NC,2023-09-01,For-Profit,RN,283,3255,0.0869431643625192
NC,2023-09-01,Government,CNA,30,262,0.11450381679389313
NC,2023-09-01,Government,LPN,9,96,0.09375
NC,2023-09-01,Government,RN,3,76,0.039473684210526314
NC,2023-09-01,Non-Profit,CNA,144,2408,0.059800664451827246
NC,2023-09-01,Non-Profit,LPN,43,811,0.0530209617755857
NC,2023-09-01,Non-Profit,RN,22,651,0.03379416282642089
NC,2023-10-01,For-Profit,CNA,1321,14545,0.09082158817463046
NC,2023-10-01,For-Profit,LPN,428,5101,0.08390511664379534
NC,2023-10-01,For-Profit,RN,272,3322,0.08187838651414811
NC,2023-10-01,Government,CNA,36,356,0.10112359550561797
NC,2023-10-01,Government,LPN,5,98,0.05102040816326531
NC,2023-10-01,Government,RN,2,111,0.018018018018018018
NC,2023-10-01,Non-Profit,CNA,141,2460,0.05731707317073171
NC,2023-10-01,Non-Profit,LPN,32,830,0.03855421686746988
NC,2023-10-01,Non-Profit,RN,24,678,0.035398230088495575
NC,2023-11-01,For-Profit,CNA,1246,14492,0.08597847088048578
NC,2023-11-01,For-Profit,LPN,349,5031,0.0693699065792089
NC,2023-11-01,For-Profit,RN,244,3320,0.07349397590361446
NC,2023-11-01,Government,CNA,28,334,0.08383233532934131
NC,2023-11-01,Government,LPN,7,97,0.07216494845360824
NC,2023-11-01,Government,RN,8,111,0.07207207207207207
NC,2023-11-01,Non-Profit,CNA,134,2466,0.054339010543390104
NC,2023-11-01,Non-Profit,LPN,49,844,0.058056872037914695
NC,2023-11-01,Non-Profit,RN,31,684,0.04532163742690058
NC,2023-12-01,For-Profit,CNA,1880,15057,0.12485886962874411
NC,2023-12-01,For-Profit,LPN,559,5223,0.10702661305762971
NC,2023-12-01,For-Profit,RN,370,3392,0.10908018867924528
NC,2023-12-01,Government,CNA,56,269,0.20817843866171004
NC,2023-12-01,Government,LPN,22,100,0.22
NC,2023-12-01,Government,RN,11,75,0.14666666666666667
NC,2023-12-01,Non-Profit,CNA,166,2556,0.0649452269170579
NC,2023-12-01,Non-Profit,LPN,55,815,0.06748466257668712
NC,2023-12-01,Non-Profit,RN,44,689,0.06386066763425254
NC,2024-01-01,For-Profit,CNA,1311,14721,0.08905644996943142
NC,2024-01-01,For-Profit,LPN,410,5118,0.0801094177413052
NC,2024-01-01,For-Profit,RN,276,3360,0.08214285714285714
NC,2024-01-01,Government,CNA,20,255,0.0784313725490196
NC,2024-01-01,Government,LPN,7,86,0.08139534883720931
NC,2024-01-01,Government,RN,4,79,0.05063291139240506
NC,2024-01-01,Non-Profit,CNA,166,2534,0.06550907655880031
NC,2024-01-01,Non-Profit,LPN,41,829,0.04945717732207479
NC,2024-01-01,Non-Profit,RN,32,678,0.0471976401179941
NC,2024-02-01,For-Profit,CNA,1297,14643,0.08857474561223792
NC,2024-02-01,For-Profit,LPN,408,5129,0.07954767011113277
NC,2024-02-01,For-Profit,RN,264,3355,0.07868852459016394
NC,2024-02-01,Government,CNA,23,249,0.09236947791164658
NC,2024-02-01,Government,LPN,3,84,0.03571428571428571
NC,2024-02-01,Government,RN,7,84,0.08333333333333333
NC,2024-02-01,Non-Profit,CNA,125,2426,0.05152514427040396
NC,2024-02-01,Non-Profit,LPN,27,816,0.03308823529411765
NC,2024-02-01,Non-Profit,RN,27,669,0.04035874439461883
NC,2024-03-01,For-Profit,CNA,1388,14772,0.09396154887625237
NC,2024-03-01,For-Profit,LPN,383,5090,0.07524557956777995
NC,2024-03-01,For-Profit,RN,280,3381,0.08281573498964803
NC,2024-03-01,Government,CNA,22,252,0.0873015873015873
NC,2024-03-01,Government,LPN,8,86,0.09302325581395349
NC,2024-03-01,Government,RN,6,77,0.07792207792207792
NC,2024-03-01,Non-Profit,CNA,185,2479,0.07462686567164178
NC,2024-03-01,Non-Profit,LPN,62,844,0.07345971563981042
NC,2024-03-01,Non-Profit,RN,38,677,0.056129985228951254
NC,2024-04-01,For-Profit,CNA,1292,14402,0.08970976253298153
NC,2024-04-01,For-Profit,LPN,377,5043,0.07475708903430497
NC,2024-04-01,For-Profit,RN,282,3349,0.08420424007166319
NC,2024-04-01,Government,CNA,25,264,0.0946969696969697
NC,2024-04-01,Government,LPN,5,85,0.058823529411764705
NC,2024-04-01,Government,RN,13,83,0.1566265060240964
NC,2024-04-01,Non-Profit,CNA,117,2478,0.04721549636803874
NC,2024-04-01,Non-Profit,LPN,41,857,0.047841306884480746
NC,2024-04-01,Non-Profit,RN,28,669,0.04185351270553064
NC,2024-05-01,For-Profit,CNA,1573,14767,0.10652129748764136
NC,2024-05-01,For-Profit,LPN,503,5075,0.09911330049261084
NC,2024-05-01,For-Profit,RN,343,3380,0.1014792899408284
NC,2024-05-01,Government,CNA,14,251,0.055776892430278883
NC,2024-05-01,Government,LPN,7,82,0.08536585365853659
NC,2024-05-01,Government,RN,3,75,0.04
NC,2024-05-01,Non-Profit,CNA,179,2533,0.07066719305171733
NC,2024-05-01,Non-Profit,LPN,44,855,0.05146198830409357
NC,2024-05-01,Non-Profit,RN,33,680,0.04852941176470588
NC,2024-06-01,For-Profit,CNA,1458,15199,0.09592736364234489
NC,2024-06-01,For-Profit,LPN,481,5129,0.09378046402807565
NC,2024-06-01,For-Profit,RN,326,3459,0.0942468921653657
NC,2024-06-01,Government,CNA,16,243,0.06584362139917696
NC,2024-06-01,Government,LPN,8,81,0.09876543209876543
NC,2024-06-01,Government,RN,7,73,0.0958904109589041
NC,2024-06-01,Non-Profit,CNA,201,2486,0.08085277554304103
NC,2024-06-01,Non-Profit,LPN,69,818,0.0843520782396088
NC,2024-06-01,Non-Profit,RN,40,642,0.06230529595015576
NC,2024-07-01,For-Profit,CNA,1419,15580,0.0910783055198973
NC,2024-07-01,For-Profit,LPN,442,5167,0.08554286820205148
NC,2024-07-01,For-Profit,RN,305,3530,0.08640226628895184
NC,2024-07-01,Government,CNA,12,218,0.05504587155963303
NC,2024-07-01,Government,LPN,5,53,0.09433962264150944
NC,2024-07-01,Government,RN,6,59,0.1016949152542373
NC,2024-07-01,Non-Profit,CNA,160,2620,0.061068702290076333
NC,2024-07-01,Non-Profit,LPN,46,832,0.055288461538461536
NC,2024-07-01,Non-Profit,RN,27,690,0.0391304347826087
NC,2024-08-01,For-Profit,CNA,1622,15737,0.10306919997458219
NC,2024-08-01,For-Profit,LPN,447,5195,0.08604427333974976
NC,2024-08-01,For-Profit,RN,329,3568,0.0922085201793722
NC,2024-08-01,Government,CNA,17,221,0.07692307692307693
NC,2024-08-01,Government,LPN,2,50,0.04
NC,2024-08-01,Government,RN,3,58,0.05172413793103448
NC,2024-08-01,Non-Profit,CNA,172,2628,0.0654490106544901
NC,2024-08-01,Non-Profit,LPN,42,822,0.051094890510948905
NC,2024-08-01,Non-Profit,RN,34,703,0.04836415362731152
NC,2024-09-01,For-Profit,CNA,1630,15556,0.10478272049370017
NC,2024-09-01,For-Profit,LPN,515,5231,0.09845153890269547
NC,2024-09-01,For-Profit,RN,360,3588,0.10033444816053512
NC,2024-09-01,Government,CNA,22,216,0.10185185185185185
NC,2024-09-01,Government,LPN,4,54,0.07407407407407407
NC,2024-09-01,Government,RN,1,55,0.01818181818181818
NC,2024-09-01,Non-Profit,CNA,168,2544,0.0660377358490566
NC,2024-09-01,Non-Profit,LPN,34,819,0.04151404151404151
NC,2024-09-01,Non-Profit,RN,34,693,0.049062049062049064
NC,2024-10-01,For-Profit,CNA,1451,15572,0.09318006678653995
NC,2024-10-01,For-Profit,LPN,439,5233,0.08389069367475635
NC,2024-10-01,For-Profit,RN,356,3644,0.09769484083424808
NC,2024-10-01,Government,CNA,20,250,0.08
NC,2024-10-01,Government,LPN,3,77,0.03896103896103896
NC,2024-10-01,Government,RN,3,78,0.038461538461538464
NC,2024-10-01,Non-Profit,CNA,144,2594,0.05551272166538165
NC,2024-10-01,Non-Profit,LPN,39,835,0.046706586826347304
NC,2024-10-01,Non-Profit,RN,28,694,0.040345821325648415
NC,2024-11-01,For-Profit,CNA,1280,15463,0.08277824484252733
NC,2024-11-01,For-Profit,LPN,414,5225,0.07923444976076555
NC,2024-11-01,For-Profit,RN,324,3533,0.09170676478913105
NC,2024-11-01,Government,CNA,20,323,0.06191950464396285
NC,2024-11-01,Government,LPN,4,84,0.047619047619047616
NC,2024-11-01,Government,RN,5,120,0.041666666666666664
NC,2024-11-01,Non-Profit,CNA,121,2616,0.04625382262996942
NC,2024-11-01,Non-Profit,LPN,39,834,0.046762589928057555
NC,2024-11-01,Non-Profit,RN,39,692,0.05635838150289017
NC,2024-12-01,For-Profit,CNA,1412,15457,0.09135019732160186
NC,2024-12-01,For-Profit,LPN,440,5217,0.08433965880774391
NC,2024-12-01,For-Profit,RN,448,3525,0.1270921985815603
NC,2024-12-01,Government,CNA,95,330,0.2878787878787879
NC,2024-12-01,Government,LPN,10,87,0.11494252873563218
NC,2024-12-01,Government,RN,40,116,0.3448275862068966
NC,2024-12-01,Non-Profit,CNA,190,2679,0.07092198581560284
NC,2024-12-01,Non-Profit,LPN,44,823,0.053462940461725394
NC,2024-12-01,Non-Profit,RN,30,669,0.04484304932735426
NC,2025-01-01,For-Profit,CNA,1423,15578,0.09134677108743099
NC,2025-01-01,For-Profit,LPN,426,5273,0.08078892471079083
NC,2025-01-01,For-Profit,RN,306,3483,0.08785529715762273
NC,2025-01-01,Government,CNA,17,252,0.06746031746031746
NC,2025-01-01,Government,LPN,9,82,0.10975609756097561
NC,2025-01-01,Government,RN,9,85,0.10588235294117647
NC,2025-01-01,Non-Profit,CNA,165,2683,0.061498322773015285
NC,2025-01-01,Non-Profit,LPN,51,831,0.061371841155234655
NC,2025-01-01,Non-Profit,RN,34,679,0.050073637702503684
NC,2025-02-01,For-Profit,CNA,1200,15345,0.07820136852394917
NC,2025-02-01,For-Profit,LPN,400,5216,0.07668711656441718
NC,2025-02-01,For-Profit,RN,287,3409,0.08418891170431211
NC,2025-02-01,Government,CNA,19,243,0.07818930041152264
NC,2025-02-01,Government,LPN,2,76,0.02631578947368421
NC,2025-02-01,Government,RN,4,78,0.05128205128205128
NC,2025-02-01,Non-Profit,CNA,153,2547,0.06007067137809187
NC,2025-02-01,Non-Profit,LPN,28,787,0.035578144853875476
NC,2025-02-01,Non-Profit,RN,24,649,0.03697996918335902
NC,2025-03-01,For-Profit,CNA,1530,15561,0.09832272990167727
NC,2025-03-01,For-Profit,LPN,421,5185,0.08119575699132112
NC,2025-03-01,For-Profit,RN,349,3447,0.10124746156077749
NC,2025-03-01,Government,CNA,19,238,0.07983193277310924
NC,2025-03-01,Government,LPN,8,77,0.1038961038961039
NC,2025-03-01,Government,RN,2,79,0.02531645569620253
NC,2025-03-01,Non-Profit,CNA,173,2579,0.0670802636680884
NC,2025-03-01,Non-Profit,LPN,57,826,0.06900726392251816
NC,2025-03-01,Non-Profit,RN,35,673,0.05200594353640416
ND,2022-10-01,For-Profit,CNA,12,87,0.13793103448275862
ND,2022-10-01,For-Profit,LPN,1,31,0.03225806451612903
ND,2022-10-01,For-Profit,RN,2,40,0.05
ND,2022-10-01,Government,CNA,1,84,0.011904761904761904
ND,2022-10-01,Government,LPN,0,18,0.0
ND,2022-10-01,Government,RN,1,26,0.038461538461538464
ND,2022-10-01,Non-Profit,CNA,162,2856,0.05672268907563025
ND,2022-10-01,Non-Profit,LPN,22,548,0.040145985401459854
ND,2022-10-01,Non-Profit,RN,26,783,0.033205619412515965
ND,2022-11-01,For-Profit,CNA,11,85,0.12941176470588237
ND,2022-11-01,For-Profit,LPN,3,30,0.1
ND,2022-11-01,For-Profit,RN,5,36,0.1388888888888889
ND,2022-11-01,Government,CNA,5,88,0.056818181818181816
ND,2022-11-01,Government,LPN,0,17,0.0
ND,2022-11-01,Government,RN,1,26,0.038461538461538464
ND,2022-11-01,Non-Profit,CNA,154,2866,0.05373342637822749
ND,2022-11-01,Non-Profit,LPN,21,557,0.03770197486535009
ND,2022-11-01,Non-Profit,RN,23,773,0.029754204398447608
ND,2022-12-01,For-Profit,CNA,5,78,0.0641025641025641
ND,2022-12-01,For-Profit,LPN,1,26,0.038461538461538464
ND,2022-12-01,For-Profit,RN,2,35,0.05714285714285714
ND,2022-12-01,Government,CNA,2,89,0.02247191011235955
ND,2022-12-01,Government,LPN,0,16,0.0
ND,2022-12-01,Government,RN,0,26,0.0
ND,2022-12-01,Non-Profit,CNA,156,2885,0.05407279029462738
ND,2022-12-01,Non-Profit,LPN,23,553,0.04159132007233273
ND,2022-12-01,Non-Profit,RN,28,758,0.036939313984168866
ND,2023-01-01,For-Profit,CNA,4,75,0.05333333333333334
ND,2023-01-01,For-Profit,LPN,1,27,0.037037037037037035
ND,2023-01-01,For-Profit,RN,0,35,0.0
ND,2023-01-01,Government,CNA,0,83,0.0
ND,2023-01-01,Government,LPN,0,16,0.0
ND,2023-01-01,Government,RN,1,27,0.037037037037037035
ND,2023-01-01,Non-Profit,CNA,167,2925,0.0570940170940171
ND,2023-01-01,Non-Profit,LPN,30,542,0.055350553505535055
ND,2023-01-01,Non-Profit,RN,25,773,0.03234152652005175
ND,2023-02-01,For-Profit,CNA,3,69,0.043478260869565216
ND,2023-02-01,For-Profit,LPN,0,26,0.0
ND,2023-02-01,For-Profit,RN,0,32,0.0
ND,2023-02-01,Government,CNA,2,83,0.024096385542168676
ND,2023-02-01,Government,LPN,0,18,0.0
ND,2023-02-01,Government,RN,0,26,0.0
ND,2023-02-01,Non-Profit,CNA,126,2856,0.04411764705882353
ND,2023-02-01,Non-Profit,LPN,19,527,0.036053130929791274
ND,2023-02-01,Non-Profit,RN,19,773,0.02457956015523933
ND,2023-03-01,For-Profit,CNA,8,72,0.1111111111111111
ND,2023-03-01,For-Profit,LPN,2,28,0.07142857142857142
ND,2023-03-01,For-Profit,RN,3,36,0.08333333333333333
ND,2023-03-01,Government,CNA,10,86,0.11627906976744186
ND,2023-03-01,Government,LPN,0,17,0.0
ND,2023-03-01,Government,RN,2,25,0.08
ND,2023-03-01,Non-Profit,CNA,214,2953,0.07246867592279038
ND,2023-03-01,Non-Profit,LPN,40,533,0.075046904315197
ND,2023-03-01,Non-Profit,RN,45,779,0.057766367137355584
ND,2023-04-01,For-Profit,CNA,5,55,0.09090909090909091
ND,2023-04-01,For-Profit,LPN,1,25,0.04
ND,2023-04-01,For-Profit,RN,3,22,0.13636363636363635
ND,2023-04-01,Government,CNA,1,86,0.011627906976744186
ND,2023-04-01,Government,LPN,0,19,0.0
ND,2023-04-01,Government,RN,0,25,0.0
ND,2023-04-01,Non-Profit,CNA,148,2940,0.050340136054421766
ND,2023-04-01,Non-Profit,LPN,31,535,0.05794392523364486
ND,2023-04-01,Non-Profit,RN,24,777,0.03088803088803089
ND,2023-05-01,For-Profit,CNA,6,54,0.1111111111111111
ND,2023-05-01,For-Profit,LPN,2,27,0.07407407407407407
ND,2023-05-01,For-Profit,RN,4,21,0.19047619047619047
ND,2023-05-01,Government,CNA,0,93,0.0
ND,2023-05-01,Government,LPN,1,19,0.05263157894736842
ND,2023-05-01,Government,RN,0,25,0.0
ND,2023-05-01,Non-Profit,CNA,193,3024,0.06382275132275132
ND,2023-05-01,Non-Profit,LPN,35,527,0.06641366223908918
ND,2023-05-01,Non-Profit,RN,25,788,0.031725888324873094
ND,2023-06-01,For-Profit,CNA,5,50,0.1
ND,2023-06-01,For-Profit,LPN,5,23,0.21739130434782608
ND,2023-06-01,For-Profit,RN,2,20,0.1
ND,2023-06-01,Government,CNA,6,100,0.06
ND,2023-06-01,Government,LPN,0,18,0.0
ND,2023-06-01,Government,RN,2,28,0.07142857142857142
ND,2023-06-01,Non-Profit,CNA,201,3102,0.06479690522243714
ND,2023-06-01,Non-Profit,LPN,44,525,0.0838095238095238
ND,2023-06-01,Non-Profit,RN,32,809,0.03955500618046971
ND,2023-07-01,For-Profit,CNA,9,75,0.12
ND,2023-07-01,For-Profit,LPN,0,26,0.0
ND,2023-07-01,For-Profit,RN,1,36,0.027777777777777776
ND,2023-07-01,Government,CNA,6,75,0.08
ND,2023-07-01,Government,LPN,0,12,0.0
ND,2023-07-01,Government,RN,1,22,0.045454545454545456
ND,2023-07-01,Non-Profit,CNA,172,3146,0.05467260012714558
ND,2023-07-01,Non-Profit,LPN,25,512,0.048828125
ND,2023-07-01,Non-Profit,RN,33,823,0.040097205346294046
ND,2023-08-01,For-Profit,CNA,5,70,0.07142857142857142
ND,2023-08-01,For-Profit,LPN,3,28,0.10714285714285714
ND,2023-08-01,For-Profit,RN,0,36,0.0
ND,2023-08-01,Government,CNA,4,80,0.05
ND,2023-08-01,Government,LPN,1,13,0.07692307692307693
ND,2023-08-01,Government,RN,1,22,0.045454545454545456
ND,2023-08-01,Non-Profit,CNA,258,3215,0.080248833592535
ND,2023-08-01,Non-Profit,LPN,22,523,0.04206500956022945
ND,2023-08-01,Non-Profit,RN,34,827,0.041112454655380895
ND,2023-09-01,For-Profit,CNA,4,67,0.05970149253731343
ND,2023-09-01,For-Profit,LPN,2,25,0.08
ND,2023-09-01,For-Profit,RN,2,37,0.05405405405405406
ND,2023-09-01,Government,CNA,6,76,0.07894736842105263
ND,2023-09-01,Government,LPN,3,16,0.1875
ND,2023-09-01,Government,RN,2,22,0.09090909090909091
ND,2023-09-01,Non-Profit,CNA,180,3042,0.05917159763313609
ND,2023-09-01,Non-Profit,LPN,21,535,0.03925233644859813
ND,2023-09-01,Non-Profit,RN,45,817,0.05507955936352509
ND,2023-10-01,For-Profit,CNA,5,75,0.06666666666666667
ND,2023-10-01,For-Profit,LPN,0,26,0.0
ND,2023-10-01,For-Profit,RN,0,37,0.0
ND,2023-10-01,Government,CNA,3,75,0.04
ND,2023-10-01,Government,LPN,0,11,0.0
ND,2023-10-01,Government,RN,0,22,0.0
ND,2023-10-01,Non-Profit,CNA,177,3027,0.05847373637264618
ND,2023-10-01,Non-Profit,LPN,23,536,0.04291044776119403
ND,2023-10-01,Non-Profit,RN,29,819,0.03540903540903541
ND,2023-11-01,For-Profit,CNA,8,72,0.1111111111111111
ND,2023-11-01,For-Profit,LPN,0,27,0.0
ND,2023-11-01,For-Profit,RN,1,37,0.02702702702702703
ND,2023-11-01,Government,CNA,1,78,0.01282051282051282
ND,2023-11-01,Government,LPN,0,11,0.0
ND,2023-11-01,Government,RN,0,23,0.0
ND,2023-11-01,Non-Profit,CNA,154,2985,0.05159128978224456
ND,2023-11-01,Non-Profit,LPN,23,528,0.043560606060606064
ND,2023-11-01,Non-Profit,RN,32,815,0.0392638036809816
ND,2023-12-01,For-Profit,CNA,10,73,0.136986301369863
ND,2023-12-01,For-Profit,LPN,1,28,0.03571428571428571
ND,2023-12-01,For-Profit,RN,1,37,0.02702702702702703
ND,2023-12-01,Government,CNA,10,80,0.125
ND,2023-12-01,Government,LPN,1,13,0.07692307692307693
ND,2023-12-01,Government,RN,1,24,0.041666666666666664
ND,2023-12-01,Non-Profit,CNA,179,3020,0.05927152317880795
ND,2023-12-01,Non-Profit,LPN,31,523,0.05927342256214149
ND,2023-12-01,Non-Profit,RN,44,815,0.053987730061349694
ND,2024-01-01,For-Profit,CNA,4,72,0.05555555555555555
ND,2024-01-01,For-Profit,LPN,1,27,0.037037037037037035
ND,2024-01-01,For-Profit,RN,4,35,0.11428571428571428
ND,2024-01-01,Government,CNA,3,101,0.0297029702970297
ND,2024-01-01,Government,LPN,1,16,0.0625
ND,2024-01-01,Government,RN,0,29,0.0
ND,2024-01-01,Non-Profit,CNA,178,3027,0.05880409646514701
ND,2024-01-01,Non-Profit,LPN,19,516,0.03682170542635659
ND,2024-01-01,Non-Profit,RN,26,815,0.03190184049079755
ND,2024-02-01,For-Profit,CNA,2,73,0.0273972602739726
ND,2024-02-01,For-Profit,LPN,1,30,0.03333333333333333
ND,2024-02-01,For-Profit,RN,2,32,0.0625
ND,2024-02-01,Government,CNA,4,98,0.04081632653061224
ND,2024-02-01,Government,LPN,2,17,0.11764705882352941
ND,2024-02-01,Government,RN,0,28,0.0
ND,2024-02-01,Non-Profit,CNA,154,3015,0.05107794361525705
ND,2024-02-01,Non-Profit,LPN,26,520,0.05
ND,2024-02-01,Non-Profit,RN,34,820,0.041463414634146344
ND,2024-03-01,For-Profit,CNA,7,79,0.08860759493670886
ND,2024-03-01,For-Profit,LPN,1,29,0.034482758620689655
ND,2024-03-01,For-Profit,RN,2,34,0.058823529411764705
ND,2024-03-01,Government,CNA,15,99,0.15151515151515152
ND,2024-03-01,Government,LPN,1,15,0.06666666666666667
ND,2024-03-01,Government,RN,3,28,0.10714285714285714
ND,2024-03-01,Non-Profit,CNA,188,3116,0.06033376123234917
ND,2024-03-01,Non-Profit,LPN,27,519,0.05202312138728324
ND,2024-03-01,Non-Profit,RN,48,798,0.06015037593984962
ND,2024-04-01,For-Profit,CNA,7,81,0.08641975308641975
ND,2024-04-01,For-Profit,LPN,1,31,0.03225806451612903
ND,2024-04-01,For-Profit,RN,1,34,0.029411764705882353
ND,2024-04-01,Government,CNA,0,40,0.0
ND,2024-04-01,Government,LPN,1,8,0.125
ND,2024-04-01,Government,RN,0,15,0.0
ND,2024-04-01,Non-Profit,CNA,167,2868,0.05822873082287308
ND,2024-04-01,Non-Profit,LPN,22,478,0.04602510460251046
ND,2024-04-01,Non-Profit,RN,24,746,0.032171581769437
ND,2024-05-01,For-Profit,CNA,12,101,0.1188118811881188
ND,2024-05-01,For-Profit,LPN,4,35,0.11428571428571428
ND,2024-05-01,For-Profit,RN,3,35,0.08571428571428572
ND,2024-05-01,Government,CNA,1,44,0.022727272727272728
ND,2024-05-01,Government,LPN,0,8,0.0
ND,2024-05-01,Government,RN,0,14,0.0
ND,2024-05-01,Non-Profit,CNA,208,2983,0.06972846128059002
ND,2024-05-01,Non-Profit,LPN,35,478,0.07322175732217573
ND,2024-05-01,Non-Profit,RN,35,750,0.04666666666666667
ND,2024-06-01,For-Profit,CNA,9,96,0.09375
ND,2024-06-01,For-Profit,LPN,7,32,0.21875
ND,2024-06-01,For-Profit,RN,3,38,0.07894736842105263
ND,2024-06-01,Government,CNA,1,43,0.023255813953488372
ND,2024-06-01,Government,LPN,0,7,0.0
ND,2024-06-01,Government,RN,0,14,0.0
ND,2024-06-01,Non-Profit,CNA,184,3000,0.06133333333333333
ND,2024-06-01,Non-Profit,LPN,32,456,0.07017543859649122
ND,2024-06-01,Non-Profit,RN,26,760,0.034210526315789476
ND,2024-07-01,For-Profit,CNA,4,104,0.038461538461538464
ND,2024-07-01,For-Profit,LPN,1,28,0.03571428571428571
ND,2024-07-01,For-Profit,RN,4,44,0.09090909090909091
ND,2024-07-01,Government,CNA,2,96,0.020833333333333332
ND,2024-07-01,Government,LPN,0,13,0.0
ND,2024-07-01,Government,RN,0,30,0.0
ND,2024-07-01,Non-Profit,CNA,215,3237,0.06641952425084956
ND,2024-07-01,Non-Profit,LPN,23,489,0.04703476482617587
ND,2024-07-01,Non-Profit,RN,47,814,0.05773955773955774
ND,2024-08-01,For-Profit,CNA,13,98,0.1326530612244898
ND,2024-08-01,For-Profit,LPN,1,26,0.038461538461538464
ND,2024-08-01,For-Profit,RN,4,43,0.09302325581395349
ND,2024-08-01,Government,CNA,7,98,0.07142857142857142
ND,2024-08-01,Government,LPN,1,15,0.06666666666666667
ND,2024-08-01,Government,RN,1,32,0.03125
ND,2024-08-01,Non-Profit,CNA,249,3217,0.07740130556419024
ND,2024-08-01,Non-Profit,LPN,23,523,0.04397705544933078
ND,2024-08-01,Non-Profit,RN,47,815,0.05766871165644172
ND,2024-09-01,For-Profit,CNA,8,91,0.08791208791208792
ND,2024-09-01,For-Profit,LPN,3,28,0.10714285714285714
ND,2024-09-01,For-Profit,RN,5,43,0.11627906976744186
ND,2024-09-01,Government,CNA,4,91,0.04395604395604396
ND,2024-09-01,Government,LPN,1,14,0.07142857142857142
ND,2024-09-01,Government,RN,0,32,0.0
ND,2024-09-01,Non-Profit,CNA,190,3060,0.06209150326797386
ND,2024-09-01,Non-Profit,LPN,22,525,0.0419047619047619
ND,2024-09-01,Non-Profit,RN,27,807,0.03345724907063197
ND,2024-10-01,For-Profit,CNA,11,89,0.12359550561797752
ND,2024-10-01,For-Profit,LPN,0,26,0.0
ND,2024-10-01,For-Profit,RN,3,39,0.07692307692307693
ND,2024-10-01,Government,CNA,2,93,0.021505376344086023
ND,2024-10-01,Government,LPN,0,17,0.0
ND,2024-10-01,Government,RN,0,30,0.0
ND,2024-10-01,Non-Profit,CNA,222,3121,0.07113104774110862
ND,2024-10-01,Non-Profit,LPN,28,525,0.05333333333333334
ND,2024-10-01,Non-Profit,RN,30,828,0.036231884057971016
ND,2024-11-01,For-Profit,CNA,7,93,0.07526881720430108
ND,2024-11-01,For-Profit,LPN,4,27,0.14814814814814814
ND,2024-11-01,For-Profit,RN,2,39,0.05128205128205128
ND,2024-11-01,Government,CNA,0,96,0.0
ND,2024-11-01,Government,LPN,0,15,0.0
ND,2024-11-01,Government,RN,0,29,0.0
ND,2024-11-01,Non-Profit,CNA,189,3058,0.0618051013734467
ND,2024-11-01,Non-Profit,LPN,16,522,0.03065134099616858
ND,2024-11-01,Non-Profit,RN,38,835,0.045508982035928146
ND,2024-12-01,For-Profit,CNA,7,90,0.07777777777777778
ND,2024-12-01,For-Profit,LPN,2,24,0.08333333333333333
ND,2024-12-01,For-Profit,RN,6,39,0.15384615384615385
ND,2024-12-01,Government,CNA,7,94,0.07446808510638298
ND,2024-12-01,Government,LPN,1,16,0.0625
ND,2024-12-01,Government,RN,1,30,0.03333333333333333
ND,2024-12-01,Non-Profit,CNA,192,3095,0.06203554119547657
ND,2024-12-01,Non-Profit,LPN,22,521,0.04222648752399232
ND,2024-12-01,Non-Profit,RN,30,827,0.036275695284159616
ND,2025-01-01,For-Profit,CNA,2,71,0.028169014084507043
ND,2025-01-01,For-Profit,LPN,0,22,0.0
ND,2025-01-01,For-Profit,RN,3,25,0.12
ND,2025-01-01,Government,CNA,6,90,0.06666666666666667
ND,2025-01-01,Government,LPN,3,15,0.2
ND,2025-01-01,Government,RN,0,29,0.0
ND,2025-01-01,Non-Profit,CNA,202,3087,0.06543569808875932
ND,2025-01-01,Non-Profit,LPN,25,531,0.047080979284369114
ND,2025-01-01,Non-Profit,RN,23,825,0.027878787878787878
ND,2025-02-01,For-Profit,CNA,7,78,0.08974358974358974
ND,2025-02-01,For-Profit,LPN,2,26,0.07692307692307693
ND,2025-02-01,For-Profit,RN,1,30,0.03333333333333333
ND,2025-02-01,Government,CNA,1,90,0.011111111111111112
ND,2025-02-01,Government,LPN,0,12,0.0
ND,2025-02-01,Government,RN,1,28,0.03571428571428571
ND,2025-02-01,Non-Profit,CNA,153,3020,0.05066225165562914
ND,2025-02-01,Non-Profit,LPN,18,524,0.03435114503816794
ND,2025-02-01,Non-Profit,RN,27,820,0.032926829268292684
ND,2025-03-01,For-Profit,CNA,6,77,0.07792207792207792
ND,2025-03-01,For-Profit,LPN,0,27,0.0
ND,2025-03-01,For-Profit,RN,1,30,0.03333333333333333
ND,2025-03-01,Government,CNA,8,91,0.08791208791208792
ND,2025-03-01,Government,LPN,0,13,0.0
ND,2025-03-01,Government,RN,1,29,0.034482758620689655
ND,2025-03-01,Non-Profit,CNA,227,3096,0.0733204134366925
ND,2025-03-01,Non-Profit,LPN,27,517,0.05222437137330754
ND,2025-03-01,Non-Profit,RN,47,839,0.05601907032181168
NE,2022-10-01,For-Profit,CNA,208,2130,0.09765258215962441
NE,2022-10-01,For-Profit,LPN,33,502,0.06573705179282868
NE,2022-10-01,For-Profit,RN,62,589,0.10526315789473684
NE,2022-10-01,Government,CNA,40,746,0.05361930294906166
NE,2022-10-01,Government,LPN,9,157,0.05732484076433121
NE,2022-10-01,Government,RN,10,193,0.05181347150259067
NE,2022-10-01,Non-Profit,CNA,150,2682,0.05592841163310962
NE,2022-10-01,Non-Profit,LPN,21,584,0.03595890410958904
NE,2022-10-01,Non-Profit,RN,36,773,0.04657179818887452
NE,2022-11-01,For-Profit,CNA,186,2112,0.08806818181818182
NE,2022-11-01,For-Profit,LPN,32,502,0.06374501992031872
NE,2022-11-01,For-Profit,RN,58,575,0.10086956521739131
NE,2022-11-01,Government,CNA,32,746,0.04289544235924933
NE,2022-11-01,Government,LPN,2,151,0.013245033112582781
NE,2022-11-01,Government,RN,4,194,0.020618556701030927
NE,2022-11-01,Non-Profit,CNA,142,2657,0.05344373353406097
NE,2022-11-01,Non-Profit,LPN,16,580,0.027586206896551724
NE,2022-11-01,Non-Profit,RN,30,770,0.03896103896103896
NE,2022-12-01,For-Profit,CNA,400,2203,0.18157058556513844
NE,2022-12-01,For-Profit,LPN,76,519,0.1464354527938343
NE,2022-12-01,For-Profit,RN,73,557,0.1310592459605027
NE,2022-12-01,Government,CNA,45,769,0.05851755526657997
NE,2022-12-01,Government,LPN,9,159,0.05660377358490566
NE,2022-12-01,Government,RN,6,194,0.030927835051546393
NE,2022-12-01,Non-Profit,CNA,220,2725,0.08073394495412844
NE,2022-12-01,Non-Profit,LPN,25,571,0.043782837127845885
NE,2022-12-01,Non-Profit,RN,42,765,0.054901960784313725
NE,2023-01-01,For-Profit,CNA,218,2191,0.09949794614331356
NE,2023-01-01,For-Profit,LPN,47,532,0.08834586466165413
NE,2023-01-01,For-Profit,RN,33,541,0.06099815157116451
NE,2023-01-01,Government,CNA,45,794,0.05667506297229219
NE,2023-01-01,Government,LPN,6,166,0.03614457831325301
NE,2023-01-01,Government,RN,3,198,0.015151515151515152
NE,2023-01-01,Non-Profit,CNA,146,2723,0.05361733382298935
NE,2023-01-01,Non-Profit,LPN,15,589,0.025466893039049237
NE,2023-01-01,Non-Profit,RN,30,754,0.03978779840848806
NE,2023-02-01,For-Profit,CNA,179,2116,0.08459357277882798
NE,2023-02-01,For-Profit,LPN,42,526,0.07984790874524715
NE,2023-02-01,For-Profit,RN,37,550,0.06727272727272728
NE,2023-02-01,Government,CNA,37,752,0.04920212765957447
NE,2023-02-01,Government,LPN,5,165,0.030303030303030304
NE,2023-02-01,Government,RN,7,194,0.03608247422680412
NE,2023-02-01,Non-Profit,CNA,118,2604,0.04531490015360983
NE,2023-02-01,Non-Profit,LPN,23,583,0.03945111492281304
NE,2023-02-01,Non-Profit,RN,27,749,0.036048064085447265
NE,2023-03-01,For-Profit,CNA,200,2186,0.09149130832570906
NE,2023-03-01,For-Profit,LPN,34,527,0.06451612903225806
NE,2023-03-01,For-Profit,RN,34,545,0.062385321100917435
NE,2023-03-01,Government,CNA,62,768,0.08072916666666667
NE,2023-03-01,Government,LPN,11,167,0.0658682634730539
NE,2023-03-01,Government,RN,10,196,0.05102040816326531
NE,2023-03-01,Non-Profit,CNA,164,2753,0.05957137667998547
NE,2023-03-01,Non-Profit,LPN,36,579,0.06217616580310881
NE,2023-03-01,Non-Profit,RN,22,737,0.029850746268656716
NE,2023-04-01,For-Profit,CNA,186,2220,0.08378378378378379
NE,2023-04-01,For-Profit,LPN,39,531,0.07344632768361582
NE,2023-04-01,For-Profit,RN,34,556,0.06115107913669065
NE,2023-04-01,Government,CNA,52,698,0.07449856733524356
NE,2023-04-01,Government,LPN,7,148,0.0472972972972973
NE,2023-04-01,Government,RN,6,164,0.036585365853658534
NE,2023-04-01,Non-Profit,CNA,147,2686,0.05472822040208489
NE,2023-04-01,Non-Profit,LPN,16,574,0.027874564459930314
NE,2023-04-01,Non-Profit,RN,28,757,0.036988110964332896
NE,2023-05-01,For-Profit,CNA,221,2345,0.09424307036247334
NE,2023-05-01,For-Profit,LPN,34,532,0.06390977443609022
NE,2023-05-01,For-Profit,RN,50,566,0.08833922261484099
NE,2023-05-01,Government,CNA,51,704,0.07244318181818182
NE,2023-05-01,Government,LPN,7,153,0.0457516339869281
NE,2023-05-01,Government,RN,5,167,0.029940119760479042
NE,2023-05-01,Non-Profit,CNA,187,2822,0.06626506024096386
NE,2023-05-01,Non-Profit,LPN,17,581,0.029259896729776247
NE,2023-05-01,Non-Profit,RN,30,780,0.038461538461538464
NE,2023-06-01,For-Profit,CNA,250,2340,0.10683760683760683
NE,2023-06-01,For-Profit,LPN,48,538,0.08921933085501858
NE,2023-06-01,For-Profit,RN,56,563,0.0994671403197158
NE,2023-06-01,Government,CNA,30,722,0.04155124653739612
NE,2023-06-01,Government,LPN,8,158,0.05063291139240506
NE,2023-06-01,Government,RN,13,180,0.07222222222222222
NE,2023-06-01,Non-Profit,CNA,186,2869,0.06483095155106308
NE,2023-06-01,Non-Profit,LPN,22,593,0.03709949409780776
NE,2023-06-01,Non-Profit,RN,26,769,0.033810143042912875
NE,2023-07-01,For-Profit,CNA,290,2327,0.12462397937258272
NE,2023-07-01,For-Profit,LPN,53,544,0.0974264705882353
NE,2023-07-01,For-Profit,RN,42,530,0.07924528301886792
NE,2023-07-01,Government,CNA,43,862,0.04988399071925754
NE,2023-07-01,Government,LPN,5,175,0.02857142857142857
NE,2023-07-01,Government,RN,6,211,0.02843601895734597
NE,2023-07-01,Non-Profit,CNA,207,2899,0.07140393239047947
NE,2023-07-01,Non-Profit,LPN,22,606,0.036303630363036306
NE,2023-07-01,Non-Profit,RN,29,806,0.03598014888337469
NE,2023-08-01,For-Profit,CNA,299,2515,0.11888667992047713
NE,2023-08-01,For-Profit,LPN,49,571,0.08581436077057793
NE,2023-08-01,For-Profit,RN,55,588,0.0935374149659864
NE,2023-08-01,Government,CNA,54,876,0.06164383561643835
NE,2023-08-01,Government,LPN,7,180,0.03888888888888889
NE,2023-08-01,Government,RN,5,216,0.023148148148148147
NE,2023-08-01,Non-Profit,CNA,252,2866,0.08792742498255408
NE,2023-08-01,Non-Profit,LPN,25,594,0.04208754208754209
NE,2023-08-01,Non-Profit,RN,61,786,0.07760814249363868
NE,2023-09-01,For-Profit,CNA,308,2495,0.12344689378757515
NE,2023-09-01,For-Profit,LPN,41,558,0.07347670250896057
NE,2023-09-01,For-Profit,RN,51,583,0.08747855917667238
NE,2023-09-01,Government,CNA,50,832,0.06009615384615385
NE,2023-09-01,Government,LPN,9,177,0.05084745762711865
NE,2023-09-01,Government,RN,14,226,0.061946902654867256
NE,2023-09-01,Non-Profit,CNA,110,2689,0.040907400520639646
NE,2023-09-01,Non-Profit,LPN,20,573,0.034904013961605584
NE,2023-09-01,Non-Profit,RN,31,765,0.040522875816993466
NE,2023-10-01,For-Profit,CNA,326,2650,0.1230188679245283
NE,2023-10-01,For-Profit,LPN,62,622,0.09967845659163987
NE,2023-10-01,For-Profit,RN,51,617,0.08265802269043761
NE,2023-10-01,Government,CNA,58,833,0.06962785114045618
NE,2023-10-01,Government,LPN,6,164,0.036585365853658534
NE,2023-10-01,Government,RN,10,215,0.046511627906976744
NE,2023-10-01,Non-Profit,CNA,143,2758,0.05184916606236403
NE,2023-10-01,Non-Profit,LPN,31,596,0.05201342281879195
NE,2023-10-01,Non-Profit,RN,29,790,0.03670886075949367
NE,2023-11-01,For-Profit,CNA,380,2708,0.14032496307237813
NE,2023-11-01,For-Profit,LPN,54,608,0.08881578947368421
NE,2023-11-01,For-Profit,RN,50,625,0.08
NE,2023-11-01,Government,CNA,41,849,0.048292108362779744
NE,2023-11-01,Government,LPN,6,167,0.03592814371257485
NE,2023-11-01,Government,RN,8,217,0.03686635944700461
NE,2023-11-01,Non-Profit,CNA,145,2832,0.05120056497175141
NE,2023-11-01,Non-Profit,LPN,17,574,0.029616724738675958
NE,2023-11-01,Non-Profit,RN,22,778,0.028277634961439587
NE,2023-12-01,For-Profit,CNA,317,2589,0.12244109694862881
NE,2023-12-01,For-Profit,LPN,83,597,0.1390284757118928
NE,2023-12-01,For-Profit,RN,59,605,0.09752066115702479
NE,2023-12-01,Government,CNA,57,884,0.06447963800904978
NE,2023-12-01,Government,LPN,3,166,0.018072289156626505
NE,2023-12-01,Government,RN,11,215,0.05116279069767442
NE,2023-12-01,Non-Profit,CNA,188,2896,0.0649171270718232
NE,2023-12-01,Non-Profit,LPN,18,588,0.030612244897959183
NE,2023-12-01,Non-Profit,RN,39,791,0.0493046776232617
NE,2024-01-01,For-Profit,CNA,246,2556,0.09624413145539906
NE,2024-01-01,For-Profit,LPN,57,559,0.10196779964221825
NE,2024-01-01,For-Profit,RN,37,587,0.06303236797274275
NE,2024-01-01,Government,CNA,62,903,0.06866002214839424
NE,2024-01-01,Government,LPN,3,168,0.017857142857142856
NE,2024-01-01,Government,RN,8,215,0.037209302325581395
NE,2024-01-01,Non-Profit,CNA,161,2862,0.05625436757512229
NE,2024-01-01,Non-Profit,LPN,17,582,0.029209621993127148
NE,2024-01-01,Non-Profit,RN,23,772,0.029792746113989636
NE,2024-02-01,For-Profit,CNA,235,2541,0.09248327430145611
NE,2024-02-01,For-Profit,LPN,34,542,0.06273062730627306
NE,2024-02-01,For-Profit,RN,50,591,0.08460236886632826
NE,2024-02-01,Government,CNA,39,869,0.04487917146144994
NE,2024-02-01,Government,LPN,5,169,0.029585798816568046
NE,2024-02-01,Government,RN,6,224,0.026785714285714284
NE,2024-02-01,Non-Profit,CNA,147,2761,0.05324157913799348
NE,2024-02-01,Non-Profit,LPN,23,580,0.039655172413793106
NE,2024-02-01,Non-Profit,RN,33,736,0.04483695652173913
NE,2024-03-01,For-Profit,CNA,270,2561,0.10542756735650137
NE,2024-03-01,For-Profit,LPN,53,546,0.09706959706959707
NE,2024-03-01,For-Profit,RN,60,595,0.10084033613445378
NE,2024-03-01,Government,CNA,68,898,0.0757238307349666
NE,2024-03-01,Government,LPN,6,177,0.03389830508474576
NE,2024-03-01,Government,RN,8,228,0.03508771929824561
NE,2024-03-01,Non-Profit,CNA,213,2922,0.0728952772073922
NE,2024-03-01,Non-Profit,LPN,25,586,0.042662116040955635
NE,2024-03-01,Non-Profit,RN,32,778,0.04113110539845758
NE,2024-04-01,For-Profit,CNA,273,2527,0.10803324099722991
NE,2024-04-01,For-Profit,LPN,53,548,0.09671532846715329
NE,2024-04-01,For-Profit,RN,50,580,0.08620689655172414
NE,2024-04-01,Government,CNA,77,893,0.08622620380739082
NE,2024-04-01,Government,LPN,11,177,0.062146892655367235
NE,2024-04-01,Government,RN,15,223,0.06726457399103139
NE,2024-04-01,Non-Profit,CNA,135,2849,0.04738504738504738
NE,2024-04-01,Non-Profit,LPN,29,600,0.04833333333333333
NE,2024-04-01,Non-Profit,RN,31,804,0.03855721393034826
NE,2024-05-01,For-Profit,CNA,266,2596,0.1024653312788906
NE,2024-05-01,For-Profit,LPN,51,533,0.09568480300187618
NE,2024-05-01,For-Profit,RN,47,577,0.08145580589254767
NE,2024-05-01,Government,CNA,49,940,0.052127659574468084
NE,2024-05-01,Government,LPN,8,174,0.04597701149425287
NE,2024-05-01,Government,RN,3,221,0.013574660633484163
NE,2024-05-01,Non-Profit,CNA,204,3054,0.06679764243614932
NE,2024-05-01,Non-Profit,LPN,21,588,0.03571428571428571
NE,2024-05-01,Non-Profit,RN,30,781,0.03841229193341869
NE,2024-06-01,For-Profit,CNA,256,2632,0.0972644376899696
NE,2024-06-01,For-Profit,LPN,32,515,0.062135922330097085
NE,2024-06-01,For-Profit,RN,45,569,0.07908611599297012
NE,2024-06-01,Government,CNA,62,943,0.06574761399787911
NE,2024-06-01,Government,LPN,8,175,0.045714285714285714
NE,2024-06-01,Government,RN,6,220,0.02727272727272727
NE,2024-06-01,Non-Profit,CNA,237,3075,0.07707317073170732
NE,2024-06-01,Non-Profit,LPN,44,598,0.07357859531772576
NE,2024-06-01,Non-Profit,RN,40,800,0.05
NE,2024-07-01,For-Profit,CNA,267,2681,0.09958970533383066
NE,2024-07-01,For-Profit,LPN,38,537,0.07076350093109869
NE,2024-07-01,For-Profit,RN,41,594,0.06902356902356903
NE,2024-07-01,Government,CNA,71,977,0.07267144319344933
NE,2024-07-01,Government,LPN,8,178,0.0449438202247191
NE,2024-07-01,Government,RN,7,240,0.029166666666666667
NE,2024-07-01,Non-Profit,CNA,192,3189,0.060206961429915336
NE,2024-07-01,Non-Profit,LPN,26,627,0.04146730462519936
NE,2024-07-01,Non-Profit,RN,36,821,0.0438489646772229
NE,2024-08-01,For-Profit,CNA,280,2677,0.10459469555472543
NE,2024-08-01,For-Profit,LPN,38,547,0.06946983546617916
NE,2024-08-01,For-Profit,RN,43,603,0.07131011608623548
NE,2024-08-01,Government,CNA,47,933,0.05037513397642015
NE,2024-08-01,Government,LPN,7,177,0.03954802259887006
NE,2024-08-01,Government,RN,10,237,0.04219409282700422
NE,2024-08-01,Non-Profit,CNA,227,3259,0.06965326787358085
NE,2024-08-01,Non-Profit,LPN,22,629,0.034976152623211444
NE,2024-08-01,Non-Profit,RN,33,831,0.039711191335740074
NE,2024-09-01,For-Profit,CNA,345,2616,0.13188073394495411
NE,2024-09-01,For-Profit,LPN,55,545,0.10091743119266056
NE,2024-09-01,For-Profit,RN,82,586,0.13993174061433447
NE,2024-09-01,Government,CNA,69,912,0.0756578947368421
NE,2024-09-01,Government,LPN,11,181,0.06077348066298342
NE,2024-09-01,Government,RN,17,244,0.06967213114754098
NE,2024-09-01,Non-Profit,CNA,223,3163,0.0705026873221625
NE,2024-09-01,Non-Profit,LPN,36,634,0.056782334384858045
NE,2024-09-01,Non-Profit,RN,44,836,0.05263157894736842
NE,2024-10-01,For-Profit,CNA,226,2611,0.08655687476062811
NE,2024-10-01,For-Profit,LPN,28,518,0.05405405405405406
NE,2024-10-01,For-Profit,RN,36,566,0.0636042402826855
NE,2024-10-01,Government,CNA,35,903,0.03875968992248062
NE,2024-10-01,Government,LPN,7,176,0.03977272727272727
NE,2024-10-01,Government,RN,8,235,0.03404255319148936
NE,2024-10-01,Non-Profit,CNA,186,3183,0.058435438265786996
NE,2024-10-01,Non-Profit,LPN,38,643,0.05909797822706065
NE,2024-10-01,Non-Profit,RN,35,841,0.041617122473246136
NE,2024-11-01,For-Profit,CNA,209,2623,0.07967975600457491
NE,2024-11-01,For-Profit,LPN,50,515,0.0970873786407767
NE,2024-11-01,For-Profit,RN,29,572,0.050699300699300696
NE,2024-11-01,Government,CNA,67,877,0.07639680729760548
NE,2024-11-01,Government,LPN,15,181,0.08287292817679558
NE,2024-11-01,Government,RN,13,223,0.05829596412556054
NE,2024-11-01,Non-Profit,CNA,172,3226,0.053316800991940486
NE,2024-11-01,Non-Profit,LPN,20,636,0.031446540880503145
NE,2024-11-01,Non-Profit,RN,41,828,0.049516908212560384
NE,2024-12-01,For-Profit,CNA,242,2631,0.0919802356518434
NE,2024-12-01,For-Profit,LPN,34,485,0.07010309278350516
NE,2024-12-01,For-Profit,RN,54,572,0.0944055944055944
NE,2024-12-01,Government,CNA,52,946,0.05496828752642706
NE,2024-12-01,Government,LPN,8,183,0.04371584699453552
NE,2024-12-01,Government,RN,8,229,0.034934497816593885
NE,2024-12-01,Non-Profit,CNA,177,3264,0.05422794117647059
NE,2024-12-01,Non-Profit,LPN,26,637,0.04081632653061224
NE,2024-12-01,Non-Profit,RN,38,820,0.046341463414634146
NE,2025-01-01,For-Profit,CNA,225,2757,0.08161044613710555
NE,2025-01-01,For-Profit,LPN,29,529,0.054820415879017016
NE,2025-01-01,For-Profit,RN,48,576,0.08333333333333333
NE,2025-01-01,Government,CNA,37,929,0.03982777179763186
NE,2025-01-01,Government,LPN,8,171,0.04678362573099415
NE,2025-01-01,Government,RN,12,228,0.05263157894736842
NE,2025-01-01,Non-Profit,CNA,184,3275,0.05618320610687023
NE,2025-01-01,Non-Profit,LPN,18,626,0.02875399361022364
NE,2025-01-01,Non-Profit,RN,53,852,0.062206572769953054
NE,2025-02-01,For-Profit,CNA,256,2732,0.09370424597364568
NE,2025-02-01,For-Profit,LPN,33,535,0.0616822429906542
NE,2025-02-01,For-Profit,RN,53,585,0.0905982905982906
NE,2025-02-01,Government,CNA,45,911,0.04939626783754116
NE,2025-02-01,Government,LPN,4,170,0.023529411764705882
NE,2025-02-01,Government,RN,8,226,0.035398230088495575
NE,2025-02-01,Non-Profit,CNA,154,3232,0.04764851485148515
NE,2025-02-01,Non-Profit,LPN,18,622,0.028938906752411574
NE,2025-02-01,Non-Profit,RN,66,851,0.07755581668625147
NE,2025-03-01,For-Profit,CNA,295,2769,0.10653665583243048
NE,2025-03-01,For-Profit,LPN,47,564,0.08333333333333333
NE,2025-03-01,For-Profit,RN,41,561,0.07308377896613191
NE,2025-03-01,Government,CNA,78,936,0.08333333333333333
NE,2025-03-01,Government,LPN,18,173,0.10404624277456648
NE,2025-03-01,Government,RN,7,222,0.03153153153153153
NE,2025-03-01,Non-Profit,CNA,198,3352,0.05906921241050119
NE,2025-03-01,Non-Profit,LPN,30,638,0.047021943573667714
NE,2025-03-01,Non-Profit,RN,69,841,0.08204518430439953
NH,2022-10-01,For-Profit,CNA,136,1561,0.08712363869314542
NH,2022-10-01,For-Profit,LPN,44,535,0.08224299065420561
NH,2022-10-01,For-Profit,RN,24,499,0.04809619238476954
NH,2022-10-01,Government,CNA,21,681,0.030837004405286344
NH,2022-10-01,Government,LPN,9,129,0.06976744186046512
NH,2022-10-01,Government,RN,1,210,0.004761904761904762
NH,2022-10-01,Non-Profit,CNA,30,410,0.07317073170731707
NH,2022-10-01,Non-Profit,LPN,10,134,0.07462686567164178
NH,2022-10-01,Non-Profit,RN,6,134,0.04477611940298507
NH,2022-11-01,For-Profit,CNA,159,1575,0.10095238095238095
NH,2022-11-01,For-Profit,LPN,44,528,0.08333333333333333
NH,2022-11-01,For-Profit,RN,33,501,0.0658682634730539
NH,2022-11-01,Government,CNA,16,680,0.023529411764705882
NH,2022-11-01,Government,LPN,4,123,0.032520325203252036
NH,2022-11-01,Government,RN,5,215,0.023255813953488372
NH,2022-11-01,Non-Profit,CNA,13,409,0.03178484107579462
NH,2022-11-01,Non-Profit,LPN,7,124,0.056451612903225805
NH,2022-11-01,Non-Profit,RN,5,131,0.03816793893129771
NH,2022-12-01,For-Profit,CNA,170,1544,0.11010362694300518
NH,2022-12-01,For-Profit,LPN,57,519,0.10982658959537572
NH,2022-12-01,For-Profit,RN,50,506,0.09881422924901186
NH,2022-12-01,Government,CNA,17,685,0.024817518248175182
NH,2022-12-01,Government,LPN,5,116,0.04310344827586207
NH,2022-12-01,Government,RN,9,215,0.04186046511627907
NH,2022-12-01,Non-Profit,CNA,27,413,0.06537530266343826
NH,2022-12-01,Non-Profit,LPN,4,124,0.03225806451612903
NH,2022-12-01,Non-Profit,RN,12,136,0.08823529411764706
NH,2023-01-01,For-Profit,CNA,126,1544,0.08160621761658031
NH,2023-01-01,For-Profit,LPN,37,526,0.07034220532319392
NH,2023-01-01,For-Profit,RN,33,497,0.06639839034205232
NH,2023-01-01,Government,CNA,20,769,0.02600780234070221
NH,2023-01-01,Government,LPN,5,136,0.03676470588235294
NH,2023-01-01,Government,RN,6,245,0.024489795918367346
NH,2023-01-01,Non-Profit,CNA,26,419,0.06205250596658711
NH,2023-01-01,Non-Profit,LPN,9,133,0.06766917293233082
NH,2023-01-01,Non-Profit,RN,7,134,0.05223880597014925
NH,2023-02-01,For-Profit,CNA,143,1524,0.09383202099737532
NH,2023-02-01,For-Profit,LPN,41,557,0.07360861759425494
NH,2023-02-01,For-Profit,RN,25,494,0.05060728744939271
NH,2023-02-01,Government,CNA,18,758,0.023746701846965697
NH,2023-02-01,Government,LPN,2,132,0.015151515151515152
NH,2023-02-01,Government,RN,3,248,0.012096774193548387
NH,2023-02-01,Non-Profit,CNA,16,405,0.03950617283950617
NH,2023-02-01,Non-Profit,LPN,6,132,0.045454545454545456
NH,2023-02-01,Non-Profit,RN,6,134,0.04477611940298507
NH,2023-03-01,For-Profit,CNA,141,1548,0.09108527131782945
NH,2023-03-01,For-Profit,LPN,53,569,0.09314586994727592
NH,2023-03-01,For-Profit,RN,34,523,0.06500956022944551
NH,2023-03-01,Government,CNA,23,772,0.029792746113989636
NH,2023-03-01,Government,LPN,3,135,0.022222222222222223
NH,2023-03-01,Government,RN,8,251,0.03187250996015936
NH,2023-03-01,Non-Profit,CNA,30,423,0.07092198581560284
NH,2023-03-01,Non-Profit,LPN,3,119,0.025210084033613446
NH,2023-03-01,Non-Profit,RN,13,135,0.0962962962962963
NH,2023-04-01,For-Profit,CNA,104,1504,0.06914893617021277
NH,2023-04-01,For-Profit,LPN,55,560,0.09821428571428571
NH,2023-04-01,For-Profit,RN,32,536,0.05970149253731343
NH,2023-04-01,Government,CNA,20,744,0.026881720430107527
NH,2023-04-01,Government,LPN,3,137,0.021897810218978103
NH,2023-04-01,Government,RN,5,250,0.02
NH,2023-04-01,Non-Profit,CNA,20,406,0.04926108374384237
NH,2023-04-01,Non-Profit,LPN,6,127,0.047244094488188976
NH,2023-04-01,Non-Profit,RN,3,134,0.022388059701492536
NH,2023-05-01,For-Profit,CNA,123,1586,0.07755359394703656
NH,2023-05-01,For-Profit,LPN,50,555,0.09009009009009009
NH,2023-05-01,For-Profit,RN,45,542,0.08302583025830258
NH,2023-05-01,Government,CNA,19,758,0.025065963060686015
NH,2023-05-01,Government,LPN,1,137,0.0072992700729927005
NH,2023-05-01,Government,RN,7,250,0.028
NH,2023-05-01,Non-Profit,CNA,20,430,0.046511627906976744
NH,2023-05-01,Non-Profit,LPN,6,126,0.047619047619047616
NH,2023-05-01,Non-Profit,RN,9,142,0.06338028169014084
NH,2023-06-01,For-Profit,CNA,148,1614,0.09169764560099132
NH,2023-06-01,For-Profit,LPN,69,547,0.12614259597806216
NH,2023-06-01,For-Profit,RN,36,545,0.06605504587155964
NH,2023-06-01,Government,CNA,34,775,0.04387096774193548
NH,2023-06-01,Government,LPN,1,135,0.007407407407407408
NH,2023-06-01,Government,RN,6,244,0.02459016393442623
NH,2023-06-01,Non-Profit,CNA,26,454,0.05726872246696035
NH,2023-06-01,Non-Profit,LPN,11,123,0.08943089430894309
NH,2023-06-01,Non-Profit,RN,7,137,0.051094890510948905
NH,2023-07-01,For-Profit,CNA,114,1609,0.07085146053449347
NH,2023-07-01,For-Profit,LPN,38,540,0.07037037037037037
NH,2023-07-01,For-Profit,RN,40,553,0.07233273056057866
NH,2023-07-01,Government,CNA,20,769,0.02600780234070221
NH,2023-07-01,Government,LPN,4,139,0.02877697841726619
NH,2023-07-01,Government,RN,6,247,0.024291497975708502
NH,2023-07-01,Non-Profit,CNA,28,452,0.061946902654867256
NH,2023-07-01,Non-Profit,LPN,7,122,0.05737704918032787
NH,2023-07-01,Non-Profit,RN,7,133,0.05263157894736842
NH,2023-08-01,For-Profit,CNA,142,1654,0.08585247883917775
NH,2023-08-01,For-Profit,LPN,31,545,0.05688073394495413
NH,2023-08-01,For-Profit,RN,49,578,0.0847750865051903
NH,2023-08-01,Government,CNA,27,775,0.03483870967741935
NH,2023-08-01,Government,LPN,1,142,0.007042253521126761
NH,2023-08-01,Government,RN,5,253,0.019762845849802372
NH,2023-08-01,Non-Profit,CNA,29,450,0.06444444444444444
NH,2023-08-01,Non-Profit,LPN,6,118,0.05084745762711865
NH,2023-08-01,Non-Profit,RN,10,140,0.07142857142857142
NH,2023-09-01,For-Profit,CNA,134,1579,0.08486383787207093
NH,2023-09-01,For-Profit,LPN,61,558,0.10931899641577061
NH,2023-09-01,For-Profit,RN,72,606,0.1188118811881188
NH,2023-09-01,Government,CNA,26,759,0.034255599472990776
NH,2023-09-01,Government,LPN,4,145,0.027586206896551724
NH,2023-09-01,Government,RN,6,246,0.024390243902439025
NH,2023-09-01,Non-Profit,CNA,24,422,0.05687203791469194
NH,2023-09-01,Non-Profit,LPN,6,114,0.05263157894736842
NH,2023-09-01,Non-Profit,RN,7,132,0.05303030303030303
NH,2023-10-01,For-Profit,CNA,125,1603,0.07797878976918278
NH,2023-10-01,For-Profit,LPN,43,558,0.07706093189964158
NH,2023-10-01,For-Profit,RN,45,573,0.07853403141361257
NH,2023-10-01,Government,CNA,30,778,0.038560411311053984
NH,2023-10-01,Government,LPN,4,143,0.027972027972027972
NH,2023-10-01,Government,RN,1,239,0.0041841004184100415
NH,2023-10-01,Non-Profit,CNA,30,421,0.07125890736342043
NH,2023-10-01,Non-Profit,LPN,5,113,0.04424778761061947
NH,2023-10-01,Non-Profit,RN,5,137,0.0364963503649635
NH,2023-11-01,For-Profit,CNA,119,1640,0.07256097560975609
NH,2023-11-01,For-Profit,LPN,38,561,0.0677361853832442
NH,2023-11-01,For-Profit,RN,44,574,0.07665505226480836
NH,2023-11-01,Government,CNA,16,770,0.02077922077922078
NH,2023-11-01,Government,LPN,0,143,0.0
NH,2023-11-01,Government,RN,0,252,0.0
NH,2023-11-01,Non-Profit,CNA,35,454,0.07709251101321586
NH,2023-11-01,Non-Profit,LPN,3,113,0.02654867256637168
NH,2023-11-01,Non-Profit,RN,15,144,0.10416666666666667
NH,2023-12-01,For-Profit,CNA,182,1640,0.11097560975609756
NH,2023-12-01,For-Profit,LPN,62,560,0.11071428571428571
NH,2023-12-01,For-Profit,RN,74,553,0.13381555153707053
NH,2023-12-01,Government,CNA,24,801,0.0299625468164794
NH,2023-12-01,Government,LPN,2,140,0.014285714285714285
NH,2023-12-01,Government,RN,8,257,0.0311284046692607
NH,2023-12-01,Non-Profit,CNA,68,464,0.14655172413793102
NH,2023-12-01,Non-Profit,LPN,11,119,0.09243697478991597
NH,2023-12-01,Non-Profit,RN,15,135,0.1111111111111111
NH,2024-01-01,For-Profit,CNA,107,1622,0.0659679408138101
NH,2024-01-01,For-Profit,LPN,33,548,0.060218978102189784
NH,2024-01-01,For-Profit,RN,46,536,0.08582089552238806
NH,2024-01-01,Government,CNA,21,772,0.027202072538860103
NH,2024-01-01,Government,LPN,6,149,0.040268456375838924
NH,2024-01-01,Government,RN,5,251,0.0199203187250996
NH,2024-01-01,Non-Profit,CNA,24,424,0.05660377358490566
NH,2024-01-01,Non-Profit,LPN,4,118,0.03389830508474576
NH,2024-01-01,Non-Profit,RN,4,120,0.03333333333333333
NH,2024-02-01,For-Profit,CNA,145,1633,0.08879363135333741
NH,2024-02-01,For-Profit,LPN,26,543,0.04788213627992634
NH,2024-02-01,For-Profit,RN,32,533,0.0600375234521576
NH,2024-02-01,Government,CNA,27,772,0.034974093264248704
NH,2024-02-01,Government,LPN,2,144,0.013888888888888888
NH,2024-02-01,Government,RN,5,247,0.020242914979757085
NH,2024-02-01,Non-Profit,CNA,30,407,0.07371007371007371
NH,2024-02-01,Non-Profit,LPN,4,120,0.03333333333333333
NH,2024-02-01,Non-Profit,RN,3,123,0.024390243902439025
NH,2024-03-01,For-Profit,CNA,122,1613,0.07563546187228766
NH,2024-03-01,For-Profit,LPN,46,562,0.08185053380782918
NH,2024-03-01,For-Profit,RN,38,531,0.07156308851224105
NH,2024-03-01,Government,CNA,21,781,0.026888604353393086
NH,2024-03-01,Government,LPN,4,148,0.02702702702702703
NH,2024-03-01,Government,RN,3,250,0.012
NH,2024-03-01,Non-Profit,CNA,29,413,0.07021791767554479
NH,2024-03-01,Non-Profit,LPN,12,126,0.09523809523809523
NH,2024-03-01,Non-Profit,RN,12,133,0.09022556390977443
NH,2024-04-01,For-Profit,CNA,126,1601,0.07870081199250469
NH,2024-04-01,For-Profit,LPN,32,553,0.05786618444846293
NH,2024-04-01,For-Profit,RN,27,528,0.05113636363636364
NH,2024-04-01,Government,CNA,21,776,0.027061855670103094
NH,2024-04-01,Government,LPN,0,150,0.0
NH,2024-04-01,Government,RN,4,251,0.01593625498007968
NH,2024-04-01,Non-Profit,CNA,27,430,0.06279069767441861
NH,2024-04-01,Non-Profit,LPN,5,139,0.03597122302158273
NH,2024-04-01,Non-Profit,RN,5,127,0.03937007874015748
NH,2024-05-01,For-Profit,CNA,146,1619,0.09017912291537987
NH,2024-05-01,For-Profit,LPN,42,555,0.07567567567567568
NH,2024-05-01,For-Profit,RN,49,555,0.08828828828828829
NH,2024-05-01,Government,CNA,33,789,0.04182509505703422
NH,2024-05-01,Government,LPN,3,152,0.019736842105263157
NH,2024-05-01,Government,RN,6,250,0.024
NH,2024-05-01,Non-Profit,CNA,25,471,0.05307855626326964
NH,2024-05-01,Non-Profit,LPN,9,146,0.06164383561643835
NH,2024-05-01,Non-Profit,RN,6,135,0.044444444444444446
NH,2024-06-01,For-Profit,CNA,94,1581,0.05945604048070841
NH,2024-06-01,For-Profit,LPN,31,548,0.05656934306569343
NH,2024-06-01,For-Profit,RN,37,558,0.06630824372759857
NH,2024-06-01,Government,CNA,51,788,0.06472081218274112
NH,2024-06-01,Government,LPN,8,151,0.052980132450331126
NH,2024-06-01,Government,RN,13,253,0.05138339920948617
NH,2024-06-01,Non-Profit,CNA,34,480,0.07083333333333333
NH,2024-06-01,Non-Profit,LPN,12,144,0.08333333333333333
NH,2024-06-01,Non-Profit,RN,7,139,0.050359712230215826
NH,2024-07-01,For-Profit,CNA,95,1649,0.05761067313523347
NH,2024-07-01,For-Profit,LPN,38,569,0.06678383128295255
NH,2024-07-01,For-Profit,RN,35,557,0.06283662477558348
NH,2024-07-01,Government,CNA,25,847,0.0295159386068477
NH,2024-07-01,Government,LPN,8,153,0.05228758169934641
NH,2024-07-01,Government,RN,5,241,0.02074688796680498
NH,2024-07-01,Non-Profit,CNA,37,499,0.07414829659318638
NH,2024-07-01,Non-Profit,LPN,7,135,0.05185185185185185
NH,2024-07-01,Non-Profit,RN,9,148,0.060810810810810814
NH,2024-08-01,For-Profit,CNA,161,1680,0.09583333333333334
NH,2024-08-01,For-Profit,LPN,41,562,0.07295373665480427
NH,2024-08-01,For-Profit,RN,61,581,0.10499139414802065
NH,2024-08-01,Government,CNA,35,863,0.04055619930475087
NH,2024-08-01,Government,LPN,1,152,0.006578947368421052
NH,2024-08-01,Government,RN,7,242,0.028925619834710745
NH,2024-08-01,Non-Profit,CNA,21,482,0.043568464730290454
NH,2024-08-01,Non-Profit,LPN,5,141,0.03546099290780142
NH,2024-08-01,Non-Profit,RN,9,149,0.06040268456375839
NH,2024-09-01,For-Profit,CNA,162,1597,0.10144020037570445
NH,2024-09-01,For-Profit,LPN,49,542,0.09040590405904059
NH,2024-09-01,For-Profit,RN,63,559,0.11270125223613596
NH,2024-09-01,Government,CNA,43,841,0.05112960760998811
NH,2024-09-01,Government,LPN,5,161,0.031055900621118012
NH,2024-09-01,Government,RN,7,237,0.029535864978902954
NH,2024-09-01,Non-Profit,CNA,38,487,0.07802874743326489
NH,2024-09-01,Non-Profit,LPN,6,138,0.043478260869565216
NH,2024-09-01,Non-Profit,RN,6,137,0.043795620437956206
NH,2024-10-01,For-Profit,CNA,107,1564,0.06841432225063938
NH,2024-10-01,For-Profit,LPN,37,561,0.0659536541889483
NH,2024-10-01,For-Profit,RN,39,541,0.07208872458410351
NH,2024-10-01,Government,CNA,22,755,0.02913907284768212
NH,2024-10-01,Government,LPN,3,140,0.02142857142857143
NH,2024-10-01,Government,RN,8,202,0.039603960396039604
NH,2024-10-01,Non-Profit,CNA,32,531,0.060263653483992465
NH,2024-10-01,Non-Profit,LPN,8,145,0.05517241379310345
NH,2024-10-01,Non-Profit,RN,10,150,0.06666666666666667
NH,2024-11-01,For-Profit,CNA,110,1603,0.06862133499688085
NH,2024-11-01,For-Profit,LPN,41,557,0.07360861759425494
NH,2024-11-01,For-Profit,RN,35,539,0.06493506493506493
NH,2024-11-01,Government,CNA,18,766,0.02349869451697128
NH,2024-11-01,Government,LPN,4,142,0.028169014084507043
NH,2024-11-01,Government,RN,5,195,0.02564102564102564
NH,2024-11-01,Non-Profit,CNA,29,543,0.053406998158379376
NH,2024-11-01,Non-Profit,LPN,6,145,0.041379310344827586
NH,2024-11-01,Non-Profit,RN,8,148,0.05405405405405406
NH,2024-12-01,For-Profit,CNA,103,1638,0.06288156288156288
NH,2024-12-01,For-Profit,LPN,31,560,0.055357142857142855
NH,2024-12-01,For-Profit,RN,28,552,0.050724637681159424
NH,2024-12-01,Government,CNA,136,778,0.17480719794344474
NH,2024-12-01,Government,LPN,15,141,0.10638297872340426
NH,2024-12-01,Government,RN,28,188,0.14893617021276595
NH,2024-12-01,Non-Profit,CNA,34,540,0.06296296296296296
NH,2024-12-01,Non-Profit,LPN,6,147,0.04081632653061224
NH,2024-12-01,Non-Profit,RN,7,148,0.0472972972972973
NH,2025-01-01,For-Profit,CNA,126,1674,0.07526881720430108
NH,2025-01-01,For-Profit,LPN,31,570,0.054385964912280704
NH,2025-01-01,For-Profit,RN,32,570,0.056140350877192984
NH,2025-01-01,Government,CNA,28,885,0.031638418079096044
NH,2025-01-01,Government,LPN,3,172,0.01744186046511628
NH,2025-01-01,Government,RN,5,247,0.020242914979757085
NH,2025-01-01,Non-Profit,CNA,30,558,0.053763440860215055
NH,2025-01-01,Non-Profit,LPN,9,148,0.060810810810810814
NH,2025-01-01,Non-Profit,RN,3,144,0.020833333333333332
NH,2025-02-01,For-Profit,CNA,95,1625,0.05846153846153846
NH,2025-02-01,For-Profit,LPN,36,563,0.06394316163410302
NH,2025-02-01,For-Profit,RN,29,568,0.051056338028169015
NH,2025-02-01,Government,CNA,21,874,0.02402745995423341
NH,2025-02-01,Government,LPN,2,171,0.011695906432748537
NH,2025-02-01,Government,RN,3,254,0.011811023622047244
NH,2025-02-01,Non-Profit,CNA,31,522,0.05938697318007663
NH,2025-02-01,Non-Profit,LPN,9,145,0.06206896551724138
NH,2025-02-01,Non-Profit,RN,9,154,0.05844155844155844
NH,2025-03-01,For-Profit,CNA,153,1634,0.09363525091799266
NH,2025-03-01,For-Profit,LPN,44,561,0.0784313725490196
NH,2025-03-01,For-Profit,RN,44,580,0.07586206896551724
NH,2025-03-01,Government,CNA,28,893,0.03135498320268757
NH,2025-03-01,Government,LPN,3,172,0.01744186046511628
NH,2025-03-01,Government,RN,7,253,0.02766798418972332
NH,2025-03-01,Non-Profit,CNA,42,530,0.07924528301886792
NH,2025-03-01,Non-Profit,LPN,7,139,0.050359712230215826
NH,2025-03-01,Non-Profit,RN,14,149,0.09395973154362416
NJ,2022-10-01,For-Profit,CNA,591,11246,0.05255201849546506
NJ,2022-10-01,For-Profit,LPN,332,5515,0.060199456029011784
NJ,2022-10-01,For-Profit,RN,252,4379,0.05754738524777346
NJ,2022-10-01,Government,CNA,11,609,0.0180623973727422
NJ,2022-10-01,Government,LPN,8,220,0.03636363636363636
NJ,2022-10-01,Government,RN,5,244,0.020491803278688523
NJ,2022-10-01,Non-Profit,CNA,61,1789,0.03409726103968697
NJ,2022-10-01,Non-Profit,LPN,30,684,0.043859649122807015
NJ,2022-10-01,Non-Profit,RN,23,842,0.027315914489311165
NJ,2022-11-01,For-Profit,CNA,539,11236,0.04797080811676753
NJ,2022-11-01,For-Profit,LPN,320,5483,0.058362210468721504
NJ,2022-11-01,For-Profit,RN,248,4371,0.05673758865248227
NJ,2022-11-01,Government,CNA,12,610,0.019672131147540985
NJ,2022-11-01,Government,LPN,11,221,0.049773755656108594
NJ,2022-11-01,Government,RN,7,250,0.028
NJ,2022-11-01,Non-Profit,CNA,53,1804,0.029379157427937917
NJ,2022-11-01,Non-Profit,LPN,26,672,0.03869047619047619
NJ,2022-11-01,Non-Profit,RN,19,821,0.023142509135200974
NJ,2022-12-01,For-Profit,CNA,853,11156,0.07646109716744352
NJ,2022-12-01,For-Profit,LPN,493,5462,0.09025997803002563
NJ,2022-12-01,For-Profit,RN,445,4325,0.10289017341040463
NJ,2022-12-01,Government,CNA,52,613,0.08482871125611746
NJ,2022-12-01,Government,LPN,26,215,0.12093023255813953
NJ,2022-12-01,Government,RN,31,254,0.1220472440944882
NJ,2022-12-01,Non-Profit,CNA,174,1791,0.09715242881072027
NJ,2022-12-01,Non-Profit,LPN,62,658,0.09422492401215805
NJ,2022-12-01,Non-Profit,RN,99,818,0.12102689486552567
NJ,2023-01-01,For-Profit,CNA,624,11104,0.056195965417867436
NJ,2023-01-01,For-Profit,LPN,327,5366,0.06093924711144241
NJ,2023-01-01,For-Profit,RN,304,4262,0.07132801501642422
NJ,2023-01-01,Government,CNA,8,617,0.012965964343598054
NJ,2023-01-01,Government,LPN,6,210,0.02857142857142857
NJ,2023-01-01,Government,RN,6,248,0.024193548387096774
NJ,2023-01-01,Non-Profit,CNA,57,1768,0.03223981900452489
NJ,2023-01-01,Non-Profit,LPN,22,649,0.03389830508474576
NJ,2023-01-01,Non-Profit,RN,24,842,0.028503562945368172
NJ,2023-02-01,For-Profit,CNA,564,11129,0.050678407763500764
NJ,2023-02-01,For-Profit,LPN,294,5418,0.05426356589147287
NJ,2023-02-01,For-Profit,RN,251,4256,0.05897556390977444
NJ,2023-02-01,Government,CNA,8,608,0.013157894736842105
NJ,2023-02-01,Government,LPN,6,205,0.02926829268292683
NJ,2023-02-01,Government,RN,6,243,0.024691358024691357
NJ,2023-02-01,Non-Profit,CNA,44,1781,0.024705221785513758
NJ,2023-02-01,Non-Profit,LPN,11,635,0.01732283464566929
NJ,2023-02-01,Non-Profit,RN,29,847,0.03423848878394333
NJ,2023-03-01,For-Profit,CNA,939,11257,0.08341476414675313
NJ,2023-03-01,For-Profit,LPN,453,5502,0.08233369683751363
NJ,2023-03-01,For-Profit,RN,428,4301,0.09951174145547548
NJ,2023-03-01,Government,CNA,14,608,0.023026315789473683
NJ,2023-03-01,Government,LPN,7,203,0.034482758620689655
NJ,2023-03-01,Government,RN,6,241,0.024896265560165973
NJ,2023-03-01,Non-Profit,CNA,92,1829,0.05030071077091307
NJ,2023-03-01,Non-Profit,LPN,38,662,0.05740181268882175
NJ,2023-03-01,Non-Profit,RN,43,847,0.05076741440377804
NJ,2023-04-01,For-Profit,CNA,595,11081,0.05369551484523057
NJ,2023-04-01,For-Profit,LPN,309,5447,0.056728474389572243
NJ,2023-04-01,For-Profit,RN,270,4270,0.06323185011709602
NJ,2023-04-01,Government,CNA,9,604,0.014900662251655629
NJ,2023-04-01,Government,LPN,4,208,0.019230769230769232
NJ,2023-04-01,Government,RN,8,244,0.03278688524590164
NJ,2023-04-01,Non-Profit,CNA,44,1798,0.024471635150166853
NJ,2023-04-01,Non-Profit,LPN,18,651,0.027649769585253458
NJ,2023-04-01,Non-Profit,RN,21,843,0.02491103202846975
NJ,2023-05-01,For-Profit,CNA,600,11238,0.053390282968499736
NJ,2023-05-01,For-Profit,LPN,281,5463,0.051436939410580265
NJ,2023-05-01,For-Profit,RN,286,4293,0.06662007919869554
NJ,2023-05-01,Government,CNA,11,601,0.018302828618968387
NJ,2023-05-01,Government,LPN,9,215,0.04186046511627907
NJ,2023-05-01,Government,RN,6,236,0.025423728813559324
NJ,2023-05-01,Non-Profit,CNA,65,1811,0.03589177250138045
NJ,2023-05-01,Non-Profit,LPN,22,669,0.03288490284005979
NJ,2023-05-01,Non-Profit,RN,24,860,0.027906976744186046
NJ,2023-06-01,For-Profit,CNA,625,11334,0.055143815069701785
NJ,2023-06-01,For-Profit,LPN,342,5485,0.062351868732907934
NJ,2023-06-01,For-Profit,RN,340,4277,0.07949497311199438
NJ,2023-06-01,Government,CNA,10,602,0.016611295681063124
NJ,2023-06-01,Government,LPN,5,210,0.023809523809523808
NJ,2023-06-01,Government,RN,5,242,0.02066115702479339
NJ,2023-06-01,Non-Profit,CNA,118,1808,0.06526548672566372
NJ,2023-06-01,Non-Profit,LPN,43,663,0.06485671191553545
NJ,2023-06-01,Non-Profit,RN,79,869,0.09090909090909091
NJ,2023-07-01,For-Profit,CNA,579,11269,0.051379891738397375
NJ,2023-07-01,For-Profit,LPN,318,5434,0.058520426941479575
NJ,2023-07-01,For-Profit,RN,234,4140,0.05652173913043478
NJ,2023-07-01,Government,CNA,15,608,0.024671052631578948
NJ,2023-07-01,Government,LPN,7,207,0.033816425120772944
NJ,2023-07-01,Government,RN,4,240,0.016666666666666666
NJ,2023-07-01,Non-Profit,CNA,55,1819,0.030236393622869707
NJ,2023-07-01,Non-Profit,LPN,24,689,0.03483309143686502
NJ,2023-07-01,Non-Profit,RN,25,867,0.02883506343713956
NJ,2023-08-01,For-Profit,CNA,626,11320,0.05530035335689046
NJ,2023-08-01,For-Profit,LPN,361,5504,0.06558866279069768
NJ,2023-08-01,For-Profit,RN,256,4150,0.061686746987951804
NJ,2023-08-01,Government,CNA,14,614,0.02280130293159609
NJ,2023-08-01,Government,LPN,7,200,0.035
NJ,2023-08-01,Government,RN,7,232,0.03017241379310345
NJ,2023-08-01,Non-Profit,CNA,74,1831,0.040415073730202075
NJ,2023-08-01,Non-Profit,LPN,40,703,0.05689900426742532
NJ,2023-08-01,Non-Profit,RN,30,873,0.03436426116838488
NJ,2023-09-01,For-Profit,CNA,851,11281,0.0754365747717401
NJ,2023-09-01,For-Profit,LPN,424,5489,0.07724539989069047
NJ,2023-09-01,For-Profit,RN,359,4146,0.08658948383984563
NJ,2023-09-01,Government,CNA,19,610,0.03114754098360656
NJ,2023-09-01,Government,LPN,8,200,0.04
NJ,2023-09-01,Government,RN,8,233,0.034334763948497854
NJ,2023-09-01,Non-Profit,CNA,70,1829,0.03827227993439038
NJ,2023-09-01,Non-Profit,LPN,29,698,0.04154727793696275
NJ,2023-09-01,Non-Profit,RN,26,871,0.029850746268656716
NJ,2023-10-01,For-Profit,CNA,622,11723,0.0530580909323552
NJ,2023-10-01,For-Profit,LPN,319,5810,0.05490533562822719
NJ,2023-10-01,For-Profit,RN,231,4272,0.05407303370786517
NJ,2023-10-01,Government,CNA,19,611,0.031096563011456628
NJ,2023-10-01,Government,LPN,4,196,0.02040816326530612
NJ,2023-10-01,Government,RN,5,236,0.0211864406779661
NJ,2023-10-01,Non-Profit,CNA,84,1836,0.0457516339869281
NJ,2023-10-01,Non-Profit,LPN,38,708,0.05367231638418079
NJ,2023-10-01,Non-Profit,RN,30,895,0.0335195530726257
NJ,2023-11-01,For-Profit,CNA,588,11699,0.05026070604325156
NJ,2023-11-01,For-Profit,LPN,332,5850,0.05675213675213675
NJ,2023-11-01,For-Profit,RN,219,4279,0.051180182285580744
NJ,2023-11-01,Government,CNA,7,607,0.011532125205930808
NJ,2023-11-01,Government,LPN,7,194,0.03608247422680412
NJ,2023-11-01,Government,RN,6,235,0.02553191489361702
NJ,2023-11-01,Non-Profit,CNA,59,1857,0.031771674744211095
NJ,2023-11-01,Non-Profit,LPN,31,705,0.04397163120567376
NJ,2023-11-01,Non-Profit,RN,27,903,0.029900332225913623
NJ,2023-12-01,For-Profit,CNA,905,11683,0.07746298039887016
NJ,2023-12-01,For-Profit,LPN,469,5775,0.08121212121212121
NJ,2023-12-01,For-Profit,RN,354,4299,0.08234473133286811
NJ,2023-12-01,Government,CNA,15,615,0.024390243902439025
NJ,2023-12-01,Government,LPN,5,194,0.02577319587628866
NJ,2023-12-01,Government,RN,8,231,0.03463203463203463
NJ,2023-12-01,Non-Profit,CNA,124,1833,0.06764866339334424
NJ,2023-12-01,Non-Profit,LPN,42,683,0.06149341142020498
NJ,2023-12-01,Non-Profit,RN,52,900,0.057777777777777775
NJ,2024-01-01,For-Profit,CNA,600,11805,0.05082592121982211
NJ,2024-01-01,For-Profit,LPN,309,5808,0.05320247933884298
NJ,2024-01-01,For-Profit,RN,242,4397,0.055037525585626565
NJ,2024-01-01,Government,CNA,9,618,0.014563106796116505
NJ,2024-01-01,Government,LPN,4,197,0.02030456852791878
NJ,2024-01-01,Government,RN,1,227,0.004405286343612335
NJ,2024-01-01,Non-Profit,CNA,65,1838,0.03536452665941241
NJ,2024-01-01,Non-Profit,LPN,32,698,0.045845272206303724
NJ,2024-01-01,Non-Profit,RN,19,889,0.021372328458942633
NJ,2024-02-01,For-Profit,CNA,688,11932,0.057660073751257125
NJ,2024-02-01,For-Profit,LPN,362,5902,0.06133514063029481
NJ,2024-02-01,For-Profit,RN,258,4464,0.05779569892473118
NJ,2024-02-01,Government,CNA,16,620,0.025806451612903226
NJ,2024-02-01,Government,LPN,7,206,0.03398058252427184
NJ,2024-02-01,Government,RN,4,235,0.01702127659574468
NJ,2024-02-01,Non-Profit,CNA,34,1795,0.01894150417827298
NJ,2024-02-01,Non-Profit,LPN,16,685,0.02335766423357664
NJ,2024-02-01,Non-Profit,RN,27,896,0.030133928571428572
NJ,2024-03-01,For-Profit,CNA,946,11997,0.07885304659498207
NJ,2024-03-01,For-Profit,LPN,549,5895,0.09312977099236641
NJ,2024-03-01,For-Profit,RN,417,4497,0.09272848565710473
NJ,2024-03-01,Government,CNA,4,610,0.006557377049180328
NJ,2024-03-01,Government,LPN,9,201,0.04477611940298507
NJ,2024-03-01,Government,RN,7,237,0.029535864978902954
NJ,2024-03-01,Non-Profit,CNA,138,1848,0.07467532467532467
NJ,2024-03-01,Non-Profit,LPN,66,714,0.09243697478991597
NJ,2024-03-01,Non-Profit,RN,68,927,0.07335490830636461
NJ,2024-04-01,For-Profit,CNA,642,11982,0.05358037055583375
NJ,2024-04-01,For-Profit,LPN,311,5907,0.0526493990181141
NJ,2024-04-01,For-Profit,RN,243,4536,0.05357142857142857
NJ,2024-04-01,Government,CNA,13,627,0.02073365231259968
NJ,2024-04-01,Government,LPN,7,195,0.035897435897435895
NJ,2024-04-01,Government,RN,7,234,0.029914529914529916
NJ,2024-04-01,Non-Profit,CNA,57,1925,0.02961038961038961
NJ,2024-04-01,Non-Profit,LPN,24,719,0.03337969401947149
NJ,2024-04-01,Non-Profit,RN,44,942,0.04670912951167728
NJ,2024-05-01,For-Profit,CNA,582,12093,0.04812701562887621
NJ,2024-05-01,For-Profit,LPN,340,5988,0.05678022712090848
NJ,2024-05-01,For-Profit,RN,259,4547,0.05696063338464922
NJ,2024-05-01,Government,CNA,17,617,0.027552674230145867
NJ,2024-05-01,Government,LPN,4,193,0.02072538860103627
NJ,2024-05-01,Government,RN,6,234,0.02564102564102564
NJ,2024-05-01,Non-Profit,CNA,71,1937,0.036654620547238
NJ,2024-05-01,Non-Profit,LPN,23,711,0.03234880450070324
NJ,2024-05-01,Non-Profit,RN,28,931,0.03007518796992481
NJ,2024-06-01,For-Profit,CNA,701,12286,0.057056812632264364
NJ,2024-06-01,For-Profit,LPN,351,5979,0.05870546914199699
NJ,2024-06-01,For-Profit,RN,377,4490,0.08396436525612472
NJ,2024-06-01,Government,CNA,8,605,0.013223140495867768
NJ,2024-06-01,Government,LPN,7,195,0.035897435897435895
NJ,2024-06-01,Government,RN,8,229,0.034934497816593885
NJ,2024-06-01,Non-Profit,CNA,73,1794,0.04069119286510591
NJ,2024-06-01,Non-Profit,LPN,27,678,0.03982300884955752
NJ,2024-06-01,Non-Profit,RN,32,852,0.03755868544600939
NJ,2024-07-01,For-Profit,CNA,637,12475,0.051062124248496994
NJ,2024-07-01,For-Profit,LPN,331,6052,0.054692663582286846
NJ,2024-07-01,For-Profit,RN,222,4371,0.05078929306794784
NJ,2024-07-01,Government,CNA,10,605,0.01652892561983471
NJ,2024-07-01,Government,LPN,5,193,0.025906735751295335
NJ,2024-07-01,Government,RN,2,222,0.009009009009009009
NJ,2024-07-01,Non-Profit,CNA,63,1957,0.032192130812468064
NJ,2024-07-01,Non-Profit,LPN,36,724,0.049723756906077346
NJ,2024-07-01,Non-Profit,RN,33,937,0.035218783351120594
NJ,2024-08-01,For-Profit,CNA,711,12616,0.0563570069752695
NJ,2024-08-01,For-Profit,LPN,351,6075,0.057777777777777775
NJ,2024-08-01,For-Profit,RN,215,4363,0.049278019711207884
NJ,2024-08-01,Government,CNA,8,605,0.013223140495867768
NJ,2024-08-01,Government,LPN,0,193,0.0
NJ,2024-08-01,Government,RN,3,224,0.013392857142857142
NJ,2024-08-01,Non-Profit,CNA,71,1951,0.036391594054331115
NJ,2024-08-01,Non-Profit,LPN,46,733,0.06275579809004093
NJ,2024-08-01,Non-Profit,RN,30,947,0.03167898627243928
NJ,2024-09-01,For-Profit,CNA,775,12715,0.0609516319307904
NJ,2024-09-01,For-Profit,LPN,425,6193,0.06862586791538834
NJ,2024-09-01,For-Profit,RN,285,4424,0.06442133815551537
NJ,2024-09-01,Government,CNA,14,610,0.022950819672131147
NJ,2024-09-01,Government,LPN,5,199,0.02512562814070352
NJ,2024-09-01,Government,RN,8,228,0.03508771929824561
NJ,2024-09-01,Non-Profit,CNA,110,1961,0.05609382967873534
NJ,2024-09-01,Non-Profit,LPN,30,725,0.041379310344827586
NJ,2024-09-01,Non-Profit,RN,46,937,0.04909284951974386
NJ,2024-10-01,For-Profit,CNA,699,12968,0.05390191239975324
NJ,2024-10-01,For-Profit,LPN,397,6300,0.06301587301587301
NJ,2024-10-01,For-Profit,RN,253,4505,0.05615982241953385
NJ,2024-10-01,Government,CNA,5,607,0.008237232289950576
NJ,2024-10-01,Government,LPN,7,205,0.03414634146341464
NJ,2024-10-01,Government,RN,7,227,0.030837004405286344
NJ,2024-10-01,Non-Profit,CNA,62,1986,0.03121852970795569
NJ,2024-10-01,Non-Profit,LPN,29,745,0.038926174496644296
NJ,2024-10-01,Non-Profit,RN,25,954,0.02620545073375262
NJ,2024-11-01,For-Profit,CNA,621,12934,0.04801298902118448
NJ,2024-11-01,For-Profit,LPN,325,6250,0.052
NJ,2024-11-01,For-Profit,RN,242,4461,0.05424792647388478
NJ,2024-11-01,Government,CNA,6,610,0.009836065573770493
NJ,2024-11-01,Government,LPN,3,200,0.015
NJ,2024-11-01,Government,RN,4,227,0.01762114537444934
NJ,2024-11-01,Non-Profit,CNA,62,1982,0.03128153380423814
NJ,2024-11-01,Non-Profit,LPN,32,753,0.04249667994687915
NJ,2024-11-01,Non-Profit,RN,17,962,0.017671517671517672
NJ,2024-12-01,For-Profit,CNA,912,13028,0.07000307031010132
NJ,2024-12-01,For-Profit,LPN,425,6284,0.06763208147676639
NJ,2024-12-01,For-Profit,RN,327,4493,0.07277987981304251
NJ,2024-12-01,Government,CNA,15,600,0.025
NJ,2024-12-01,Government,LPN,15,207,0.07246376811594203
NJ,2024-12-01,Government,RN,10,231,0.04329004329004329
NJ,2024-12-01,Non-Profit,CNA,142,1966,0.07222787385554426
NJ,2024-12-01,Non-Profit,LPN,71,748,0.09491978609625669
NJ,2024-12-01,Non-Profit,RN,68,956,0.07112970711297072
NJ,2025-01-01,For-Profit,CNA,669,13051,0.051260439813041146
NJ,2025-01-01,For-Profit,LPN,416,6388,0.06512210394489668
NJ,2025-01-01,For-Profit,RN,274,4538,0.060379021595416485
NJ,2025-01-01,Government,CNA,9,496,0.018145161290322582
NJ,2025-01-01,Government,LPN,8,175,0.045714285714285714
NJ,2025-01-01,Government,RN,6,186,0.03225806451612903
NJ,2025-01-01,Non-Profit,CNA,50,1815,0.027548209366391185
NJ,2025-01-01,Non-Profit,LPN,27,691,0.03907380607814761
NJ,2025-01-01,Non-Profit,RN,33,916,0.036026200873362446
NJ,2025-02-01,For-Profit,CNA,622,13070,0.047589900535577656
NJ,2025-02-01,For-Profit,LPN,350,6306,0.05550269584522677
NJ,2025-02-01,For-Profit,RN,247,4465,0.05531914893617021
NJ,2025-02-01,Government,CNA,5,605,0.008264462809917356
NJ,2025-02-01,Government,LPN,7,196,0.03571428571428571
NJ,2025-02-01,Government,RN,4,226,0.017699115044247787
NJ,2025-02-01,Non-Profit,CNA,58,1835,0.03160762942779292
NJ,2025-02-01,Non-Profit,LPN,20,703,0.02844950213371266
NJ,2025-02-01,Non-Profit,RN,25,903,0.02768549280177187
NJ,2025-03-01,For-Profit,CNA,797,13328,0.05979891956782713
NJ,2025-03-01,For-Profit,LPN,463,6388,0.07247964934251722
NJ,2025-03-01,For-Profit,RN,354,4580,0.07729257641921397
NJ,2025-03-01,Government,CNA,8,606,0.013201320132013201
NJ,2025-03-01,Government,LPN,6,190,0.031578947368421054
NJ,2025-03-01,Government,RN,4,223,0.017937219730941704
NJ,2025-03-01,Non-Profit,CNA,90,1866,0.04823151125401929
NJ,2025-03-01,Non-Profit,LPN,43,700,0.06142857142857143
NJ,2025-03-01,Non-Profit,RN,30,872,0.034403669724770644
NM,2022-10-01,For-Profit,CNA,166,1949,0.08517188301693177
NM,2022-10-01,For-Profit,LPN,48,568,0.08450704225352113
NM,2022-10-01,For-Profit,RN,34,490,0.06938775510204082
NM,2022-10-01,Government,CNA,0,115,0.0
NM,2022-10-01,Government,LPN,0,10,0.0
NM,2022-10-01,Government,RN,2,43,0.046511627906976744
NM,2022-10-01,Non-Profit,CNA,14,222,0.06306306306306306
NM,2022-10-01,Non-Profit,LPN,5,36,0.1388888888888889
NM,2022-10-01,Non-Profit,RN,8,71,0.11267605633802817
NM,2022-11-01,For-Profit,CNA,176,1966,0.08952187182095625
NM,2022-11-01,For-Profit,LPN,43,564,0.07624113475177305
NM,2022-11-01,For-Profit,RN,43,493,0.0872210953346856
NM,2022-11-01,Government,CNA,8,117,0.06837606837606838
NM,2022-11-01,Government,LPN,0,10,0.0
NM,2022-11-01,Government,RN,0,42,0.0
NM,2022-11-01,Non-Profit,CNA,13,218,0.05963302752293578
NM,2022-11-01,Non-Profit,LPN,2,33,0.06060606060606061
NM,2022-11-01,Non-Profit,RN,4,75,0.05333333333333334
NM,2022-12-01,For-Profit,CNA,228,1947,0.11710323574730354
NM,2022-12-01,For-Profit,LPN,82,570,0.14385964912280702
NM,2022-12-01,For-Profit,RN,54,470,0.1148936170212766
NM,2022-12-01,Government,CNA,4,115,0.034782608695652174
NM,2022-12-01,Government,LPN,1,10,0.1
NM,2022-12-01,Government,RN,0,44,0.0
NM,2022-12-01,Non-Profit,CNA,10,222,0.04504504504504504
NM,2022-12-01,Non-Profit,LPN,4,37,0.10810810810810811
NM,2022-12-01,Non-Profit,RN,5,81,0.06172839506172839
NM,2023-01-01,For-Profit,CNA,157,1991,0.07885484681064792
NM,2023-01-01,For-Profit,LPN,45,575,0.0782608695652174
NM,2023-01-01,For-Profit,RN,37,469,0.07889125799573561
NM,2023-01-01,Government,CNA,4,115,0.034782608695652174
NM,2023-01-01,Government,LPN,0,12,0.0
NM,2023-01-01,Government,RN,1,47,0.02127659574468085
NM,2023-01-01,Non-Profit,CNA,20,220,0.09090909090909091
NM,2023-01-01,Non-Profit,LPN,2,34,0.058823529411764705
NM,2023-01-01,Non-Profit,RN,10,73,0.136986301369863
NM,2023-02-01,For-Profit,CNA,201,2012,0.09990059642147117
NM,2023-02-01,For-Profit,LPN,68,566,0.12014134275618374
NM,2023-02-01,For-Profit,RN,46,486,0.09465020576131687
NM,2023-02-01,Government,CNA,1,118,0.00847457627118644
NM,2023-02-01,Government,LPN,0,12,0.0
NM,2023-02-01,Government,RN,0,44,0.0
NM,2023-02-01,Non-Profit,CNA,11,217,0.05069124423963134
NM,2023-02-01,Non-Profit,LPN,0,34,0.0
NM,2023-02-01,Non-Profit,RN,6,61,0.09836065573770492
NM,2023-03-01,For-Profit,CNA,434,2095,0.2071599045346062
NM,2023-03-01,For-Profit,LPN,138,569,0.24253075571177504
NM,2023-03-01,For-Profit,RN,97,502,0.19322709163346613
NM,2023-03-01,Government,CNA,1,116,0.008620689655172414
NM,2023-03-01,Government,LPN,0,12,0.0
NM,2023-03-01,Government,RN,0,48,0.0
NM,2023-03-01,Non-Profit,CNA,16,232,0.06896551724137931
NM,2023-03-01,Non-Profit,LPN,2,38,0.05263157894736842
NM,2023-03-01,Non-Profit,RN,10,65,0.15384615384615385
NM,2023-04-01,For-Profit,CNA,164,2107,0.07783578547698149
NM,2023-04-01,For-Profit,LPN,44,548,0.08029197080291971
NM,2023-04-01,For-Profit,RN,40,501,0.07984031936127745
NM,2023-04-01,Government,CNA,4,164,0.024390243902439025
NM,2023-04-01,Government,LPN,1,14,0.07142857142857142
NM,2023-04-01,Government,RN,2,60,0.03333333333333333
NM,2023-04-01,Non-Profit,CNA,15,227,0.06607929515418502
NM,2023-04-01,Non-Profit,LPN,5,36,0.1388888888888889
NM,2023-04-01,Non-Profit,RN,9,63,0.14285714285714285
NM,2023-05-01,For-Profit,CNA,155,2124,0.07297551789077213
NM,2023-05-01,For-Profit,LPN,40,564,0.07092198581560284
NM,2023-05-01,For-Profit,RN,30,500,0.06
NM,2023-05-01,Government,CNA,8,166,0.04819277108433735
NM,2023-05-01,Government,LPN,2,13,0.15384615384615385
NM,2023-05-01,Government,RN,2,59,0.03389830508474576
NM,2023-05-01,Non-Profit,CNA,23,239,0.09623430962343096
NM,2023-05-01,Non-Profit,LPN,3,37,0.08108108108108109
NM,2023-05-01,Non-Profit,RN,6,67,0.08955223880597014
NM,2023-06-01,For-Profit,CNA,225,2137,0.10528778661675246
NM,2023-06-01,For-Profit,LPN,57,582,0.0979381443298969
NM,2023-06-01,For-Profit,RN,73,543,0.13443830570902393
NM,2023-06-01,Government,CNA,13,164,0.07926829268292683
NM,2023-06-01,Government,LPN,0,12,0.0
NM,2023-06-01,Government,RN,8,59,0.13559322033898305
NM,2023-06-01,Non-Profit,CNA,15,239,0.06276150627615062
NM,2023-06-01,Non-Profit,LPN,4,36,0.1111111111111111
NM,2023-06-01,Non-Profit,RN,11,67,0.16417910447761194
NM,2023-07-01,For-Profit,CNA,170,2169,0.07837713231904103
NM,2023-07-01,For-Profit,LPN,43,578,0.07439446366782007
NM,2023-07-01,For-Profit,RN,38,554,0.06859205776173286
NM,2023-07-01,Government,CNA,6,119,0.05042016806722689
NM,2023-07-01,Government,LPN,0,11,0.0
NM,2023-07-01,Government,RN,0,47,0.0
NM,2023-07-01,Non-Profit,CNA,28,245,0.11428571428571428
NM,2023-07-01,Non-Profit,LPN,6,39,0.15384615384615385
NM,2023-07-01,Non-Profit,RN,10,71,0.14084507042253522
NM,2023-08-01,For-Profit,CNA,194,2203,0.08806173399909215
NM,2023-08-01,For-Profit,LPN,55,600,0.09166666666666666
NM,2023-08-01,For-Profit,RN,46,578,0.07958477508650519
NM,2023-08-01,Government,CNA,11,117,0.09401709401709402
NM,2023-08-01,Government,LPN,0,13,0.0
NM,2023-08-01,Government,RN,0,49,0.0
NM,2023-08-01,Non-Profit,CNA,14,226,0.061946902654867256
NM,2023-08-01,Non-Profit,LPN,7,43,0.16279069767441862
NM,2023-08-01,Non-Profit,RN,6,65,0.09230769230769231
NM,2023-09-01,For-Profit,CNA,185,2173,0.08513575701794754
NM,2023-09-01,For-Profit,LPN,61,592,0.10304054054054054
NM,2023-09-01,For-Profit,RN,58,575,0.10086956521739131
NM,2023-09-01,Government,CNA,6,109,0.05504587155963303
NM,2023-09-01,Government,LPN,1,13,0.07692307692307693
NM,2023-09-01,Government,RN,0,53,0.0
NM,2023-09-01,Non-Profit,CNA,24,236,0.1016949152542373
NM,2023-09-01,Non-Profit,LPN,8,43,0.18604651162790697
NM,2023-09-01,Non-Profit,RN,6,64,0.09375
NM,2023-10-01,For-Profit,CNA,143,2172,0.06583793738489871
NM,2023-10-01,For-Profit,LPN,43,577,0.07452339688041594
NM,2023-10-01,For-Profit,RN,54,589,0.09168081494057725
NM,2023-10-01,Government,CNA,3,106,0.02830188679245283
NM,2023-10-01,Government,LPN,0,12,0.0
NM,2023-10-01,Government,RN,3,54,0.05555555555555555
NM,2023-10-01,Non-Profit,CNA,18,242,0.0743801652892562
NM,2023-10-01,Non-Profit,LPN,2,39,0.05128205128205128
NM,2023-10-01,Non-Profit,RN,8,67,0.11940298507462686
NM,2023-11-01,For-Profit,CNA,119,2140,0.05560747663551402
NM,2023-11-01,For-Profit,LPN,39,594,0.06565656565656566
NM,2023-11-01,For-Profit,RN,43,585,0.0735042735042735
NM,2023-11-01,Government,CNA,6,112,0.05357142857142857
NM,2023-11-01,Government,LPN,0,12,0.0
NM,2023-11-01,Government,RN,0,55,0.0
NM,2023-11-01,Non-Profit,CNA,25,242,0.10330578512396695
NM,2023-11-01,Non-Profit,LPN,4,39,0.10256410256410256
NM,2023-11-01,Non-Profit,RN,3,62,0.04838709677419355
NM,2023-12-01,For-Profit,CNA,129,2164,0.05961182994454713
NM,2023-12-01,For-Profit,LPN,54,613,0.08809135399673736
NM,2023-12-01,For-Profit,RN,39,564,0.06914893617021277
NM,2023-12-01,Government,CNA,3,109,0.027522935779816515
NM,2023-12-01,Government,LPN,2,13,0.15384615384615385
NM,2023-12-01,Government,RN,2,55,0.03636363636363636
NM,2023-12-01,Non-Profit,CNA,25,232,0.10775862068965517
NM,2023-12-01,Non-Profit,LPN,4,37,0.10810810810810811
NM,2023-12-01,Non-Profit,RN,6,60,0.1
NM,2024-01-01,For-Profit,CNA,141,2198,0.06414922656960874
NM,2024-01-01,For-Profit,LPN,51,605,0.08429752066115702
NM,2024-01-01,For-Profit,RN,48,577,0.0831889081455806
NM,2024-01-01,Government,CNA,9,150,0.06
NM,2024-01-01,Government,LPN,1,12,0.08333333333333333
NM,2024-01-01,Government,RN,1,62,0.016129032258064516
NM,2024-01-01,Non-Profit,CNA,17,220,0.07727272727272727
NM,2024-01-01,Non-Profit,LPN,3,35,0.08571428571428572
NM,2024-01-01,Non-Profit,RN,4,58,0.06896551724137931
NM,2024-02-01,For-Profit,CNA,143,2157,0.06629578117756142
NM,2024-02-01,For-Profit,LPN,33,591,0.05583756345177665
NM,2024-02-01,For-Profit,RN,45,578,0.07785467128027682
NM,2024-02-01,Government,CNA,5,153,0.032679738562091505
NM,2024-02-01,Government,LPN,1,12,0.08333333333333333
NM,2024-02-01,Government,RN,2,64,0.03125
NM,2024-02-01,Non-Profit,CNA,14,219,0.0639269406392694
NM,2024-02-01,Non-Profit,LPN,0,30,0.0
NM,2024-02-01,Non-Profit,RN,7,60,0.11666666666666667
NM,2024-03-01,For-Profit,CNA,173,2156,0.08024118738404452
NM,2024-03-01,For-Profit,LPN,47,610,0.07704918032786885
NM,2024-03-01,For-Profit,RN,50,583,0.08576329331046312
NM,2024-03-01,Government,CNA,3,147,0.02040816326530612
NM,2024-03-01,Government,LPN,1,12,0.08333333333333333
NM,2024-03-01,Government,RN,6,62,0.0967741935483871
NM,2024-03-01,Non-Profit,CNA,18,216,0.08333333333333333
NM,2024-03-01,Non-Profit,LPN,5,33,0.15151515151515152
NM,2024-03-01,Non-Profit,RN,2,61,0.03278688524590164
NM,2024-04-01,For-Profit,CNA,162,2157,0.07510431154381085
NM,2024-04-01,For-Profit,LPN,58,608,0.09539473684210527
NM,2024-04-01,For-Profit,RN,51,604,0.08443708609271523
NM,2024-04-01,Government,CNA,7,145,0.04827586206896552
NM,2024-04-01,Government,LPN,0,12,0.0
NM,2024-04-01,Government,RN,1,55,0.01818181818181818
NM,2024-04-01,Non-Profit,CNA,13,214,0.06074766355140187
NM,2024-04-01,Non-Profit,LPN,5,33,0.15151515151515152
NM,2024-04-01,Non-Profit,RN,6,66,0.09090909090909091
NM,2024-05-01,For-Profit,CNA,157,2146,0.07315936626281454
NM,2024-05-01,For-Profit,LPN,43,600,0.07166666666666667
NM,2024-05-01,For-Profit,RN,58,626,0.0926517571884984
NM,2024-05-01,Government,CNA,10,147,0.06802721088435375
NM,2024-05-01,Government,LPN,3,14,0.21428571428571427
NM,2024-05-01,Government,RN,4,57,0.07017543859649122
NM,2024-05-01,Non-Profit,CNA,15,220,0.06818181818181818
NM,2024-05-01,Non-Profit,LPN,3,31,0.0967741935483871
NM,2024-05-01,Non-Profit,RN,10,65,0.15384615384615385
NM,2024-06-01,For-Profit,CNA,193,2150,0.08976744186046512
NM,2024-06-01,For-Profit,LPN,50,592,0.08445945945945946
NM,2024-06-01,For-Profit,RN,64,623,0.10272873194221509
NM,2024-06-01,Government,CNA,14,136,0.10294117647058823
NM,2024-06-01,Government,LPN,1,12,0.08333333333333333
NM,2024-06-01,Government,RN,2,55,0.03636363636363636
NM,2024-06-01,Non-Profit,CNA,15,223,0.06726457399103139
NM,2024-06-01,Non-Profit,LPN,2,29,0.06896551724137931
NM,2024-06-01,Non-Profit,RN,7,62,0.11290322580645161
NM,2024-07-01,For-Profit,CNA,148,2126,0.06961429915333961
NM,2024-07-01,For-Profit,LPN,50,589,0.08488964346349745
NM,2024-07-01,For-Profit,RN,55,601,0.09151414309484193
NM,2024-07-01,Government,CNA,4,104,0.038461538461538464
NM,2024-07-01,Government,LPN,0,9,0.0
NM,2024-07-01,Government,RN,1,47,0.02127659574468085
NM,2024-07-01,Non-Profit,CNA,16,210,0.0761904761904762
NM,2024-07-01,Non-Profit,LPN,3,25,0.12
NM,2024-07-01,Non-Profit,RN,3,56,0.05357142857142857
NM,2024-08-01,For-Profit,CNA,139,2102,0.06612749762131304
NM,2024-08-01,For-Profit,LPN,40,572,0.06993006993006994
NM,2024-08-01,For-Profit,RN,41,591,0.06937394247038917
NM,2024-08-01,Government,CNA,6,107,0.056074766355140186
NM,2024-08-01,Government,LPN,1,9,0.1111111111111111
NM,2024-08-01,Government,RN,3,49,0.061224489795918366
NM,2024-08-01,Non-Profit,CNA,16,210,0.0761904761904762
NM,2024-08-01,Non-Profit,LPN,2,30,0.06666666666666667
NM,2024-08-01,Non-Profit,RN,3,54,0.05555555555555555
NM,2024-09-01,For-Profit,CNA,162,2092,0.07743785850860421
NM,2024-09-01,For-Profit,LPN,54,582,0.09278350515463918
NM,2024-09-01,For-Profit,RN,59,596,0.09899328859060402
NM,2024-09-01,Government,CNA,3,109,0.027522935779816515
NM,2024-09-01,Government,LPN,0,9,0.0
NM,2024-09-01,Government,RN,1,45,0.022222222222222223
NM,2024-09-01,Non-Profit,CNA,15,209,0.07177033492822966
NM,2024-09-01,Non-Profit,LPN,3,29,0.10344827586206896
NM,2024-09-01,Non-Profit,RN,3,52,0.057692307692307696
NM,2024-10-01,For-Profit,CNA,176,2124,0.08286252354048965
NM,2024-10-01,For-Profit,LPN,57,582,0.0979381443298969
NM,2024-10-01,For-Profit,RN,65,595,0.1092436974789916
NM,2024-10-01,Government,CNA,5,108,0.046296296296296294
NM,2024-10-01,Government,LPN,0,9,0.0
NM,2024-10-01,Government,RN,1,42,0.023809523809523808
NM,2024-10-01,Non-Profit,CNA,28,235,0.11914893617021277
NM,2024-10-01,Non-Profit,LPN,5,43,0.11627906976744186
NM,2024-10-01,Non-Profit,RN,4,65,0.06153846153846154
NM,2024-11-01,For-Profit,CNA,142,2140,0.06635514018691589
NM,2024-11-01,For-Profit,LPN,41,587,0.06984667802385008
NM,2024-11-01,For-Profit,RN,50,600,0.08333333333333333
NM,2024-11-01,Government,CNA,2,105,0.01904761904761905
NM,2024-11-01,Government,LPN,0,9,0.0
NM,2024-11-01,Government,RN,0,45,0.0
NM,2024-11-01,Non-Profit,CNA,15,217,0.06912442396313365
NM,2024-11-01,Non-Profit,LPN,4,40,0.1
NM,2024-11-01,Non-Profit,RN,9,70,0.12857142857142856
NM,2024-12-01,For-Profit,CNA,208,2111,0.098531501657982
NM,2024-12-01,For-Profit,LPN,53,588,0.09013605442176871
NM,2024-12-01,For-Profit,RN,61,586,0.10409556313993173
NM,2024-12-01,Government,CNA,5,105,0.047619047619047616
NM,2024-12-01,Government,LPN,1,9,0.1111111111111111
NM,2024-12-01,Government,RN,3,43,0.06976744186046512
NM,2024-12-01,Non-Profit,CNA,41,217,0.1889400921658986
NM,2024-12-01,Non-Profit,LPN,8,38,0.21052631578947367
NM,2024-12-01,Non-Profit,RN,6,60,0.1
NM,2025-01-01,For-Profit,CNA,161,2082,0.07732949087415947
NM,2025-01-01,For-Profit,LPN,47,598,0.07859531772575251
NM,2025-01-01,For-Profit,RN,48,582,0.08247422680412371
NM,2025-01-01,Government,CNA,1,135,0.007407407407407408
NM,2025-01-01,Government,LPN,1,11,0.09090909090909091
NM,2025-01-01,Government,RN,1,52,0.019230769230769232
NM,2025-01-01,Non-Profit,CNA,17,203,0.08374384236453201
NM,2025-01-01,Non-Profit,LPN,5,39,0.1282051282051282
NM,2025-01-01,Non-Profit,RN,1,60,0.016666666666666666
NM,2025-02-01,For-Profit,CNA,162,2082,0.07780979827089338
NM,2025-02-01,For-Profit,LPN,41,586,0.06996587030716724
NM,2025-02-01,For-Profit,RN,38,589,0.06451612903225806
NM,2025-02-01,Government,CNA,2,138,0.014492753623188406
NM,2025-02-01,Government,LPN,0,10,0.0
NM,2025-02-01,Government,RN,1,49,0.02040816326530612
NM,2025-02-01,Non-Profit,CNA,16,204,0.0784313725490196
NM,2025-02-01,Non-Profit,LPN,3,41,0.07317073170731707
NM,2025-02-01,Non-Profit,RN,6,64,0.09375
NM,2025-03-01,For-Profit,CNA,170,2099,0.08099094807050977
NM,2025-03-01,For-Profit,LPN,58,605,0.09586776859504133
NM,2025-03-01,For-Profit,RN,70,591,0.11844331641285956
NM,2025-03-01,Government,CNA,4,165,0.024242424242424242
NM,2025-03-01,Government,LPN,0,10,0.0
NM,2025-03-01,Government,RN,3,54,0.05555555555555555
NM,2025-03-01,Non-Profit,CNA,22,222,0.0990990990990991
NM,2025-03-01,Non-Profit,LPN,6,44,0.13636363636363635
NM,2025-03-01,Non-Profit,RN,8,65,0.12307692307692308
NV,2022-10-01,For-Profit,CNA,261,2270,0.11497797356828193
NV,2022-10-01,For-Profit,LPN,76,1074,0.07076350093109869
NV,2022-10-01,For-Profit,RN,56,753,0.07436918990703852
NV,2022-10-01,Government,CNA,3,82,0.036585365853658534
NV,2022-10-01,Government,LPN,0,24,0.0
NV,2022-10-01,Government,RN,0,35,0.0
NV,2022-10-01,Non-Profit,CNA,4,73,0.0547945205479452
NV,2022-10-01,Non-Profit,LPN,0,20,0.0
NV,2022-10-01,Non-Profit,RN,3,36,0.08333333333333333
NV,2022-11-01,For-Profit,CNA,229,2194,0.10437556973564266
NV,2022-11-01,For-Profit,LPN,78,1085,0.07188940092165899
NV,2022-11-01,For-Profit,RN,43,736,0.058423913043478264
NV,2022-11-01,Government,CNA,1,78,0.01282051282051282
NV,2022-11-01,Government,LPN,0,24,0.0
NV,2022-11-01,Government,RN,1,36,0.027777777777777776
NV,2022-11-01,Non-Profit,CNA,2,76,0.02631578947368421
NV,2022-11-01,Non-Profit,LPN,0,18,0.0
NV,2022-11-01,Non-Profit,RN,2,33,0.06060606060606061
NV,2022-12-01,For-Profit,CNA,294,2334,0.12596401028277635
NV,2022-12-01,For-Profit,LPN,144,1168,0.1232876712328767
NV,2022-12-01,For-Profit,RN,78,765,0.10196078431372549
NV,2022-12-01,Government,CNA,1,83,0.012048192771084338
NV,2022-12-01,Government,LPN,0,26,0.0
NV,2022-12-01,Government,RN,1,35,0.02857142857142857
NV,2022-12-01,Non-Profit,CNA,2,74,0.02702702702702703
NV,2022-12-01,Non-Profit,LPN,0,19,0.0
NV,2022-12-01,Non-Profit,RN,1,29,0.034482758620689655
NV,2023-01-01,For-Profit,CNA,232,2307,0.10056350238404854
NV,2023-01-01,For-Profit,LPN,79,1118,0.0706618962432916
NV,2023-01-01,For-Profit,RN,51,724,0.07044198895027624
NV,2023-01-01,Government,CNA,6,85,0.07058823529411765
NV,2023-01-01,Government,LPN,0,26,0.0
NV,2023-01-01,Government,RN,0,34,0.0
NV,2023-01-01,Non-Profit,CNA,3,75,0.04
NV,2023-01-01,Non-Profit,LPN,1,20,0.05
NV,2023-01-01,Non-Profit,RN,5,32,0.15625
NV,2023-02-01,For-Profit,CNA,186,2283,0.08147174770039421
NV,2023-02-01,For-Profit,LPN,66,1094,0.0603290676416819
NV,2023-02-01,For-Profit,RN,45,731,0.06155950752393981
NV,2023-02-01,Government,CNA,0,81,0.0
NV,2023-02-01,Government,LPN,0,25,0.0
NV,2023-02-01,Government,RN,0,34,0.0
NV,2023-02-01,Non-Profit,CNA,3,77,0.03896103896103896
NV,2023-02-01,Non-Profit,LPN,0,21,0.0
NV,2023-02-01,Non-Profit,RN,1,29,0.034482758620689655
NV,2023-03-01,For-Profit,CNA,243,2362,0.10287891617273497
NV,2023-03-01,For-Profit,LPN,113,1127,0.1002661934338953
NV,2023-03-01,For-Profit,RN,64,736,0.08695652173913043
NV,2023-03-01,Government,CNA,3,83,0.03614457831325301
NV,2023-03-01,Government,LPN,1,26,0.038461538461538464
NV,2023-03-01,Government,RN,2,35,0.05714285714285714
NV,2023-03-01,Non-Profit,CNA,4,75,0.05333333333333334
NV,2023-03-01,Non-Profit,LPN,1,20,0.05
NV,2023-03-01,Non-Profit,RN,0,28,0.0
NV,2023-04-01,For-Profit,CNA,227,2384,0.09521812080536912
NV,2023-04-01,For-Profit,LPN,92,1136,0.08098591549295775
NV,2023-04-01,For-Profit,RN,53,778,0.06812339331619537
NV,2023-04-01,Government,CNA,4,85,0.047058823529411764
NV,2023-04-01,Government,LPN,0,24,0.0
NV,2023-04-01,Government,RN,0,31,0.0
NV,2023-04-01,Non-Profit,CNA,2,72,0.027777777777777776
NV,2023-04-01,Non-Profit,LPN,0,21,0.0
NV,2023-04-01,Non-Profit,RN,1,30,0.03333333333333333
NV,2023-05-01,For-Profit,CNA,205,2408,0.08513289036544851
NV,2023-05-01,For-Profit,LPN,89,1126,0.07904085257548846
NV,2023-05-01,For-Profit,RN,62,789,0.07858048162230671
NV,2023-05-01,Government,CNA,3,79,0.0379746835443038
NV,2023-05-01,Government,LPN,0,25,0.0
NV,2023-05-01,Government,RN,0,33,0.0
NV,2023-05-01,Non-Profit,CNA,1,74,0.013513513513513514
NV,2023-05-01,Non-Profit,LPN,0,22,0.0
NV,2023-05-01,Non-Profit,RN,1,32,0.03125
NV,2023-06-01,For-Profit,CNA,217,2422,0.08959537572254335
NV,2023-06-01,For-Profit,LPN,80,1126,0.07104795737122557
NV,2023-06-01,For-Profit,RN,61,775,0.07870967741935483
NV,2023-06-01,Government,CNA,1,79,0.012658227848101266
NV,2023-06-01,Government,LPN,0,24,0.0
NV,2023-06-01,Government,RN,1,32,0.03125
NV,2023-06-01,Non-Profit,CNA,4,75,0.05333333333333334
NV,2023-06-01,Non-Profit,LPN,0,21,0.0
NV,2023-06-01,Non-Profit,RN,2,34,0.058823529411764705
NV,2023-07-01,For-Profit,CNA,248,2513,0.09868682849184242
NV,2023-07-01,For-Profit,LPN,75,1141,0.06573181419807186
NV,2023-07-01,For-Profit,RN,57,791,0.07206068268015171
NV,2023-07-01,Government,CNA,4,85,0.047058823529411764
NV,2023-07-01,Government,LPN,0,25,0.0
NV,2023-07-01,Government,RN,1,31,0.03225806451612903
NV,2023-07-01,Non-Profit,CNA,4,77,0.05194805194805195
NV,2023-07-01,Non-Profit,LPN,0,24,0.0
NV,2023-07-01,Non-Profit,RN,0,32,0.0
NV,2023-08-01,For-Profit,CNA,247,2529,0.09766706207987347
NV,2023-08-01,For-Profit,LPN,102,1188,0.08585858585858586
NV,2023-08-01,For-Profit,RN,53,817,0.06487148102815178
NV,2023-08-01,Government,CNA,2,87,0.022988505747126436
NV,2023-08-01,Government,LPN,1,25,0.04
NV,2023-08-01,Government,RN,0,31,0.0
NV,2023-08-01,Non-Profit,CNA,3,76,0.039473684210526314
NV,2023-08-01,Non-Profit,LPN,1,25,0.04
NV,2023-08-01,Non-Profit,RN,3,34,0.08823529411764706
NV,2023-09-01,For-Profit,CNA,226,2524,0.089540412044374
NV,2023-09-01,For-Profit,LPN,85,1188,0.07154882154882154
NV,2023-09-01,For-Profit,RN,59,836,0.07057416267942583
NV,2023-09-01,Government,CNA,1,92,0.010869565217391304
NV,2023-09-01,Government,LPN,1,24,0.041666666666666664
NV,2023-09-01,Government,RN,0,32,0.0
NV,2023-09-01,Non-Profit,CNA,4,73,0.0547945205479452
NV,2023-09-01,Non-Profit,LPN,2,23,0.08695652173913043
NV,2023-09-01,Non-Profit,RN,2,33,0.06060606060606061
NV,2023-10-01,For-Profit,CNA,213,2524,0.08438985736925515
NV,2023-10-01,For-Profit,LPN,114,1213,0.09398186314921682
NV,2023-10-01,For-Profit,RN,61,879,0.06939704209328783
NV,2023-10-01,Government,CNA,5,89,0.056179775280898875
NV,2023-10-01,Government,LPN,1,23,0.043478260869565216
NV,2023-10-01,Government,RN,0,32,0.0
NV,2023-10-01,Non-Profit,CNA,3,56,0.05357142857142857
NV,2023-10-01,Non-Profit,LPN,0,17,0.0
NV,2023-10-01,Non-Profit,RN,1,28,0.03571428571428571
NV,2023-11-01,For-Profit,CNA,180,2499,0.07202881152460984
NV,2023-11-01,For-Profit,LPN,84,1181,0.07112616426756986
NV,2023-11-01,For-Profit,RN,65,845,0.07692307692307693
NV,2023-11-01,Government,CNA,3,85,0.03529411764705882
NV,2023-11-01,Government,LPN,1,24,0.041666666666666664
NV,2023-11-01,Government,RN,1,33,0.030303030303030304
NV,2023-11-01,Non-Profit,CNA,0,53,0.0
NV,2023-11-01,Non-Profit,LPN,1,16,0.0625
NV,2023-11-01,Non-Profit,RN,2,28,0.07142857142857142
NV,2023-12-01,For-Profit,CNA,219,2487,0.08805790108564536
NV,2023-12-01,For-Profit,LPN,71,1156,0.061418685121107264
NV,2023-12-01,For-Profit,RN,76,837,0.0908004778972521
NV,2023-12-01,Government,CNA,3,90,0.03333333333333333
NV,2023-12-01,Government,LPN,1,23,0.043478260869565216
NV,2023-12-01,Government,RN,0,34,0.0
NV,2023-12-01,Non-Profit,CNA,4,59,0.06779661016949153
NV,2023-12-01,Non-Profit,LPN,0,17,0.0
NV,2023-12-01,Non-Profit,RN,1,29,0.034482758620689655
NV,2024-01-01,For-Profit,CNA,196,2527,0.07756232686980609
NV,2024-01-01,For-Profit,LPN,67,1134,0.059082892416225746
NV,2024-01-01,For-Profit,RN,47,836,0.056220095693779906
NV,2024-01-01,Government,CNA,2,92,0.021739130434782608
NV,2024-01-01,Government,LPN,0,23,0.0
NV,2024-01-01,Government,RN,0,35,0.0
NV,2024-01-01,Non-Profit,CNA,4,73,0.0547945205479452
NV,2024-01-01,Non-Profit,LPN,0,20,0.0
NV,2024-01-01,Non-Profit,RN,4,41,0.0975609756097561
NV,2024-02-01,For-Profit,CNA,196,2528,0.07753164556962025
NV,2024-02-01,For-Profit,LPN,75,1145,0.06550218340611354
NV,2024-02-01,For-Profit,RN,45,861,0.05226480836236934
NV,2024-02-01,Government,CNA,3,89,0.033707865168539325
NV,2024-02-01,Government,LPN,1,23,0.043478260869565216
NV,2024-02-01,Government,RN,0,34,0.0
NV,2024-02-01,Non-Profit,CNA,5,76,0.06578947368421052
NV,2024-02-01,Non-Profit,LPN,0,22,0.0
NV,2024-02-01,Non-Profit,RN,4,39,0.10256410256410256
NV,2024-03-01,For-Profit,CNA,315,2598,0.12124711316397228
NV,2024-03-01,For-Profit,LPN,125,1151,0.10860121633362294
NV,2024-03-01,For-Profit,RN,96,882,0.10884353741496598
NV,2024-03-01,Government,CNA,11,94,0.11702127659574468
NV,2024-03-01,Government,LPN,1,23,0.043478260869565216
NV,2024-03-01,Government,RN,3,32,0.09375
NV,2024-03-01,Non-Profit,CNA,23,77,0.2987012987012987
NV,2024-03-01,Non-Profit,LPN,5,23,0.21739130434782608
NV,2024-03-01,Non-Profit,RN,13,43,0.3023255813953488
NV,2024-04-01,For-Profit,CNA,201,2680,0.075
NV,2024-04-01,For-Profit,LPN,74,1145,0.06462882096069869
NV,2024-04-01,For-Profit,RN,65,916,0.07096069868995633
NV,2024-04-01,Government,CNA,2,90,0.022222222222222223
NV,2024-04-01,Government,LPN,1,23,0.043478260869565216
NV,2024-04-01,Government,RN,1,31,0.03225806451612903
NV,2024-04-01,Non-Profit,CNA,2,70,0.02857142857142857
NV,2024-04-01,Non-Profit,LPN,0,23,0.0
NV,2024-04-01,Non-Profit,RN,3,38,0.07894736842105263
NV,2024-05-01,For-Profit,CNA,231,2716,0.08505154639175258
NV,2024-05-01,For-Profit,LPN,94,1155,0.08138528138528138
NV,2024-05-01,For-Profit,RN,72,916,0.07860262008733625
NV,2024-05-01,Government,CNA,1,90,0.011111111111111112
NV,2024-05-01,Government,LPN,0,25,0.0
NV,2024-05-01,Government,RN,0,30,0.0
NV,2024-05-01,Non-Profit,CNA,6,81,0.07407407407407407
NV,2024-05-01,Non-Profit,LPN,3,24,0.125
NV,2024-05-01,Non-Profit,RN,4,37,0.10810810810810811
NV,2024-06-01,For-Profit,CNA,231,2606,0.0886415963161934
NV,2024-06-01,For-Profit,LPN,74,1123,0.06589492430988424
NV,2024-06-01,For-Profit,RN,76,886,0.08577878103837472
NV,2024-06-01,Government,CNA,6,90,0.06666666666666667
NV,2024-06-01,Government,LPN,0,26,0.0
NV,2024-06-01,Government,RN,0,31,0.0
NV,2024-06-01,Non-Profit,CNA,2,73,0.0273972602739726
NV,2024-06-01,Non-Profit,LPN,0,22,0.0
NV,2024-06-01,Non-Profit,RN,1,33,0.030303030303030304
NV,2024-07-01,For-Profit,CNA,259,2696,0.09606824925816024
NV,2024-07-01,For-Profit,LPN,90,1135,0.07929515418502203
NV,2024-07-01,For-Profit,RN,67,925,0.07243243243243243
NV,2024-07-01,Government,CNA,7,88,0.07954545454545454
NV,2024-07-01,Government,LPN,0,25,0.0
NV,2024-07-01,Government,RN,0,35,0.0
NV,2024-07-01,Non-Profit,CNA,5,80,0.0625
NV,2024-07-01,Non-Profit,LPN,0,23,0.0
NV,2024-07-01,Non-Profit,RN,1,34,0.029411764705882353
NV,2024-08-01,For-Profit,CNA,212,2705,0.07837338262476895
NV,2024-08-01,For-Profit,LPN,89,1150,0.07739130434782608
NV,2024-08-01,For-Profit,RN,80,939,0.08519701810436635
NV,2024-08-01,Government,CNA,4,86,0.046511627906976744
NV,2024-08-01,Government,LPN,0,25,0.0
NV,2024-08-01,Government,RN,1,34,0.029411764705882353
NV,2024-08-01,Non-Profit,CNA,3,80,0.0375
NV,2024-08-01,Non-Profit,LPN,2,23,0.08695652173913043
NV,2024-08-01,Non-Profit,RN,1,33,0.030303030303030304
NV,2024-09-01,For-Profit,CNA,264,2695,0.09795918367346938
NV,2024-09-01,For-Profit,LPN,93,1114,0.08348294434470377
NV,2024-09-01,For-Profit,RN,70,926,0.0755939524838013
NV,2024-09-01,Government,CNA,3,83,0.03614457831325301
NV,2024-09-01,Government,LPN,1,26,0.038461538461538464
NV,2024-09-01,Government,RN,0,34,0.0
NV,2024-09-01,Non-Profit,CNA,9,82,0.10975609756097561
NV,2024-09-01,Non-Profit,LPN,1,21,0.047619047619047616
NV,2024-09-01,Non-Profit,RN,4,37,0.10810810810810811
NV,2024-10-01,For-Profit,CNA,182,2699,0.06743238236383846
NV,2024-10-01,For-Profit,LPN,90,1155,0.07792207792207792
NV,2024-10-01,For-Profit,RN,65,974,0.06673511293634497
NV,2024-10-01,Government,CNA,1,83,0.012048192771084338
NV,2024-10-01,Government,LPN,0,26,0.0
NV,2024-10-01,Government,RN,1,32,0.03125
NV,2024-10-01,Non-Profit,CNA,3,84,0.03571428571428571
NV,2024-10-01,Non-Profit,LPN,2,21,0.09523809523809523
NV,2024-10-01,Non-Profit,RN,3,37,0.08108108108108109
NV,2024-11-01,For-Profit,CNA,172,2675,0.06429906542056074
NV,2024-11-01,For-Profit,LPN,80,1136,0.07042253521126761
NV,2024-11-01,For-Profit,RN,70,976,0.07172131147540983
NV,2024-11-01,Government,CNA,2,85,0.023529411764705882
NV,2024-11-01,Government,LPN,0,25,0.0
NV,2024-11-01,Government,RN,1,32,0.03125
NV,2024-11-01,Non-Profit,CNA,4,85,0.047058823529411764
NV,2024-11-01,Non-Profit,LPN,0,18,0.0
NV,2024-11-01,Non-Profit,RN,2,36,0.05555555555555555
NV,2024-12-01,For-Profit,CNA,215,2680,0.08022388059701492
NV,2024-12-01,For-Profit,LPN,68,1133,0.06001765225066196
NV,2024-12-01,For-Profit,RN,66,959,0.06882168925964546
NV,2024-12-01,Government,CNA,2,85,0.023529411764705882
NV,2024-12-01,Government,LPN,1,26,0.038461538461538464
NV,2024-12-01,Government,RN,2,32,0.0625
NV,2024-12-01,Non-Profit,CNA,5,86,0.05813953488372093
NV,2024-12-01,Non-Profit,LPN,2,22,0.09090909090909091
NV,2024-12-01,Non-Profit,RN,4,38,0.10526315789473684
NV,2025-01-01,For-Profit,CNA,225,2739,0.08214676889375684
NV,2025-01-01,For-Profit,LPN,69,1166,0.05917667238421955
NV,2025-01-01,For-Profit,RN,62,977,0.06345957011258956
NV,2025-01-01,Government,CNA,1,82,0.012195121951219513
NV,2025-01-01,Government,LPN,0,26,0.0
NV,2025-01-01,Government,RN,0,31,0.0
NV,2025-01-01,Non-Profit,CNA,9,88,0.10227272727272728
NV,2025-01-01,Non-Profit,LPN,1,20,0.05
NV,2025-01-01,Non-Profit,RN,3,38,0.07894736842105263
NV,2025-02-01,For-Profit,CNA,243,2768,0.08778901734104046
NV,2025-02-01,For-Profit,LPN,126,1207,0.1043910521955261
NV,2025-02-01,For-Profit,RN,117,1035,0.11304347826086956
NV,2025-02-01,Government,CNA,1,81,0.012345679012345678
NV,2025-02-01,Government,LPN,1,27,0.037037037037037035
NV,2025-02-01,Government,RN,1,32,0.03125
NV,2025-02-01,Non-Profit,CNA,5,76,0.06578947368421052
NV,2025-02-01,Non-Profit,LPN,0,18,0.0
NV,2025-02-01,Non-Profit,RN,1,36,0.027777777777777776
NV,2025-03-01,For-Profit,CNA,226,2727,0.08287495416208288
NV,2025-03-01,For-Profit,LPN,67,1152,0.058159722222222224
NV,2025-03-01,For-Profit,RN,81,1002,0.08083832335329341
NV,2025-03-01,Government,CNA,7,86,0.08139534883720931
NV,2025-03-01,Government,LPN,1,26,0.038461538461538464
NV,2025-03-01,Government,RN,3,33,0.09090909090909091
NV,2025-03-01,Non-Profit,CNA,6,79,0.0759493670886076
NV,2025-03-01,Non-Profit,LPN,3,21,0.14285714285714285
NV,2025-03-01,Non-Profit,RN,2,37,0.05405405405405406
NY,2022-10-01,For-Profit,CNA,1233,25904,0.04759882643607165
NY,2022-10-01,For-Profit,LPN,361,8147,0.044310789247575796
NY,2022-10-01,For-Profit,RN,406,7967,0.05096021086983808
NY,2022-10-01,Government,CNA,64,2588,0.02472952086553323
NY,2022-10-01,Government,LPN,31,859,0.03608847497089639
NY,2022-10-01,Government,RN,23,847,0.02715466351829988
NY,2022-10-01,Non-Profit,CNA,504,10900,0.04623853211009174
NY,2022-10-01,Non-Profit,LPN,135,3596,0.037541713014460514
NY,2022-10-01,Non-Profit,RN,155,3826,0.04051228437009932
NY,2022-11-01,For-Profit,CNA,1171,25809,0.04537176953775815
NY,2022-11-01,For-Profit,LPN,313,8001,0.03912010998625172
NY,2022-11-01,For-Profit,RN,395,7931,0.04980456436767117
NY,2022-11-01,Government,CNA,81,2583,0.0313588850174216
NY,2022-11-01,Government,LPN,30,846,0.03546099290780142
NY,2022-11-01,Government,RN,17,841,0.020214030915576695
NY,2022-11-01,Non-Profit,CNA,436,10844,0.04020656584286241
NY,2022-11-01,Non-Profit,LPN,130,3586,0.03625209146681539
NY,2022-11-01,Non-Profit,RN,142,3821,0.03716304632295211
NY,2022-12-01,For-Profit,CNA,1599,25863,0.061825774272126204
NY,2022-12-01,For-Profit,LPN,494,8028,0.06153462879920279
NY,2022-12-01,For-Profit,RN,563,7890,0.07135614702154626
NY,2022-12-01,Government,CNA,117,2556,0.045774647887323945
NY,2022-12-01,Government,LPN,31,832,0.037259615384615384
NY,2022-12-01,Government,RN,47,825,0.05696969696969697
NY,2022-12-01,Non-Profit,CNA,584,10775,0.05419953596287703
NY,2022-12-01,Non-Profit,LPN,191,3537,0.05400056545094713
NY,2022-12-01,Non-Profit,RN,205,3771,0.05436223813312119
NY,2023-01-01,For-Profit,CNA,1281,26110,0.04906166219839142
NY,2023-01-01,For-Profit,LPN,364,8088,0.04500494559841741
NY,2023-01-01,For-Profit,RN,430,8024,0.05358923230309073
NY,2023-01-01,Government,CNA,82,2271,0.0361074416556583
NY,2023-01-01,Government,LPN,16,782,0.020460358056265986
NY,2023-01-01,Government,RN,12,685,0.017518248175182483
NY,2023-01-01,Non-Profit,CNA,492,11221,0.04384635950450049
NY,2023-01-01,Non-Profit,LPN,121,3609,0.033527292878913824
NY,2023-01-01,Non-Profit,RN,145,4000,0.03625
NY,2023-02-01,For-Profit,CNA,1193,26080,0.045743865030674846
NY,2023-02-01,For-Profit,LPN,337,8043,0.04189978863608106
NY,2023-02-01,For-Profit,RN,474,8036,0.05898456943753111
NY,2023-02-01,Government,CNA,64,2264,0.028268551236749116
NY,2023-02-01,Government,LPN,29,780,0.03717948717948718
NY,2023-02-01,Government,RN,20,686,0.029154518950437316
NY,2023-02-01,Non-Profit,CNA,479,11147,0.04297120301426393
NY,2023-02-01,Non-Profit,LPN,129,3582,0.036013400335008376
NY,2023-02-01,Non-Profit,RN,137,3976,0.03445674044265593
NY,2023-03-01,For-Profit,CNA,1901,26687,0.07123318469666878
NY,2023-03-01,For-Profit,LPN,456,8131,0.05608166277210675
NY,2023-03-01,For-Profit,RN,586,8073,0.07258763780502911
NY,2023-03-01,Government,CNA,111,2268,0.04894179894179894
NY,2023-03-01,Government,LPN,23,770,0.02987012987012987
NY,2023-03-01,Government,RN,19,691,0.027496382054992764
NY,2023-03-01,Non-Profit,CNA,550,11166,0.049256672040121796
NY,2023-03-01,Non-Profit,LPN,154,3570,0.043137254901960784
NY,2023-03-01,Non-Profit,RN,150,3953,0.037945863900834806
NY,2023-04-01,For-Profit,CNA,1358,26242,0.05174910448898712
NY,2023-04-01,For-Profit,LPN,399,8062,0.049491441329694866
NY,2023-04-01,For-Profit,RN,433,7925,0.05463722397476341
NY,2023-04-01,Government,CNA,79,2511,0.0314615690959777
NY,2023-04-01,Government,LPN,25,838,0.029832935560859187
NY,2023-04-01,Government,RN,23,826,0.02784503631961259
NY,2023-04-01,Non-Profit,CNA,516,11088,0.046536796536796536
NY,2023-04-01,Non-Profit,LPN,124,3568,0.034753363228699555
NY,2023-04-01,Non-Profit,RN,117,3975,0.02943396226415094
NY,2023-05-01,For-Profit,CNA,1293,26584,0.04863827866385796
NY,2023-05-01,For-Profit,LPN,362,8085,0.044774273345701915
NY,2023-05-01,For-Profit,RN,469,8040,0.058333333333333334
NY,2023-05-01,Government,CNA,85,2520,0.03373015873015873
NY,2023-05-01,Government,LPN,25,844,0.02962085308056872
NY,2023-05-01,Government,RN,24,825,0.02909090909090909
NY,2023-05-01,Non-Profit,CNA,533,11173,0.047704287120737494
NY,2023-05-01,Non-Profit,LPN,148,3626,0.04081632653061224
NY,2023-05-01,Non-Profit,RN,152,4052,0.03751233958538993
NY,2023-06-01,For-Profit,CNA,1612,26856,0.06002383080131069
NY,2023-06-01,For-Profit,LPN,423,8195,0.051616839536302625
NY,2023-06-01,For-Profit,RN,581,8160,0.07120098039215686
NY,2023-06-01,Government,CNA,88,2504,0.03514376996805112
NY,2023-06-01,Government,LPN,24,839,0.028605482717520857
NY,2023-06-01,Government,RN,26,816,0.031862745098039214
NY,2023-06-01,Non-Profit,CNA,761,11193,0.06798892164745823
NY,2023-06-01,Non-Profit,LPN,182,3618,0.050304035378662244
NY,2023-06-01,Non-Profit,RN,216,4053,0.053293856402664694
NY,2023-07-01,For-Profit,CNA,1362,26993,0.05045752602526581
NY,2023-07-01,For-Profit,LPN,408,8294,0.049192187123221605
NY,2023-07-01,For-Profit,RN,447,8254,0.05415556094015023
NY,2023-07-01,Government,CNA,76,2533,0.030003947887879984
NY,2023-07-01,Government,LPN,22,836,0.02631578947368421
NY,2023-07-01,Government,RN,17,830,0.020481927710843374
NY,2023-07-01,Non-Profit,CNA,516,11274,0.045769026077700906
NY,2023-07-01,Non-Profit,LPN,154,3672,0.041938997821350764
NY,2023-07-01,Non-Profit,RN,148,4106,0.03604481246955674
NY,2023-08-01,For-Profit,CNA,1456,27357,0.053222210037650326
NY,2023-08-01,For-Profit,LPN,378,8306,0.04550927040693475
NY,2023-08-01,For-Profit,RN,404,8335,0.048470305938812235
NY,2023-08-01,Government,CNA,100,2591,0.0385951370127364
NY,2023-08-01,Government,LPN,26,849,0.030624263839811542
NY,2023-08-01,Government,RN,22,843,0.02609727164887307
NY,2023-08-01,Non-Profit,CNA,580,11295,0.051350154935812305
NY,2023-08-01,Non-Profit,LPN,177,3738,0.04735152487961477
NY,2023-08-01,Non-Profit,RN,186,4156,0.04475457170356112
NY,2023-09-01,For-Profit,CNA,1737,27522,0.06311314584695879
NY,2023-09-01,For-Profit,LPN,423,8367,0.05055575475080674
NY,2023-09-01,For-Profit,RN,546,8399,0.06500773901654959
NY,2023-09-01,Government,CNA,92,2596,0.03543913713405239
NY,2023-09-01,Government,LPN,34,845,0.040236686390532544
NY,2023-09-01,Government,RN,35,859,0.04074505238649592
NY,2023-09-01,Non-Profit,CNA,592,11382,0.05201194869091548
NY,2023-09-01,Non-Profit,LPN,191,3755,0.050865512649800264
NY,2023-09-01,Non-Profit,RN,184,4108,0.044790652385589096
NY,2023-10-01,For-Profit,CNA,1409,27479,0.05127551948760872
NY,2023-10-01,For-Profit,LPN,419,8511,0.049230407707672424
NY,2023-10-01,For-Profit,RN,464,8452,0.05489824893516328
NY,2023-10-01,Government,CNA,82,2642,0.031037093111279335
NY,2023-10-01,Government,LPN,31,848,0.036556603773584904
NY,2023-10-01,Government,RN,16,859,0.018626309662398137
NY,2023-10-01,Non-Profit,CNA,591,11643,0.05076011337284205
NY,2023-10-01,Non-Profit,LPN,154,3923,0.03925567167983686
NY,2023-10-01,Non-Profit,RN,188,4145,0.045355850422195414
NY,2023-11-01,For-Profit,CNA,1309,27469,0.047653718737485896
NY,2023-11-01,For-Profit,LPN,413,8562,0.048236393366035975
NY,2023-11-01,For-Profit,RN,438,8496,0.05155367231638418
NY,2023-11-01,Government,CNA,81,2657,0.030485509973654498
NY,2023-11-01,Government,LPN,25,841,0.029726516052318668
NY,2023-11-01,Government,RN,29,870,0.03333333333333333
NY,2023-11-01,Non-Profit,CNA,590,11697,0.05044028383346157
NY,2023-11-01,Non-Profit,LPN,184,3988,0.04613841524573721
NY,2023-11-01,Non-Profit,RN,149,4158,0.03583453583453584
NY,2023-12-01,For-Profit,CNA,1727,27560,0.0626632801161103
NY,2023-12-01,For-Profit,LPN,544,8585,0.06336633663366337
NY,2023-12-01,For-Profit,RN,614,8457,0.07260257774624572
NY,2023-12-01,Government,CNA,105,2671,0.039311119430924746
NY,2023-12-01,Government,LPN,21,835,0.025149700598802394
NY,2023-12-01,Government,RN,27,853,0.031652989449003514
NY,2023-12-01,Non-Profit,CNA,660,11792,0.055970149253731345
NY,2023-12-01,Non-Profit,LPN,333,3992,0.08341683366733467
NY,2023-12-01,Non-Profit,RN,236,4211,0.056043695084303013
NY,2024-01-01,For-Profit,CNA,1430,28043,0.050993117712085013
NY,2024-01-01,For-Profit,LPN,403,8691,0.04636980784719825
NY,2024-01-01,For-Profit,RN,421,8541,0.04929165203137806
NY,2024-01-01,Government,CNA,96,2675,0.03588785046728972
NY,2024-01-01,Government,LPN,26,840,0.030952380952380953
NY,2024-01-01,Government,RN,23,873,0.026345933562428408
NY,2024-01-01,Non-Profit,CNA,528,11591,0.045552583901302734
NY,2024-01-01,Non-Profit,LPN,165,3860,0.042746113989637305
NY,2024-01-01,Non-Profit,RN,163,4017,0.040577545431914365
NY,2024-02-01,For-Profit,CNA,1339,27984,0.04784877072612922
NY,2024-02-01,For-Profit,LPN,335,8693,0.038536753709881515
NY,2024-02-01,For-Profit,RN,502,8572,0.05856276248250117
NY,2024-02-01,Government,CNA,87,2646,0.032879818594104306
NY,2024-02-01,Government,LPN,26,827,0.03143893591293833
NY,2024-02-01,Government,RN,18,876,0.02054794520547945
NY,2024-02-01,Non-Profit,CNA,574,11655,0.04924924924924925
NY,2024-02-01,Non-Profit,LPN,167,3848,0.0433991683991684
NY,2024-02-01,Non-Profit,RN,137,4006,0.03419870194707938
NY,2024-03-01,For-Profit,CNA,1572,28204,0.05573677492554248
NY,2024-03-01,For-Profit,LPN,496,8819,0.05624220433155687
NY,2024-03-01,For-Profit,RN,535,8608,0.062151486988847586
NY,2024-03-01,Government,CNA,80,2625,0.030476190476190476
NY,2024-03-01,Government,LPN,36,830,0.043373493975903614
NY,2024-03-01,Government,RN,23,885,0.02598870056497175
NY,2024-03-01,Non-Profit,CNA,894,11724,0.07625383828045036
NY,2024-03-01,Non-Profit,LPN,243,3880,0.06262886597938144
NY,2024-03-01,Non-Profit,RN,217,4031,0.053832795832299676
NY,2024-04-01,For-Profit,CNA,1434,28225,0.05080602302922941
NY,2024-04-01,For-Profit,LPN,450,8757,0.051387461459403906
NY,2024-04-01,For-Profit,RN,467,8637,0.05406970012735904
NY,2024-04-01,Government,CNA,83,2666,0.03113278319579895
NY,2024-04-01,Government,LPN,22,815,0.026993865030674847
NY,2024-04-01,Government,RN,20,892,0.02242152466367713
NY,2024-04-01,Non-Profit,CNA,578,11532,0.050121401318071454
NY,2024-04-01,Non-Profit,LPN,165,3792,0.043512658227848104
NY,2024-04-01,Non-Profit,RN,153,4142,0.03693867696764848
NY,2024-05-01,For-Profit,CNA,1514,28504,0.05311535223126579
NY,2024-05-01,For-Profit,LPN,397,8746,0.04539217928195747
NY,2024-05-01,For-Profit,RN,489,8745,0.05591766723842195
NY,2024-05-01,Government,CNA,101,2684,0.037630402384500744
NY,2024-05-01,Government,LPN,15,828,0.018115942028985508
NY,2024-05-01,Government,RN,28,895,0.03128491620111732
NY,2024-05-01,Non-Profit,CNA,613,11635,0.05268586162440911
NY,2024-05-01,Non-Profit,LPN,174,3821,0.04553781732530751
NY,2024-05-01,Non-Profit,RN,151,4147,0.03641186399807089
NY,2024-06-01,For-Profit,CNA,1660,28738,0.057763240308998536
NY,2024-06-01,For-Profit,LPN,528,8784,0.060109289617486336
NY,2024-06-01,For-Profit,RN,580,8749,0.06629329066178992
NY,2024-06-01,Government,CNA,118,2694,0.04380103934669636
NY,2024-06-01,Government,LPN,24,823,0.02916160388821385
NY,2024-06-01,Government,RN,31,904,0.034292035398230086
NY,2024-06-01,Non-Profit,CNA,812,11670,0.06958011996572408
NY,2024-06-01,Non-Profit,LPN,212,3817,0.055541000785957556
NY,2024-06-01,Non-Profit,RN,328,4165,0.0787515006002401
NY,2024-07-01,For-Profit,CNA,1541,29099,0.05295714629368707
NY,2024-07-01,For-Profit,LPN,444,8831,0.05027743177443098
NY,2024-07-01,For-Profit,RN,499,8804,0.05667878237164925
NY,2024-07-01,Government,CNA,96,2668,0.035982008995502246
NY,2024-07-01,Government,LPN,21,825,0.025454545454545455
NY,2024-07-01,Government,RN,24,894,0.026845637583892617
NY,2024-07-01,Non-Profit,CNA,660,11878,0.05556490991749453
NY,2024-07-01,Non-Profit,LPN,213,3911,0.05446177448222961
NY,2024-07-01,Non-Profit,RN,217,4136,0.05246615087040619
NY,2024-08-01,For-Profit,CNA,1638,29131,0.05622875974048265
NY,2024-08-01,For-Profit,LPN,463,8786,0.052697473252902347
NY,2024-08-01,For-Profit,RN,529,8839,0.05984839914017423
NY,2024-08-01,Government,CNA,106,2743,0.03864382063434196
NY,2024-08-01,Government,LPN,26,821,0.031668696711327646
NY,2024-08-01,Government,RN,22,898,0.024498886414253896
NY,2024-08-01,Non-Profit,CNA,693,12239,0.05662227306152463
NY,2024-08-01,Non-Profit,LPN,195,4054,0.04810064134188456
NY,2024-08-01,Non-Profit,RN,182,4261,0.04271297817413753
NY,2024-09-01,For-Profit,CNA,1624,29033,0.05593634829332139
NY,2024-09-01,For-Profit,LPN,484,8779,0.05513156395944868
NY,2024-09-01,For-Profit,RN,587,8926,0.06576293972664127
NY,2024-09-01,Government,CNA,120,2777,0.04321209938782859
NY,2024-09-01,Government,LPN,26,838,0.031026252983293555
NY,2024-09-01,Government,RN,26,918,0.02832244008714597
NY,2024-09-01,Non-Profit,CNA,976,11916,0.08190668009399127
NY,2024-09-01,Non-Profit,LPN,289,3940,0.0733502538071066
NY,2024-09-01,Non-Profit,RN,269,4121,0.06527541858772143
NY,2024-10-01,For-Profit,CNA,1594,29181,0.05462458448990782
NY,2024-10-01,For-Profit,LPN,444,8863,0.05009590432133589
NY,2024-10-01,For-Profit,RN,556,9010,0.061709211986681466
NY,2024-10-01,Government,CNA,93,2812,0.033072546230440966
NY,2024-10-01,Government,LPN,28,844,0.03317535545023697
NY,2024-10-01,Government,RN,22,939,0.023429179978700747
NY,2024-10-01,Non-Profit,CNA,602,12000,0.050166666666666665
NY,2024-10-01,Non-Profit,LPN,169,3953,0.042752339994940554
NY,2024-10-01,Non-Profit,RN,186,4125,0.04509090909090909
NY,2024-11-01,For-Profit,CNA,1427,29175,0.048911739502999145
NY,2024-11-01,For-Profit,LPN,408,8883,0.04593042890915231
NY,2024-11-01,For-Profit,RN,539,8994,0.05992884144985546
NY,2024-11-01,Government,CNA,92,2789,0.032986733596271064
NY,2024-11-01,Government,LPN,24,838,0.028639618138424822
NY,2024-11-01,Government,RN,30,960,0.03125
NY,2024-11-01,Non-Profit,CNA,687,12168,0.05645956607495069
NY,2024-11-01,Non-Profit,LPN,201,4012,0.05009970089730808
NY,2024-11-01,Non-Profit,RN,176,4141,0.04250181115672543
NY,2024-12-01,For-Profit,CNA,1709,29156,0.05861572232130608
NY,2024-12-01,For-Profit,LPN,483,8874,0.05442866801893171
NY,2024-12-01,For-Profit,RN,584,8903,0.0655958665618331
NY,2024-12-01,Government,CNA,111,2836,0.03913963328631876
NY,2024-12-01,Government,LPN,28,837,0.03345280764635603
NY,2024-12-01,Government,RN,29,952,0.03046218487394958
NY,2024-12-01,Non-Profit,CNA,636,12015,0.05293383270911361
NY,2024-12-01,Non-Profit,LPN,159,3938,0.04037582529202641
NY,2024-12-01,Non-Profit,RN,170,4140,0.04106280193236715
NY,2025-01-01,For-Profit,CNA,1625,29388,0.05529467809990472
NY,2025-01-01,For-Profit,LPN,478,8956,0.05337204108977222
NY,2025-01-01,For-Profit,RN,574,9026,0.06359406159982274
NY,2025-01-01,Government,CNA,131,2833,0.046240734204024005
NY,2025-01-01,Government,LPN,31,827,0.037484885126964934
NY,2025-01-01,Government,RN,37,960,0.03854166666666667
NY,2025-01-01,Non-Profit,CNA,621,12224,0.050801701570680625
NY,2025-01-01,Non-Profit,LPN,203,4029,0.05038471084636386
NY,2025-01-01,Non-Profit,RN,178,4212,0.04226020892687559
NY,2025-02-01,For-Profit,CNA,1415,29168,0.04851206801974767
NY,2025-02-01,For-Profit,LPN,440,8931,0.049266599484940096
NY,2025-02-01,For-Profit,RN,543,9014,0.06023962724650544
NY,2025-02-01,Government,CNA,79,2763,0.02859211002533478
NY,2025-02-01,Government,LPN,23,815,0.02822085889570552
NY,2025-02-01,Government,RN,29,945,0.030687830687830688
NY,2025-02-01,Non-Profit,CNA,640,12143,0.05270526229103187
NY,2025-02-01,Non-Profit,LPN,172,3983,0.04318353000251067
NY,2025-02-01,Non-Profit,RN,168,4137,0.04060913705583756
NY,2025-03-01,For-Profit,CNA,1831,29684,0.06168306158199704
NY,2025-03-01,For-Profit,LPN,557,9038,0.06162867891126356
NY,2025-03-01,For-Profit,RN,755,9182,0.08222609453278153
NY,2025-03-01,Government,CNA,130,2823,0.04605030109812257
NY,2025-03-01,Government,LPN,26,817,0.03182374541003672
NY,2025-03-01,Government,RN,27,954,0.02830188679245283
NY,2025-03-01,Non-Profit,CNA,803,12215,0.0657388456815391
NY,2025-03-01,Non-Profit,LPN,268,4020,0.06666666666666667
NY,2025-03-01,Non-Profit,RN,203,4211,0.04820707670387082
OH,2022-10-01,For-Profit,CNA,3233,25405,0.12725841369809093
OH,2022-10-01,For-Profit,LPN,1111,11729,0.09472248273510103
OH,2022-10-01,For-Profit,RN,589,7017,0.08393900527290865
OH,2022-10-01,Government,CNA,35,454,0.07709251101321586
OH,2022-10-01,Government,LPN,11,222,0.04954954954954955
OH,2022-10-01,Government,RN,5,123,0.04065040650406504
OH,2022-10-01,Non-Profit,CNA,394,4650,0.08473118279569893
OH,2022-10-01,Non-Profit,LPN,149,1920,0.07760416666666667
OH,2022-10-01,Non-Profit,RN,78,1326,0.058823529411764705
OH,2022-11-01,For-Profit,CNA,2826,24960,0.11322115384615385
OH,2022-11-01,For-Profit,LPN,1072,11713,0.09152224024588064
OH,2022-11-01,For-Profit,RN,557,7001,0.07956006284816455
OH,2022-11-01,Government,CNA,26,437,0.059496567505720827
OH,2022-11-01,Government,LPN,5,212,0.02358490566037736
OH,2022-11-01,Government,RN,3,122,0.02459016393442623
OH,2022-11-01,Non-Profit,CNA,353,4624,0.076340830449827
OH,2022-11-01,Non-Profit,LPN,111,1876,0.059168443496801705
OH,2022-11-01,Non-Profit,RN,75,1315,0.057034220532319393
OH,2022-12-01,For-Profit,CNA,3541,25365,0.13960181352257048
OH,2022-12-01,For-Profit,LPN,1361,11753,0.11580022122011402
OH,2022-12-01,For-Profit,RN,769,6996,0.1099199542595769
OH,2022-12-01,Government,CNA,42,489,0.08588957055214724
OH,2022-12-01,Government,LPN,10,220,0.045454545454545456
OH,2022-12-01,Government,RN,4,125,0.032
OH,2022-12-01,Non-Profit,CNA,471,4645,0.10139935414424112
OH,2022-12-01,Non-Profit,LPN,194,1838,0.10554951033732318
OH,2022-12-01,Non-Profit,RN,127,1279,0.09929632525410477
OH,2023-01-01,For-Profit,CNA,3037,25544,0.11889289069840275
OH,2023-01-01,For-Profit,LPN,1097,11796,0.09299762631400475
OH,2023-01-01,For-Profit,RN,584,7175,0.08139372822299652
OH,2023-01-01,Government,CNA,37,493,0.07505070993914807
OH,2023-01-01,Government,LPN,8,212,0.03773584905660377
OH,2023-01-01,Government,RN,4,120,0.03333333333333333
OH,2023-01-01,Non-Profit,CNA,390,4749,0.082122552116235
OH,2023-01-01,Non-Profit,LPN,139,1890,0.07354497354497354
OH,2023-01-01,Non-Profit,RN,77,1284,0.05996884735202492
OH,2023-02-01,For-Profit,CNA,2505,24845,0.10082511571744818
OH,2023-02-01,For-Profit,LPN,976,11598,0.08415244007587515
OH,2023-02-01,For-Profit,RN,650,7213,0.09011507001247747
OH,2023-02-01,Government,CNA,33,481,0.06860706860706861
OH,2023-02-01,Government,LPN,6,214,0.028037383177570093
OH,2023-02-01,Government,RN,3,119,0.025210084033613446
OH,2023-02-01,Non-Profit,CNA,436,4776,0.09128978224455611
OH,2023-02-01,Non-Profit,LPN,111,1858,0.05974165769644779
OH,2023-02-01,Non-Profit,RN,72,1279,0.05629397967161845
OH,2023-03-01,For-Profit,CNA,3281,25453,0.12890425490119042
OH,2023-03-01,For-Profit,LPN,1287,11795,0.10911403136922425
OH,2023-03-01,For-Profit,RN,885,7381,0.11990245224224359
OH,2023-03-01,Government,CNA,41,503,0.08151093439363817
OH,2023-03-01,Government,LPN,6,222,0.02702702702702703
OH,2023-03-01,Government,RN,3,124,0.024193548387096774
OH,2023-03-01,Non-Profit,CNA,516,4789,0.10774692002505742
OH,2023-03-01,Non-Profit,LPN,201,1913,0.10507056978567694
OH,2023-03-01,Non-Profit,RN,110,1288,0.08540372670807453
OH,2023-04-01,For-Profit,CNA,2994,25603,0.11693942116158262
OH,2023-04-01,For-Profit,LPN,1112,11835,0.09395859738065061
OH,2023-04-01,For-Profit,RN,684,7153,0.09562421361666433
OH,2023-04-01,Government,CNA,46,521,0.08829174664107485
OH,2023-04-01,Government,LPN,12,238,0.05042016806722689
OH,2023-04-01,Government,RN,7,135,0.05185185185185185
OH,2023-04-01,Non-Profit,CNA,367,4630,0.07926565874730021
OH,2023-04-01,Non-Profit,LPN,128,1829,0.06998359759431383
OH,2023-04-01,Non-Profit,RN,88,1284,0.06853582554517133
OH,2023-05-01,For-Profit,CNA,3015,25867,0.1165577763173155
OH,2023-05-01,For-Profit,LPN,1066,11780,0.09049235993208829
OH,2023-05-01,For-Profit,RN,588,7097,0.08285190925743272
OH,2023-05-01,Government,CNA,43,538,0.07992565055762081
OH,2023-05-01,Government,LPN,21,239,0.08786610878661087
OH,2023-05-01,Government,RN,4,134,0.029850746268656716
OH,2023-05-01,Non-Profit,CNA,468,4792,0.09766277128547579
OH,2023-05-01,Non-Profit,LPN,155,1870,0.08288770053475936
OH,2023-05-01,Non-Profit,RN,94,1301,0.0722521137586472
OH,2023-06-01,For-Profit,CNA,3533,26714,0.13225275136632478
OH,2023-06-01,For-Profit,LPN,1372,12010,0.11423813488759367
OH,2023-06-01,For-Profit,RN,686,7126,0.0962671905697446
OH,2023-06-01,Government,CNA,81,567,0.14285714285714285
OH,2023-06-01,Government,LPN,23,237,0.0970464135021097
OH,2023-06-01,Government,RN,6,134,0.04477611940298507
OH,2023-06-01,Non-Profit,CNA,381,4870,0.0782340862422998
OH,2023-06-01,Non-Profit,LPN,137,1892,0.07241014799154334
OH,2023-06-01,Non-Profit,RN,90,1292,0.0696594427244582
OH,2023-07-01,For-Profit,CNA,3232,28196,0.1146261881117889
OH,2023-07-01,For-Profit,LPN,1175,12323,0.09535015824068814
OH,2023-07-01,For-Profit,RN,657,7557,0.0869392616117507
OH,2023-07-01,Government,CNA,29,482,0.06016597510373444
OH,2023-07-01,Government,LPN,9,205,0.04390243902439024
OH,2023-07-01,Government,RN,1,123,0.008130081300813009
OH,2023-07-01,Non-Profit,CNA,416,5053,0.08232733029883238
OH,2023-07-01,Non-Profit,LPN,126,1900,0.06631578947368422
OH,2023-07-01,Non-Profit,RN,78,1334,0.05847076461769116
OH,2023-08-01,For-Profit,CNA,3412,28685,0.11894718493986405
OH,2023-08-01,For-Profit,LPN,1170,12396,0.09438528557599225
OH,2023-08-01,For-Profit,RN,650,7607,0.08544761403970028
OH,2023-08-01,Government,CNA,44,494,0.08906882591093117
OH,2023-08-01,Government,LPN,8,208,0.038461538461538464
OH,2023-08-01,Government,RN,6,127,0.047244094488188976
OH,2023-08-01,Non-Profit,CNA,478,5146,0.09288767975126312
OH,2023-08-01,Non-Profit,LPN,144,1950,0.07384615384615385
OH,2023-08-01,Non-Profit,RN,85,1347,0.06310319227913883
OH,2023-09-01,For-Profit,CNA,3420,28257,0.12103195668329972
OH,2023-09-01,For-Profit,LPN,1138,12295,0.09255795038633591
OH,2023-09-01,For-Profit,RN,761,7515,0.10126413838988689
OH,2023-09-01,Government,CNA,21,469,0.04477611940298507
OH,2023-09-01,Government,LPN,5,204,0.024509803921568627
OH,2023-09-01,Government,RN,4,126,0.031746031746031744
OH,2023-09-01,Non-Profit,CNA,473,5080,0.09311023622047244
OH,2023-09-01,Non-Profit,LPN,130,1925,0.06753246753246753
OH,2023-09-01,Non-Profit,RN,112,1336,0.08383233532934131
OH,2023-10-01,For-Profit,CNA,3103,28451,0.10906470774313733
OH,2023-10-01,For-Profit,LPN,1102,12514,0.08806137126418412
OH,2023-10-01,For-Profit,RN,670,7736,0.08660806618407446
OH,2023-10-01,Government,CNA,40,559,0.07155635062611806
OH,2023-10-01,Government,LPN,8,235,0.03404255319148936
OH,2023-10-01,Government,RN,3,132,0.022727272727272728
OH,2023-10-01,Non-Profit,CNA,1215,5803,0.20937446148543856
OH,2023-10-01,Non-Profit,LPN,464,2327,0.19939836699613236
OH,2023-10-01,Non-Profit,RN,286,1544,0.18523316062176165
OH,2023-11-01,For-Profit,CNA,2968,28614,0.1037254490808695
OH,2023-11-01,For-Profit,LPN,1102,12594,0.08750198507225664
OH,2023-11-01,For-Profit,RN,636,7654,0.08309380715965509
OH,2023-11-01,Government,CNA,46,565,0.08141592920353982
OH,2023-11-01,Government,LPN,11,242,0.045454545454545456
OH,2023-11-01,Government,RN,8,132,0.06060606060606061
OH,2023-11-01,Non-Profit,CNA,1103,5765,0.19132697311361666
OH,2023-11-01,Non-Profit,LPN,494,2324,0.21256454388984508
OH,2023-11-01,Non-Profit,RN,266,1514,0.17569352708058125
OH,2023-12-01,For-Profit,CNA,3824,29085,0.1314767062059481
OH,2023-12-01,For-Profit,LPN,1427,12706,0.1123091452856918
OH,2023-12-01,For-Profit,RN,823,7678,0.10718937223235217
OH,2023-12-01,Government,CNA,48,562,0.08540925266903915
OH,2023-12-01,Government,LPN,19,243,0.07818930041152264
OH,2023-12-01,Government,RN,2,132,0.015151515151515152
OH,2023-12-01,Non-Profit,CNA,1406,5935,0.23689974726200505
OH,2023-12-01,Non-Profit,LPN,553,2324,0.23795180722891565
OH,2023-12-01,Non-Profit,RN,331,1507,0.21964167219641673
OH,2024-01-01,For-Profit,CNA,3069,28957,0.10598473598784404
OH,2024-01-01,For-Profit,LPN,1087,12557,0.08656526240344031
OH,2024-01-01,For-Profit,RN,563,7687,0.07324053596981918
OH,2024-01-01,Government,CNA,30,553,0.054249547920433995
OH,2024-01-01,Government,LPN,13,238,0.0546218487394958
OH,2024-01-01,Government,RN,8,144,0.05555555555555555
OH,2024-01-01,Non-Profit,CNA,494,5195,0.09509143407122234
OH,2024-01-01,Non-Profit,LPN,154,2013,0.07650273224043716
OH,2024-01-01,Non-Profit,RN,83,1335,0.062172284644194754
OH,2024-02-01,For-Profit,CNA,2994,28416,0.10536317567567567
OH,2024-02-01,For-Profit,LPN,1078,12415,0.08683044703987113
OH,2024-02-01,For-Profit,RN,627,7727,0.08114404037789569
OH,2024-02-01,Government,CNA,29,547,0.05301645338208409
OH,2024-02-01,Government,LPN,13,238,0.0546218487394958
OH,2024-02-01,Government,RN,3,135,0.022222222222222223
OH,2024-02-01,Non-Profit,CNA,459,5129,0.08949112887502438
OH,2024-02-01,Non-Profit,LPN,158,2011,0.07856787667826952
OH,2024-02-01,Non-Profit,RN,72,1355,0.053136531365313655
OH,2024-03-01,For-Profit,CNA,3975,28930,0.1374006221914967
OH,2024-03-01,For-Profit,LPN,1472,12594,0.11688105447038272
OH,2024-03-01,For-Profit,RN,941,7874,0.11950723901447803
OH,2024-03-01,Government,CNA,45,560,0.08035714285714286
OH,2024-03-01,Government,LPN,17,239,0.07112970711297072
OH,2024-03-01,Government,RN,5,142,0.035211267605633804
OH,2024-03-01,Non-Profit,CNA,686,5179,0.13245800347557443
OH,2024-03-01,Non-Profit,LPN,218,2007,0.10861983059292477
OH,2024-03-01,Non-Profit,RN,120,1357,0.08843036109064112
OH,2024-04-01,For-Profit,CNA,2993,28652,0.10446042161105681
OH,2024-04-01,For-Profit,LPN,1052,12563,0.08373796067818197
OH,2024-04-01,For-Profit,RN,634,7859,0.08067184120117063
OH,2024-04-01,Government,CNA,38,538,0.07063197026022305
OH,2024-04-01,Government,LPN,14,236,0.059322033898305086
OH,2024-04-01,Government,RN,4,141,0.028368794326241134
OH,2024-04-01,Non-Profit,CNA,431,5083,0.08479244540625615
OH,2024-04-01,Non-Profit,LPN,116,1978,0.05864509605662285
OH,2024-04-01,Non-Profit,RN,73,1383,0.05278380332610268
OH,2024-05-01,For-Profit,CNA,3178,29298,0.10847156802512117
OH,2024-05-01,For-Profit,LPN,1076,12575,0.08556660039761431
OH,2024-05-01,For-Profit,RN,652,7938,0.08213655832703452
OH,2024-05-01,Government,CNA,30,534,0.056179775280898875
OH,2024-05-01,Government,LPN,8,236,0.03389830508474576
OH,2024-05-01,Government,RN,6,151,0.039735099337748346
OH,2024-05-01,Non-Profit,CNA,460,5189,0.08864906533050684
OH,2024-05-01,Non-Profit,LPN,121,2023,0.05981216015818092
OH,2024-05-01,Non-Profit,RN,77,1405,0.054804270462633455
OH,2024-06-01,For-Profit,CNA,3708,29634,0.12512654383478436
OH,2024-06-01,For-Profit,LPN,1359,12590,0.1079428117553614
OH,2024-06-01,For-Profit,RN,781,7980,0.09786967418546366
OH,2024-06-01,Government,CNA,37,554,0.06678700361010831
OH,2024-06-01,Government,LPN,14,235,0.059574468085106386
OH,2024-06-01,Government,RN,3,147,0.02040816326530612
OH,2024-06-01,Non-Profit,CNA,472,5268,0.08959757023538345
OH,2024-06-01,Non-Profit,LPN,167,2050,0.08146341463414634
OH,2024-06-01,Non-Profit,RN,112,1408,0.07954545454545454
OH,2024-07-01,For-Profit,CNA,3295,30044,0.10967248036213553
OH,2024-07-01,For-Profit,LPN,1137,12663,0.08978914949064203
OH,2024-07-01,For-Profit,RN,661,8055,0.08206083178150217
OH,2024-07-01,Government,CNA,39,609,0.06403940886699508
OH,2024-07-01,Government,LPN,18,259,0.0694980694980695
OH,2024-07-01,Government,RN,2,146,0.0136986301369863
OH,2024-07-01,Non-Profit,CNA,413,5319,0.0776461740928746
OH,2024-07-01,Non-Profit,LPN,156,2061,0.07569141193595343
OH,2024-07-01,Non-Profit,RN,105,1427,0.07358093903293624
OH,2024-08-01,For-Profit,CNA,3441,30036,0.11456252497003595
OH,2024-08-01,For-Profit,LPN,1119,12587,0.08890124731866211
OH,2024-08-01,For-Profit,RN,713,8036,0.08872573419611747
OH,2024-08-01,Government,CNA,69,618,0.11165048543689321
OH,2024-08-01,Government,LPN,18,253,0.07114624505928854
OH,2024-08-01,Government,RN,6,148,0.04054054054054054
OH,2024-08-01,Non-Profit,CNA,492,5405,0.0910268270120259
OH,2024-08-01,Non-Profit,LPN,148,2052,0.07212475633528265
OH,2024-08-01,Non-Profit,RN,121,1423,0.08503162333099086
OH,2024-09-01,For-Profit,CNA,3770,29611,0.12731755091013475
OH,2024-09-01,For-Profit,LPN,1338,12658,0.10570390267024807
OH,2024-09-01,For-Profit,RN,822,7963,0.10322742684917745
OH,2024-09-01,Government,CNA,59,587,0.10051107325383304
OH,2024-09-01,Government,LPN,16,249,0.0642570281124498
OH,2024-09-01,Government,RN,5,146,0.03424657534246575
OH,2024-09-01,Non-Profit,CNA,492,5307,0.09270774448841153
OH,2024-09-01,Non-Profit,LPN,144,2039,0.07062285434036292
OH,2024-09-01,Non-Profit,RN,104,1414,0.07355021216407355
OH,2024-10-01,For-Profit,CNA,3274,29922,0.10941781966446093
OH,2024-10-01,For-Profit,LPN,1185,12724,0.09313109085193336
OH,2024-10-01,For-Profit,RN,681,8082,0.08426132145508537
OH,2024-10-01,Government,CNA,47,555,0.08468468468468468
OH,2024-10-01,Government,LPN,8,246,0.032520325203252036
OH,2024-10-01,Government,RN,18,156,0.11538461538461539
OH,2024-10-01,Non-Profit,CNA,493,5347,0.09220123433701141
OH,2024-10-01,Non-Profit,LPN,132,2053,0.06429615197272284
OH,2024-10-01,Non-Profit,RN,86,1401,0.06138472519628837
OH,2024-11-01,For-Profit,CNA,2967,29475,0.1006615776081425
OH,2024-11-01,For-Profit,LPN,1001,12529,0.07989464442493416
OH,2024-11-01,For-Profit,RN,650,7986,0.08139243676433759
OH,2024-11-01,Government,CNA,36,550,0.06545454545454546
OH,2024-11-01,Government,LPN,15,254,0.05905511811023622
OH,2024-11-01,Government,RN,5,147,0.034013605442176874
OH,2024-11-01,Non-Profit,CNA,462,5276,0.08756633813495072
OH,2024-11-01,Non-Profit,LPN,155,2030,0.07635467980295567
OH,2024-11-01,Non-Profit,RN,80,1401,0.05710206995003569
OH,2024-12-01,For-Profit,CNA,3219,29270,0.10997608472839085
OH,2024-12-01,For-Profit,LPN,1143,12449,0.09181460358261707
OH,2024-12-01,For-Profit,RN,730,7876,0.09268664296597258
OH,2024-12-01,Government,CNA,27,552,0.04891304347826087
OH,2024-12-01,Government,LPN,15,252,0.05952380952380952
OH,2024-12-01,Government,RN,4,145,0.027586206896551724
OH,2024-12-01,Non-Profit,CNA,495,5348,0.09255796559461481
OH,2024-12-01,Non-Profit,LPN,137,2041,0.06712395884370406
OH,2024-12-01,Non-Profit,RN,102,1418,0.07193229901269393
OH,2025-01-01,For-Profit,CNA,3137,29802,0.10526139185289578
OH,2025-01-01,For-Profit,LPN,1085,12726,0.08525852585258525
OH,2025-01-01,For-Profit,RN,680,8152,0.08341511285574092
OH,2025-01-01,Government,CNA,26,560,0.04642857142857143
OH,2025-01-01,Government,LPN,7,253,0.02766798418972332
OH,2025-01-01,Government,RN,12,146,0.0821917808219178
OH,2025-01-01,Non-Profit,CNA,465,5272,0.08820182094081942
OH,2025-01-01,Non-Profit,LPN,159,2077,0.07655272026961964
OH,2025-01-01,Non-Profit,RN,103,1414,0.07284299858557285
OH,2025-02-01,For-Profit,CNA,3001,29408,0.10204706202393907
OH,2025-02-01,For-Profit,LPN,1024,12614,0.08117964166798795
OH,2025-02-01,For-Profit,RN,640,8165,0.07838334353949786
OH,2025-02-01,Government,CNA,29,561,0.05169340463458111
OH,2025-02-01,Government,LPN,11,257,0.042801556420233464
OH,2025-02-01,Government,RN,6,142,0.04225352112676056
OH,2025-02-01,Non-Profit,CNA,432,5078,0.08507286333202048
OH,2025-02-01,Non-Profit,LPN,151,1986,0.07603222557905337
OH,2025-02-01,Non-Profit,RN,102,1388,0.07348703170028818
OH,2025-03-01,For-Profit,CNA,3363,29946,0.1123021438589461
OH,2025-03-01,For-Profit,LPN,1170,12693,0.09217679035688962
OH,2025-03-01,For-Profit,RN,818,8224,0.09946498054474708
OH,2025-03-01,Government,CNA,44,575,0.07652173913043478
OH,2025-03-01,Government,LPN,14,264,0.05303030303030303
OH,2025-03-01,Government,RN,3,147,0.02040816326530612
OH,2025-03-01,Non-Profit,CNA,514,5124,0.10031225604996097
OH,2025-03-01,Non-Profit,LPN,190,1990,0.09547738693467336
OH,2025-03-01,Non-Profit,RN,126,1389,0.09071274298056156
OK,2022-10-01,For-Profit,CNA,829,7540,0.10994694960212202
OK,2022-10-01,For-Profit,LPN,249,2865,0.08691099476439791
OK,2022-10-01,For-Profit,RN,80,1149,0.06962576153176675
OK,2022-10-01,Government,CNA,4,118,0.03389830508474576
OK,2022-10-01,Government,LPN,2,38,0.05263157894736842
OK,2022-10-01,Government,RN,0,16,0.0
OK,2022-10-01,Non-Profit,CNA,76,897,0.08472686733556299
OK,2022-10-01,Non-Profit,LPN,26,380,0.06842105263157895
OK,2022-10-01,Non-Profit,RN,21,140,0.15
OK,2022-11-01,For-Profit,CNA,807,7550,0.10688741721854304
OK,2022-11-01,For-Profit,LPN,270,2870,0.09407665505226481
OK,2022-11-01,For-Profit,RN,73,1138,0.0641476274165202
OK,2022-11-01,Government,CNA,4,112,0.03571428571428571
OK,2022-11-01,Government,LPN,0,35,0.0
OK,2022-11-01,Government,RN,1,17,0.058823529411764705
OK,2022-11-01,Non-Profit,CNA,102,937,0.10885805763073639
OK,2022-11-01,Non-Profit,LPN,33,372,0.08870967741935484
OK,2022-11-01,Non-Profit,RN,12,137,0.08759124087591241
OK,2022-12-01,For-Profit,CNA,1014,7574,0.13387905994190652
OK,2022-12-01,For-Profit,LPN,325,2783,0.1167804527488322
OK,2022-12-01,For-Profit,RN,104,1134,0.09171075837742504
OK,2022-12-01,Government,CNA,11,113,0.09734513274336283
OK,2022-12-01,Government,LPN,4,33,0.12121212121212122
OK,2022-12-01,Government,RN,2,19,0.10526315789473684
OK,2022-12-01,Non-Profit,CNA,92,897,0.10256410256410256
OK,2022-12-01,Non-Profit,LPN,28,358,0.0782122905027933
OK,2022-12-01,Non-Profit,RN,14,132,0.10606060606060606
OK,2023-01-01,For-Profit,CNA,980,7821,0.12530366960746708
OK,2023-01-01,For-Profit,LPN,258,2840,0.09084507042253522
OK,2023-01-01,For-Profit,RN,101,1196,0.08444816053511706
OK,2023-01-01,Government,CNA,12,117,0.10256410256410256
OK,2023-01-01,Government,LPN,3,34,0.08823529411764706
OK,2023-01-01,Government,RN,1,15,0.06666666666666667
OK,2023-01-01,Non-Profit,CNA,105,942,0.11146496815286625
OK,2023-01-01,Non-Profit,LPN,25,351,0.07122507122507123
OK,2023-01-01,Non-Profit,RN,7,121,0.05785123966942149
OK,2023-02-01,For-Profit,CNA,940,7696,0.12214137214137215
OK,2023-02-01,For-Profit,LPN,241,2785,0.08653500897666068
OK,2023-02-01,For-Profit,RN,92,1181,0.07790008467400508
OK,2023-02-01,Government,CNA,8,112,0.07142857142857142
OK,2023-02-01,Government,LPN,4,33,0.12121212121212122
OK,2023-02-01,Government,RN,0,14,0.0
OK,2023-02-01,Non-Profit,CNA,114,931,0.12244897959183673
OK,2023-02-01,Non-Profit,LPN,34,342,0.09941520467836257
OK,2023-02-01,Non-Profit,RN,4,116,0.034482758620689655
OK,2023-03-01,For-Profit,CNA,1111,7810,0.14225352112676057
OK,2023-03-01,For-Profit,LPN,245,2800,0.0875
OK,2023-03-01,For-Profit,RN,126,1205,0.1045643153526971
OK,2023-03-01,Government,CNA,3,110,0.02727272727272727
OK,2023-03-01,Government,LPN,2,31,0.06451612903225806
OK,2023-03-01,Government,RN,0,16,0.0
OK,2023-03-01,Non-Profit,CNA,116,944,0.1228813559322034
OK,2023-03-01,Non-Profit,LPN,39,361,0.10803324099722991
OK,2023-03-01,Non-Profit,RN,11,133,0.08270676691729323
OK,2023-04-01,For-Profit,CNA,853,7556,0.11289041821069348
OK,2023-04-01,For-Profit,LPN,256,2749,0.09312477264459804
OK,2023-04-01,For-Profit,RN,84,1154,0.07279029462738301
OK,2023-04-01,Government,CNA,8,121,0.06611570247933884
OK,2023-04-01,Government,LPN,1,30,0.03333333333333333
OK,2023-04-01,Government,RN,0,19,0.0
OK,2023-04-01,Non-Profit,CNA,133,996,0.13353413654618473
OK,2023-04-01,Non-Profit,LPN,34,368,0.09239130434782608
OK,2023-04-01,Non-Profit,RN,10,139,0.07194244604316546
OK,2023-05-01,For-Profit,CNA,904,7748,0.11667527103768714
OK,2023-05-01,For-Profit,LPN,210,2734,0.07681053401609364
OK,2023-05-01,For-Profit,RN,123,1207,0.10190555095277548
OK,2023-05-01,Government,CNA,8,118,0.06779661016949153
OK,2023-05-01,Government,LPN,0,29,0.0
OK,2023-05-01,Government,RN,0,17,0.0
OK,2023-05-01,Non-Profit,CNA,140,1015,0.13793103448275862
OK,2023-05-01,Non-Profit,LPN,33,378,0.0873015873015873
OK,2023-05-01,Non-Profit,RN,6,138,0.043478260869565216
OK,2023-06-01,For-Profit,CNA,1192,7782,0.1531739912618864
OK,2023-06-01,For-Profit,LPN,372,2813,0.1322431567721294
OK,2023-06-01,For-Profit,RN,138,1189,0.11606391925988226
OK,2023-06-01,Government,CNA,8,118,0.06779661016949153
OK,2023-06-01,Government,LPN,3,34,0.08823529411764706
OK,2023-06-01,Government,RN,1,18,0.05555555555555555
OK,2023-06-01,Non-Profit,CNA,138,1026,0.13450292397660818
OK,2023-06-01,Non-Profit,LPN,44,380,0.11578947368421053
OK,2023-06-01,Non-Profit,RN,9,146,0.06164383561643835
OK,2023-07-01,For-Profit,CNA,936,8069,0.11599950427562275
OK,2023-07-01,For-Profit,LPN,245,2873,0.08527671423599026
OK,2023-07-01,For-Profit,RN,117,1227,0.09535452322738386
OK,2023-07-01,Government,CNA,13,140,0.09285714285714286
OK,2023-07-01,Government,LPN,4,40,0.1
OK,2023-07-01,Government,RN,3,19,0.15789473684210525
OK,2023-07-01,Non-Profit,CNA,110,984,0.11178861788617886
OK,2023-07-01,Non-Profit,LPN,52,372,0.13978494623655913
OK,2023-07-01,Non-Profit,RN,12,142,0.08450704225352113
OK,2023-08-01,For-Profit,CNA,1151,8272,0.1391441005802708
OK,2023-08-01,For-Profit,LPN,293,2907,0.10079119367045064
OK,2023-08-01,For-Profit,RN,135,1223,0.11038430089942763
OK,2023-08-01,Government,CNA,7,138,0.050724637681159424
OK,2023-08-01,Government,LPN,6,42,0.14285714285714285
OK,2023-08-01,Government,RN,0,17,0.0
OK,2023-08-01,Non-Profit,CNA,124,997,0.12437311935807423
OK,2023-08-01,Non-Profit,LPN,43,366,0.11748633879781421
OK,2023-08-01,Non-Profit,RN,12,140,0.08571428571428572
OK,2023-09-01,For-Profit,CNA,1184,8165,0.14500918554807105
OK,2023-09-01,For-Profit,LPN,353,2888,0.12222991689750692
OK,2023-09-01,For-Profit,RN,138,1212,0.11386138613861387
OK,2023-09-01,Government,CNA,18,141,0.1276595744680851
OK,2023-09-01,Government,LPN,5,40,0.125
OK,2023-09-01,Government,RN,1,17,0.058823529411764705
OK,2023-09-01,Non-Profit,CNA,133,942,0.14118895966029724
OK,2023-09-01,Non-Profit,LPN,35,331,0.10574018126888217
OK,2023-09-01,Non-Profit,RN,8,126,0.06349206349206349
OK,2023-10-01,For-Profit,CNA,994,8279,0.12006280951805774
OK,2023-10-01,For-Profit,LPN,211,2857,0.07385369268463424
OK,2023-10-01,For-Profit,RN,117,1208,0.09685430463576158
OK,2023-10-01,Government,CNA,2,128,0.015625
OK,2023-10-01,Government,LPN,0,32,0.0
OK,2023-10-01,Government,RN,0,16,0.0
OK,2023-10-01,Non-Profit,CNA,111,960,0.115625
OK,2023-10-01,Non-Profit,LPN,23,316,0.07278481012658228
OK,2023-10-01,Non-Profit,RN,17,151,0.11258278145695365
OK,2023-11-01,For-Profit,CNA,893,8300,0.10759036144578313
OK,2023-11-01,For-Profit,LPN,232,2895,0.08013816925734024
OK,2023-11-01,For-Profit,RN,94,1186,0.07925801011804384
OK,2023-11-01,Government,CNA,5,129,0.03875968992248062
OK,2023-11-01,Government,LPN,0,37,0.0
OK,2023-11-01,Government,RN,0,17,0.0
OK,2023-11-01,Non-Profit,CNA,135,984,0.13719512195121952
OK,2023-11-01,Non-Profit,LPN,28,320,0.0875
OK,2023-11-01,Non-Profit,RN,27,150,0.18
OK,2023-12-01,For-Profit,CNA,1292,8310,0.15547533092659446
OK,2023-12-01,For-Profit,LPN,351,2877,0.12200208550573514
OK,2023-12-01,For-Profit,RN,128,1170,0.1094017094017094
OK,2023-12-01,Government,CNA,10,133,0.07518796992481203
OK,2023-12-01,Government,LPN,2,34,0.058823529411764705
OK,2023-12-01,Government,RN,0,17,0.0
OK,2023-12-01,Non-Profit,CNA,104,966,0.10766045548654245
OK,2023-12-01,Non-Profit,LPN,30,326,0.09202453987730061
OK,2023-12-01,Non-Profit,RN,8,138,0.057971014492753624
OK,2024-01-01,For-Profit,CNA,980,8343,0.11746374205921131
OK,2024-01-01,For-Profit,LPN,280,2901,0.09651844191658049
OK,2024-01-01,For-Profit,RN,102,1182,0.08629441624365482
OK,2024-01-01,Government,CNA,6,135,0.044444444444444446
OK,2024-01-01,Government,LPN,0,35,0.0
OK,2024-01-01,Government,RN,2,21,0.09523809523809523
OK,2024-01-01,Non-Profit,CNA,105,1033,0.10164569215876089
OK,2024-01-01,Non-Profit,LPN,36,365,0.09863013698630137
OK,2024-01-01,Non-Profit,RN,11,149,0.0738255033557047
OK,2024-02-01,For-Profit,CNA,850,8348,0.10182079540009584
OK,2024-02-01,For-Profit,LPN,238,2903,0.08198415432311403
OK,2024-02-01,For-Profit,RN,93,1214,0.07660626029654036
OK,2024-02-01,Government,CNA,8,142,0.056338028169014086
OK,2024-02-01,Government,LPN,3,34,0.08823529411764706
OK,2024-02-01,Government,RN,1,18,0.05555555555555555
OK,2024-02-01,Non-Profit,CNA,120,997,0.12036108324974924
OK,2024-02-01,Non-Profit,LPN,26,343,0.07580174927113703
OK,2024-02-01,Non-Profit,RN,11,147,0.07482993197278912
OK,2024-03-01,For-Profit,CNA,1267,8491,0.14921681780708987
OK,2024-03-01,For-Profit,LPN,316,2936,0.10762942779291552
OK,2024-03-01,For-Profit,RN,162,1237,0.13096200485044462
OK,2024-03-01,Government,CNA,6,139,0.04316546762589928
OK,2024-03-01,Government,LPN,1,37,0.02702702702702703
OK,2024-03-01,Government,RN,1,17,0.058823529411764705
OK,2024-03-01,Non-Profit,CNA,158,1080,0.14629629629629629
OK,2024-03-01,Non-Profit,LPN,41,365,0.11232876712328767
OK,2024-03-01,Non-Profit,RN,18,151,0.11920529801324503
OK,2024-04-01,For-Profit,CNA,881,8184,0.10764907135874878
OK,2024-04-01,For-Profit,LPN,232,2894,0.0801658604008293
OK,2024-04-01,For-Profit,RN,93,1194,0.07788944723618091
OK,2024-04-01,Government,CNA,13,147,0.08843537414965986
OK,2024-04-01,Government,LPN,3,44,0.06818181818181818
OK,2024-04-01,Government,RN,2,18,0.1111111111111111
OK,2024-04-01,Non-Profit,CNA,124,1033,0.12003872216844143
OK,2024-04-01,Non-Profit,LPN,33,353,0.09348441926345609
OK,2024-04-01,Non-Profit,RN,16,141,0.11347517730496454
OK,2024-05-01,For-Profit,CNA,1070,8632,0.12395736793327154
OK,2024-05-01,For-Profit,LPN,275,2970,0.09259259259259259
OK,2024-05-01,For-Profit,RN,105,1190,0.08823529411764706
OK,2024-05-01,Government,CNA,19,143,0.13286713286713286
OK,2024-05-01,Government,LPN,2,37,0.05405405405405406
OK,2024-05-01,Government,RN,1,17,0.058823529411764705
OK,2024-05-01,Non-Profit,CNA,130,1028,0.1264591439688716
OK,2024-05-01,Non-Profit,LPN,32,349,0.09169054441260745
OK,2024-05-01,Non-Profit,RN,9,126,0.07142857142857142
OK,2024-06-01,For-Profit,CNA,1048,8627,0.12147907731540512
OK,2024-06-01,For-Profit,LPN,300,2940,0.10204081632653061
OK,2024-06-01,For-Profit,RN,125,1189,0.10513036164844407
OK,2024-06-01,Government,CNA,13,140,0.09285714285714286
OK,2024-06-01,Government,LPN,6,43,0.13953488372093023
OK,2024-06-01,Government,RN,0,17,0.0
OK,2024-06-01,Non-Profit,CNA,168,1051,0.1598477640342531
OK,2024-06-01,Non-Profit,LPN,48,348,0.13793103448275862
OK,2024-06-01,Non-Profit,RN,16,138,0.11594202898550725
OK,2024-07-01,For-Profit,CNA,1037,8991,0.11533755978200423
OK,2024-07-01,For-Profit,LPN,243,2995,0.08113522537562605
OK,2024-07-01,For-Profit,RN,102,1215,0.08395061728395062
OK,2024-07-01,Government,CNA,10,138,0.07246376811594203
OK,2024-07-01,Government,LPN,3,37,0.08108108108108109
OK,2024-07-01,Government,RN,1,18,0.05555555555555555
OK,2024-07-01,Non-Profit,CNA,118,1044,0.11302681992337164
OK,2024-07-01,Non-Profit,LPN,34,380,0.08947368421052632
OK,2024-07-01,Non-Profit,RN,9,145,0.06206896551724138
OK,2024-08-01,For-Profit,CNA,1069,9008,0.11867229129662522
OK,2024-08-01,For-Profit,LPN,305,3078,0.099090318388564
OK,2024-08-01,For-Profit,RN,90,1199,0.0750625521267723
OK,2024-08-01,Government,CNA,10,129,0.07751937984496124
OK,2024-08-01,Government,LPN,3,36,0.08333333333333333
OK,2024-08-01,Government,RN,1,18,0.05555555555555555
OK,2024-08-01,Non-Profit,CNA,140,1127,0.12422360248447205
OK,2024-08-01,Non-Profit,LPN,40,406,0.09852216748768473
OK,2024-08-01,Non-Profit,RN,17,157,0.10828025477707007
OK,2024-09-01,For-Profit,CNA,1202,8959,0.13416675968300035
OK,2024-09-01,For-Profit,LPN,309,3063,0.10088148873653281
OK,2024-09-01,For-Profit,RN,123,1214,0.1013179571663921
OK,2024-09-01,Government,CNA,6,139,0.04316546762589928
OK,2024-09-01,Government,LPN,4,34,0.11764705882352941
OK,2024-09-01,Government,RN,3,18,0.16666666666666666
OK,2024-09-01,Non-Profit,CNA,149,1113,0.13387241689128482
OK,2024-09-01,Non-Profit,LPN,49,393,0.12468193384223919
OK,2024-09-01,Non-Profit,RN,17,164,0.10365853658536585
OK,2024-10-01,For-Profit,CNA,986,8767,0.11246720657009239
OK,2024-10-01,For-Profit,LPN,258,3050,0.08459016393442623
OK,2024-10-01,For-Profit,RN,123,1233,0.09975669099756691
OK,2024-10-01,Government,CNA,12,137,0.08759124087591241
OK,2024-10-01,Government,LPN,3,35,0.08571428571428572
OK,2024-10-01,Government,RN,1,17,0.058823529411764705
OK,2024-10-01,Non-Profit,CNA,125,1046,0.11950286806883365
OK,2024-10-01,Non-Profit,LPN,40,367,0.10899182561307902
OK,2024-10-01,Non-Profit,RN,13,152,0.08552631578947369
OK,2024-11-01,For-Profit,CNA,860,8684,0.09903270382312299
OK,2024-11-01,For-Profit,LPN,200,3010,0.0664451827242525
OK,2024-11-01,For-Profit,RN,96,1198,0.08013355592654424
OK,2024-11-01,Government,CNA,7,139,0.050359712230215826
OK,2024-11-01,Government,LPN,2,34,0.058823529411764705
OK,2024-11-01,Government,RN,1,18,0.05555555555555555
OK,2024-11-01,Non-Profit,CNA,107,1016,0.10531496062992125
OK,2024-11-01,Non-Profit,LPN,32,357,0.0896358543417367
OK,2024-11-01,Non-Profit,RN,9,140,0.06428571428571428
OK,2024-12-01,For-Profit,CNA,1220,8764,0.13920584208124145
OK,2024-12-01,For-Profit,LPN,327,3001,0.10896367877374209
OK,2024-12-01,For-Profit,RN,145,1196,0.12123745819397994
OK,2024-12-01,Government,CNA,16,135,0.11851851851851852
OK,2024-12-01,Government,LPN,2,32,0.0625
OK,2024-12-01,Government,RN,2,16,0.125
OK,2024-12-01,Non-Profit,CNA,131,1065,0.12300469483568074
OK,2024-12-01,Non-Profit,LPN,41,367,0.11171662125340599
OK,2024-12-01,Non-Profit,RN,9,149,0.06040268456375839
OK,2025-01-01,For-Profit,CNA,998,8856,0.11269196025293586
OK,2025-01-01,For-Profit,LPN,268,3060,0.08758169934640522
OK,2025-01-01,For-Profit,RN,95,1212,0.07838283828382839
OK,2025-01-01,Government,CNA,5,127,0.03937007874015748
OK,2025-01-01,Government,LPN,3,36,0.08333333333333333
OK,2025-01-01,Government,RN,0,16,0.0
OK,2025-01-01,Non-Profit,CNA,111,1089,0.10192837465564739
OK,2025-01-01,Non-Profit,LPN,30,369,0.08130081300813008
OK,2025-01-01,Non-Profit,RN,13,158,0.08227848101265822
OK,2025-02-01,For-Profit,CNA,927,8705,0.10649052268811028
OK,2025-02-01,For-Profit,LPN,268,3033,0.08836135839103199
OK,2025-02-01,For-Profit,RN,86,1197,0.07184628237259816
OK,2025-02-01,Government,CNA,8,124,0.06451612903225806
OK,2025-02-01,Government,LPN,1,35,0.02857142857142857
OK,2025-02-01,Government,RN,1,17,0.058823529411764705
OK,2025-02-01,Non-Profit,CNA,113,1071,0.10550887021475257
OK,2025-02-01,Non-Profit,LPN,42,363,0.11570247933884298
OK,2025-02-01,Non-Profit,RN,14,162,0.08641975308641975
OK,2025-03-01,For-Profit,CNA,1293,8917,0.14500392508691265
OK,2025-03-01,For-Profit,LPN,366,3065,0.11941272430668842
OK,2025-03-01,For-Profit,RN,148,1225,0.12081632653061225
OK,2025-03-01,Government,CNA,15,124,0.12096774193548387
OK,2025-03-01,Government,LPN,1,36,0.027777777777777776
OK,2025-03-01,Government,RN,1,18,0.05555555555555555
OK,2025-03-01,Non-Profit,CNA,161,1107,0.14543812104787715
OK,2025-03-01,Non-Profit,LPN,51,356,0.14325842696629212
OK,2025-03-01,Non-Profit,RN,16,162,0.09876543209876543
OR,2022-10-01,For-Profit,CNA,292,3913,0.07462305136723742
OR,2022-10-01,For-Profit,LPN,74,1028,0.07198443579766536
OR,2022-10-01,For-Profit,RN,51,743,0.06864064602960969
OR,2022-10-01,Government,CNA,9,184,0.04891304347826087
OR,2022-10-01,Government,LPN,2,48,0.041666666666666664
OR,2022-10-01,Government,RN,1,40,0.025
OR,2022-10-01,Non-Profit,CNA,26,467,0.055674518201284794
OR,2022-10-01,Non-Profit,LPN,2,105,0.01904761904761905
OR,2022-10-01,Non-Profit,RN,6,138,0.043478260869565216
OR,2022-11-01,For-Profit,CNA,266,3930,0.06768447837150127
OR,2022-11-01,For-Profit,LPN,69,1046,0.06596558317399617
OR,2022-11-01,For-Profit,RN,57,760,0.075
OR,2022-11-01,Government,CNA,8,184,0.043478260869565216
OR,2022-11-01,Government,LPN,3,47,0.06382978723404255
OR,2022-11-01,Government,RN,0,40,0.0
OR,2022-11-01,Non-Profit,CNA,14,472,0.029661016949152543
OR,2022-11-01,Non-Profit,LPN,7,110,0.06363636363636363
OR,2022-11-01,Non-Profit,RN,4,137,0.029197080291970802
OR,2022-12-01,For-Profit,CNA,286,3863,0.0740357235309345
OR,2022-12-01,For-Profit,LPN,86,1042,0.08253358925143954
OR,2022-12-01,For-Profit,RN,90,756,0.11904761904761904
OR,2022-12-01,Government,CNA,14,187,0.0748663101604278
OR,2022-12-01,Government,LPN,2,44,0.045454545454545456
OR,2022-12-01,Government,RN,3,40,0.075
OR,2022-12-01,Non-Profit,CNA,30,481,0.062370062370062374
OR,2022-12-01,Non-Profit,LPN,3,105,0.02857142857142857
OR,2022-12-01,Non-Profit,RN,9,140,0.06428571428571428
OR,2023-01-01,For-Profit,CNA,255,3844,0.06633714880332986
OR,2023-01-01,For-Profit,LPN,75,1012,0.0741106719367589
OR,2023-01-01,For-Profit,RN,73,754,0.09681697612732096
OR,2023-01-01,Government,CNA,8,189,0.042328042328042326
OR,2023-01-01,Government,LPN,3,43,0.06976744186046512
OR,2023-01-01,Government,RN,2,35,0.05714285714285714
OR,2023-01-01,Non-Profit,CNA,24,526,0.045627376425855515
OR,2023-01-01,Non-Profit,LPN,3,118,0.025423728813559324
OR,2023-01-01,Non-Profit,RN,8,146,0.0547945205479452
OR,2023-02-01,For-Profit,CNA,687,3954,0.17374810318664644
OR,2023-02-01,For-Profit,LPN,199,1036,0.1920849420849421
OR,2023-02-01,For-Profit,RN,131,759,0.1725955204216074
OR,2023-02-01,Government,CNA,7,186,0.03763440860215054
OR,2023-02-01,Government,LPN,1,41,0.024390243902439025
OR,2023-02-01,Government,RN,0,33,0.0
OR,2023-02-01,Non-Profit,CNA,21,525,0.04
OR,2023-02-01,Non-Profit,LPN,5,117,0.042735042735042736
OR,2023-02-01,Non-Profit,RN,2,142,0.014084507042253521
OR,2023-03-01,For-Profit,CNA,296,3762,0.0786815523657629
OR,2023-03-01,For-Profit,LPN,102,996,0.10240963855421686
OR,2023-03-01,For-Profit,RN,82,735,0.11156462585034013
OR,2023-03-01,Government,CNA,21,190,0.11052631578947368
OR,2023-03-01,Government,LPN,6,41,0.14634146341463414
OR,2023-03-01,Government,RN,2,36,0.05555555555555555
OR,2023-03-01,Non-Profit,CNA,34,527,0.06451612903225806
OR,2023-03-01,Non-Profit,LPN,5,116,0.04310344827586207
OR,2023-03-01,Non-Profit,RN,4,142,0.028169014084507043
OR,2023-04-01,For-Profit,CNA,328,3878,0.08457968024755029
OR,2023-04-01,For-Profit,LPN,92,999,0.0920920920920921
OR,2023-04-01,For-Profit,RN,61,742,0.08221024258760108
OR,2023-04-01,Government,CNA,2,53,0.03773584905660377
OR,2023-04-01,Government,LPN,0,5,0.0
OR,2023-04-01,Government,RN,0,13,0.0
OR,2023-04-01,Non-Profit,CNA,27,532,0.05075187969924812
OR,2023-04-01,Non-Profit,LPN,4,112,0.03571428571428571
OR,2023-04-01,Non-Profit,RN,6,140,0.04285714285714286
OR,2023-05-01,For-Profit,CNA,265,3847,0.06888484533402651
OR,2023-05-01,For-Profit,LPN,74,1004,0.07370517928286853
OR,2023-05-01,For-Profit,RN,62,743,0.08344549125168237
OR,2023-05-01,Government,CNA,4,46,0.08695652173913043
OR,2023-05-01,Government,LPN,0,7,0.0
OR,2023-05-01,Government,RN,1,13,0.07692307692307693
OR,2023-05-01,Non-Profit,CNA,31,529,0.05860113421550094
OR,2023-05-01,Non-Profit,LPN,5,109,0.045871559633027525
OR,2023-05-01,Non-Profit,RN,6,141,0.0425531914893617
OR,2023-06-01,For-Profit,CNA,339,3892,0.08710174717368963
OR,2023-06-01,For-Profit,LPN,87,990,0.08787878787878788
OR,2023-06-01,For-Profit,RN,83,755,0.10993377483443709
OR,2023-06-01,Government,CNA,6,43,0.13953488372093023
OR,2023-06-01,Government,LPN,1,6,0.16666666666666666
OR,2023-06-01,Government,RN,3,13,0.23076923076923078
OR,2023-06-01,Non-Profit,CNA,27,527,0.051233396584440226
OR,2023-06-01,Non-Profit,LPN,5,113,0.04424778761061947
OR,2023-06-01,Non-Profit,RN,5,139,0.03597122302158273
OR,2023-07-01,For-Profit,CNA,273,3984,0.06852409638554217
OR,2023-07-01,For-Profit,LPN,95,1037,0.09161041465766634
OR,2023-07-01,For-Profit,RN,70,814,0.085995085995086
OR,2023-07-01,Government,CNA,4,193,0.02072538860103627
OR,2023-07-01,Government,LPN,1,43,0.023255813953488372
OR,2023-07-01,Government,RN,3,39,0.07692307692307693
OR,2023-07-01,Non-Profit,CNA,36,539,0.06679035250463822
OR,2023-07-01,Non-Profit,LPN,5,110,0.045454545454545456
OR,2023-07-01,Non-Profit,RN,8,148,0.05405405405405406
OR,2023-08-01,For-Profit,CNA,318,4003,0.07944041968523607
OR,2023-08-01,For-Profit,LPN,95,1042,0.09117082533589252
OR,2023-08-01,For-Profit,RN,69,796,0.08668341708542714
OR,2023-08-01,Government,CNA,11,197,0.05583756345177665
OR,2023-08-01,Government,LPN,3,46,0.06521739130434782
OR,2023-08-01,Government,RN,0,38,0.0
OR,2023-08-01,Non-Profit,CNA,28,535,0.052336448598130844
OR,2023-08-01,Non-Profit,LPN,4,110,0.03636363636363636
OR,2023-08-01,Non-Profit,RN,7,145,0.04827586206896552
OR,2023-09-01,For-Profit,CNA,239,3968,0.06023185483870968
OR,2023-09-01,For-Profit,LPN,76,1031,0.07371483996120272
OR,2023-09-01,For-Profit,RN,76,790,0.09620253164556962
OR,2023-09-01,Government,CNA,14,192,0.07291666666666667
OR,2023-09-01,Government,LPN,6,47,0.1276595744680851
OR,2023-09-01,Government,RN,0,38,0.0
OR,2023-09-01,Non-Profit,CNA,29,540,0.053703703703703705
OR,2023-09-01,Non-Profit,LPN,9,114,0.07894736842105263
OR,2023-09-01,Non-Profit,RN,8,141,0.05673758865248227
OR,2023-10-01,For-Profit,CNA,275,4120,0.06674757281553398
OR,2023-10-01,For-Profit,LPN,90,1082,0.08317929759704251
OR,2023-10-01,For-Profit,RN,79,796,0.0992462311557789
OR,2023-10-01,Government,CNA,8,182,0.04395604395604396
OR,2023-10-01,Government,LPN,1,44,0.022727272727272728
OR,2023-10-01,Government,RN,0,41,0.0
OR,2023-10-01,Non-Profit,CNA,20,506,0.039525691699604744
OR,2023-10-01,Non-Profit,LPN,8,113,0.07079646017699115
OR,2023-10-01,Non-Profit,RN,3,106,0.02830188679245283
OR,2023-11-01,For-Profit,CNA,258,4210,0.061282660332541566
OR,2023-11-01,For-Profit,LPN,88,1098,0.08014571948998178
OR,2023-11-01,For-Profit,RN,72,768,0.09375
OR,2023-11-01,Government,CNA,13,182,0.07142857142857142
OR,2023-11-01,Government,LPN,2,44,0.045454545454545456
OR,2023-11-01,Government,RN,3,43,0.06976744186046512
OR,2023-11-01,Non-Profit,CNA,24,519,0.046242774566473986
OR,2023-11-01,Non-Profit,LPN,4,107,0.037383177570093455
OR,2023-11-01,Non-Profit,RN,4,104,0.038461538461538464
OR,2023-12-01,For-Profit,CNA,373,4446,0.08389563652721548
OR,2023-12-01,For-Profit,LPN,91,1098,0.08287795992714025
OR,2023-12-01,For-Profit,RN,82,777,0.10553410553410554
OR,2023-12-01,Government,CNA,12,191,0.06282722513089005
OR,2023-12-01,Government,LPN,1,41,0.024390243902439025
OR,2023-12-01,Government,RN,4,41,0.0975609756097561
OR,2023-12-01,Non-Profit,CNA,25,535,0.04672897196261682
OR,2023-12-01,Non-Profit,LPN,2,107,0.018691588785046728
OR,2023-12-01,Non-Profit,RN,5,106,0.04716981132075472
OR,2024-01-01,For-Profit,CNA,309,4404,0.07016348773841961
OR,2024-01-01,For-Profit,LPN,95,1129,0.0841452612931798
OR,2024-01-01,For-Profit,RN,77,794,0.09697732997481108
OR,2024-01-01,Government,CNA,8,198,0.04040404040404041
OR,2024-01-01,Government,LPN,1,44,0.022727272727272728
OR,2024-01-01,Government,RN,2,39,0.05128205128205128
OR,2024-01-01,Non-Profit,CNA,57,634,0.08990536277602523
OR,2024-01-01,Non-Profit,LPN,9,129,0.06976744186046512
OR,2024-01-01,Non-Profit,RN,5,137,0.0364963503649635
OR,2024-02-01,For-Profit,CNA,300,4486,0.06687472135532768
OR,2024-02-01,For-Profit,LPN,95,1145,0.08296943231441048
OR,2024-02-01,For-Profit,RN,86,785,0.10955414012738854
OR,2024-02-01,Government,CNA,13,201,0.06467661691542288
OR,2024-02-01,Government,LPN,3,45,0.06666666666666667
OR,2024-02-01,Government,RN,1,39,0.02564102564102564
OR,2024-02-01,Non-Profit,CNA,61,626,0.09744408945686901
OR,2024-02-01,Non-Profit,LPN,12,126,0.09523809523809523
OR,2024-02-01,Non-Profit,RN,5,142,0.035211267605633804
OR,2024-03-01,For-Profit,CNA,448,4623,0.09690677049534933
OR,2024-03-01,For-Profit,LPN,128,1152,0.1111111111111111
OR,2024-03-01,For-Profit,RN,79,757,0.10435931307793923
OR,2024-03-01,Government,CNA,6,192,0.03125
OR,2024-03-01,Government,LPN,4,46,0.08695652173913043
OR,2024-03-01,Government,RN,4,39,0.10256410256410256
OR,2024-03-01,Non-Profit,CNA,57,612,0.09313725490196079
OR,2024-03-01,Non-Profit,LPN,15,122,0.12295081967213115
OR,2024-03-01,Non-Profit,RN,6,143,0.04195804195804196
OR,2024-04-01,For-Profit,CNA,341,4479,0.07613306541638759
OR,2024-04-01,For-Profit,LPN,89,1093,0.08142726440988106
OR,2024-04-01,For-Profit,RN,59,730,0.08082191780821918
OR,2024-04-01,Government,CNA,6,189,0.031746031746031744
OR,2024-04-01,Government,LPN,2,47,0.0425531914893617
OR,2024-04-01,Government,RN,2,35,0.05714285714285714
OR,2024-04-01,Non-Profit,CNA,39,544,0.07169117647058823
OR,2024-04-01,Non-Profit,LPN,2,110,0.01818181818181818
OR,2024-04-01,Non-Profit,RN,5,113,0.04424778761061947
OR,2024-05-01,For-Profit,CNA,455,4619,0.09850617016670275
OR,2024-05-01,For-Profit,LPN,139,1159,0.11993097497842968
OR,2024-05-01,For-Profit,RN,101,762,0.1325459317585302
OR,2024-05-01,Government,CNA,13,196,0.0663265306122449
OR,2024-05-01,Government,LPN,3,48,0.0625
OR,2024-05-01,Government,RN,2,36,0.05555555555555555
OR,2024-05-01,Non-Profit,CNA,35,541,0.06469500924214418
OR,2024-05-01,Non-Profit,LPN,5,113,0.04424778761061947
OR,2024-05-01,Non-Profit,RN,4,113,0.035398230088495575
OR,2024-06-01,For-Profit,CNA,466,4652,0.1001719690455718
OR,2024-06-01,For-Profit,LPN,144,1151,0.12510860121633363
OR,2024-06-01,For-Profit,RN,98,729,0.13443072702331962
OR,2024-06-01,Government,CNA,14,202,0.06930693069306931
OR,2024-06-01,Government,LPN,5,50,0.1
OR,2024-06-01,Government,RN,1,33,0.030303030303030304
OR,2024-06-01,Non-Profit,CNA,34,554,0.061371841155234655
OR,2024-06-01,Non-Profit,LPN,3,115,0.02608695652173913
OR,2024-06-01,Non-Profit,RN,4,117,0.03418803418803419
OR,2024-07-01,For-Profit,CNA,414,4906,0.08438646555238484
OR,2024-07-01,For-Profit,LPN,114,1190,0.0957983193277311
OR,2024-07-01,For-Profit,RN,72,790,0.09113924050632911
OR,2024-07-01,Government,CNA,7,171,0.04093567251461988
OR,2024-07-01,Government,LPN,4,41,0.0975609756097561
OR,2024-07-01,Government,RN,1,29,0.034482758620689655
OR,2024-07-01,Non-Profit,CNA,34,589,0.057724957555178265
OR,2024-07-01,Non-Profit,LPN,6,116,0.05172413793103448
OR,2024-07-01,Non-Profit,RN,6,159,0.03773584905660377
OR,2024-08-01,For-Profit,CNA,591,4973,0.1188417454252966
OR,2024-08-01,For-Profit,LPN,154,1190,0.12941176470588237
OR,2024-08-01,For-Profit,RN,110,807,0.13630731102850063
OR,2024-08-01,Government,CNA,16,220,0.07272727272727272
OR,2024-08-01,Government,LPN,1,45,0.022222222222222223
OR,2024-08-01,Government,RN,1,37,0.02702702702702703
OR,2024-08-01,Non-Profit,CNA,29,584,0.04965753424657534
OR,2024-08-01,Non-Profit,LPN,7,117,0.05982905982905983
OR,2024-08-01,Non-Profit,RN,8,149,0.053691275167785234
OR,2024-09-01,For-Profit,CNA,342,4867,0.07026915964659955
OR,2024-09-01,For-Profit,LPN,94,1148,0.08188153310104529
OR,2024-09-01,For-Profit,RN,100,783,0.1277139208173691
OR,2024-09-01,Government,CNA,5,170,0.029411764705882353
OR,2024-09-01,Government,LPN,1,38,0.02631578947368421
OR,2024-09-01,Government,RN,0,29,0.0
OR,2024-09-01,Non-Profit,CNA,38,572,0.06643356643356643
OR,2024-09-01,Non-Profit,LPN,3,108,0.027777777777777776
OR,2024-09-01,Non-Profit,RN,5,148,0.033783783783783786
OR,2024-10-01,For-Profit,CNA,315,4838,0.06510954940057875
OR,2024-10-01,For-Profit,LPN,90,1147,0.07846556233653008
OR,2024-10-01,For-Profit,RN,72,774,0.09302325581395349
OR,2024-10-01,Government,CNA,12,205,0.05853658536585366
OR,2024-10-01,Government,LPN,3,49,0.061224489795918366
OR,2024-10-01,Government,RN,1,36,0.027777777777777776
OR,2024-10-01,Non-Profit,CNA,39,577,0.06759098786828423
OR,2024-10-01,Non-Profit,LPN,2,121,0.01652892561983471
OR,2024-10-01,Non-Profit,RN,5,151,0.033112582781456956
OR,2024-11-01,For-Profit,CNA,274,4827,0.05676403563289828
OR,2024-11-01,For-Profit,LPN,59,1125,0.052444444444444446
OR,2024-11-01,For-Profit,RN,62,754,0.08222811671087533
OR,2024-11-01,Government,CNA,5,200,0.025
OR,2024-11-01,Government,LPN,1,47,0.02127659574468085
OR,2024-11-01,Government,RN,2,33,0.06060606060606061
OR,2024-11-01,Non-Profit,CNA,36,566,0.0636042402826855
OR,2024-11-01,Non-Profit,LPN,6,123,0.04878048780487805
OR,2024-11-01,Non-Profit,RN,6,156,0.038461538461538464
OR,2024-12-01,For-Profit,CNA,293,4862,0.06026326614561909
OR,2024-12-01,For-Profit,LPN,87,1163,0.07480653482373173
OR,2024-12-01,For-Profit,RN,59,751,0.07856191744340879
OR,2024-12-01,Government,CNA,13,212,0.06132075471698113
OR,2024-12-01,Government,LPN,2,51,0.0392156862745098
OR,2024-12-01,Government,RN,2,37,0.05405405405405406
OR,2024-12-01,Non-Profit,CNA,35,567,0.06172839506172839
OR,2024-12-01,Non-Profit,LPN,6,125,0.048
OR,2024-12-01,Non-Profit,RN,6,156,0.038461538461538464
OR,2025-01-01,For-Profit,CNA,297,4889,0.06074861934956024
OR,2025-01-01,For-Profit,LPN,72,1169,0.06159110350727117
OR,2025-01-01,For-Profit,RN,76,804,0.0945273631840796
OR,2025-01-01,Government,CNA,9,202,0.04455445544554455
OR,2025-01-01,Government,LPN,2,50,0.04
OR,2025-01-01,Government,RN,3,40,0.075
OR,2025-01-01,Non-Profit,CNA,25,557,0.04488330341113106
OR,2025-01-01,Non-Profit,LPN,9,118,0.07627118644067797
OR,2025-01-01,Non-Profit,RN,3,157,0.01910828025477707
OR,2025-02-01,For-Profit,CNA,260,4966,0.05235602094240838
OR,2025-02-01,For-Profit,LPN,69,1175,0.05872340425531915
OR,2025-02-01,For-Profit,RN,69,808,0.0853960396039604
OR,2025-02-01,Government,CNA,6,211,0.02843601895734597
OR,2025-02-01,Government,LPN,0,51,0.0
OR,2025-02-01,Government,RN,5,37,0.13513513513513514
OR,2025-02-01,Non-Profit,CNA,27,553,0.048824593128390596
OR,2025-02-01,Non-Profit,LPN,8,114,0.07017543859649122
OR,2025-02-01,Non-Profit,RN,6,162,0.037037037037037035
OR,2025-03-01,For-Profit,CNA,723,5047,0.14325341787200316
OR,2025-03-01,For-Profit,LPN,180,1168,0.1541095890410959
OR,2025-03-01,For-Profit,RN,125,806,0.15508684863523572
OR,2025-03-01,Government,CNA,11,217,0.05069124423963134
OR,2025-03-01,Government,LPN,6,51,0.11764705882352941
OR,2025-03-01,Government,RN,3,36,0.08333333333333333
OR,2025-03-01,Non-Profit,CNA,85,575,0.14782608695652175
OR,2025-03-01,Non-Profit,LPN,13,110,0.11818181818181818
OR,2025-03-01,Non-Profit,RN,29,164,0.17682926829268292
PA,2022-10-01,For-Profit,CNA,1150,14994,0.07669734560490862
PA,2022-10-01,For-Profit,LPN,410,6336,0.06470959595959595
PA,2022-10-01,For-Profit,RN,326,5057,0.06446509788412103
PA,2022-10-01,Government,CNA,77,1880,0.040957446808510635
PA,2022-10-01,Government,LPN,21,744,0.028225806451612902
PA,2022-10-01,Government,RN,17,684,0.024853801169590642
PA,2022-10-01,Non-Profit,CNA,453,8513,0.053212733466463054
PA,2022-10-01,Non-Profit,LPN,144,3368,0.04275534441805225
PA,2022-10-01,Non-Profit,RN,115,3381,0.034013605442176874
PA,2022-11-01,For-Profit,CNA,977,14877,0.06567184244135242
PA,2022-11-01,For-Profit,LPN,358,6334,0.056520366277233974
PA,2022-11-01,For-Profit,RN,338,5113,0.06610600430275768
PA,2022-11-01,Government,CNA,45,1828,0.02461706783369803
PA,2022-11-01,Government,LPN,17,738,0.023035230352303523
PA,2022-11-01,Government,RN,20,679,0.029455081001472753
PA,2022-11-01,Non-Profit,CNA,417,8556,0.04873772791023843
PA,2022-11-01,Non-Profit,LPN,171,3337,0.051243632004794724
PA,2022-11-01,Non-Profit,RN,114,3375,0.033777777777777775
PA,2022-12-01,For-Profit,CNA,1561,14792,0.10553001622498648
PA,2022-12-01,For-Profit,LPN,524,6306,0.08309546463685379
PA,2022-12-01,For-Profit,RN,512,5072,0.10094637223974763
PA,2022-12-01,Government,CNA,76,1836,0.04139433551198257
PA,2022-12-01,Government,LPN,23,749,0.030707610146862484
PA,2022-12-01,Government,RN,21,673,0.031203566121842496
PA,2022-12-01,Non-Profit,CNA,594,8527,0.06966107658027443
PA,2022-12-01,Non-Profit,LPN,201,3277,0.06133658834299664
PA,2022-12-01,Non-Profit,RN,189,3360,0.05625
PA,2023-01-01,For-Profit,CNA,1141,15123,0.0754479931230576
PA,2023-01-01,For-Profit,LPN,374,6512,0.057432432432432436
PA,2023-01-01,For-Profit,RN,321,5146,0.062378546443839875
PA,2023-01-01,Government,CNA,65,1830,0.03551912568306011
PA,2023-01-01,Government,LPN,18,751,0.023968042609853527
PA,2023-01-01,Government,RN,21,687,0.03056768558951965
PA,2023-01-01,Non-Profit,CNA,404,8525,0.0473900293255132
PA,2023-01-01,Non-Profit,LPN,120,3292,0.03645200486026731
PA,2023-01-01,Non-Profit,RN,115,3424,0.03358644859813084
PA,2023-02-01,For-Profit,CNA,1032,14807,0.06969676504356048
PA,2023-02-01,For-Profit,LPN,360,6491,0.05546140810352796
PA,2023-02-01,For-Profit,RN,343,5147,0.0666407616087041
PA,2023-02-01,Government,CNA,45,1793,0.02509760178471835
PA,2023-02-01,Government,LPN,23,749,0.030707610146862484
PA,2023-02-01,Government,RN,17,673,0.02526002971768202
PA,2023-02-01,Non-Profit,CNA,399,8427,0.04734781060875756
PA,2023-02-01,Non-Profit,LPN,124,3307,0.03749622013909888
PA,2023-02-01,Non-Profit,RN,112,3445,0.03251088534107402
PA,2023-03-01,For-Profit,CNA,2492,15039,0.16570250681561274
PA,2023-03-01,For-Profit,LPN,958,6601,0.1451295258294198
PA,2023-03-01,For-Profit,RN,822,5218,0.15753162131084708
PA,2023-03-01,Government,CNA,100,1799,0.055586436909394105
PA,2023-03-01,Government,LPN,43,753,0.057104913678618856
PA,2023-03-01,Government,RN,43,676,0.06360946745562131
PA,2023-03-01,Non-Profit,CNA,522,8491,0.06147685784948769
PA,2023-03-01,Non-Profit,LPN,201,3330,0.06036036036036036
PA,2023-03-01,Non-Profit,RN,191,3466,0.0551067512983266
PA,2023-04-01,For-Profit,CNA,1105,15118,0.0730916787934912
PA,2023-04-01,For-Profit,LPN,390,6689,0.05830467932426372
PA,2023-04-01,For-Profit,RN,278,5180,0.05366795366795367
PA,2023-04-01,Government,CNA,59,1784,0.033071748878923765
PA,2023-04-01,Government,LPN,15,741,0.020242914979757085
PA,2023-04-01,Government,RN,15,665,0.022556390977443608
PA,2023-04-01,Non-Profit,CNA,432,8479,0.050949404410897514
PA,2023-04-01,Non-Profit,LPN,142,3346,0.042438732815301854
PA,2023-04-01,Non-Profit,RN,124,3424,0.036214953271028034
PA,2023-05-01,For-Profit,CNA,1117,15466,0.07222294064399327
PA,2023-05-01,For-Profit,LPN,383,6811,0.056232564968433416
PA,2023-05-01,For-Profit,RN,309,5248,0.058879573170731704
PA,2023-05-01,Government,CNA,66,1789,0.0368921185019564
PA,2023-05-01,Government,LPN,18,756,0.023809523809523808
PA,2023-05-01,Government,RN,24,675,0.035555555555555556
PA,2023-05-01,Non-Profit,CNA,445,8470,0.0525383707201889
PA,2023-05-01,Non-Profit,LPN,130,3311,0.03926306251887647
PA,2023-05-01,Non-Profit,RN,127,3403,0.03732001175433441
PA,2023-06-01,For-Profit,CNA,1471,15588,0.09436746215037208
PA,2023-06-01,For-Profit,LPN,601,6856,0.08766044340723454
PA,2023-06-01,For-Profit,RN,469,5330,0.08799249530956849
PA,2023-06-01,Government,CNA,83,1782,0.04657687991021325
PA,2023-06-01,Government,LPN,34,758,0.044854881266490766
PA,2023-06-01,Government,RN,28,662,0.04229607250755287
PA,2023-06-01,Non-Profit,CNA,576,8681,0.06635180278769727
PA,2023-06-01,Non-Profit,LPN,199,3395,0.05861561119293078
PA,2023-06-01,Non-Profit,RN,192,3444,0.05574912891986063
PA,2023-07-01,For-Profit,CNA,1250,15936,0.07843875502008033
PA,2023-07-01,For-Profit,LPN,456,6999,0.06515216459494214
PA,2023-07-01,For-Profit,RN,391,5369,0.07282547960514062
PA,2023-07-01,Government,CNA,56,1766,0.031710079275198186
PA,2023-07-01,Government,LPN,30,746,0.040214477211796246
PA,2023-07-01,Government,RN,8,654,0.012232415902140673
PA,2023-07-01,Non-Profit,CNA,512,8828,0.057997281377435435
PA,2023-07-01,Non-Profit,LPN,169,3391,0.049837805956944856
PA,2023-07-01,Non-Profit,RN,130,3476,0.037399309551208286
PA,2023-08-01,For-Profit,CNA,1282,16193,0.07917001173346508
PA,2023-08-01,For-Profit,LPN,441,7060,0.06246458923512748
PA,2023-08-01,For-Profit,RN,362,5408,0.0669378698224852
PA,2023-08-01,Government,CNA,57,1805,0.031578947368421054
PA,2023-08-01,Government,LPN,29,739,0.03924221921515562
PA,2023-08-01,Government,RN,21,676,0.03106508875739645
PA,2023-08-01,Non-Profit,CNA,631,8902,0.07088294765221298
PA,2023-08-01,Non-Profit,LPN,172,3362,0.0511600237953599
PA,2023-08-01,Non-Profit,RN,153,3450,0.04434782608695652
PA,2023-09-01,For-Profit,CNA,1297,16300,0.07957055214723927
PA,2023-09-01,For-Profit,LPN,475,7096,0.0669391206313416
PA,2023-09-01,For-Profit,RN,385,5482,0.07022984312294783
PA,2023-09-01,Government,CNA,93,1839,0.05057096247960848
PA,2023-09-01,Government,LPN,20,729,0.027434842249657063
PA,2023-09-01,Government,RN,23,682,0.03372434017595308
PA,2023-09-01,Non-Profit,CNA,583,8833,0.0660024906600249
PA,2023-09-01,Non-Profit,LPN,202,3400,0.05941176470588235
PA,2023-09-01,Non-Profit,RN,175,3488,0.05017201834862385
PA,2023-10-01,For-Profit,CNA,1245,16535,0.07529482915028728
PA,2023-10-01,For-Profit,LPN,478,7285,0.06561427590940289
PA,2023-10-01,For-Profit,RN,307,5520,0.05561594202898551
PA,2023-10-01,Government,CNA,90,1814,0.04961411245865491
PA,2023-10-01,Government,LPN,28,730,0.038356164383561646
PA,2023-10-01,Government,RN,14,665,0.021052631578947368
PA,2023-10-01,Non-Profit,CNA,576,9092,0.06335239771227452
PA,2023-10-01,Non-Profit,LPN,184,3462,0.05314846909300982
PA,2023-10-01,Non-Profit,RN,157,3540,0.044350282485875706
PA,2023-11-01,For-Profit,CNA,1177,16580,0.0709891435464415
PA,2023-11-01,For-Profit,LPN,466,7271,0.06409022142758905
PA,2023-11-01,For-Profit,RN,307,5502,0.055797891675754274
PA,2023-11-01,Government,CNA,69,1786,0.03863381858902576
PA,2023-11-01,Government,LPN,26,739,0.035182679296346414
PA,2023-11-01,Government,RN,24,680,0.03529411764705882
PA,2023-11-01,Non-Profit,CNA,447,9082,0.04921823386919181
PA,2023-11-01,Non-Profit,LPN,154,3467,0.04441880588404961
PA,2023-11-01,Non-Profit,RN,129,3556,0.03627671541057368
PA,2023-12-01,For-Profit,CNA,2392,17410,0.13739230327398047
PA,2023-12-01,For-Profit,LPN,935,7559,0.1236936102659082
PA,2023-12-01,For-Profit,RN,710,5762,0.12322110378340854
PA,2023-12-01,Government,CNA,68,1768,0.038461538461538464
PA,2023-12-01,Government,LPN,29,730,0.03972602739726028
PA,2023-12-01,Government,RN,23,671,0.03427719821162444
PA,2023-12-01,Non-Profit,CNA,654,9102,0.07185234014502308
PA,2023-12-01,Non-Profit,LPN,178,3482,0.0511200459506031
PA,2023-12-01,Non-Profit,RN,178,3559,0.05001404889013768
PA,2024-01-01,For-Profit,CNA,1198,16770,0.0714370900417412
PA,2024-01-01,For-Profit,LPN,405,7286,0.05558605544880593
PA,2024-01-01,For-Profit,RN,395,5598,0.07056091461236155
PA,2024-01-01,Government,CNA,65,1800,0.03611111111111111
PA,2024-01-01,Government,LPN,21,733,0.0286493860845839
PA,2024-01-01,Government,RN,18,665,0.02706766917293233
PA,2024-01-01,Non-Profit,CNA,488,9083,0.05372674226577122
PA,2024-01-01,Non-Profit,LPN,138,3513,0.03928266438941076
PA,2024-01-01,Non-Profit,RN,128,3555,0.0360056258790436
PA,2024-02-01,For-Profit,CNA,1260,16828,0.07487520798668885
PA,2024-02-01,For-Profit,LPN,476,7302,0.06518761983018351
PA,2024-02-01,For-Profit,RN,365,5588,0.06531853972798855
PA,2024-02-01,Government,CNA,70,1761,0.039750141964792735
PA,2024-02-01,Government,LPN,20,743,0.026917900403768506
PA,2024-02-01,Government,RN,21,652,0.032208588957055216
PA,2024-02-01,Non-Profit,CNA,463,9075,0.051019283746556475
PA,2024-02-01,Non-Profit,LPN,151,3562,0.042391914654688376
PA,2024-02-01,Non-Profit,RN,126,3584,0.03515625
PA,2024-03-01,For-Profit,CNA,1499,17040,0.08796948356807512
PA,2024-03-01,For-Profit,LPN,544,7344,0.07407407407407407
PA,2024-03-01,For-Profit,RN,439,5684,0.07723434201266714
PA,2024-03-01,Government,CNA,72,1758,0.040955631399317405
PA,2024-03-01,Government,LPN,31,764,0.04057591623036649
PA,2024-03-01,Government,RN,15,663,0.02262443438914027
PA,2024-03-01,Non-Profit,CNA,698,9228,0.07563935847420893
PA,2024-03-01,Non-Profit,LPN,241,3609,0.06677750069271267
PA,2024-03-01,Non-Profit,RN,232,3610,0.06426592797783934
PA,2024-04-01,For-Profit,CNA,1300,17065,0.07617931438617052
PA,2024-04-01,For-Profit,LPN,440,7380,0.05962059620596206
PA,2024-04-01,For-Profit,RN,413,5696,0.07250702247191011
PA,2024-04-01,Government,CNA,66,1682,0.039239001189060645
PA,2024-04-01,Government,LPN,25,719,0.03477051460361613
PA,2024-04-01,Government,RN,10,632,0.015822784810126583
PA,2024-04-01,Non-Profit,CNA,521,9209,0.056575089586274295
PA,2024-04-01,Non-Profit,LPN,171,3579,0.04777870913663034
PA,2024-04-01,Non-Profit,RN,149,3593,0.04146952407458948
PA,2024-05-01,For-Profit,CNA,1449,17383,0.08335730311223609
PA,2024-05-01,For-Profit,LPN,541,7569,0.07147575637468621
PA,2024-05-01,For-Profit,RN,395,5761,0.06856448533240757
PA,2024-05-01,Government,CNA,57,1694,0.03364817001180637
PA,2024-05-01,Government,LPN,28,715,0.039160839160839164
PA,2024-05-01,Government,RN,15,650,0.023076923076923078
PA,2024-05-01,Non-Profit,CNA,546,9356,0.05835827276613938
PA,2024-05-01,Non-Profit,LPN,185,3612,0.05121816168327796
PA,2024-05-01,Non-Profit,RN,113,3619,0.031224095053882288
PA,2024-06-01,For-Profit,CNA,1693,17516,0.09665448732587349
PA,2024-06-01,For-Profit,LPN,665,7521,0.08841909320569073
PA,2024-06-01,For-Profit,RN,490,5765,0.08499566348655681
PA,2024-06-01,Government,CNA,58,1677,0.0345855694692904
PA,2024-06-01,Government,LPN,19,712,0.026685393258426966
PA,2024-06-01,Government,RN,20,650,0.03076923076923077
PA,2024-06-01,Non-Profit,CNA,600,9277,0.06467608062951385
PA,2024-06-01,Non-Profit,LPN,205,3544,0.057844243792325056
PA,2024-06-01,Non-Profit,RN,167,3637,0.04591696453120704
PA,2024-07-01,For-Profit,CNA,1492,18002,0.0828796800355516
PA,2024-07-01,For-Profit,LPN,489,7681,0.06366358547064184
PA,2024-07-01,For-Profit,RN,406,5817,0.06979542719614922
PA,2024-07-01,Government,CNA,73,1802,0.04051054384017758
PA,2024-07-01,Government,LPN,22,760,0.02894736842105263
PA,2024-07-01,Government,RN,18,734,0.02452316076294278
PA,2024-07-01,Non-Profit,CNA,539,9591,0.056198519445313316
PA,2024-07-01,Non-Profit,LPN,185,3711,0.04985179196981945
PA,2024-07-01,Non-Profit,RN,198,3765,0.05258964143426295
PA,2024-08-01,For-Profit,CNA,1533,18184,0.08430488341399033
PA,2024-08-01,For-Profit,LPN,592,7820,0.07570332480818415
PA,2024-08-01,For-Profit,RN,433,5904,0.07334010840108401
PA,2024-08-01,Government,CNA,64,1802,0.03551609322974473
PA,2024-08-01,Government,LPN,35,768,0.045572916666666664
PA,2024-08-01,Government,RN,22,741,0.029689608636977057
PA,2024-08-01,Non-Profit,CNA,591,9650,0.06124352331606218
PA,2024-08-01,Non-Profit,LPN,205,3709,0.05527096252359127
PA,2024-08-01,Non-Profit,RN,149,3716,0.04009687836383208
PA,2024-09-01,For-Profit,CNA,1798,18104,0.09931506849315068
PA,2024-09-01,For-Profit,LPN,697,7725,0.09022653721682848
PA,2024-09-01,For-Profit,RN,546,5834,0.09358930407953377
PA,2024-09-01,Government,CNA,95,1805,0.05263157894736842
PA,2024-09-01,Government,LPN,35,758,0.04617414248021108
PA,2024-09-01,Government,RN,31,743,0.04172274562584118
PA,2024-09-01,Non-Profit,CNA,645,9588,0.06727158948685857
PA,2024-09-01,Non-Profit,LPN,237,3686,0.06429734129137277
PA,2024-09-01,Non-Profit,RN,165,3777,0.043685464654487687
PA,2024-10-01,For-Profit,CNA,1482,18271,0.08111214492912265
PA,2024-10-01,For-Profit,LPN,537,7806,0.06879323597232898
PA,2024-10-01,For-Profit,RN,413,5859,0.07048984468339307
PA,2024-10-01,Government,CNA,72,1777,0.04051772650534609
PA,2024-10-01,Government,LPN,28,745,0.03758389261744966
PA,2024-10-01,Government,RN,18,691,0.02604920405209841
PA,2024-10-01,Non-Profit,CNA,500,9469,0.05280388636603654
PA,2024-10-01,Non-Profit,LPN,170,3631,0.0468190581107133
PA,2024-10-01,Non-Profit,RN,132,3710,0.03557951482479784
PA,2024-11-01,For-Profit,CNA,1394,18340,0.07600872410032715
PA,2024-11-01,For-Profit,LPN,515,7807,0.06596644037402331
PA,2024-11-01,For-Profit,RN,415,5847,0.07097656918077647
PA,2024-11-01,Government,CNA,78,1816,0.042951541850220265
PA,2024-11-01,Government,LPN,32,760,0.042105263157894736
PA,2024-11-01,Government,RN,20,728,0.027472527472527472
PA,2024-11-01,Non-Profit,CNA,486,9544,0.05092204526404023
PA,2024-11-01,Non-Profit,LPN,169,3623,0.04664642561413194
PA,2024-11-01,Non-Profit,RN,132,3705,0.03562753036437247
PA,2024-12-01,For-Profit,CNA,1640,18308,0.08957832641468211
PA,2024-12-01,For-Profit,LPN,605,7798,0.07758399589638369
PA,2024-12-01,For-Profit,RN,556,5886,0.0944614339109752
PA,2024-12-01,Government,CNA,117,1787,0.06547285954113038
PA,2024-12-01,Government,LPN,61,762,0.08005249343832022
PA,2024-12-01,Government,RN,33,737,0.04477611940298507
PA,2024-12-01,Non-Profit,CNA,730,9589,0.07612889769527584
PA,2024-12-01,Non-Profit,LPN,271,3611,0.07504846302963168
PA,2024-12-01,Non-Profit,RN,253,3715,0.06810228802153433
PA,2025-01-01,For-Profit,CNA,1502,18281,0.08216180734095509
PA,2025-01-01,For-Profit,LPN,566,7865,0.07196439923712651
PA,2025-01-01,For-Profit,RN,451,5885,0.07663551401869159
PA,2025-01-01,Government,CNA,69,1778,0.03880764904386952
PA,2025-01-01,Government,LPN,21,765,0.027450980392156862
PA,2025-01-01,Government,RN,17,740,0.022972972972972974
PA,2025-01-01,Non-Profit,CNA,572,9608,0.059533721898417984
PA,2025-01-01,Non-Profit,LPN,161,3636,0.044279427942794276
PA,2025-01-01,Non-Profit,RN,149,3730,0.03994638069705094
PA,2025-02-01,For-Profit,CNA,1401,18181,0.0770584676310434
PA,2025-02-01,For-Profit,LPN,534,7801,0.06845276246635047
PA,2025-02-01,For-Profit,RN,431,5825,0.07399141630901288
PA,2025-02-01,Government,CNA,64,1768,0.03619909502262444
PA,2025-02-01,Government,LPN,24,767,0.03129074315514994
PA,2025-02-01,Government,RN,22,733,0.030013642564802184
PA,2025-02-01,Non-Profit,CNA,483,9479,0.05095474206139888
PA,2025-02-01,Non-Profit,LPN,154,3640,0.04230769230769231
PA,2025-02-01,Non-Profit,RN,148,3719,0.03979564399031998
PA,2025-03-01,For-Profit,CNA,1822,18403,0.0990055969135467
PA,2025-03-01,For-Profit,LPN,656,7838,0.08369482010717019
PA,2025-03-01,For-Profit,RN,543,5858,0.09269375213383407
PA,2025-03-01,Government,CNA,223,1776,0.12556306306306306
PA,2025-03-01,Government,LPN,121,782,0.1547314578005115
PA,2025-03-01,Government,RN,71,741,0.09581646423751687
PA,2025-03-01,Non-Profit,CNA,668,9716,0.06875257307533965
PA,2025-03-01,Non-Profit,LPN,249,3711,0.06709781729991916
PA,2025-03-01,Non-Profit,RN,219,3773,0.058043996819507025
PR,2022-10-01,For-Profit,LPN,2,12,0.16666666666666666
PR,2022-10-01,For-Profit,RN,0,17,0.0
PR,2022-10-01,Non-Profit,LPN,0,8,0.0
PR,2022-10-01,Non-Profit,RN,0,14,0.0
PR,2022-11-01,For-Profit,LPN,3,12,0.25
PR,2022-11-01,For-Profit,RN,0,17,0.0
PR,2022-11-01,Non-Profit,LPN,0,7,0.0
PR,2022-11-01,Non-Profit,RN,0,14,0.0
PR,2022-12-01,For-Profit,LPN,0,8,0.0
PR,2022-12-01,For-Profit,RN,3,17,0.17647058823529413
PR,2022-12-01,Non-Profit,LPN,0,7,0.0
PR,2022-12-01,Non-Profit,RN,0,15,0.0
PR,2023-01-01,For-Profit,LPN,0,14,0.0
PR,2023-01-01,For-Profit,RN,0,31,0.0
PR,2023-01-01,Non-Profit,LPN,0,7,0.0
PR,2023-01-01,Non-Profit,RN,0,15,0.0
PR,2023-02-01,For-Profit,LPN,1,14,0.07142857142857142
PR,2023-02-01,For-Profit,RN,1,33,0.030303030303030304
PR,2023-02-01,Non-Profit,LPN,0,7,0.0
PR,2023-02-01,Non-Profit,RN,0,15,0.0
PR,2023-03-01,For-Profit,LPN,2,15,0.13333333333333333
PR,2023-03-01,For-Profit,RN,4,33,0.12121212121212122
PR,2023-03-01,Non-Profit,LPN,1,8,0.125
PR,2023-03-01,Non-Profit,RN,0,15,0.0
PR,2023-04-01,For-Profit,LPN,0,12,0.0
PR,2023-04-01,For-Profit,RN,1,30,0.03333333333333333
PR,2023-04-01,Non-Profit,LPN,0,9,0.0
PR,2023-04-01,Non-Profit,RN,1,14,0.07142857142857142
PR,2023-05-01,For-Profit,LPN,0,15,0.0
PR,2023-05-01,For-Profit,RN,1,30,0.03333333333333333
PR,2023-05-01,Non-Profit,LPN,1,9,0.1111111111111111
PR,2023-05-01,Non-Profit,RN,0,14,0.0
PR,2023-06-01,For-Profit,LPN,1,18,0.05555555555555555
PR,2023-06-01,For-Profit,RN,2,30,0.06666666666666667
PR,2023-06-01,Non-Profit,LPN,0,7,0.0
PR,2023-06-01,Non-Profit,RN,0,15,0.0
PR,2023-07-01,For-Profit,LPN,2,18,0.1111111111111111
PR,2023-07-01,For-Profit,RN,0,30,0.0
PR,2023-07-01,Non-Profit,LPN,0,7,0.0
PR,2023-07-01,Non-Profit,RN,1,17,0.058823529411764705
PR,2023-08-01,For-Profit,LPN,0,16,0.0
PR,2023-08-01,For-Profit,RN,0,27,0.0
PR,2023-08-01,Non-Profit,LPN,0,7,0.0
PR,2023-08-01,Non-Profit,RN,0,16,0.0
PR,2023-09-01,For-Profit,LPN,1,15,0.06666666666666667
PR,2023-09-01,For-Profit,RN,1,20,0.05
PR,2023-09-01,Non-Profit,LPN,0,8,0.0
PR,2023-09-01,Non-Profit,RN,2,15,0.13333333333333333
PR,2023-10-01,For-Profit,LPN,0,15,0.0
PR,2023-10-01,For-Profit,RN,1,35,0.02857142857142857
PR,2023-10-01,Non-Profit,LPN,1,9,0.1111111111111111
PR,2023-10-01,Non-Profit,RN,0,14,0.0
PR,2023-11-01,For-Profit,LPN,3,16,0.1875
PR,2023-11-01,For-Profit,RN,1,38,0.02631578947368421
PR,2023-11-01,Non-Profit,LPN,0,8,0.0
PR,2023-11-01,Non-Profit,RN,2,16,0.125
PR,2023-12-01,For-Profit,LPN,3,13,0.23076923076923078
PR,2023-12-01,For-Profit,RN,3,37,0.08108108108108109
PR,2023-12-01,Non-Profit,LPN,0,8,0.0
PR,2023-12-01,Non-Profit,RN,0,16,0.0
PR,2024-01-01,For-Profit,LPN,0,9,0.0
PR,2024-01-01,For-Profit,RN,1,42,0.023809523809523808
PR,2024-01-01,Non-Profit,LPN,0,8,0.0
PR,2024-01-01,Non-Profit,RN,1,16,0.0625
PR,2024-02-01,For-Profit,LPN,0,10,0.0
PR,2024-02-01,For-Profit,RN,1,43,0.023255813953488372
PR,2024-02-01,Non-Profit,LPN,0,8,0.0
PR,2024-02-01,Non-Profit,RN,1,15,0.06666666666666667
PR,2024-03-01,For-Profit,LPN,0,10,0.0
PR,2024-03-01,For-Profit,RN,3,43,0.06976744186046512
PR,2024-03-01,Non-Profit,LPN,0,8,0.0
PR,2024-03-01,Non-Profit,RN,0,16,0.0
PR,2024-04-01,For-Profit,LPN,0,10,0.0
PR,2024-04-01,For-Profit,RN,3,40,0.075
PR,2024-04-01,Non-Profit,LPN,0,8,0.0
PR,2024-04-01,Non-Profit,RN,0,16,0.0
PR,2024-05-01,For-Profit,LPN,0,11,0.0
PR,2024-05-01,For-Profit,RN,1,38,0.02631578947368421
PR,2024-05-01,Non-Profit,LPN,0,8,0.0
PR,2024-05-01,Non-Profit,RN,0,16,0.0
PR,2024-06-01,For-Profit,LPN,1,11,0.09090909090909091
PR,2024-06-01,For-Profit,RN,1,37,0.02702702702702703
PR,2024-06-01,Non-Profit,LPN,0,8,0.0
PR,2024-06-01,Non-Profit,RN,1,17,0.058823529411764705
PR,2024-07-01,For-Profit,LPN,1,11,0.09090909090909091
PR,2024-07-01,For-Profit,RN,1,37,0.02702702702702703
PR,2024-07-01,Non-Profit,LPN,0,8,0.0
PR,2024-07-01,Non-Profit,RN,1,16,0.0625
PR,2024-08-01,For-Profit,LPN,0,11,0.0
PR,2024-08-01,For-Profit,RN,0,39,0.0
PR,2024-08-01,Non-Profit,LPN,0,8,0.0
PR,2024-08-01,Non-Profit,RN,0,15,0.0
PR,2024-09-01,For-Profit,LPN,0,11,0.0
PR,2024-09-01,For-Profit,RN,2,38,0.05263157894736842
PR,2024-09-01,Non-Profit,LPN,0,8,0.0
PR,2024-09-01,Non-Profit,RN,0,14,0.0
PR,2024-10-01,For-Profit,LPN,1,11,0.09090909090909091
PR,2024-10-01,For-Profit,RN,3,41,0.07317073170731707
PR,2024-10-01,Non-Profit,LPN,0,8,0.0
PR,2024-10-01,Non-Profit,RN,1,16,0.0625
PR,2024-11-01,For-Profit,LPN,0,10,0.0
PR,2024-11-01,For-Profit,RN,2,38,0.05263157894736842
PR,2024-11-01,Non-Profit,LPN,0,8,0.0
PR,2024-11-01,Non-Profit,RN,0,15,0.0
PR,2024-12-01,For-Profit,LPN,2,11,0.18181818181818182
PR,2024-12-01,For-Profit,RN,5,38,0.13157894736842105
PR,2024-12-01,Non-Profit,LPN,0,8,0.0
PR,2024-12-01,Non-Profit,RN,0,15,0.0
PR,2025-01-01,For-Profit,LPN,0,10,0.0
PR,2025-01-01,For-Profit,RN,0,34,0.0
PR,2025-01-01,Non-Profit,LPN,0,8,0.0
PR,2025-01-01,Non-Profit,RN,0,17,0.0
PR,2025-02-01,For-Profit,LPN,0,10,0.0
PR,2025-02-01,For-Profit,RN,2,36,0.05555555555555555
PR,2025-02-01,Non-Profit,LPN,0,8,0.0
PR,2025-02-01,Non-Profit,RN,1,16,0.0625
PR,2025-03-01,For-Profit,LPN,0,10,0.0
PR,2025-03-01,For-Profit,RN,1,35,0.02857142857142857
PR,2025-03-01,Non-Profit,LPN,0,8,0.0
PR,2025-03-01,Non-Profit,RN,0,17,0.0
RI,2022-10-01,For-Profit,CNA,395,2909,0.13578549329666553
RI,2022-10-01,For-Profit,LPN,84,604,0.1390728476821192
RI,2022-10-01,For-Profit,RN,109,916,0.11899563318777293
RI,2022-10-01,Non-Profit,CNA,33,571,0.05779334500875657
RI,2022-10-01,Non-Profit,LPN,8,74,0.10810810810810811
RI,2022-10-01,Non-Profit,RN,11,179,0.061452513966480445
RI,2022-11-01,For-Profit,CNA,257,2965,0.0866779089376054
RI,2022-11-01,For-Profit,LPN,42,587,0.07155025553662692
RI,2022-11-01,For-Profit,RN,58,919,0.06311207834602829
RI,2022-11-01,Non-Profit,CNA,29,567,0.05114638447971781
RI,2022-11-01,Non-Profit,LPN,8,69,0.11594202898550725
RI,2022-11-01,Non-Profit,RN,14,177,0.07909604519774012
RI,2022-12-01,For-Profit,CNA,323,2924,0.11046511627906977
RI,2022-12-01,For-Profit,LPN,50,590,0.0847457627118644
RI,2022-12-01,For-Profit,RN,76,922,0.0824295010845987
RI,2022-12-01,Non-Profit,CNA,52,584,0.08904109589041095
RI,2022-12-01,Non-Profit,LPN,4,67,0.05970149253731343
RI,2022-12-01,Non-Profit,RN,14,174,0.08045977011494253
RI,2023-01-01,For-Profit,CNA,212,2886,0.07345807345807345
RI,2023-01-01,For-Profit,LPN,42,612,0.06862745098039216
RI,2023-01-01,For-Profit,RN,48,930,0.05161290322580645
RI,2023-01-01,Non-Profit,CNA,25,565,0.04424778761061947
RI,2023-01-01,Non-Profit,LPN,6,69,0.08695652173913043
RI,2023-01-01,Non-Profit,RN,5,172,0.029069767441860465
RI,2023-02-01,For-Profit,CNA,201,2837,0.0708494888967219
RI,2023-02-01,For-Profit,LPN,39,620,0.06290322580645161
RI,2023-02-01,For-Profit,RN,54,938,0.057569296375266525
RI,2023-02-01,Non-Profit,CNA,35,565,0.061946902654867256
RI,2023-02-01,Non-Profit,LPN,7,68,0.10294117647058823
RI,2023-02-01,Non-Profit,RN,7,174,0.040229885057471264
RI,2023-03-01,For-Profit,CNA,242,2885,0.08388214904679377
RI,2023-03-01,For-Profit,LPN,43,613,0.0701468189233279
RI,2023-03-01,For-Profit,RN,53,929,0.05705059203444564
RI,2023-03-01,Non-Profit,CNA,33,552,0.059782608695652176
RI,2023-03-01,Non-Profit,LPN,7,71,0.09859154929577464
RI,2023-03-01,Non-Profit,RN,9,180,0.05
RI,2023-04-01,For-Profit,CNA,181,2884,0.06276005547850208
RI,2023-04-01,For-Profit,LPN,48,638,0.07523510971786834
RI,2023-04-01,For-Profit,RN,44,956,0.04602510460251046
RI,2023-04-01,Non-Profit,CNA,28,564,0.04964539007092199
RI,2023-04-01,Non-Profit,LPN,6,77,0.07792207792207792
RI,2023-04-01,Non-Profit,RN,11,192,0.057291666666666664
RI,2023-05-01,For-Profit,CNA,184,2994,0.0614562458249833
RI,2023-05-01,For-Profit,LPN,41,634,0.06466876971608833
RI,2023-05-01,For-Profit,RN,54,963,0.056074766355140186
RI,2023-05-01,Non-Profit,CNA,36,576,0.0625
RI,2023-05-01,Non-Profit,LPN,2,78,0.02564102564102564
RI,2023-05-01,Non-Profit,RN,7,182,0.038461538461538464
RI,2023-06-01,For-Profit,CNA,333,3070,0.10846905537459284
RI,2023-06-01,For-Profit,LPN,61,641,0.09516380655226209
RI,2023-06-01,For-Profit,RN,74,961,0.07700312174817898
RI,2023-06-01,Non-Profit,CNA,34,559,0.06082289803220036
RI,2023-06-01,Non-Profit,LPN,8,85,0.09411764705882353
RI,2023-06-01,Non-Profit,RN,7,179,0.03910614525139665
RI,2023-07-01,For-Profit,CNA,208,2984,0.06970509383378017
RI,2023-07-01,For-Profit,LPN,37,622,0.0594855305466238
RI,2023-07-01,For-Profit,RN,66,928,0.07112068965517242
RI,2023-07-01,Non-Profit,CNA,39,576,0.06770833333333333
RI,2023-07-01,Non-Profit,LPN,11,86,0.12790697674418605
RI,2023-07-01,Non-Profit,RN,11,192,0.057291666666666664
RI,2023-08-01,For-Profit,CNA,244,2996,0.0814419225634179
RI,2023-08-01,For-Profit,LPN,47,613,0.0766721044045677
RI,2023-08-01,For-Profit,RN,64,940,0.06808510638297872
RI,2023-08-01,Non-Profit,CNA,30,569,0.05272407732864675
RI,2023-08-01,Non-Profit,LPN,5,82,0.06097560975609756
RI,2023-08-01,Non-Profit,RN,10,190,0.05263157894736842
RI,2023-09-01,For-Profit,CNA,249,2863,0.08697170799860286
RI,2023-09-01,For-Profit,LPN,39,596,0.06543624161073826
RI,2023-09-01,For-Profit,RN,68,911,0.07464324917672886
RI,2023-09-01,Non-Profit,CNA,32,565,0.05663716814159292
RI,2023-09-01,Non-Profit,LPN,2,83,0.024096385542168676
RI,2023-09-01,Non-Profit,RN,11,194,0.05670103092783505
RI,2023-10-01,For-Profit,CNA,220,3129,0.07031000319590924
RI,2023-10-01,For-Profit,LPN,52,650,0.08
RI,2023-10-01,For-Profit,RN,57,918,0.06209150326797386
RI,2023-10-01,Non-Profit,CNA,32,571,0.05604203152364273
RI,2023-10-01,Non-Profit,LPN,4,85,0.047058823529411764
RI,2023-10-01,Non-Profit,RN,8,194,0.041237113402061855
RI,2023-11-01,For-Profit,CNA,167,3054,0.05468238375900458
RI,2023-11-01,For-Profit,LPN,35,650,0.05384615384615385
RI,2023-11-01,For-Profit,RN,55,915,0.060109289617486336
RI,2023-11-01,Non-Profit,CNA,27,565,0.047787610619469026
RI,2023-11-01,Non-Profit,LPN,5,86,0.05813953488372093
RI,2023-11-01,Non-Profit,RN,10,195,0.05128205128205128
RI,2023-12-01,For-Profit,CNA,251,3134,0.08008934269304403
RI,2023-12-01,For-Profit,LPN,46,660,0.0696969696969697
RI,2023-12-01,For-Profit,RN,58,935,0.06203208556149733
RI,2023-12-01,Non-Profit,CNA,32,577,0.05545927209705372
RI,2023-12-01,Non-Profit,LPN,3,85,0.03529411764705882
RI,2023-12-01,Non-Profit,RN,9,192,0.046875
RI,2024-01-01,For-Profit,CNA,245,3158,0.07758074730842306
RI,2024-01-01,For-Profit,LPN,60,668,0.08982035928143713
RI,2024-01-01,For-Profit,RN,53,947,0.0559662090813094
RI,2024-01-01,Non-Profit,CNA,38,596,0.06375838926174497
RI,2024-01-01,Non-Profit,LPN,8,90,0.08888888888888889
RI,2024-01-01,Non-Profit,RN,7,192,0.036458333333333336
RI,2024-02-01,For-Profit,CNA,206,3189,0.06459705236751333
RI,2024-02-01,For-Profit,LPN,52,697,0.0746054519368723
RI,2024-02-01,For-Profit,RN,52,974,0.053388090349075976
RI,2024-02-01,Non-Profit,CNA,34,571,0.0595446584938704
RI,2024-02-01,Non-Profit,LPN,8,87,0.09195402298850575
RI,2024-02-01,Non-Profit,RN,6,191,0.031413612565445025
RI,2024-03-01,For-Profit,CNA,225,3194,0.0704445835942392
RI,2024-03-01,For-Profit,LPN,71,694,0.10230547550432277
RI,2024-03-01,For-Profit,RN,76,992,0.07661290322580645
RI,2024-03-01,Non-Profit,CNA,30,561,0.053475935828877004
RI,2024-03-01,Non-Profit,LPN,7,82,0.08536585365853659
RI,2024-03-01,Non-Profit,RN,8,195,0.041025641025641026
RI,2024-04-01,For-Profit,CNA,217,3203,0.06774898532625663
RI,2024-04-01,For-Profit,LPN,46,694,0.06628242074927954
RI,2024-04-01,For-Profit,RN,69,992,0.06955645161290322
RI,2024-04-01,Non-Profit,CNA,27,558,0.04838709677419355
RI,2024-04-01,Non-Profit,LPN,4,77,0.05194805194805195
RI,2024-04-01,Non-Profit,RN,10,186,0.053763440860215055
RI,2024-05-01,For-Profit,CNA,225,3226,0.06974581525108493
RI,2024-05-01,For-Profit,LPN,41,684,0.059941520467836254
RI,2024-05-01,For-Profit,RN,67,996,0.06726907630522089
RI,2024-05-01,Non-Profit,CNA,34,573,0.059336823734729496
RI,2024-05-01,Non-Profit,LPN,5,78,0.0641025641025641
RI,2024-05-01,Non-Profit,RN,7,182,0.038461538461538464
RI,2024-06-01,For-Profit,CNA,243,3250,0.07476923076923077
RI,2024-06-01,For-Profit,LPN,56,701,0.07988587731811697
RI,2024-06-01,For-Profit,RN,72,985,0.07309644670050762
RI,2024-06-01,Non-Profit,CNA,36,573,0.06282722513089005
RI,2024-06-01,Non-Profit,LPN,8,79,0.10126582278481013
RI,2024-06-01,Non-Profit,RN,6,185,0.032432432432432434
RI,2024-07-01,For-Profit,CNA,182,3208,0.05673316708229426
RI,2024-07-01,For-Profit,LPN,41,694,0.059077809798270896
RI,2024-07-01,For-Profit,RN,60,996,0.060240963855421686
RI,2024-07-01,Non-Profit,CNA,39,603,0.06467661691542288
RI,2024-07-01,Non-Profit,LPN,4,76,0.05263157894736842
RI,2024-07-01,Non-Profit,RN,8,200,0.04
RI,2024-08-01,For-Profit,CNA,228,3225,0.07069767441860465
RI,2024-08-01,For-Profit,LPN,49,707,0.06930693069306931
RI,2024-08-01,For-Profit,RN,45,968,0.04648760330578512
RI,2024-08-01,Non-Profit,CNA,36,595,0.06050420168067227
RI,2024-08-01,Non-Profit,LPN,1,74,0.013513513513513514
RI,2024-08-01,Non-Profit,RN,8,201,0.03980099502487562
RI,2024-09-01,For-Profit,CNA,238,3184,0.07474874371859297
RI,2024-09-01,For-Profit,LPN,47,722,0.06509695290858726
RI,2024-09-01,For-Profit,RN,57,969,0.058823529411764705
RI,2024-09-01,Non-Profit,CNA,40,598,0.06688963210702341
RI,2024-09-01,Non-Profit,LPN,6,84,0.07142857142857142
RI,2024-09-01,Non-Profit,RN,12,197,0.06091370558375635
RI,2024-10-01,For-Profit,CNA,184,3216,0.05721393034825871
RI,2024-10-01,For-Profit,LPN,40,723,0.05532503457814661
RI,2024-10-01,For-Profit,RN,50,975,0.05128205128205128
RI,2024-10-01,Non-Profit,CNA,28,550,0.05090909090909091
RI,2024-10-01,Non-Profit,LPN,4,76,0.05263157894736842
RI,2024-10-01,Non-Profit,RN,16,186,0.08602150537634409
RI,2024-11-01,For-Profit,CNA,202,3217,0.06279142057817842
RI,2024-11-01,For-Profit,LPN,43,710,0.06056338028169014
RI,2024-11-01,For-Profit,RN,48,957,0.050156739811912224
RI,2024-11-01,Non-Profit,CNA,35,553,0.06329113924050633
RI,2024-11-01,Non-Profit,LPN,6,71,0.08450704225352113
RI,2024-11-01,Non-Profit,RN,14,180,0.07777777777777778
RI,2024-12-01,For-Profit,CNA,206,3206,0.06425452276980662
RI,2024-12-01,For-Profit,LPN,54,707,0.07637906647807638
RI,2024-12-01,For-Profit,RN,70,960,0.07291666666666667
RI,2024-12-01,Non-Profit,CNA,27,608,0.044407894736842105
RI,2024-12-01,Non-Profit,LPN,1,77,0.012987012987012988
RI,2024-12-01,Non-Profit,RN,11,193,0.05699481865284974
RI,2025-01-01,For-Profit,CNA,203,3202,0.06339787632729545
RI,2025-01-01,For-Profit,LPN,46,703,0.06543385490753911
RI,2025-01-01,For-Profit,RN,49,938,0.05223880597014925
RI,2025-01-01,Non-Profit,CNA,19,546,0.0347985347985348
RI,2025-01-01,Non-Profit,LPN,3,72,0.041666666666666664
RI,2025-01-01,Non-Profit,RN,6,172,0.03488372093023256
RI,2025-02-01,For-Profit,CNA,153,3140,0.04872611464968153
RI,2025-02-01,For-Profit,LPN,45,698,0.06446991404011461
RI,2025-02-01,For-Profit,RN,49,931,0.05263157894736842
RI,2025-02-01,Non-Profit,CNA,20,532,0.03759398496240601
RI,2025-02-01,Non-Profit,LPN,3,69,0.043478260869565216
RI,2025-02-01,Non-Profit,RN,4,172,0.023255813953488372
RI,2025-03-01,For-Profit,CNA,159,3188,0.04987452948557089
RI,2025-03-01,For-Profit,LPN,42,706,0.059490084985835696
RI,2025-03-01,For-Profit,RN,50,940,0.05319148936170213
RI,2025-03-01,Non-Profit,CNA,92,541,0.17005545286506468
RI,2025-03-01,Non-Profit,LPN,17,66,0.25757575757575757
RI,2025-03-01,Non-Profit,RN,27,176,0.1534090909090909
SC,2022-10-01,For-Profit,CNA,823,6455,0.12749806351665377
SC,2022-10-01,For-Profit,LPN,300,2893,0.10369858278603526
SC,2022-10-01,For-Profit,RN,171,1534,0.11147327249022164
SC,2022-10-01,Government,CNA,17,471,0.036093418259023353
SC,2022-10-01,Government,LPN,5,156,0.03205128205128205
SC,2022-10-01,Government,RN,5,164,0.03048780487804878
SC,2022-10-01,Non-Profit,CNA,70,735,0.09523809523809523
SC,2022-10-01,Non-Profit,LPN,13,300,0.043333333333333335
SC,2022-10-01,Non-Profit,RN,15,210,0.07142857142857142
SC,2022-11-01,For-Profit,CNA,738,6353,0.11616559105934204
SC,2022-11-01,For-Profit,LPN,340,2978,0.11417058428475486
SC,2022-11-01,For-Profit,RN,168,1525,0.11016393442622952
SC,2022-11-01,Government,CNA,13,469,0.02771855010660981
SC,2022-11-01,Government,LPN,2,148,0.013513513513513514
SC,2022-11-01,Government,RN,6,164,0.036585365853658534
SC,2022-11-01,Non-Profit,CNA,54,706,0.0764872521246459
SC,2022-11-01,Non-Profit,LPN,18,309,0.05825242718446602
SC,2022-11-01,Non-Profit,RN,14,197,0.07106598984771574
SC,2022-12-01,For-Profit,CNA,1392,6922,0.20109794856977753
SC,2022-12-01,For-Profit,LPN,708,3247,0.21804742839544194
SC,2022-12-01,For-Profit,RN,306,1642,0.18635809987819732
SC,2022-12-01,Government,CNA,36,474,0.0759493670886076
SC,2022-12-01,Government,LPN,4,159,0.025157232704402517
SC,2022-12-01,Government,RN,6,166,0.03614457831325301
SC,2022-12-01,Non-Profit,CNA,45,694,0.06484149855907781
SC,2022-12-01,Non-Profit,LPN,18,307,0.05863192182410423
SC,2022-12-01,Non-Profit,RN,12,190,0.06315789473684211
SC,2023-01-01,For-Profit,CNA,686,6401,0.1071707545695985
SC,2023-01-01,For-Profit,LPN,261,2901,0.08996897621509824
SC,2023-01-01,For-Profit,RN,132,1506,0.08764940239043825
SC,2023-01-01,Government,CNA,14,471,0.029723991507430998
SC,2023-01-01,Government,LPN,5,164,0.03048780487804878
SC,2023-01-01,Government,RN,7,190,0.03684210526315789
SC,2023-01-01,Non-Profit,CNA,63,779,0.08087291399229782
SC,2023-01-01,Non-Profit,LPN,31,333,0.09309309309309309
SC,2023-01-01,Non-Profit,RN,16,234,0.06837606837606838
SC,2023-02-01,For-Profit,CNA,637,6321,0.10077519379844961
SC,2023-02-01,For-Profit,LPN,252,2890,0.08719723183391004
SC,2023-02-01,For-Profit,RN,118,1467,0.08043626448534424
SC,2023-02-01,Government,CNA,11,474,0.023206751054852322
SC,2023-02-01,Government,LPN,4,170,0.023529411764705882
SC,2023-02-01,Government,RN,5,193,0.025906735751295335
SC,2023-02-01,Non-Profit,CNA,59,803,0.07347447073474471
SC,2023-02-01,Non-Profit,LPN,19,325,0.05846153846153846
SC,2023-02-01,Non-Profit,RN,11,231,0.047619047619047616
SC,2023-03-01,For-Profit,CNA,833,6255,0.1331734612310152
SC,2023-03-01,For-Profit,LPN,358,2890,0.12387543252595155
SC,2023-03-01,For-Profit,RN,162,1499,0.10807204803202135
SC,2023-03-01,Government,CNA,32,501,0.06387225548902195
SC,2023-03-01,Government,LPN,16,174,0.09195402298850575
SC,2023-03-01,Government,RN,10,190,0.05263157894736842
SC,2023-03-01,Non-Profit,CNA,62,815,0.07607361963190185
SC,2023-03-01,Non-Profit,LPN,36,333,0.10810810810810811
SC,2023-03-01,Non-Profit,RN,14,221,0.06334841628959276
SC,2023-04-01,For-Profit,CNA,657,6308,0.10415345592897908
SC,2023-04-01,For-Profit,LPN,268,2851,0.09400210452472817
SC,2023-04-01,For-Profit,RN,120,1479,0.08113590263691683
SC,2023-04-01,Government,CNA,24,509,0.047151277013752456
SC,2023-04-01,Government,LPN,6,172,0.03488372093023256
SC,2023-04-01,Government,RN,8,193,0.04145077720207254
SC,2023-04-01,Non-Profit,CNA,57,805,0.07080745341614907
SC,2023-04-01,Non-Profit,LPN,17,311,0.05466237942122187
SC,2023-04-01,Non-Profit,RN,4,213,0.018779342723004695
SC,2023-05-01,For-Profit,CNA,723,6389,0.11316324933479417
SC,2023-05-01,For-Profit,LPN,240,2811,0.08537886872998933
SC,2023-05-01,For-Profit,RN,148,1501,0.09860093271152565
SC,2023-05-01,Government,CNA,18,529,0.034026465028355386
SC,2023-05-01,Government,LPN,7,174,0.040229885057471264
SC,2023-05-01,Government,RN,5,188,0.026595744680851064
SC,2023-05-01,Non-Profit,CNA,58,812,0.07142857142857142
SC,2023-05-01,Non-Profit,LPN,17,306,0.05555555555555555
SC,2023-05-01,Non-Profit,RN,11,223,0.04932735426008968
SC,2023-06-01,For-Profit,CNA,754,6528,0.11550245098039216
SC,2023-06-01,For-Profit,LPN,302,2837,0.10645047585477617
SC,2023-06-01,For-Profit,RN,133,1489,0.0893216924110141
SC,2023-06-01,Government,CNA,31,558,0.05555555555555555
SC,2023-06-01,Government,LPN,7,176,0.03977272727272727
SC,2023-06-01,Government,RN,11,191,0.05759162303664921
SC,2023-06-01,Non-Profit,CNA,66,788,0.08375634517766498
SC,2023-06-01,Non-Profit,LPN,17,316,0.05379746835443038
SC,2023-06-01,Non-Profit,RN,12,224,0.05357142857142857
SC,2023-07-01,For-Profit,CNA,757,6712,0.11278307508939213
SC,2023-07-01,For-Profit,LPN,287,2973,0.09653548604103598
SC,2023-07-01,For-Profit,RN,118,1544,0.07642487046632124
SC,2023-07-01,Government,CNA,17,569,0.029876977152899824
SC,2023-07-01,Government,LPN,6,171,0.03508771929824561
SC,2023-07-01,Government,RN,4,183,0.02185792349726776
SC,2023-07-01,Non-Profit,CNA,54,792,0.06818181818181818
SC,2023-07-01,Non-Profit,LPN,21,317,0.06624605678233439
SC,2023-07-01,Non-Profit,RN,11,225,0.04888888888888889
SC,2023-08-01,For-Profit,CNA,765,6734,0.1136026136026136
SC,2023-08-01,For-Profit,LPN,261,2944,0.08865489130434782
SC,2023-08-01,For-Profit,RN,133,1533,0.0867579908675799
SC,2023-08-01,Government,CNA,24,579,0.04145077720207254
SC,2023-08-01,Government,LPN,5,180,0.027777777777777776
SC,2023-08-01,Government,RN,2,190,0.010526315789473684
SC,2023-08-01,Non-Profit,CNA,71,812,0.0874384236453202
SC,2023-08-01,Non-Profit,LPN,15,317,0.0473186119873817
SC,2023-08-01,Non-Profit,RN,11,223,0.04932735426008968
SC,2023-09-01,For-Profit,CNA,671,6618,0.10139014808099124
SC,2023-09-01,For-Profit,LPN,241,2933,0.08216842823048073
SC,2023-09-01,For-Profit,RN,117,1519,0.07702435813034891
SC,2023-09-01,Government,CNA,31,599,0.05175292153589316
SC,2023-09-01,Government,LPN,7,186,0.03763440860215054
SC,2023-09-01,Government,RN,7,198,0.03535353535353535
SC,2023-09-01,Non-Profit,CNA,71,807,0.08798017348203221
SC,2023-09-01,Non-Profit,LPN,13,311,0.04180064308681672
SC,2023-09-01,Non-Profit,RN,13,232,0.05603448275862069
SC,2023-10-01,For-Profit,CNA,604,6671,0.09054114825363514
SC,2023-10-01,For-Profit,LPN,221,2965,0.0745362563237774
SC,2023-10-01,For-Profit,RN,111,1564,0.07097186700767263
SC,2023-10-01,Government,CNA,33,634,0.052050473186119876
SC,2023-10-01,Government,LPN,6,191,0.031413612565445025
SC,2023-10-01,Government,RN,5,217,0.02304147465437788
SC,2023-10-01,Non-Profit,CNA,78,828,0.09420289855072464
SC,2023-10-01,Non-Profit,LPN,9,319,0.02821316614420063
SC,2023-10-01,Non-Profit,RN,13,238,0.0546218487394958
SC,2023-11-01,For-Profit,CNA,563,6614,0.08512246749319625
SC,2023-11-01,For-Profit,LPN,218,2928,0.0744535519125683
SC,2023-11-01,For-Profit,RN,112,1539,0.07277452891487979
SC,2023-11-01,Government,CNA,31,645,0.04806201550387597
SC,2023-11-01,Government,LPN,8,196,0.04081632653061224
SC,2023-11-01,Government,RN,8,216,0.037037037037037035
SC,2023-11-01,Non-Profit,CNA,62,858,0.07226107226107226
SC,2023-11-01,Non-Profit,LPN,15,327,0.045871559633027525
SC,2023-11-01,Non-Profit,RN,12,229,0.05240174672489083
SC,2023-12-01,For-Profit,CNA,638,6633,0.09618573797678276
SC,2023-12-01,For-Profit,LPN,262,2920,0.08972602739726028
SC,2023-12-01,For-Profit,RN,113,1546,0.07309184993531695
SC,2023-12-01,Government,CNA,61,628,0.09713375796178345
SC,2023-12-01,Government,LPN,8,200,0.04
SC,2023-12-01,Government,RN,10,214,0.04672897196261682
SC,2023-12-01,Non-Profit,CNA,107,857,0.12485414235705951
SC,2023-12-01,Non-Profit,LPN,31,337,0.09198813056379822
SC,2023-12-01,Non-Profit,RN,13,221,0.058823529411764705
SC,2024-01-01,For-Profit,CNA,573,6580,0.08708206686930091
SC,2024-01-01,For-Profit,LPN,179,2886,0.062023562023562025
SC,2024-01-01,For-Profit,RN,105,1555,0.06752411575562701
SC,2024-01-01,Government,CNA,21,593,0.03541315345699832
SC,2024-01-01,Government,LPN,12,202,0.0594059405940594
SC,2024-01-01,Government,RN,9,219,0.0410958904109589
SC,2024-01-01,Non-Profit,CNA,61,847,0.07201889020070838
SC,2024-01-01,Non-Profit,LPN,17,328,0.051829268292682924
SC,2024-01-01,Non-Profit,RN,13,243,0.053497942386831275
SC,2024-02-01,For-Profit,CNA,502,6440,0.07795031055900621
SC,2024-02-01,For-Profit,LPN,169,2853,0.05923589204346302
SC,2024-02-01,For-Profit,RN,101,1521,0.06640368178829717
SC,2024-02-01,Government,CNA,25,591,0.04230118443316413
SC,2024-02-01,Government,LPN,13,200,0.065
SC,2024-02-01,Government,RN,11,219,0.0502283105022831
SC,2024-02-01,Non-Profit,CNA,68,875,0.07771428571428571
SC,2024-02-01,Non-Profit,LPN,14,325,0.043076923076923075
SC,2024-02-01,Non-Profit,RN,25,245,0.10204081632653061
SC,2024-03-01,For-Profit,CNA,593,6522,0.09092302974547685
SC,2024-03-01,For-Profit,LPN,195,2866,0.0680390788555478
SC,2024-03-01,For-Profit,RN,123,1563,0.07869481765834933
SC,2024-03-01,Government,CNA,31,596,0.05201342281879195
SC,2024-03-01,Government,LPN,12,206,0.05825242718446602
SC,2024-03-01,Government,RN,10,215,0.046511627906976744
SC,2024-03-01,Non-Profit,CNA,100,889,0.1124859392575928
SC,2024-03-01,Non-Profit,LPN,32,341,0.093841642228739
SC,2024-03-01,Non-Profit,RN,28,242,0.11570247933884298
SC,2024-04-01,For-Profit,CNA,460,6487,0.07091105287498073
SC,2024-04-01,For-Profit,LPN,157,2864,0.054818435754189945
SC,2024-04-01,For-Profit,RN,95,1541,0.06164828033744322
SC,2024-04-01,Government,CNA,24,598,0.04013377926421405
SC,2024-04-01,Government,LPN,4,199,0.020100502512562814
SC,2024-04-01,Government,RN,8,219,0.0365296803652968
SC,2024-04-01,Non-Profit,CNA,61,847,0.07201889020070838
SC,2024-04-01,Non-Profit,LPN,27,359,0.07520891364902507
SC,2024-04-01,Non-Profit,RN,13,223,0.05829596412556054
SC,2024-05-01,For-Profit,CNA,545,6629,0.08221451199275909
SC,2024-05-01,For-Profit,LPN,217,2880,0.07534722222222222
SC,2024-05-01,For-Profit,RN,96,1550,0.06193548387096774
SC,2024-05-01,Government,CNA,36,615,0.05853658536585366
SC,2024-05-01,Government,LPN,13,216,0.06018518518518518
SC,2024-05-01,Government,RN,5,211,0.023696682464454975
SC,2024-05-01,Non-Profit,CNA,63,867,0.0726643598615917
SC,2024-05-01,Non-Profit,LPN,27,350,0.07714285714285714
SC,2024-05-01,Non-Profit,RN,11,226,0.048672566371681415
SC,2024-06-01,For-Profit,CNA,563,6709,0.08391712624832315
SC,2024-06-01,For-Profit,LPN,209,2864,0.07297486033519553
SC,2024-06-01,For-Profit,RN,100,1558,0.06418485237483953
SC,2024-06-01,Government,CNA,38,617,0.06158833063209076
SC,2024-06-01,Government,LPN,15,213,0.07042253521126761
SC,2024-06-01,Government,RN,13,206,0.06310679611650485
SC,2024-06-01,Non-Profit,CNA,67,869,0.07710011507479862
SC,2024-06-01,Non-Profit,LPN,21,346,0.06069364161849711
SC,2024-06-01,Non-Profit,RN,11,224,0.049107142857142856
SC,2024-07-01,For-Profit,CNA,542,6791,0.07981151524075983
SC,2024-07-01,For-Profit,LPN,169,2865,0.05898778359511344
SC,2024-07-01,For-Profit,RN,97,1580,0.06139240506329114
SC,2024-07-01,Government,CNA,29,622,0.04662379421221865
SC,2024-07-01,Government,LPN,9,202,0.04455445544554455
SC,2024-07-01,Government,RN,5,212,0.02358490566037736
SC,2024-07-01,Non-Profit,CNA,72,880,0.08181818181818182
SC,2024-07-01,Non-Profit,LPN,18,353,0.05099150141643059
SC,2024-07-01,Non-Profit,RN,14,243,0.05761316872427984
SC,2024-08-01,For-Profit,CNA,605,6835,0.08851499634235552
SC,2024-08-01,For-Profit,LPN,211,2938,0.07181756296800544
SC,2024-08-01,For-Profit,RN,114,1615,0.07058823529411765
SC,2024-08-01,Government,CNA,38,644,0.059006211180124224
SC,2024-08-01,Government,LPN,6,200,0.03
SC,2024-08-01,Government,RN,7,215,0.03255813953488372
SC,2024-08-01,Non-Profit,CNA,85,896,0.09486607142857142
SC,2024-08-01,Non-Profit,LPN,25,349,0.07163323782234957
SC,2024-08-01,Non-Profit,RN,20,248,0.08064516129032258
SC,2024-09-01,For-Profit,CNA,604,6665,0.09062265566391597
SC,2024-09-01,For-Profit,LPN,222,2882,0.07702984038861901
SC,2024-09-01,For-Profit,RN,117,1595,0.07335423197492164
SC,2024-09-01,Government,CNA,37,630,0.05873015873015873
SC,2024-09-01,Government,LPN,7,204,0.03431372549019608
SC,2024-09-01,Government,RN,15,219,0.0684931506849315
SC,2024-09-01,Non-Profit,CNA,122,904,0.13495575221238937
SC,2024-09-01,Non-Profit,LPN,38,359,0.10584958217270195
SC,2024-09-01,Non-Profit,RN,23,254,0.09055118110236221
SC,2024-10-01,For-Profit,CNA,576,6722,0.08568878310026777
SC,2024-10-01,For-Profit,LPN,189,2910,0.06494845360824743
SC,2024-10-01,For-Profit,RN,102,1611,0.0633147113594041
SC,2024-10-01,Government,CNA,29,626,0.0463258785942492
SC,2024-10-01,Government,LPN,3,206,0.014563106796116505
SC,2024-10-01,Government,RN,3,214,0.014018691588785047
SC,2024-10-01,Non-Profit,CNA,71,868,0.08179723502304148
SC,2024-10-01,Non-Profit,LPN,17,357,0.047619047619047616
SC,2024-10-01,Non-Profit,RN,18,246,0.07317073170731707
SC,2024-11-01,For-Profit,CNA,481,6603,0.07284567620778434
SC,2024-11-01,For-Profit,LPN,166,2896,0.057320441988950276
SC,2024-11-01,For-Profit,RN,91,1612,0.056451612903225805
SC,2024-11-01,Government,CNA,23,615,0.03739837398373984
SC,2024-11-01,Government,LPN,9,211,0.04265402843601896
SC,2024-11-01,Government,RN,2,216,0.009259259259259259
SC,2024-11-01,Non-Profit,CNA,53,866,0.061200923787528866
SC,2024-11-01,Non-Profit,LPN,20,380,0.05263157894736842
SC,2024-11-01,Non-Profit,RN,16,247,0.06477732793522267
SC,2024-12-01,For-Profit,CNA,568,6506,0.08730402705195205
SC,2024-12-01,For-Profit,LPN,207,2897,0.07145322747670003
SC,2024-12-01,For-Profit,RN,106,1594,0.06649937264742785
SC,2024-12-01,Government,CNA,31,624,0.049679487179487176
SC,2024-12-01,Government,LPN,10,209,0.04784688995215311
SC,2024-12-01,Government,RN,4,216,0.018518518518518517
SC,2024-12-01,Non-Profit,CNA,239,862,0.27726218097447797
SC,2024-12-01,Non-Profit,LPN,79,377,0.20954907161803712
SC,2024-12-01,Non-Profit,RN,54,241,0.22406639004149378
SC,2025-01-01,For-Profit,CNA,483,6501,0.074296262113521
SC,2025-01-01,For-Profit,LPN,165,2894,0.057014512785072566
SC,2025-01-01,For-Profit,RN,105,1642,0.06394640682095006
SC,2025-01-01,Government,CNA,37,636,0.05817610062893082
SC,2025-01-01,Government,LPN,9,202,0.04455445544554455
SC,2025-01-01,Government,RN,4,216,0.018518518518518517
SC,2025-01-01,Non-Profit,CNA,51,838,0.060859188544152745
SC,2025-01-01,Non-Profit,LPN,27,369,0.07317073170731707
SC,2025-01-01,Non-Profit,RN,18,246,0.07317073170731707
SC,2025-02-01,For-Profit,CNA,457,6461,0.07073208481659186
SC,2025-02-01,For-Profit,LPN,173,2879,0.06009030913511636
SC,2025-02-01,For-Profit,RN,104,1630,0.0638036809815951
SC,2025-02-01,Government,CNA,23,607,0.03789126853377265
SC,2025-02-01,Government,LPN,7,201,0.03482587064676617
SC,2025-02-01,Government,RN,3,210,0.014285714285714285
SC,2025-02-01,Non-Profit,CNA,39,843,0.046263345195729534
SC,2025-02-01,Non-Profit,LPN,27,368,0.07336956521739131
SC,2025-02-01,Non-Profit,RN,13,245,0.053061224489795916
SC,2025-03-01,For-Profit,CNA,697,6618,0.10531882744031429
SC,2025-03-01,For-Profit,LPN,280,2974,0.0941492938802959
SC,2025-03-01,For-Profit,RN,148,1669,0.08867585380467345
SC,2025-03-01,Government,CNA,34,605,0.05619834710743802
SC,2025-03-01,Government,LPN,12,214,0.056074766355140186
SC,2025-03-01,Government,RN,16,220,0.07272727272727272
SC,2025-03-01,Non-Profit,CNA,74,868,0.08525345622119816
SC,2025-03-01,Non-Profit,LPN,28,377,0.07427055702917772
SC,2025-03-01,Non-Profit,RN,15,251,0.05976095617529881
SD,2022-10-01,For-Profit,CNA,56,649,0.08628659476117104
SD,2022-10-01,For-Profit,LPN,11,140,0.07857142857142857
SD,2022-10-01,For-Profit,RN,8,222,0.036036036036036036
SD,2022-10-01,Government,CNA,8,182,0.04395604395604396
SD,2022-10-01,Government,LPN,3,21,0.14285714285714285
SD,2022-10-01,Government,RN,4,64,0.0625
SD,2022-10-01,Non-Profit,CNA,104,1794,0.057971014492753624
SD,2022-10-01,Non-Profit,LPN,20,275,0.07272727272727272
SD,2022-10-01,Non-Profit,RN,23,557,0.04129263913824058
SD,2022-11-01,For-Profit,CNA,49,681,0.07195301027900147
SD,2022-11-01,For-Profit,LPN,8,142,0.056338028169014086
SD,2022-11-01,For-Profit,RN,11,217,0.05069124423963134
SD,2022-11-01,Government,CNA,15,186,0.08064516129032258
SD,2022-11-01,Government,LPN,0,19,0.0
SD,2022-11-01,Government,RN,3,63,0.047619047619047616
SD,2022-11-01,Non-Profit,CNA,138,1897,0.07274644175013179
SD,2022-11-01,Non-Profit,LPN,15,279,0.053763440860215055
SD,2022-11-01,Non-Profit,RN,28,578,0.04844290657439446
SD,2022-12-01,For-Profit,CNA,58,678,0.0855457227138643
SD,2022-12-01,For-Profit,LPN,8,135,0.05925925925925926
SD,2022-12-01,For-Profit,RN,8,217,0.03686635944700461
SD,2022-12-01,Government,CNA,13,189,0.06878306878306878
SD,2022-12-01,Government,LPN,1,22,0.045454545454545456
SD,2022-12-01,Government,RN,2,61,0.03278688524590164
SD,2022-12-01,Non-Profit,CNA,163,1905,0.08556430446194226
SD,2022-12-01,Non-Profit,LPN,17,281,0.060498220640569395
SD,2022-12-01,Non-Profit,RN,24,562,0.042704626334519574
SD,2023-01-01,For-Profit,CNA,44,709,0.06205923836389281
SD,2023-01-01,For-Profit,LPN,6,138,0.043478260869565216
SD,2023-01-01,For-Profit,RN,18,228,0.07894736842105263
SD,2023-01-01,Government,CNA,9,191,0.04712041884816754
SD,2023-01-01,Government,LPN,5,24,0.20833333333333334
SD,2023-01-01,Government,RN,2,61,0.03278688524590164
SD,2023-01-01,Non-Profit,CNA,122,1913,0.06377417668583377
SD,2023-01-01,Non-Profit,LPN,11,296,0.037162162162162164
SD,2023-01-01,Non-Profit,RN,26,582,0.044673539518900345
SD,2023-02-01,For-Profit,CNA,49,712,0.06882022471910113
SD,2023-02-01,For-Profit,LPN,6,138,0.043478260869565216
SD,2023-02-01,For-Profit,RN,11,220,0.05
SD,2023-02-01,Government,CNA,11,188,0.05851063829787234
SD,2023-02-01,Government,LPN,2,19,0.10526315789473684
SD,2023-02-01,Government,RN,1,59,0.01694915254237288
SD,2023-02-01,Non-Profit,CNA,121,1828,0.0661925601750547
SD,2023-02-01,Non-Profit,LPN,10,301,0.03322259136212625
SD,2023-02-01,Non-Profit,RN,19,576,0.03298611111111111
SD,2023-03-01,For-Profit,CNA,54,711,0.0759493670886076
SD,2023-03-01,For-Profit,LPN,9,140,0.06428571428571428
SD,2023-03-01,For-Profit,RN,16,239,0.06694560669456066
SD,2023-03-01,Government,CNA,11,194,0.05670103092783505
SD,2023-03-01,Government,LPN,3,18,0.16666666666666666
SD,2023-03-01,Government,RN,3,63,0.047619047619047616
SD,2023-03-01,Non-Profit,CNA,140,1904,0.07352941176470588
SD,2023-03-01,Non-Profit,LPN,18,301,0.059800664451827246
SD,2023-03-01,Non-Profit,RN,29,588,0.04931972789115646
SD,2023-04-01,For-Profit,CNA,71,715,0.0993006993006993
SD,2023-04-01,For-Profit,LPN,5,137,0.0364963503649635
SD,2023-04-01,For-Profit,RN,11,236,0.046610169491525424
SD,2023-04-01,Government,CNA,14,191,0.07329842931937172
SD,2023-04-01,Government,LPN,1,18,0.05555555555555555
SD,2023-04-01,Government,RN,0,62,0.0
SD,2023-04-01,Non-Profit,CNA,148,1849,0.08004326663061113
SD,2023-04-01,Non-Profit,LPN,12,296,0.04054054054054054
SD,2023-04-01,Non-Profit,RN,30,571,0.05253940455341506
SD,2023-05-01,For-Profit,CNA,63,747,0.08433734939759036
SD,2023-05-01,For-Profit,LPN,5,145,0.034482758620689655
SD,2023-05-01,For-Profit,RN,17,237,0.07172995780590717
SD,2023-05-01,Government,CNA,16,190,0.08421052631578947
SD,2023-05-01,Government,LPN,1,19,0.05263157894736842
SD,2023-05-01,Government,RN,2,65,0.03076923076923077
SD,2023-05-01,Non-Profit,CNA,156,1936,0.08057851239669421
SD,2023-05-01,Non-Profit,LPN,26,306,0.08496732026143791
SD,2023-05-01,Non-Profit,RN,30,572,0.05244755244755245
SD,2023-06-01,For-Profit,CNA,70,753,0.09296148738379814
SD,2023-06-01,For-Profit,LPN,8,162,0.04938271604938271
SD,2023-06-01,For-Profit,RN,7,229,0.03056768558951965
SD,2023-06-01,Government,CNA,9,189,0.047619047619047616
SD,2023-06-01,Government,LPN,0,19,0.0
SD,2023-06-01,Government,RN,3,68,0.04411764705882353
SD,2023-06-01,Non-Profit,CNA,154,1914,0.08045977011494253
SD,2023-06-01,Non-Profit,LPN,18,289,0.06228373702422145
SD,2023-06-01,Non-Profit,RN,35,571,0.06129597197898424
SD,2023-07-01,For-Profit,CNA,68,800,0.085
SD,2023-07-01,For-Profit,LPN,4,162,0.024691358024691357
SD,2023-07-01,For-Profit,RN,9,238,0.037815126050420166
SD,2023-07-01,Government,CNA,9,191,0.04712041884816754
SD,2023-07-01,Government,LPN,4,21,0.19047619047619047
SD,2023-07-01,Government,RN,2,66,0.030303030303030304
SD,2023-07-01,Non-Profit,CNA,149,1905,0.07821522309711286
SD,2023-07-01,Non-Profit,LPN,22,291,0.07560137457044673
SD,2023-07-01,Non-Profit,RN,21,558,0.03763440860215054
SD,2023-08-01,For-Profit,CNA,70,808,0.08663366336633663
SD,2023-08-01,For-Profit,LPN,13,166,0.0783132530120482
SD,2023-08-01,For-Profit,RN,9,236,0.038135593220338986
SD,2023-08-01,Government,CNA,17,202,0.08415841584158416
SD,2023-08-01,Government,LPN,1,17,0.058823529411764705
SD,2023-08-01,Government,RN,0,64,0.0
SD,2023-08-01,Non-Profit,CNA,187,1912,0.09780334728033473
SD,2023-08-01,Non-Profit,LPN,31,295,0.10508474576271186
SD,2023-08-01,Non-Profit,RN,25,558,0.044802867383512544
SD,2023-09-01,For-Profit,CNA,66,772,0.08549222797927461
SD,2023-09-01,For-Profit,LPN,7,164,0.042682926829268296
SD,2023-09-01,For-Profit,RN,15,244,0.06147540983606557
SD,2023-09-01,Government,CNA,11,187,0.058823529411764705
SD,2023-09-01,Government,LPN,0,18,0.0
SD,2023-09-01,Government,RN,1,66,0.015151515151515152
SD,2023-09-01,Non-Profit,CNA,141,1797,0.07846410684474124
SD,2023-09-01,Non-Profit,LPN,27,293,0.09215017064846416
SD,2023-09-01,Non-Profit,RN,27,569,0.04745166959578207
SD,2023-10-01,For-Profit,CNA,55,790,0.06962025316455696
SD,2023-10-01,For-Profit,LPN,4,162,0.024691358024691357
SD,2023-10-01,For-Profit,RN,10,235,0.0425531914893617
SD,2023-10-01,Government,CNA,14,190,0.07368421052631578
SD,2023-10-01,Government,LPN,0,18,0.0
SD,2023-10-01,Government,RN,4,67,0.05970149253731343
SD,2023-10-01,Non-Profit,CNA,135,1837,0.07348938486663037
SD,2023-10-01,Non-Profit,LPN,23,301,0.07641196013289037
SD,2023-10-01,Non-Profit,RN,26,602,0.04318936877076412
SD,2023-11-01,For-Profit,CNA,57,792,0.07196969696969698
SD,2023-11-01,For-Profit,LPN,8,163,0.049079754601226995
SD,2023-11-01,For-Profit,RN,5,232,0.021551724137931036
SD,2023-11-01,Government,CNA,8,192,0.041666666666666664
SD,2023-11-01,Government,LPN,2,19,0.10526315789473684
SD,2023-11-01,Government,RN,4,64,0.0625
SD,2023-11-01,Non-Profit,CNA,129,1879,0.06865353911655135
SD,2023-11-01,Non-Profit,LPN,15,292,0.05136986301369863
SD,2023-11-01,Non-Profit,RN,29,604,0.048013245033112585
SD,2023-12-01,For-Profit,CNA,55,810,0.06790123456790123
SD,2023-12-01,For-Profit,LPN,5,161,0.031055900621118012
SD,2023-12-01,For-Profit,RN,16,239,0.06694560669456066
SD,2023-12-01,Government,CNA,7,189,0.037037037037037035
SD,2023-12-01,Government,LPN,4,18,0.2222222222222222
SD,2023-12-01,Government,RN,4,59,0.06779661016949153
SD,2023-12-01,Non-Profit,CNA,201,1938,0.10371517027863777
SD,2023-12-01,Non-Profit,LPN,33,312,0.10576923076923077
SD,2023-12-01,Non-Profit,RN,39,595,0.06554621848739496
SD,2024-01-01,For-Profit,CNA,54,848,0.06367924528301887
SD,2024-01-01,For-Profit,LPN,9,163,0.05521472392638037
SD,2024-01-01,For-Profit,RN,17,239,0.07112970711297072
SD,2024-01-01,Government,CNA,8,189,0.042328042328042326
SD,2024-01-01,Government,LPN,0,16,0.0
SD,2024-01-01,Government,RN,4,65,0.06153846153846154
SD,2024-01-01,Non-Profit,CNA,147,1958,0.07507660878447395
SD,2024-01-01,Non-Profit,LPN,20,307,0.06514657980456026
SD,2024-01-01,Non-Profit,RN,22,571,0.03852889667250438
SD,2024-02-01,For-Profit,CNA,66,842,0.07838479809976247
SD,2024-02-01,For-Profit,LPN,8,161,0.049689440993788817
SD,2024-02-01,For-Profit,RN,13,239,0.05439330543933055
SD,2024-02-01,Government,CNA,7,186,0.03763440860215054
SD,2024-02-01,Government,LPN,0,18,0.0
SD,2024-02-01,Government,RN,4,63,0.06349206349206349
SD,2024-02-01,Non-Profit,CNA,112,1923,0.058242329693187725
SD,2024-02-01,Non-Profit,LPN,29,309,0.09385113268608414
SD,2024-02-01,Non-Profit,RN,17,576,0.029513888888888888
SD,2024-03-01,For-Profit,CNA,66,834,0.07913669064748201
SD,2024-03-01,For-Profit,LPN,10,158,0.06329113924050633
SD,2024-03-01,For-Profit,RN,15,232,0.06465517241379311
SD,2024-03-01,Government,CNA,8,191,0.041884816753926704
SD,2024-03-01,Government,LPN,2,19,0.10526315789473684
SD,2024-03-01,Government,RN,1,60,0.016666666666666666
SD,2024-03-01,Non-Profit,CNA,123,1947,0.06317411402157165
SD,2024-03-01,Non-Profit,LPN,28,308,0.09090909090909091
SD,2024-03-01,Non-Profit,RN,21,575,0.036521739130434785
SD,2024-04-01,For-Profit,CNA,61,829,0.0735826296743064
SD,2024-04-01,For-Profit,LPN,10,155,0.06451612903225806
SD,2024-04-01,For-Profit,RN,12,227,0.05286343612334802
SD,2024-04-01,Government,CNA,13,187,0.06951871657754011
SD,2024-04-01,Government,LPN,2,19,0.10526315789473684
SD,2024-04-01,Government,RN,4,64,0.0625
SD,2024-04-01,Non-Profit,CNA,163,1953,0.08346134152585766
SD,2024-04-01,Non-Profit,LPN,22,320,0.06875
SD,2024-04-01,Non-Profit,RN,22,605,0.03636363636363636
SD,2024-05-01,For-Profit,CNA,70,852,0.08215962441314555
SD,2024-05-01,For-Profit,LPN,4,152,0.02631578947368421
SD,2024-05-01,For-Profit,RN,8,229,0.034934497816593885
SD,2024-05-01,Government,CNA,5,194,0.02577319587628866
SD,2024-05-01,Government,LPN,1,17,0.058823529411764705
SD,2024-05-01,Government,RN,1,61,0.01639344262295082
SD,2024-05-01,Non-Profit,CNA,191,2076,0.09200385356454721
SD,2024-05-01,Non-Profit,LPN,18,306,0.058823529411764705
SD,2024-05-01,Non-Profit,RN,17,595,0.02857142857142857
SD,2024-06-01,For-Profit,CNA,59,865,0.06820809248554913
SD,2024-06-01,For-Profit,LPN,11,158,0.06962025316455696
SD,2024-06-01,For-Profit,RN,8,235,0.03404255319148936
SD,2024-06-01,Government,CNA,66,192,0.34375
SD,2024-06-01,Government,LPN,1,16,0.0625
SD,2024-06-01,Government,RN,24,60,0.4
SD,2024-06-01,Non-Profit,CNA,151,2029,0.0744208969935929
SD,2024-06-01,Non-Profit,LPN,18,309,0.05825242718446602
SD,2024-06-01,Non-Profit,RN,25,596,0.04194630872483222
SD,2024-07-01,For-Profit,CNA,73,908,0.08039647577092511
SD,2024-07-01,For-Profit,LPN,11,163,0.06748466257668712
SD,2024-07-01,For-Profit,RN,16,243,0.06584362139917696
SD,2024-07-01,Government,CNA,5,132,0.03787878787878788
SD,2024-07-01,Government,LPN,0,16,0.0
SD,2024-07-01,Government,RN,2,38,0.05263157894736842
SD,2024-07-01,Non-Profit,CNA,149,2052,0.0726120857699805
SD,2024-07-01,Non-Profit,LPN,23,316,0.07278481012658228
SD,2024-07-01,Non-Profit,RN,29,615,0.04715447154471545
SD,2024-08-01,For-Profit,CNA,69,912,0.0756578947368421
SD,2024-08-01,For-Profit,LPN,11,163,0.06748466257668712
SD,2024-08-01,For-Profit,RN,10,236,0.0423728813559322
SD,2024-08-01,Government,CNA,11,139,0.07913669064748201
SD,2024-08-01,Government,LPN,1,14,0.07142857142857142
SD,2024-08-01,Government,RN,1,38,0.02631578947368421
SD,2024-08-01,Non-Profit,CNA,212,2103,0.10080836899667142
SD,2024-08-01,Non-Profit,LPN,27,320,0.084375
SD,2024-08-01,Non-Profit,RN,26,626,0.04153354632587859
SD,2024-09-01,For-Profit,CNA,67,865,0.07745664739884393
SD,2024-09-01,For-Profit,LPN,19,163,0.1165644171779141
SD,2024-09-01,For-Profit,RN,11,247,0.044534412955465584
SD,2024-09-01,Government,CNA,7,140,0.05
SD,2024-09-01,Government,LPN,0,15,0.0
SD,2024-09-01,Government,RN,1,36,0.027777777777777776
SD,2024-09-01,Non-Profit,CNA,158,1982,0.07971745711402624
SD,2024-09-01,Non-Profit,LPN,29,319,0.09090909090909091
SD,2024-09-01,Non-Profit,RN,34,629,0.05405405405405406
SD,2024-10-01,For-Profit,CNA,69,869,0.07940161104718067
SD,2024-10-01,For-Profit,LPN,5,162,0.030864197530864196
SD,2024-10-01,For-Profit,RN,10,235,0.0425531914893617
SD,2024-10-01,Government,CNA,9,150,0.06
SD,2024-10-01,Government,LPN,2,17,0.11764705882352941
SD,2024-10-01,Government,RN,3,36,0.08333333333333333
SD,2024-10-01,Non-Profit,CNA,130,1996,0.06513026052104208
SD,2024-10-01,Non-Profit,LPN,19,320,0.059375
SD,2024-10-01,Non-Profit,RN,32,638,0.050156739811912224
SD,2024-11-01,For-Profit,CNA,53,878,0.06036446469248292
SD,2024-11-01,For-Profit,LPN,8,161,0.049689440993788817
SD,2024-11-01,For-Profit,RN,10,237,0.04219409282700422
SD,2024-11-01,Government,CNA,9,142,0.06338028169014084
SD,2024-11-01,Government,LPN,1,15,0.06666666666666667
SD,2024-11-01,Government,RN,0,33,0.0
SD,2024-11-01,Non-Profit,CNA,127,2043,0.06216348507097406
SD,2024-11-01,Non-Profit,LPN,9,297,0.030303030303030304
SD,2024-11-01,Non-Profit,RN,24,625,0.0384
SD,2024-12-01,For-Profit,CNA,87,896,0.09709821428571429
SD,2024-12-01,For-Profit,LPN,12,160,0.075
SD,2024-12-01,For-Profit,RN,10,232,0.04310344827586207
SD,2024-12-01,Government,CNA,12,148,0.08108108108108109
SD,2024-12-01,Government,LPN,4,15,0.26666666666666666
SD,2024-12-01,Government,RN,1,37,0.02702702702702703
SD,2024-12-01,Non-Profit,CNA,137,2118,0.06468366383380547
SD,2024-12-01,Non-Profit,LPN,12,303,0.039603960396039604
SD,2024-12-01,Non-Profit,RN,38,628,0.06050955414012739
SD,2025-01-01,For-Profit,CNA,81,851,0.09518213866039953
SD,2025-01-01,For-Profit,LPN,11,148,0.07432432432432433
SD,2025-01-01,For-Profit,RN,5,234,0.021367521367521368
SD,2025-01-01,Government,CNA,3,113,0.02654867256637168
SD,2025-01-01,Government,LPN,0,8,0.0
SD,2025-01-01,Government,RN,2,25,0.08
SD,2025-01-01,Non-Profit,CNA,146,2093,0.06975633062589584
SD,2025-01-01,Non-Profit,LPN,23,313,0.07348242811501597
SD,2025-01-01,Non-Profit,RN,28,606,0.0462046204620462
SD,2025-02-01,For-Profit,CNA,54,828,0.06521739130434782
SD,2025-02-01,For-Profit,LPN,13,152,0.08552631578947369
SD,2025-02-01,For-Profit,RN,10,241,0.04149377593360996
SD,2025-02-01,Government,CNA,7,130,0.05384615384615385
SD,2025-02-01,Government,LPN,0,10,0.0
SD,2025-02-01,Government,RN,2,24,0.08333333333333333
SD,2025-02-01,Non-Profit,CNA,120,2003,0.05991013479780329
SD,2025-02-01,Non-Profit,LPN,12,304,0.039473684210526314
SD,2025-02-01,Non-Profit,RN,20,580,0.034482758620689655
SD,2025-03-01,For-Profit,CNA,70,861,0.08130081300813008
SD,2025-03-01,For-Profit,LPN,5,147,0.034013605442176874
SD,2025-03-01,For-Profit,RN,11,240,0.04583333333333333
SD,2025-03-01,Government,CNA,3,129,0.023255813953488372
SD,2025-03-01,Government,LPN,1,11,0.09090909090909091
SD,2025-03-01,Government,RN,0,23,0.0
SD,2025-03-01,Non-Profit,CNA,159,2048,0.07763671875
SD,2025-03-01,Non-Profit,LPN,16,312,0.05128205128205128
SD,2025-03-01,Non-Profit,RN,23,606,0.037953795379537955
TN,2022-10-01,For-Profit,CNA,747,8653,0.0863284410031203
TN,2022-10-01,For-Profit,LPN,312,4452,0.07008086253369272
TN,2022-10-01,For-Profit,RN,174,2352,0.07397959183673469
TN,2022-10-01,Government,CNA,25,407,0.06142506142506143
TN,2022-10-01,Government,LPN,4,196,0.02040816326530612
TN,2022-10-01,Government,RN,1,94,0.010638297872340425
TN,2022-10-01,Non-Profit,CNA,51,1185,0.043037974683544304
TN,2022-10-01,Non-Profit,LPN,33,660,0.05
TN,2022-10-01,Non-Profit,RN,21,400,0.0525
TN,2022-11-01,For-Profit,CNA,728,8690,0.08377445339470656
TN,2022-11-01,For-Profit,LPN,270,4474,0.06034868126955744
TN,2022-11-01,For-Profit,RN,170,2318,0.07333908541846419
TN,2022-11-01,Government,CNA,26,403,0.06451612903225806
TN,2022-11-01,Government,LPN,10,193,0.05181347150259067
TN,2022-11-01,Government,RN,4,92,0.043478260869565216
TN,2022-11-01,Non-Profit,CNA,72,1216,0.05921052631578947
TN,2022-11-01,Non-Profit,LPN,33,663,0.049773755656108594
TN,2022-11-01,Non-Profit,RN,18,399,0.045112781954887216
TN,2022-12-01,For-Profit,CNA,762,8628,0.08831710709318498
TN,2022-12-01,For-Profit,LPN,313,4457,0.07022660982723805
TN,2022-12-01,For-Profit,RN,159,2307,0.06892067620286085
TN,2022-12-01,Government,CNA,20,392,0.05102040816326531
TN,2022-12-01,Government,LPN,9,189,0.047619047619047616
TN,2022-12-01,Government,RN,4,96,0.041666666666666664
TN,2022-12-01,Non-Profit,CNA,92,1197,0.07685881370091896
TN,2022-12-01,Non-Profit,LPN,44,656,0.06707317073170732
TN,2022-12-01,Non-Profit,RN,27,397,0.06801007556675064
TN,2023-01-01,For-Profit,CNA,788,8959,0.08795624511664248
TN,2023-01-01,For-Profit,LPN,321,4530,0.07086092715231788
TN,2023-01-01,For-Profit,RN,179,2375,0.07536842105263158
TN,2023-01-01,Government,CNA,12,397,0.030226700251889168
TN,2023-01-01,Government,LPN,5,196,0.025510204081632654
TN,2023-01-01,Government,RN,3,93,0.03225806451612903
TN,2023-01-01,Non-Profit,CNA,79,1142,0.0691768826619965
TN,2023-01-01,Non-Profit,LPN,43,641,0.06708268330733229
TN,2023-01-01,Non-Profit,RN,12,387,0.031007751937984496
TN,2023-02-01,For-Profit,CNA,788,8958,0.08796606385353874
TN,2023-02-01,For-Profit,LPN,288,4523,0.06367455228830422
TN,2023-02-01,For-Profit,RN,153,2346,0.06521739130434782
TN,2023-02-01,Government,CNA,16,401,0.0399002493765586
TN,2023-02-01,Government,LPN,10,197,0.050761421319796954
TN,2023-02-01,Government,RN,3,90,0.03333333333333333
TN,2023-02-01,Non-Profit,CNA,86,1157,0.07433016421780467
TN,2023-02-01,Non-Profit,LPN,28,633,0.044233807266982623
TN,2023-02-01,Non-Profit,RN,18,383,0.04699738903394256
TN,2023-03-01,For-Profit,CNA,999,9143,0.10926391775128513
TN,2023-03-01,For-Profit,LPN,353,4576,0.07714160839160839
TN,2023-03-01,For-Profit,RN,178,2366,0.07523245984784446
TN,2023-03-01,Government,CNA,17,409,0.04156479217603912
TN,2023-03-01,Government,LPN,8,196,0.04081632653061224
TN,2023-03-01,Government,RN,3,90,0.03333333333333333
TN,2023-03-01,Non-Profit,CNA,94,1091,0.08615948670944087
TN,2023-03-01,Non-Profit,LPN,46,632,0.07278481012658228
TN,2023-03-01,Non-Profit,RN,30,372,0.08064516129032258
TN,2023-04-01,For-Profit,CNA,796,9087,0.08759766699680863
TN,2023-04-01,For-Profit,LPN,333,4570,0.07286652078774616
TN,2023-04-01,For-Profit,RN,165,2376,0.06944444444444445
TN,2023-04-01,Government,CNA,24,422,0.05687203791469194
TN,2023-04-01,Government,LPN,11,194,0.05670103092783505
TN,2023-04-01,Government,RN,3,87,0.034482758620689655
TN,2023-04-01,Non-Profit,CNA,87,1206,0.07213930348258707
TN,2023-04-01,Non-Profit,LPN,45,721,0.06241331484049931
TN,2023-04-01,Non-Profit,RN,20,413,0.048426150121065374
TN,2023-05-01,For-Profit,CNA,926,9296,0.09961273666092943
TN,2023-05-01,For-Profit,LPN,340,4631,0.07341826819261499
TN,2023-05-01,For-Profit,RN,203,2429,0.08357348703170028
TN,2023-05-01,Government,CNA,26,414,0.06280193236714976
TN,2023-05-01,Government,LPN,7,188,0.03723404255319149
TN,2023-05-01,Government,RN,1,90,0.011111111111111112
TN,2023-05-01,Non-Profit,CNA,131,1278,0.10250391236306729
TN,2023-05-01,Non-Profit,LPN,42,710,0.059154929577464786
TN,2023-05-01,Non-Profit,RN,20,420,0.047619047619047616
TN,2023-06-01,For-Profit,CNA,921,9450,0.09746031746031746
TN,2023-06-01,For-Profit,LPN,375,4621,0.08115126595974897
TN,2023-06-01,For-Profit,RN,233,2414,0.09652029826014913
TN,2023-06-01,Government,CNA,22,406,0.054187192118226604
TN,2023-06-01,Government,LPN,4,188,0.02127659574468085
TN,2023-06-01,Government,RN,3,95,0.031578947368421054
TN,2023-06-01,Non-Profit,CNA,157,1287,0.12198912198912198
TN,2023-06-01,Non-Profit,LPN,69,703,0.09815078236130868
TN,2023-06-01,Non-Profit,RN,38,427,0.08899297423887588
TN,2023-07-01,For-Profit,CNA,1023,9722,0.10522526229170953
TN,2023-07-01,For-Profit,LPN,322,4708,0.06839422259983008
TN,2023-07-01,For-Profit,RN,205,2499,0.0820328131252501
TN,2023-07-01,Government,CNA,7,406,0.017241379310344827
TN,2023-07-01,Government,LPN,6,194,0.030927835051546393
TN,2023-07-01,Government,RN,2,95,0.021052631578947368
TN,2023-07-01,Non-Profit,CNA,112,1292,0.08668730650154799
TN,2023-07-01,Non-Profit,LPN,48,682,0.07038123167155426
TN,2023-07-01,Non-Profit,RN,28,413,0.06779661016949153
TN,2023-08-01,For-Profit,CNA,1024,9822,0.10425575239258807
TN,2023-08-01,For-Profit,LPN,357,4771,0.07482708027667155
TN,2023-08-01,For-Profit,RN,201,2543,0.07904050334250885
TN,2023-08-01,Government,CNA,23,418,0.05502392344497608
TN,2023-08-01,Government,LPN,8,193,0.04145077720207254
TN,2023-08-01,Government,RN,8,95,0.08421052631578947
TN,2023-08-01,Non-Profit,CNA,120,1302,0.09216589861751152
TN,2023-08-01,Non-Profit,LPN,54,692,0.07803468208092486
TN,2023-08-01,Non-Profit,RN,23,413,0.05569007263922518
TN,2023-09-01,For-Profit,CNA,1153,9872,0.11679497568881686
TN,2023-09-01,For-Profit,LPN,379,4761,0.07960512497374501
TN,2023-09-01,For-Profit,RN,270,2559,0.10550996483001172
TN,2023-09-01,Government,CNA,16,407,0.03931203931203931
TN,2023-09-01,Government,LPN,8,187,0.0427807486631016
TN,2023-09-01,Government,RN,7,93,0.07526881720430108
TN,2023-09-01,Non-Profit,CNA,107,1256,0.08519108280254777
TN,2023-09-01,Non-Profit,LPN,74,693,0.10678210678210678
TN,2023-09-01,Non-Profit,RN,32,416,0.07692307692307693
TN,2023-10-01,For-Profit,CNA,1045,9887,0.10569434611105492
TN,2023-10-01,For-Profit,LPN,383,4827,0.07934534907810234
TN,2023-10-01,For-Profit,RN,192,2562,0.07494145199063232
TN,2023-10-01,Government,CNA,21,432,0.04861111111111111
TN,2023-10-01,Government,LPN,8,191,0.041884816753926704
TN,2023-10-01,Government,RN,5,90,0.05555555555555555
TN,2023-10-01,Non-Profit,CNA,96,1233,0.07785888077858881
TN,2023-10-01,Non-Profit,LPN,56,654,0.0856269113149847
TN,2023-10-01,Non-Profit,RN,18,392,0.04591836734693878
TN,2023-11-01,For-Profit,CNA,914,9799,0.09327482396162874
TN,2023-11-01,For-Profit,LPN,352,4793,0.07344043396620072
TN,2023-11-01,For-Profit,RN,200,2562,0.078064012490242
TN,2023-11-01,Government,CNA,20,423,0.04728132387706856
TN,2023-11-01,Government,LPN,2,183,0.01092896174863388
TN,2023-11-01,Government,RN,2,89,0.02247191011235955
TN,2023-11-01,Non-Profit,CNA,86,1243,0.06918744971842317
TN,2023-11-01,Non-Profit,LPN,26,629,0.04133545310015898
TN,2023-11-01,Non-Profit,RN,31,405,0.07654320987654321
TN,2023-12-01,For-Profit,CNA,976,9728,0.10032894736842106
TN,2023-12-01,For-Profit,LPN,361,4766,0.07574485942089802
TN,2023-12-01,For-Profit,RN,220,2525,0.08712871287128712
TN,2023-12-01,Government,CNA,53,436,0.12155963302752294
TN,2023-12-01,Government,LPN,21,188,0.11170212765957446
TN,2023-12-01,Government,RN,7,88,0.07954545454545454
TN,2023-12-01,Non-Profit,CNA,108,1247,0.08660785886126704
TN,2023-12-01,Non-Profit,LPN,56,626,0.08945686900958466
TN,2023-12-01,Non-Profit,RN,36,392,0.09183673469387756
TN,2024-01-01,For-Profit,CNA,926,9822,0.09427815108939117
TN,2024-01-01,For-Profit,LPN,347,4777,0.0726397320494034
TN,2024-01-01,For-Profit,RN,179,2499,0.07162865146058424
TN,2024-01-01,Government,CNA,21,406,0.05172413793103448
TN,2024-01-01,Government,LPN,7,187,0.0374331550802139
TN,2024-01-01,Government,RN,2,92,0.021739130434782608
TN,2024-01-01,Non-Profit,CNA,114,1344,0.08482142857142858
TN,2024-01-01,Non-Profit,LPN,37,648,0.05709876543209876
TN,2024-01-01,Non-Profit,RN,23,407,0.056511056511056514
TN,2024-02-01,For-Profit,CNA,874,9728,0.08984375
TN,2024-02-01,For-Profit,LPN,325,4769,0.06814845879639338
TN,2024-02-01,For-Profit,RN,200,2522,0.07930214115781126
TN,2024-02-01,Government,CNA,15,405,0.037037037037037035
TN,2024-02-01,Government,LPN,5,189,0.026455026455026454
TN,2024-02-01,Government,RN,3,94,0.031914893617021274
TN,2024-02-01,Non-Profit,CNA,112,1341,0.08351976137211037
TN,2024-02-01,Non-Profit,LPN,57,670,0.08507462686567165
TN,2024-02-01,Non-Profit,RN,25,405,0.06172839506172839
TN,2024-03-01,For-Profit,CNA,1066,9994,0.10666399839903942
TN,2024-03-01,For-Profit,LPN,369,4839,0.07625542467451953
TN,2024-03-01,For-Profit,RN,251,2541,0.09878000787091697
TN,2024-03-01,Government,CNA,24,409,0.05867970660146699
TN,2024-03-01,Government,LPN,5,192,0.026041666666666668
TN,2024-03-01,Government,RN,4,94,0.0425531914893617
TN,2024-03-01,Non-Profit,CNA,157,1325,0.11849056603773585
TN,2024-03-01,Non-Profit,LPN,70,682,0.10263929618768329
TN,2024-03-01,Non-Profit,RN,31,410,0.07560975609756097
TN,2024-04-01,For-Profit,CNA,1005,9860,0.10192697768762678
TN,2024-04-01,For-Profit,LPN,359,4728,0.07593062605752961
TN,2024-04-01,For-Profit,RN,160,2471,0.06475111290975313
TN,2024-04-01,Government,CNA,27,457,0.05908096280087528
TN,2024-04-01,Government,LPN,4,208,0.019230769230769232
TN,2024-04-01,Government,RN,1,98,0.01020408163265306
TN,2024-04-01,Non-Profit,CNA,103,1367,0.0753474762253109
TN,2024-04-01,Non-Profit,LPN,34,671,0.05067064083457526
TN,2024-04-01,Non-Profit,RN,19,437,0.043478260869565216
TN,2024-05-01,For-Profit,CNA,1050,10001,0.104989501049895
TN,2024-05-01,For-Profit,LPN,364,4719,0.07713498622589532
TN,2024-05-01,For-Profit,RN,166,2508,0.06618819776714513
TN,2024-05-01,Government,CNA,20,478,0.04184100418410042
TN,2024-05-01,Government,LPN,7,220,0.031818181818181815
TN,2024-05-01,Government,RN,2,101,0.019801980198019802
TN,2024-05-01,Non-Profit,CNA,116,1399,0.08291636883488206
TN,2024-05-01,Non-Profit,LPN,38,685,0.05547445255474453
TN,2024-05-01,Non-Profit,RN,28,434,0.06451612903225806
TN,2024-06-01,For-Profit,CNA,934,9948,0.09388821873743466
TN,2024-06-01,For-Profit,LPN,290,4655,0.06229860365198711
TN,2024-06-01,For-Profit,RN,184,2539,0.07246947617172116
TN,2024-06-01,Government,CNA,32,507,0.0631163708086785
TN,2024-06-01,Government,LPN,5,214,0.02336448598130841
TN,2024-06-01,Government,RN,5,102,0.049019607843137254
TN,2024-06-01,Non-Profit,CNA,191,1402,0.1362339514978602
TN,2024-06-01,Non-Profit,LPN,93,690,0.13478260869565217
TN,2024-06-01,Non-Profit,RN,56,431,0.12993039443155452
TN,2024-07-01,For-Profit,CNA,934,10141,0.0921013706735036
TN,2024-07-01,For-Profit,LPN,353,4688,0.07529863481228669
TN,2024-07-01,For-Profit,RN,205,2664,0.07695195195195195
TN,2024-07-01,Government,CNA,28,502,0.055776892430278883
TN,2024-07-01,Government,LPN,6,217,0.027649769585253458
TN,2024-07-01,Government,RN,2,103,0.019417475728155338
TN,2024-07-01,Non-Profit,CNA,141,1423,0.09908643710470837
TN,2024-07-01,Non-Profit,LPN,78,711,0.10970464135021098
TN,2024-07-01,Non-Profit,RN,21,442,0.04751131221719457
TN,2024-08-01,For-Profit,CNA,994,10250,0.09697560975609756
TN,2024-08-01,For-Profit,LPN,342,4672,0.07320205479452055
TN,2024-08-01,For-Profit,RN,177,2630,0.06730038022813688
TN,2024-08-01,Government,CNA,23,505,0.04554455445544554
TN,2024-08-01,Government,LPN,3,217,0.013824884792626729
TN,2024-08-01,Government,RN,7,108,0.06481481481481481
TN,2024-08-01,Non-Profit,CNA,153,1455,0.10515463917525773
TN,2024-08-01,Non-Profit,LPN,44,684,0.06432748538011696
TN,2024-08-01,Non-Profit,RN,37,443,0.0835214446952596
TN,2024-09-01,For-Profit,CNA,1114,10200,0.10921568627450981
TN,2024-09-01,For-Profit,LPN,403,4689,0.08594583066751972
TN,2024-09-01,For-Profit,RN,241,2658,0.09066967644845748
TN,2024-09-01,Government,CNA,22,506,0.043478260869565216
TN,2024-09-01,Government,LPN,7,227,0.030837004405286344
TN,2024-09-01,Government,RN,16,117,0.13675213675213677
TN,2024-09-01,Non-Profit,CNA,122,1432,0.08519553072625698
TN,2024-09-01,Non-Profit,LPN,49,674,0.07270029673590504
TN,2024-09-01,Non-Profit,RN,24,442,0.05429864253393665
TN,2024-10-01,For-Profit,CNA,941,10365,0.09078630004823926
TN,2024-10-01,For-Profit,LPN,370,4836,0.07650951199338296
TN,2024-10-01,For-Profit,RN,220,2712,0.08112094395280237
TN,2024-10-01,Government,CNA,33,566,0.05830388692579505
TN,2024-10-01,Government,LPN,9,255,0.03529411764705882
TN,2024-10-01,Government,RN,5,119,0.04201680672268908
TN,2024-10-01,Non-Profit,CNA,114,1461,0.07802874743326489
TN,2024-10-01,Non-Profit,LPN,44,684,0.06432748538011696
TN,2024-10-01,Non-Profit,RN,31,458,0.06768558951965066
TN,2024-11-01,For-Profit,CNA,962,10329,0.09313583115500049
TN,2024-11-01,For-Profit,LPN,345,4752,0.0726010101010101
TN,2024-11-01,For-Profit,RN,202,2660,0.07593984962406015
TN,2024-11-01,Government,CNA,35,561,0.062388591800356503
TN,2024-11-01,Government,LPN,12,267,0.0449438202247191
TN,2024-11-01,Government,RN,5,114,0.043859649122807015
TN,2024-11-01,Non-Profit,CNA,123,1485,0.08282828282828283
TN,2024-11-01,Non-Profit,LPN,33,673,0.04903417533432392
TN,2024-11-01,Non-Profit,RN,21,449,0.0467706013363029
TN,2024-12-01,For-Profit,CNA,1102,10242,0.10759617262253467
TN,2024-12-01,For-Profit,LPN,408,4717,0.08649565401738393
TN,2024-12-01,For-Profit,RN,237,2620,0.09045801526717558
TN,2024-12-01,Government,CNA,35,575,0.06086956521739131
TN,2024-12-01,Government,LPN,12,263,0.045627376425855515
TN,2024-12-01,Government,RN,3,113,0.02654867256637168
TN,2024-12-01,Non-Profit,CNA,133,1493,0.08908238446081715
TN,2024-12-01,Non-Profit,LPN,43,669,0.06427503736920777
TN,2024-12-01,Non-Profit,RN,36,446,0.08071748878923767
TN,2025-01-01,For-Profit,CNA,965,10354,0.0932006953834267
TN,2025-01-01,For-Profit,LPN,330,4736,0.06967905405405406
TN,2025-01-01,For-Profit,RN,207,2665,0.0776735459662289
TN,2025-01-01,Government,CNA,47,595,0.07899159663865546
TN,2025-01-01,Government,LPN,10,274,0.0364963503649635
TN,2025-01-01,Government,RN,8,118,0.06779661016949153
TN,2025-01-01,Non-Profit,CNA,126,1418,0.08885754583921016
TN,2025-01-01,Non-Profit,LPN,47,666,0.07057057057057058
TN,2025-01-01,Non-Profit,RN,29,426,0.06807511737089202
TN,2025-02-01,For-Profit,CNA,949,10267,0.09243206389402941
TN,2025-02-01,For-Profit,LPN,289,4682,0.06172575822298163
TN,2025-02-01,For-Profit,RN,164,2665,0.06153846153846154
TN,2025-02-01,Government,CNA,24,573,0.041884816753926704
TN,2025-02-01,Government,LPN,7,269,0.026022304832713755
TN,2025-02-01,Government,RN,2,114,0.017543859649122806
TN,2025-02-01,Non-Profit,CNA,98,1413,0.06935598018400566
TN,2025-02-01,Non-Profit,LPN,32,660,0.048484848484848485
TN,2025-02-01,Non-Profit,RN,21,412,0.050970873786407765
TN,2025-03-01,For-Profit,CNA,1297,10388,0.12485560261840585
TN,2025-03-01,For-Profit,LPN,436,4691,0.09294393519505435
TN,2025-03-01,For-Profit,RN,300,2690,0.11152416356877323
TN,2025-03-01,Government,CNA,54,597,0.09045226130653267
TN,2025-03-01,Government,LPN,11,276,0.03985507246376811
TN,2025-03-01,Government,RN,3,117,0.02564102564102564
TN,2025-03-01,Non-Profit,CNA,168,1443,0.11642411642411643
TN,2025-03-01,Non-Profit,LPN,63,675,0.09333333333333334
TN,2025-03-01,Non-Profit,RN,32,430,0.07441860465116279
TX,2022-10-01,For-Profit,CNA,2477,22861,0.10835046585888632
TX,2022-10-01,For-Profit,LPN,1079,11698,0.09223798939989741
TX,2022-10-01,For-Profit,RN,464,4707,0.09857658806033567
TX,2022-10-01,Government,CNA,670,6781,0.09880548591653149
TX,2022-10-01,Government,LPN,260,3388,0.07674144037780402
TX,2022-10-01,Government,RN,115,1314,0.08751902587519025
TX,2022-10-01,Non-Profit,CNA,298,3749,0.07948786343024807
TX,2022-10-01,Non-Profit,LPN,116,1825,0.06356164383561644
TX,2022-10-01,Non-Profit,RN,61,733,0.08321964529331514
TX,2022-11-01,For-Profit,CNA,2264,22933,0.09872236515065626
TX,2022-11-01,For-Profit,LPN,928,11641,0.07971823726483979
TX,2022-11-01,For-Profit,RN,446,4755,0.09379600420609885
TX,2022-11-01,Government,CNA,641,6807,0.09416776847363009
TX,2022-11-01,Government,LPN,269,3397,0.079187518398587
TX,2022-11-01,Government,RN,115,1288,0.08928571428571429
TX,2022-11-01,Non-Profit,CNA,297,3746,0.0792845702082221
TX,2022-11-01,Non-Profit,LPN,117,1821,0.0642504118616145
TX,2022-11-01,Non-Profit,RN,54,741,0.0728744939271255
TX,2022-12-01,For-Profit,CNA,3379,23020,0.14678540399652476
TX,2022-12-01,For-Profit,LPN,1738,11757,0.14782682657140428
TX,2022-12-01,For-Profit,RN,704,4755,0.1480546792849632
TX,2022-12-01,Government,CNA,863,6878,0.1254725210817098
TX,2022-12-01,Government,LPN,390,3402,0.1146384479717813
TX,2022-12-01,Government,RN,167,1266,0.13191153238546605
TX,2022-12-01,Non-Profit,CNA,604,3807,0.15865510900971894
TX,2022-12-01,Non-Profit,LPN,296,1878,0.15761448349307774
TX,2022-12-01,Non-Profit,RN,101,735,0.13741496598639455
TX,2023-01-01,For-Profit,CNA,2713,23236,0.11675847822344637
TX,2023-01-01,For-Profit,LPN,1259,11863,0.10612829806962826
TX,2023-01-01,For-Profit,RN,593,4890,0.1212678936605317
TX,2023-01-01,Government,CNA,711,6972,0.10197934595524957
TX,2023-01-01,Government,LPN,306,3531,0.08666100254885302
TX,2023-01-01,Government,RN,173,1341,0.12900820283370618
TX,2023-01-01,Non-Profit,CNA,324,3729,0.08688656476267095
TX,2023-01-01,Non-Profit,LPN,128,1800,0.07111111111111111
TX,2023-01-01,Non-Profit,RN,70,760,0.09210526315789473
TX,2023-02-01,For-Profit,CNA,2307,23263,0.09917035635988479
TX,2023-02-01,For-Profit,LPN,1015,11823,0.08584961515689757
TX,2023-02-01,For-Profit,RN,435,4825,0.09015544041450778
TX,2023-02-01,Government,CNA,604,6805,0.0887582659808964
TX,2023-02-01,Government,LPN,277,3496,0.07923340961098398
TX,2023-02-01,Government,RN,123,1304,0.09432515337423313
TX,2023-02-01,Non-Profit,CNA,252,3559,0.07080640629390278
TX,2023-02-01,Non-Profit,LPN,110,1764,0.06235827664399093
TX,2023-02-01,Non-Profit,RN,58,719,0.08066759388038942
TX,2023-03-01,For-Profit,CNA,3361,24092,0.13950689025402624
TX,2023-03-01,For-Profit,LPN,1479,12114,0.1220901436354631
TX,2023-03-01,For-Profit,RN,630,4924,0.127944760357433
TX,2023-03-01,Government,CNA,1246,7076,0.17608818541548898
TX,2023-03-01,Government,LPN,548,3560,0.15393258426966291
TX,2023-03-01,Government,RN,217,1315,0.1650190114068441
TX,2023-03-01,Non-Profit,CNA,412,3715,0.11090174966352624
TX,2023-03-01,Non-Profit,LPN,169,1788,0.09451901565995526
TX,2023-03-01,Non-Profit,RN,67,748,0.08957219251336898
TX,2023-04-01,For-Profit,CNA,2516,24033,0.10468938542836932
TX,2023-04-01,For-Profit,LPN,1023,12026,0.08506569100282721
TX,2023-04-01,For-Profit,RN,462,4925,0.09380710659898477
TX,2023-04-01,Government,CNA,707,7028,0.10059760956175298
TX,2023-04-01,Government,LPN,299,3471,0.08614232209737828
TX,2023-04-01,Government,RN,121,1338,0.09043348281016443
TX,2023-04-01,Non-Profit,CNA,359,3700,0.09702702702702702
TX,2023-04-01,Non-Profit,LPN,126,1772,0.07110609480812641
TX,2023-04-01,Non-Profit,RN,62,763,0.08125819134993446
TX,2023-05-01,For-Profit,CNA,2724,24539,0.11100696849912384
TX,2023-05-01,For-Profit,LPN,1102,12188,0.0904168034131933
TX,2023-05-01,For-Profit,RN,514,5047,0.10184267881910046
TX,2023-05-01,Government,CNA,764,7165,0.1066294487090021
TX,2023-05-01,Government,LPN,254,3490,0.07277936962750717
TX,2023-05-01,Government,RN,104,1348,0.0771513353115727
TX,2023-05-01,Non-Profit,CNA,305,3716,0.08207750269106566
TX,2023-05-01,Non-Profit,LPN,117,1775,0.06591549295774649
TX,2023-05-01,Non-Profit,RN,51,768,0.06640625
TX,2023-06-01,For-Profit,CNA,3208,24954,0.1285565440410355
TX,2023-06-01,For-Profit,LPN,1375,12344,0.1113901490602722
TX,2023-06-01,For-Profit,RN,699,5082,0.13754427390791027
TX,2023-06-01,Government,CNA,807,7283,0.11080598654400658
TX,2023-06-01,Government,LPN,320,3596,0.08898776418242492
TX,2023-06-01,Government,RN,161,1418,0.11354019746121298
TX,2023-06-01,Non-Profit,CNA,429,3862,0.11108234075608493
TX,2023-06-01,Non-Profit,LPN,173,1809,0.09563294637921503
TX,2023-06-01,Non-Profit,RN,67,781,0.08578745198463508
TX,2023-07-01,For-Profit,CNA,2692,25091,0.10728946634251325
TX,2023-07-01,For-Profit,LPN,1152,12358,0.09321896747046447
TX,2023-07-01,For-Profit,RN,487,5117,0.09517295290209107
TX,2023-07-01,Government,CNA,705,7300,0.09657534246575343
TX,2023-07-01,Government,LPN,296,3589,0.08247422680412371
TX,2023-07-01,Government,RN,112,1399,0.08005718370264475
TX,2023-07-01,Non-Profit,CNA,351,3924,0.08944954128440367
TX,2023-07-01,Non-Profit,LPN,139,1857,0.07485191168551426
TX,2023-07-01,Non-Profit,RN,65,828,0.0785024154589372
TX,2023-08-01,For-Profit,CNA,2882,25188,0.11441956487216134
TX,2023-08-01,For-Profit,LPN,1209,12589,0.09603622209865756
TX,2023-08-01,For-Profit,RN,567,5202,0.10899653979238755
TX,2023-08-01,Government,CNA,778,7447,0.10447159930173223
TX,2023-08-01,Government,LPN,331,3636,0.09103410341034103
TX,2023-08-01,Government,RN,139,1462,0.09507523939808482
TX,2023-08-01,Non-Profit,CNA,375,3990,0.09398496240601503
TX,2023-08-01,Non-Profit,LPN,141,1872,0.07532051282051282
TX,2023-08-01,Non-Profit,RN,59,835,0.07065868263473053
TX,2023-09-01,For-Profit,CNA,2799,24725,0.11320525783619818
TX,2023-09-01,For-Profit,LPN,1314,12538,0.10480140373265273
TX,2023-09-01,For-Profit,RN,551,5129,0.10742834860596608
TX,2023-09-01,Government,CNA,756,7259,0.10414657666345227
TX,2023-09-01,Government,LPN,341,3607,0.09453839756029941
TX,2023-09-01,Government,RN,142,1435,0.09895470383275261
TX,2023-09-01,Non-Profit,CNA,362,3867,0.09361261960175847
TX,2023-09-01,Non-Profit,LPN,162,1833,0.088379705400982
TX,2023-09-01,Non-Profit,RN,99,868,0.11405529953917051
TX,2023-10-01,For-Profit,CNA,2757,25118,0.1097619237200414
TX,2023-10-01,For-Profit,LPN,1218,12737,0.09562691371594567
TX,2023-10-01,For-Profit,RN,510,5260,0.09695817490494296
TX,2023-10-01,Government,CNA,742,7465,0.09939718687206966
TX,2023-10-01,Government,LPN,289,3640,0.07939560439560439
TX,2023-10-01,Government,RN,132,1473,0.08961303462321792
TX,2023-10-01,Non-Profit,CNA,336,4042,0.08312716476991588
TX,2023-10-01,Non-Profit,LPN,116,1882,0.061636556854410204
TX,2023-10-01,Non-Profit,RN,71,864,0.08217592592592593
TX,2023-11-01,For-Profit,CNA,2596,24964,0.10398974523313571
TX,2023-11-01,For-Profit,LPN,1148,12561,0.09139399729320914
TX,2023-11-01,For-Profit,RN,569,5252,0.10833968012185834
TX,2023-11-01,Government,CNA,669,7312,0.09149343544857769
TX,2023-11-01,Government,LPN,276,3579,0.07711651299245599
TX,2023-11-01,Government,RN,114,1450,0.07862068965517241
TX,2023-11-01,Non-Profit,CNA,289,4008,0.0721057884231537
TX,2023-11-01,Non-Profit,LPN,102,1887,0.05405405405405406
TX,2023-11-01,Non-Profit,RN,60,850,0.07058823529411765
TX,2023-12-01,For-Profit,CNA,3090,24937,0.12391225889240887
TX,2023-12-01,For-Profit,LPN,1477,12648,0.11677735610373181
TX,2023-12-01,For-Profit,RN,646,5250,0.12304761904761904
TX,2023-12-01,Government,CNA,760,7276,0.10445299615173172
TX,2023-12-01,Government,LPN,320,3557,0.08996345234748383
TX,2023-12-01,Government,RN,134,1439,0.09312022237665045
TX,2023-12-01,Non-Profit,CNA,367,4057,0.09046093172294799
TX,2023-12-01,Non-Profit,LPN,146,1880,0.07765957446808511
TX,2023-12-01,Non-Profit,RN,79,855,0.09239766081871345
TX,2024-01-01,For-Profit,CNA,2673,25106,0.10646857324942245
TX,2024-01-01,For-Profit,LPN,1318,12752,0.10335633626097868
TX,2024-01-01,For-Profit,RN,568,5397,0.10524365388178618
TX,2024-01-01,Government,CNA,721,7311,0.09861852003829845
TX,2024-01-01,Government,LPN,299,3580,0.0835195530726257
TX,2024-01-01,Government,RN,133,1474,0.09023066485753053
TX,2024-01-01,Non-Profit,CNA,294,4068,0.07227138643067847
TX,2024-01-01,Non-Profit,LPN,104,1870,0.05561497326203209
TX,2024-01-01,Non-Profit,RN,56,858,0.06526806526806526
TX,2024-02-01,For-Profit,CNA,2461,24987,0.09849121543202466
TX,2024-02-01,For-Profit,LPN,1099,12693,0.08658315607027496
TX,2024-02-01,For-Profit,RN,489,5382,0.09085841694537347
TX,2024-02-01,Government,CNA,686,7346,0.09338415464198203
TX,2024-02-01,Government,LPN,332,3612,0.09191583610188261
TX,2024-02-01,Government,RN,163,1514,0.10766182298546896
TX,2024-02-01,Non-Profit,CNA,291,4060,0.07167487684729064
TX,2024-02-01,Non-Profit,LPN,111,1866,0.0594855305466238
TX,2024-02-01,Non-Profit,RN,74,874,0.08466819221967964
TX,2024-03-01,For-Profit,CNA,3808,26167,0.14552680857568692
TX,2024-03-01,For-Profit,LPN,1708,13116,0.13022262885025923
TX,2024-03-01,For-Profit,RN,819,5660,0.14469964664310955
TX,2024-03-01,Government,CNA,1273,7892,0.1613025848960973
TX,2024-03-01,Government,LPN,549,3824,0.14356694560669456
TX,2024-03-01,Government,RN,292,1608,0.18159203980099503
TX,2024-03-01,Non-Profit,CNA,382,4046,0.09441423628274839
TX,2024-03-01,Non-Profit,LPN,178,1894,0.09398099260823653
TX,2024-03-01,Non-Profit,RN,89,871,0.10218140068886337
TX,2024-04-01,For-Profit,CNA,2532,25168,0.10060394151303242
TX,2024-04-01,For-Profit,LPN,949,12513,0.07584112522976105
TX,2024-04-01,For-Profit,RN,529,5513,0.09595501541810267
TX,2024-04-01,Government,CNA,642,7423,0.0864879428802371
TX,2024-04-01,Government,LPN,240,3562,0.06737787759685569
TX,2024-04-01,Government,RN,153,1539,0.09941520467836257
TX,2024-04-01,Non-Profit,CNA,337,4152,0.08116570327552987
TX,2024-04-01,Non-Profit,LPN,85,1869,0.0454788657035848
TX,2024-04-01,Non-Profit,RN,63,882,0.07142857142857142
TX,2024-05-01,For-Profit,CNA,2703,25904,0.10434681902408895
TX,2024-05-01,For-Profit,LPN,1170,12790,0.09147771696637999
TX,2024-05-01,For-Profit,RN,530,5549,0.09551270499189043
TX,2024-05-01,Government,CNA,713,7675,0.09289902280130294
TX,2024-05-01,Government,LPN,287,3606,0.07958957293399889
TX,2024-05-01,Government,RN,137,1543,0.08878807517822424
TX,2024-05-01,Non-Profit,CNA,318,4161,0.07642393655371305
TX,2024-05-01,Non-Profit,LPN,124,1897,0.06536636794939378
TX,2024-05-01,Non-Profit,RN,53,897,0.059085841694537344
TX,2024-06-01,For-Profit,CNA,2937,26225,0.11199237368922783
TX,2024-06-01,For-Profit,LPN,1350,12796,0.10550171928727728
TX,2024-06-01,For-Profit,RN,626,5523,0.11334419699438711
TX,2024-06-01,Government,CNA,923,7783,0.1185918026467943
TX,2024-06-01,Government,LPN,392,3611,0.10855718637496538
TX,2024-06-01,Government,RN,154,1558,0.09884467265725289
TX,2024-06-01,Non-Profit,CNA,338,4195,0.08057210965435042
TX,2024-06-01,Non-Profit,LPN,134,1875,0.07146666666666666
TX,2024-06-01,Non-Profit,RN,72,890,0.08089887640449438
TX,2024-07-01,For-Profit,CNA,2813,26919,0.1044986812288718
TX,2024-07-01,For-Profit,LPN,1156,12786,0.09041138745502894
TX,2024-07-01,For-Profit,RN,542,5730,0.09458987783595113
TX,2024-07-01,Government,CNA,769,7801,0.09857710549929496
TX,2024-07-01,Government,LPN,266,3491,0.07619593239759381
TX,2024-07-01,Government,RN,130,1584,0.08207070707070707
TX,2024-07-01,Non-Profit,CNA,313,4196,0.07459485224022878
TX,2024-07-01,Non-Profit,LPN,111,1892,0.05866807610993657
TX,2024-07-01,Non-Profit,RN,65,900,0.07222222222222222
TX,2024-08-01,For-Profit,CNA,3222,27642,0.11656175385283264
TX,2024-08-01,For-Profit,LPN,1169,12899,0.09062718040158152
TX,2024-08-01,For-Profit,RN,579,5836,0.09921178889650445
TX,2024-08-01,Government,CNA,820,7912,0.10364004044489383
TX,2024-08-01,Government,LPN,262,3524,0.07434733257661748
TX,2024-08-01,Government,RN,150,1604,0.09351620947630923
TX,2024-08-01,Non-Profit,CNA,320,4216,0.07590132827324478
TX,2024-08-01,Non-Profit,LPN,116,1880,0.06170212765957447
TX,2024-08-01,Non-Profit,RN,68,923,0.07367280606717226
TX,2024-09-01,For-Profit,CNA,3313,27226,0.1216851538970102
TX,2024-09-01,For-Profit,LPN,1340,12953,0.10345093800663939
TX,2024-09-01,For-Profit,RN,695,5875,0.11829787234042553
TX,2024-09-01,Government,CNA,901,7985,0.11283656856606136
TX,2024-09-01,Government,LPN,359,3566,0.10067302299495233
TX,2024-09-01,Government,RN,154,1610,0.09565217391304348
TX,2024-09-01,Non-Profit,CNA,357,4186,0.08528428093645485
TX,2024-09-01,Non-Profit,LPN,135,1866,0.07234726688102894
TX,2024-09-01,Non-Profit,RN,71,898,0.07906458797327394
TX,2024-10-01,For-Profit,CNA,2800,27211,0.10289956267685862
TX,2024-10-01,For-Profit,LPN,1061,12876,0.0824013668841255
TX,2024-10-01,For-Profit,RN,526,5833,0.09017658151894394
TX,2024-10-01,Government,CNA,750,8003,0.09371485692865175
TX,2024-10-01,Government,LPN,223,3521,0.06333428003408123
TX,2024-10-01,Government,RN,116,1635,0.0709480122324159
TX,2024-10-01,Non-Profit,CNA,352,4156,0.0846968238691049
TX,2024-10-01,Non-Profit,LPN,140,1849,0.07571660356949703
TX,2024-10-01,Non-Profit,RN,80,920,0.08695652173913043
TX,2024-11-01,For-Profit,CNA,2646,27195,0.0972972972972973
TX,2024-11-01,For-Profit,LPN,999,12863,0.07766461945113892
TX,2024-11-01,For-Profit,RN,553,5868,0.09423994546693933
TX,2024-11-01,Government,CNA,725,7936,0.09135584677419355
TX,2024-11-01,Government,LPN,235,3566,0.06590016825574874
TX,2024-11-01,Government,RN,121,1634,0.0740514075887393
TX,2024-11-01,Non-Profit,CNA,268,4141,0.06471866698865009
TX,2024-11-01,Non-Profit,LPN,95,1826,0.052026286966046005
TX,2024-11-01,Non-Profit,RN,49,917,0.05343511450381679
TX,2024-12-01,For-Profit,CNA,2994,27026,0.11078220972396952
TX,2024-12-01,For-Profit,LPN,1198,12789,0.09367425130971929
TX,2024-12-01,For-Profit,RN,630,5815,0.10834049871023216
TX,2024-12-01,Government,CNA,918,7974,0.11512415349887133
TX,2024-12-01,Government,LPN,335,3623,0.09246480817002484
TX,2024-12-01,Government,RN,189,1670,0.11317365269461079
TX,2024-12-01,Non-Profit,CNA,384,4193,0.09158120677319342
TX,2024-12-01,Non-Profit,LPN,149,1842,0.08089033659066232
TX,2024-12-01,Non-Profit,RN,72,932,0.07725321888412018
TX,2025-01-01,For-Profit,CNA,2826,27470,0.10287586457954132
TX,2025-01-01,For-Profit,LPN,1171,13044,0.08977307574363692
TX,2025-01-01,For-Profit,RN,564,5962,0.09459912780945991
TX,2025-01-01,Government,CNA,810,8073,0.10033444816053512
TX,2025-01-01,Government,LPN,313,3619,0.08648798010500137
TX,2025-01-01,Government,RN,153,1721,0.08890180127832656
TX,2025-01-01,Non-Profit,CNA,429,4256,0.10079887218045112
TX,2025-01-01,Non-Profit,LPN,106,1817,0.058337919647771054
TX,2025-01-01,Non-Profit,RN,43,912,0.047149122807017545
TX,2025-02-01,For-Profit,CNA,2642,27348,0.09660669884452246
TX,2025-02-01,For-Profit,LPN,1200,12980,0.09244992295839753
TX,2025-02-01,For-Profit,RN,633,6038,0.10483603842331898
TX,2025-02-01,Government,CNA,716,8012,0.08936595107338992
TX,2025-02-01,Government,LPN,312,3626,0.08604522890237176
TX,2025-02-01,Government,RN,141,1686,0.08362989323843416
TX,2025-02-01,Non-Profit,CNA,319,4151,0.07684895205974464
TX,2025-02-01,Non-Profit,LPN,116,1818,0.0638063806380638
TX,2025-02-01,Non-Profit,RN,77,935,0.08235294117647059
TX,2025-03-01,For-Profit,CNA,3613,28004,0.1290172832452507
TX,2025-03-01,For-Profit,LPN,1423,12992,0.10952894088669951
TX,2025-03-01,For-Profit,RN,772,6100,0.12655737704918033
TX,2025-03-01,Government,CNA,827,8157,0.10138531322790241
TX,2025-03-01,Government,LPN,311,3615,0.08603042876901798
TX,2025-03-01,Government,RN,199,1737,0.11456534254461716
TX,2025-03-01,Non-Profit,CNA,317,4195,0.07556615017878426
TX,2025-03-01,Non-Profit,LPN,100,1845,0.05420054200542006
TX,2025-03-01,Non-Profit,RN,73,932,0.07832618025751073
UT,2022-10-01,For-Profit,CNA,307,2255,0.1361419068736142
UT,2022-10-01,For-Profit,LPN,29,486,0.059670781893004114
UT,2022-10-01,For-Profit,RN,68,982,0.06924643584521385
UT,2022-10-01,Government,CNA,77,569,0.13532513181019332
UT,2022-10-01,Government,LPN,5,113,0.04424778761061947
UT,2022-10-01,Government,RN,11,260,0.04230769230769231
UT,2022-10-01,Non-Profit,CNA,18,214,0.08411214953271028
UT,2022-10-01,Non-Profit,LPN,2,34,0.058823529411764705
UT,2022-10-01,Non-Profit,RN,3,71,0.04225352112676056
UT,2022-11-01,For-Profit,CNA,251,2211,0.11352329262777024
UT,2022-11-01,For-Profit,LPN,32,477,0.06708595387840671
UT,2022-11-01,For-Profit,RN,53,968,0.05475206611570248
UT,2022-11-01,Government,CNA,42,552,0.07608695652173914
UT,2022-11-01,Government,LPN,8,112,0.07142857142857142
UT,2022-11-01,Government,RN,21,264,0.07954545454545454
UT,2022-11-01,Non-Profit,CNA,12,231,0.05194805194805195
UT,2022-11-01,Non-Profit,LPN,3,37,0.08108108108108109
UT,2022-11-01,Non-Profit,RN,2,71,0.028169014084507043
UT,2022-12-01,For-Profit,CNA,304,2158,0.14087117701575533
UT,2022-12-01,For-Profit,LPN,32,475,0.06736842105263158
UT,2022-12-01,For-Profit,RN,76,947,0.08025343189017951
UT,2022-12-01,Government,CNA,57,578,0.0986159169550173
UT,2022-12-01,Government,LPN,9,109,0.08256880733944955
UT,2022-12-01,Government,RN,13,251,0.05179282868525897
UT,2022-12-01,Non-Profit,CNA,22,246,0.08943089430894309
UT,2022-12-01,Non-Profit,LPN,1,35,0.02857142857142857
UT,2022-12-01,Non-Profit,RN,3,71,0.04225352112676056
UT,2023-01-01,For-Profit,CNA,227,2295,0.09891067538126362
UT,2023-01-01,For-Profit,LPN,36,477,0.07547169811320754
UT,2023-01-01,For-Profit,RN,50,958,0.05219206680584551
UT,2023-01-01,Government,CNA,33,577,0.05719237435008666
UT,2023-01-01,Government,LPN,9,115,0.0782608695652174
UT,2023-01-01,Government,RN,17,250,0.068
UT,2023-01-01,Non-Profit,CNA,27,250,0.108
UT,2023-01-01,Non-Profit,LPN,1,36,0.027777777777777776
UT,2023-01-01,Non-Profit,RN,3,72,0.041666666666666664
UT,2023-02-01,For-Profit,CNA,274,2305,0.11887201735357918
UT,2023-02-01,For-Profit,LPN,38,486,0.07818930041152264
UT,2023-02-01,For-Profit,RN,69,961,0.07180020811654526
UT,2023-02-01,Government,CNA,54,600,0.09
UT,2023-02-01,Government,LPN,16,126,0.12698412698412698
UT,2023-02-01,Government,RN,12,246,0.04878048780487805
UT,2023-02-01,Non-Profit,CNA,25,242,0.10330578512396695
UT,2023-02-01,Non-Profit,LPN,2,39,0.05128205128205128
UT,2023-02-01,Non-Profit,RN,5,75,0.06666666666666667
UT,2023-03-01,For-Profit,CNA,250,2347,0.10651896037494674
UT,2023-03-01,For-Profit,LPN,27,483,0.055900621118012424
UT,2023-03-01,For-Profit,RN,57,971,0.05870236869207003
UT,2023-03-01,Government,CNA,47,590,0.07966101694915254
UT,2023-03-01,Government,LPN,6,112,0.05357142857142857
UT,2023-03-01,Government,RN,14,255,0.054901960784313725
UT,2023-03-01,Non-Profit,CNA,33,248,0.13306451612903225
UT,2023-03-01,Non-Profit,LPN,5,41,0.12195121951219512
UT,2023-03-01,Non-Profit,RN,3,77,0.03896103896103896
UT,2023-04-01,For-Profit,CNA,271,2328,0.11640893470790378
UT,2023-04-01,For-Profit,LPN,36,477,0.07547169811320754
UT,2023-04-01,For-Profit,RN,71,998,0.07114228456913828
UT,2023-04-01,Government,CNA,54,592,0.09121621621621621
UT,2023-04-01,Government,LPN,7,115,0.06086956521739131
UT,2023-04-01,Government,RN,14,251,0.055776892430278883
UT,2023-04-01,Non-Profit,CNA,31,237,0.1308016877637131
UT,2023-04-01,Non-Profit,LPN,1,38,0.02631578947368421
UT,2023-04-01,Non-Profit,RN,2,81,0.024691358024691357
UT,2023-05-01,For-Profit,CNA,285,2357,0.12091641917691981
UT,2023-05-01,For-Profit,LPN,40,478,0.08368200836820083
UT,2023-05-01,For-Profit,RN,59,997,0.05917753259779338
UT,2023-05-01,Government,CNA,44,608,0.07236842105263158
UT,2023-05-01,Government,LPN,8,115,0.06956521739130435
UT,2023-05-01,Government,RN,11,245,0.044897959183673466
UT,2023-05-01,Non-Profit,CNA,41,250,0.164
UT,2023-05-01,Non-Profit,LPN,3,43,0.06976744186046512
UT,2023-05-01,Non-Profit,RN,6,81,0.07407407407407407
UT,2023-06-01,For-Profit,CNA,277,2379,0.1164354770912148
UT,2023-06-01,For-Profit,LPN,57,494,0.11538461538461539
UT,2023-06-01,For-Profit,RN,85,1023,0.08308895405669599
UT,2023-06-01,Government,CNA,61,631,0.09667194928684628
UT,2023-06-01,Government,LPN,8,116,0.06896551724137931
UT,2023-06-01,Government,RN,14,238,0.058823529411764705
UT,2023-06-01,Non-Profit,CNA,46,268,0.17164179104477612
UT,2023-06-01,Non-Profit,LPN,2,50,0.04
UT,2023-06-01,Non-Profit,RN,2,79,0.02531645569620253
UT,2023-07-01,For-Profit,CNA,269,2389,0.11259941398074508
UT,2023-07-01,For-Profit,LPN,42,521,0.08061420345489444
UT,2023-07-01,For-Profit,RN,90,1016,0.08858267716535433
UT,2023-07-01,Government,CNA,56,625,0.0896
UT,2023-07-01,Government,LPN,11,123,0.08943089430894309
UT,2023-07-01,Government,RN,12,238,0.05042016806722689
UT,2023-07-01,Non-Profit,CNA,39,258,0.1511627906976744
UT,2023-07-01,Non-Profit,LPN,5,51,0.09803921568627451
UT,2023-07-01,Non-Profit,RN,10,85,0.11764705882352941
UT,2023-08-01,For-Profit,CNA,300,2492,0.12038523274478331
UT,2023-08-01,For-Profit,LPN,37,539,0.0686456400742115
UT,2023-08-01,For-Profit,RN,64,1009,0.06342913776015857
UT,2023-08-01,Government,CNA,71,650,0.10923076923076923
UT,2023-08-01,Government,LPN,10,125,0.08
UT,2023-08-01,Government,RN,16,250,0.064
UT,2023-08-01,Non-Profit,CNA,22,242,0.09090909090909091
UT,2023-08-01,Non-Profit,LPN,5,41,0.12195121951219512
UT,2023-08-01,Non-Profit,RN,10,91,0.10989010989010989
UT,2023-09-01,For-Profit,CNA,269,2489,0.10807553234230614
UT,2023-09-01,For-Profit,LPN,44,539,0.08163265306122448
UT,2023-09-01,For-Profit,RN,71,1027,0.0691333982473223
UT,2023-09-01,Government,CNA,61,645,0.09457364341085271
UT,2023-09-01,Government,LPN,6,120,0.05
UT,2023-09-01,Government,RN,14,246,0.056910569105691054
UT,2023-09-01,Non-Profit,CNA,18,253,0.07114624505928854
UT,2023-09-01,Non-Profit,LPN,4,37,0.10810810810810811
UT,2023-09-01,Non-Profit,RN,7,83,0.08433734939759036
UT,2023-10-01,For-Profit,CNA,237,2535,0.09349112426035502
UT,2023-10-01,For-Profit,LPN,33,531,0.062146892655367235
UT,2023-10-01,For-Profit,RN,64,1027,0.062317429406037
UT,2023-10-01,Government,CNA,65,638,0.10188087774294671
UT,2023-10-01,Government,LPN,10,123,0.08130081300813008
UT,2023-10-01,Government,RN,10,254,0.03937007874015748
UT,2023-10-01,Non-Profit,CNA,20,262,0.07633587786259542
UT,2023-10-01,Non-Profit,LPN,3,46,0.06521739130434782
UT,2023-10-01,Non-Profit,RN,7,86,0.08139534883720931
UT,2023-11-01,For-Profit,CNA,253,2567,0.09855862874951304
UT,2023-11-01,For-Profit,LPN,40,540,0.07407407407407407
UT,2023-11-01,For-Profit,RN,58,1019,0.05691854759568204
UT,2023-11-01,Government,CNA,53,627,0.08452950558213716
UT,2023-11-01,Government,LPN,8,118,0.06779661016949153
UT,2023-11-01,Government,RN,12,266,0.045112781954887216
UT,2023-11-01,Non-Profit,CNA,11,253,0.043478260869565216
UT,2023-11-01,Non-Profit,LPN,3,41,0.07317073170731707
UT,2023-11-01,Non-Profit,RN,4,85,0.047058823529411764
UT,2023-12-01,For-Profit,CNA,364,2550,0.14274509803921567
UT,2023-12-01,For-Profit,LPN,60,548,0.10948905109489052
UT,2023-12-01,For-Profit,RN,87,1028,0.08463035019455253
UT,2023-12-01,Government,CNA,128,635,0.2015748031496063
UT,2023-12-01,Government,LPN,24,126,0.19047619047619047
UT,2023-12-01,Government,RN,55,271,0.2029520295202952
UT,2023-12-01,Non-Profit,CNA,27,259,0.10424710424710425
UT,2023-12-01,Non-Profit,LPN,3,44,0.06818181818181818
UT,2023-12-01,Non-Profit,RN,4,88,0.045454545454545456
UT,2024-01-01,For-Profit,CNA,259,2671,0.09696742792961438
UT,2024-01-01,For-Profit,LPN,59,577,0.1022530329289428
UT,2024-01-01,For-Profit,RN,69,1069,0.06454630495790459
UT,2024-01-01,Government,CNA,67,659,0.10166919575113809
UT,2024-01-01,Government,LPN,8,122,0.06557377049180328
UT,2024-01-01,Government,RN,10,266,0.03759398496240601
UT,2024-01-01,Non-Profit,CNA,12,248,0.04838709677419355
UT,2024-01-01,Non-Profit,LPN,3,43,0.06976744186046512
UT,2024-01-01,Non-Profit,RN,6,94,0.06382978723404255
UT,2024-02-01,For-Profit,CNA,235,2667,0.08811398575178103
UT,2024-02-01,For-Profit,LPN,47,557,0.0843806104129264
UT,2024-02-01,For-Profit,RN,64,1077,0.059424326833797586
UT,2024-02-01,Government,CNA,51,651,0.07834101382488479
UT,2024-02-01,Government,LPN,8,117,0.06837606837606838
UT,2024-02-01,Government,RN,13,270,0.04814814814814815
UT,2024-02-01,Non-Profit,CNA,24,264,0.09090909090909091
UT,2024-02-01,Non-Profit,LPN,3,50,0.06
UT,2024-02-01,Non-Profit,RN,9,96,0.09375
UT,2024-03-01,For-Profit,CNA,363,2703,0.13429522752497225
UT,2024-03-01,For-Profit,LPN,51,562,0.09074733096085409
UT,2024-03-01,For-Profit,RN,127,1075,0.11813953488372093
UT,2024-03-01,Government,CNA,63,665,0.09473684210526316
UT,2024-03-01,Government,LPN,10,117,0.08547008547008547
UT,2024-03-01,Government,RN,12,271,0.04428044280442804
UT,2024-03-01,Non-Profit,CNA,15,250,0.06
UT,2024-03-01,Non-Profit,LPN,3,54,0.05555555555555555
UT,2024-03-01,Non-Profit,RN,4,89,0.0449438202247191
UT,2024-04-01,For-Profit,CNA,297,2644,0.11232980332829047
UT,2024-04-01,For-Profit,LPN,42,553,0.0759493670886076
UT,2024-04-01,For-Profit,RN,73,1040,0.07019230769230769
UT,2024-04-01,Government,CNA,66,658,0.10030395136778116
UT,2024-04-01,Government,LPN,9,114,0.07894736842105263
UT,2024-04-01,Government,RN,7,280,0.025
UT,2024-04-01,Non-Profit,CNA,24,276,0.08695652173913043
UT,2024-04-01,Non-Profit,LPN,4,57,0.07017543859649122
UT,2024-04-01,Non-Profit,RN,1,96,0.010416666666666666
UT,2024-05-01,For-Profit,CNA,309,2708,0.11410635155096012
UT,2024-05-01,For-Profit,LPN,47,590,0.07966101694915254
UT,2024-05-01,For-Profit,RN,80,1115,0.07174887892376682
UT,2024-05-01,Government,CNA,37,648,0.05709876543209876
UT,2024-05-01,Government,LPN,11,116,0.09482758620689655
UT,2024-05-01,Government,RN,17,285,0.05964912280701754
UT,2024-05-01,Non-Profit,CNA,27,273,0.0989010989010989
UT,2024-05-01,Non-Profit,LPN,9,57,0.15789473684210525
UT,2024-05-01,Non-Profit,RN,6,96,0.0625
UT,2024-06-01,For-Profit,CNA,284,2665,0.10656660412757973
UT,2024-06-01,For-Profit,LPN,67,598,0.11204013377926421
UT,2024-06-01,For-Profit,RN,67,1092,0.06135531135531135
UT,2024-06-01,Government,CNA,65,676,0.09615384615384616
UT,2024-06-01,Government,LPN,9,120,0.075
UT,2024-06-01,Government,RN,18,286,0.06293706293706294
UT,2024-06-01,Non-Profit,CNA,34,283,0.12014134275618374
UT,2024-06-01,Non-Profit,LPN,4,54,0.07407407407407407
UT,2024-06-01,Non-Profit,RN,3,93,0.03225806451612903
UT,2024-07-01,For-Profit,CNA,261,2670,0.09775280898876404
UT,2024-07-01,For-Profit,LPN,37,591,0.06260575296108291
UT,2024-07-01,For-Profit,RN,76,1095,0.06940639269406393
UT,2024-07-01,Government,CNA,56,674,0.0830860534124629
UT,2024-07-01,Government,LPN,8,127,0.06299212598425197
UT,2024-07-01,Government,RN,13,287,0.04529616724738676
UT,2024-07-01,Non-Profit,CNA,33,271,0.12177121771217712
UT,2024-07-01,Non-Profit,LPN,4,53,0.07547169811320754
UT,2024-07-01,Non-Profit,RN,4,102,0.0392156862745098
UT,2024-08-01,For-Profit,CNA,332,2751,0.12068338785896038
UT,2024-08-01,For-Profit,LPN,67,615,0.10894308943089431
UT,2024-08-01,For-Profit,RN,70,1087,0.06439742410303588
UT,2024-08-01,Government,CNA,63,703,0.08961593172119488
UT,2024-08-01,Government,LPN,12,136,0.08823529411764706
UT,2024-08-01,Government,RN,20,290,0.06896551724137931
UT,2024-08-01,Non-Profit,CNA,35,274,0.12773722627737227
UT,2024-08-01,Non-Profit,LPN,5,51,0.09803921568627451
UT,2024-08-01,Non-Profit,RN,5,105,0.047619047619047616
UT,2024-09-01,For-Profit,CNA,292,2739,0.10660825118656445
UT,2024-09-01,For-Profit,LPN,62,595,0.10420168067226891
UT,2024-09-01,For-Profit,RN,75,1102,0.06805807622504537
UT,2024-09-01,Government,CNA,69,702,0.09829059829059829
UT,2024-09-01,Government,LPN,13,129,0.10077519379844961
UT,2024-09-01,Government,RN,21,294,0.07142857142857142
UT,2024-09-01,Non-Profit,CNA,31,271,0.11439114391143912
UT,2024-09-01,Non-Profit,LPN,3,49,0.061224489795918366
UT,2024-09-01,Non-Profit,RN,5,103,0.04854368932038835
UT,2024-10-01,For-Profit,CNA,264,2723,0.0969518912963643
UT,2024-10-01,For-Profit,LPN,36,584,0.06164383561643835
UT,2024-10-01,For-Profit,RN,62,1111,0.0558055805580558
UT,2024-10-01,Government,CNA,62,685,0.0905109489051095
UT,2024-10-01,Government,LPN,9,130,0.06923076923076923
UT,2024-10-01,Government,RN,19,291,0.06529209621993128
UT,2024-10-01,Non-Profit,CNA,26,271,0.0959409594095941
UT,2024-10-01,Non-Profit,LPN,1,55,0.01818181818181818
UT,2024-10-01,Non-Profit,RN,7,102,0.06862745098039216
UT,2024-11-01,For-Profit,CNA,256,2702,0.09474463360473723
UT,2024-11-01,For-Profit,LPN,20,572,0.03496503496503497
UT,2024-11-01,For-Profit,RN,70,1106,0.06329113924050633
UT,2024-11-01,Government,CNA,43,670,0.06417910447761194
UT,2024-11-01,Government,LPN,8,128,0.0625
UT,2024-11-01,Government,RN,15,298,0.050335570469798654
UT,2024-11-01,Non-Profit,CNA,14,261,0.05363984674329502
UT,2024-11-01,Non-Profit,LPN,0,55,0.0
UT,2024-11-01,Non-Profit,RN,7,98,0.07142857142857142
UT,2024-12-01,For-Profit,CNA,312,2713,0.11500184297825286
UT,2024-12-01,For-Profit,LPN,46,577,0.07972270363951472
UT,2024-12-01,For-Profit,RN,81,1086,0.07458563535911603
UT,2024-12-01,Government,CNA,99,693,0.14285714285714285
UT,2024-12-01,Government,LPN,13,130,0.1
UT,2024-12-01,Government,RN,32,296,0.10810810810810811
UT,2024-12-01,Non-Profit,CNA,34,277,0.12274368231046931
UT,2024-12-01,Non-Profit,LPN,4,56,0.07142857142857142
UT,2024-12-01,Non-Profit,RN,3,97,0.030927835051546393
UT,2025-01-01,For-Profit,CNA,259,2456,0.10545602605863193
UT,2025-01-01,For-Profit,LPN,35,531,0.06591337099811675
UT,2025-01-01,For-Profit,RN,45,952,0.04726890756302521
UT,2025-01-01,Government,CNA,48,631,0.07606973058637084
UT,2025-01-01,Government,LPN,9,119,0.07563025210084033
UT,2025-01-01,Government,RN,8,254,0.031496062992125984
UT,2025-01-01,Non-Profit,CNA,20,277,0.07220216606498195
UT,2025-01-01,Non-Profit,LPN,2,60,0.03333333333333333
UT,2025-01-01,Non-Profit,RN,4,104,0.038461538461538464
UT,2025-02-01,For-Profit,CNA,179,2660,0.06729323308270677
UT,2025-02-01,For-Profit,LPN,36,569,0.0632688927943761
UT,2025-02-01,For-Profit,RN,43,1108,0.0388086642599278
UT,2025-02-01,Government,CNA,48,702,0.06837606837606838
UT,2025-02-01,Government,LPN,10,133,0.07518796992481203
UT,2025-02-01,Government,RN,16,301,0.053156146179401995
UT,2025-02-01,Non-Profit,CNA,25,282,0.08865248226950355
UT,2025-02-01,Non-Profit,LPN,3,59,0.05084745762711865
UT,2025-02-01,Non-Profit,RN,3,114,0.02631578947368421
UT,2025-03-01,For-Profit,CNA,267,2747,0.09719694211867491
UT,2025-03-01,For-Profit,LPN,41,583,0.07032590051457976
UT,2025-03-01,For-Profit,RN,104,1176,0.08843537414965986
UT,2025-03-01,Government,CNA,71,732,0.09699453551912568
UT,2025-03-01,Government,LPN,7,131,0.05343511450381679
UT,2025-03-01,Government,RN,13,298,0.0436241610738255
UT,2025-03-01,Non-Profit,CNA,21,273,0.07692307692307693
UT,2025-03-01,Non-Profit,LPN,8,62,0.12903225806451613
UT,2025-03-01,Non-Profit,RN,12,117,0.10256410256410256
VA,2022-10-01,For-Profit,CNA,951,8391,0.11333571683947086
VA,2022-10-01,For-Profit,LPN,351,4212,0.08333333333333333
VA,2022-10-01,For-Profit,RN,188,2322,0.08096468561584841
VA,2022-10-01,Government,CNA,23,460,0.05
VA,2022-10-01,Government,LPN,7,235,0.029787234042553193
VA,2022-10-01,Government,RN,4,160,0.025
VA,2022-10-01,Non-Profit,CNA,170,2247,0.07565643079661771
VA,2022-10-01,Non-Profit,LPN,62,979,0.06332992849846783
VA,2022-10-01,Non-Profit,RN,38,671,0.05663189269746647
VA,2022-11-01,For-Profit,CNA,924,8233,0.11223126442366088
VA,2022-11-01,For-Profit,LPN,427,4237,0.10077885296200141
VA,2022-11-01,For-Profit,RN,230,2333,0.09858551221603086
VA,2022-11-01,Government,CNA,16,466,0.034334763948497854
VA,2022-11-01,Government,LPN,7,241,0.029045643153526972
VA,2022-11-01,Government,RN,6,168,0.03571428571428571
VA,2022-11-01,Non-Profit,CNA,121,2196,0.05510018214936248
VA,2022-11-01,Non-Profit,LPN,49,960,0.051041666666666666
VA,2022-11-01,Non-Profit,RN,35,685,0.051094890510948905
VA,2022-12-01,For-Profit,CNA,958,8202,0.11680078029748842
VA,2022-12-01,For-Profit,LPN,398,4235,0.09397874852420307
VA,2022-12-01,For-Profit,RN,278,2348,0.11839863713798977
VA,2022-12-01,Government,CNA,27,504,0.05357142857142857
VA,2022-12-01,Government,LPN,6,243,0.024691358024691357
VA,2022-12-01,Government,RN,8,162,0.04938271604938271
VA,2022-12-01,Non-Profit,CNA,238,2231,0.10667861945316001
VA,2022-12-01,Non-Profit,LPN,97,956,0.10146443514644352
VA,2022-12-01,Non-Profit,RN,59,682,0.08651026392961877
VA,2023-01-01,For-Profit,CNA,903,8475,0.10654867256637168
VA,2023-01-01,For-Profit,LPN,358,4352,0.0822610294117647
VA,2023-01-01,For-Profit,RN,214,2362,0.09060118543607112
VA,2023-01-01,Government,CNA,29,474,0.06118143459915612
VA,2023-01-01,Government,LPN,5,239,0.02092050209205021
VA,2023-01-01,Government,RN,6,162,0.037037037037037035
VA,2023-01-01,Non-Profit,CNA,190,2128,0.08928571428571429
VA,2023-01-01,Non-Profit,LPN,44,874,0.05034324942791762
VA,2023-01-01,Non-Profit,RN,31,657,0.0471841704718417
VA,2023-02-01,For-Profit,CNA,820,8457,0.09696109731583304
VA,2023-02-01,For-Profit,LPN,365,4314,0.0846082522021326
VA,2023-02-01,For-Profit,RN,212,2371,0.08941374947279629
VA,2023-02-01,Government,CNA,20,465,0.043010752688172046
VA,2023-02-01,Government,LPN,12,233,0.05150214592274678
VA,2023-02-01,Government,RN,7,153,0.0457516339869281
VA,2023-02-01,Non-Profit,CNA,152,2054,0.07400194741966894
VA,2023-02-01,Non-Profit,LPN,45,871,0.05166475315729047
VA,2023-02-01,Non-Profit,RN,40,655,0.061068702290076333
VA,2023-03-01,For-Profit,CNA,1045,8629,0.12110325646077182
VA,2023-03-01,For-Profit,LPN,415,4407,0.09416836850465168
VA,2023-03-01,For-Profit,RN,283,2422,0.11684558216350124
VA,2023-03-01,Government,CNA,55,481,0.11434511434511435
VA,2023-03-01,Government,LPN,19,229,0.08296943231441048
VA,2023-03-01,Government,RN,12,152,0.07894736842105263
VA,2023-03-01,Non-Profit,CNA,227,2114,0.10737937559129612
VA,2023-03-01,Non-Profit,LPN,61,864,0.07060185185185185
VA,2023-03-01,Non-Profit,RN,40,665,0.06015037593984962
VA,2023-04-01,For-Profit,CNA,879,8665,0.10144258511252163
VA,2023-04-01,For-Profit,LPN,366,4444,0.08235823582358236
VA,2023-04-01,For-Profit,RN,216,2414,0.08947804473902236
VA,2023-04-01,Government,CNA,22,504,0.04365079365079365
VA,2023-04-01,Government,LPN,9,250,0.036
VA,2023-04-01,Government,RN,8,157,0.050955414012738856
VA,2023-04-01,Non-Profit,CNA,135,2129,0.06341005166744951
VA,2023-04-01,Non-Profit,LPN,26,871,0.029850746268656716
VA,2023-04-01,Non-Profit,RN,26,677,0.03840472673559823
VA,2023-05-01,For-Profit,CNA,1539,9545,0.16123624934520692
VA,2023-05-01,For-Profit,LPN,659,4801,0.13726307019370965
VA,2023-05-01,For-Profit,RN,438,2615,0.16749521988527724
VA,2023-05-01,Government,CNA,31,520,0.05961538461538462
VA,2023-05-01,Government,LPN,11,248,0.04435483870967742
VA,2023-05-01,Government,RN,5,161,0.031055900621118012
VA,2023-05-01,Non-Profit,CNA,122,2165,0.05635103926096998
VA,2023-05-01,Non-Profit,LPN,32,907,0.03528114663726571
VA,2023-05-01,Non-Profit,RN,22,666,0.03303303303303303
VA,2023-06-01,For-Profit,CNA,954,9057,0.10533289168598874
VA,2023-06-01,For-Profit,LPN,430,4531,0.09490178768483779
VA,2023-06-01,For-Profit,RN,254,2465,0.10304259634888438
VA,2023-06-01,Government,CNA,29,521,0.05566218809980806
VA,2023-06-01,Government,LPN,11,251,0.043824701195219126
VA,2023-06-01,Government,RN,9,165,0.05454545454545454
VA,2023-06-01,Non-Profit,CNA,137,2199,0.062301045929968164
VA,2023-06-01,Non-Profit,LPN,69,899,0.07675194660734148
VA,2023-06-01,Non-Profit,RN,57,686,0.08309037900874636
VA,2023-07-01,For-Profit,CNA,909,9244,0.09833405452185201
VA,2023-07-01,For-Profit,LPN,352,4549,0.07737964387777534
VA,2023-07-01,For-Profit,RN,192,2399,0.08003334722801167
VA,2023-07-01,Government,CNA,30,535,0.056074766355140186
VA,2023-07-01,Government,LPN,5,248,0.020161290322580645
VA,2023-07-01,Government,RN,5,162,0.030864197530864196
VA,2023-07-01,Non-Profit,CNA,138,2273,0.06071271447426309
VA,2023-07-01,Non-Profit,LPN,43,929,0.04628632938643703
VA,2023-07-01,Non-Profit,RN,28,686,0.04081632653061224
VA,2023-08-01,For-Profit,CNA,1060,9506,0.11150852093414686
VA,2023-08-01,For-Profit,LPN,393,4660,0.08433476394849786
VA,2023-08-01,For-Profit,RN,252,2526,0.0997624703087886
VA,2023-08-01,Government,CNA,36,543,0.06629834254143646
VA,2023-08-01,Government,LPN,5,253,0.019762845849802372
VA,2023-08-01,Government,RN,9,158,0.056962025316455694
VA,2023-08-01,Non-Profit,CNA,177,2340,0.07564102564102564
VA,2023-08-01,Non-Profit,LPN,47,957,0.04911180773249739
VA,2023-08-01,Non-Profit,RN,36,707,0.05091937765205092
VA,2023-09-01,For-Profit,CNA,1012,9350,0.10823529411764705
VA,2023-09-01,For-Profit,LPN,452,4623,0.09777200951762925
VA,2023-09-01,For-Profit,RN,265,2457,0.10785510785510785
VA,2023-09-01,Government,CNA,42,542,0.07749077490774908
VA,2023-09-01,Government,LPN,11,260,0.04230769230769231
VA,2023-09-01,Government,RN,12,158,0.0759493670886076
VA,2023-09-01,Non-Profit,CNA,182,2308,0.07885615251299827
VA,2023-09-01,Non-Profit,LPN,88,958,0.0918580375782881
VA,2023-09-01,Non-Profit,RN,59,725,0.08137931034482758
VA,2023-10-01,For-Profit,CNA,843,9596,0.08784910379324719
VA,2023-10-01,For-Profit,LPN,358,4677,0.07654479367115673
VA,2023-10-01,For-Profit,RN,219,2482,0.08823529411764706
VA,2023-10-01,Government,CNA,21,530,0.03962264150943396
VA,2023-10-01,Government,LPN,9,256,0.03515625
VA,2023-10-01,Government,RN,4,156,0.02564102564102564
VA,2023-10-01,Non-Profit,CNA,130,2335,0.055674518201284794
VA,2023-10-01,Non-Profit,LPN,55,979,0.056179775280898875
VA,2023-10-01,Non-Profit,RN,37,742,0.04986522911051213
VA,2023-11-01,For-Profit,CNA,826,9602,0.08602374505311393
VA,2023-11-01,For-Profit,LPN,305,4654,0.06553502363558229
VA,2023-11-01,For-Profit,RN,228,2516,0.09062003179650238
VA,2023-11-01,Government,CNA,31,540,0.05740740740740741
VA,2023-11-01,Government,LPN,7,253,0.02766798418972332
VA,2023-11-01,Government,RN,4,154,0.025974025974025976
VA,2023-11-01,Non-Profit,CNA,168,2354,0.0713678844519966
VA,2023-11-01,Non-Profit,LPN,37,964,0.038381742738589214
VA,2023-11-01,Non-Profit,RN,47,743,0.063257065948856
VA,2023-12-01,For-Profit,CNA,1845,10477,0.176100028634151
VA,2023-12-01,For-Profit,LPN,788,5060,0.15573122529644268
VA,2023-12-01,For-Profit,RN,451,2670,0.16891385767790262
VA,2023-12-01,Government,CNA,25,527,0.04743833017077799
VA,2023-12-01,Government,LPN,8,251,0.03187250996015936
VA,2023-12-01,Government,RN,4,156,0.02564102564102564
VA,2023-12-01,Non-Profit,CNA,158,2329,0.0678402747960498
VA,2023-12-01,Non-Profit,LPN,65,959,0.06777893639207508
VA,2023-12-01,Non-Profit,RN,48,727,0.06602475928473177
VA,2024-01-01,For-Profit,CNA,824,9555,0.08623757195185766
VA,2024-01-01,For-Profit,LPN,333,4662,0.07142857142857142
VA,2024-01-01,For-Profit,RN,185,2466,0.07502027575020276
VA,2024-01-01,Government,CNA,17,540,0.03148148148148148
VA,2024-01-01,Government,LPN,5,251,0.0199203187250996
VA,2024-01-01,Government,RN,11,163,0.06748466257668712
VA,2024-01-01,Non-Profit,CNA,130,2343,0.05548442168160478
VA,2024-01-01,Non-Profit,LPN,52,973,0.05344295991778006
VA,2024-01-01,Non-Profit,RN,28,731,0.038303693570451436
VA,2024-02-01,For-Profit,CNA,795,9533,0.08339452428406588
VA,2024-02-01,For-Profit,LPN,304,4611,0.0659292995011928
VA,2024-02-01,For-Profit,RN,204,2516,0.08108108108108109
VA,2024-02-01,Government,CNA,31,548,0.05656934306569343
VA,2024-02-01,Government,LPN,10,257,0.038910505836575876
VA,2024-02-01,Government,RN,10,163,0.06134969325153374
VA,2024-02-01,Non-Profit,CNA,146,2330,0.06266094420600858
VA,2024-02-01,Non-Profit,LPN,46,967,0.047569803516028956
VA,2024-02-01,Non-Profit,RN,33,747,0.04417670682730924
VA,2024-03-01,For-Profit,CNA,864,9530,0.0906610703043022
VA,2024-03-01,For-Profit,LPN,350,4670,0.07494646680942184
VA,2024-03-01,For-Profit,RN,259,2549,0.10160847391133777
VA,2024-03-01,Government,CNA,32,542,0.05904059040590406
VA,2024-03-01,Government,LPN,8,258,0.031007751937984496
VA,2024-03-01,Government,RN,7,158,0.04430379746835443
VA,2024-03-01,Non-Profit,CNA,212,2371,0.08941374947279629
VA,2024-03-01,Non-Profit,LPN,58,958,0.060542797494780795
VA,2024-03-01,Non-Profit,RN,51,741,0.06882591093117409
VA,2024-04-01,For-Profit,CNA,780,9631,0.0809884747170595
VA,2024-04-01,For-Profit,LPN,330,4663,0.07076989062835085
VA,2024-04-01,For-Profit,RN,180,2558,0.07036747458952307
VA,2024-04-01,Government,CNA,33,549,0.060109289617486336
VA,2024-04-01,Government,LPN,10,263,0.03802281368821293
VA,2024-04-01,Government,RN,11,161,0.06832298136645963
VA,2024-04-01,Non-Profit,CNA,152,2366,0.06424344885883347
VA,2024-04-01,Non-Profit,LPN,50,973,0.051387461459403906
VA,2024-04-01,Non-Profit,RN,30,754,0.03978779840848806
VA,2024-05-01,For-Profit,CNA,787,9749,0.08072622833111089
VA,2024-05-01,For-Profit,LPN,311,4637,0.06706922579253828
VA,2024-05-01,For-Profit,RN,184,2545,0.07229862475442043
VA,2024-05-01,Government,CNA,35,549,0.06375227686703097
VA,2024-05-01,Government,LPN,13,257,0.05058365758754864
VA,2024-05-01,Government,RN,8,157,0.050955414012738856
VA,2024-05-01,Non-Profit,CNA,165,2389,0.06906655504395144
VA,2024-05-01,Non-Profit,LPN,49,967,0.050672182006204755
VA,2024-05-01,Non-Profit,RN,32,752,0.0425531914893617
VA,2024-06-01,For-Profit,CNA,785,9904,0.07926090468497576
VA,2024-06-01,For-Profit,LPN,309,4659,0.06632324533161622
VA,2024-06-01,For-Profit,RN,227,2582,0.0879163439194423
VA,2024-06-01,Government,CNA,40,555,0.07207207207207207
VA,2024-06-01,Government,LPN,15,259,0.05791505791505792
VA,2024-06-01,Government,RN,5,159,0.031446540880503145
VA,2024-06-01,Non-Profit,CNA,154,2410,0.06390041493775933
VA,2024-06-01,Non-Profit,LPN,62,988,0.06275303643724696
VA,2024-06-01,Non-Profit,RN,32,762,0.04199475065616798
VA,2024-07-01,For-Profit,CNA,852,10041,0.08485210636390798
VA,2024-07-01,For-Profit,LPN,372,4728,0.07868020304568528
VA,2024-07-01,For-Profit,RN,213,2628,0.08105022831050228
VA,2024-07-01,Government,CNA,38,574,0.06620209059233449
VA,2024-07-01,Government,LPN,6,261,0.022988505747126436
VA,2024-07-01,Government,RN,6,168,0.03571428571428571
VA,2024-07-01,Non-Profit,CNA,155,2430,0.06378600823045268
VA,2024-07-01,Non-Profit,LPN,64,973,0.065775950668037
VA,2024-07-01,Non-Profit,RN,34,779,0.043645699614890884
VA,2024-08-01,For-Profit,CNA,907,10061,0.09015008448464368
VA,2024-08-01,For-Profit,LPN,356,4669,0.07624759049046904
VA,2024-08-01,For-Profit,RN,227,2611,0.08693986978169284
VA,2024-08-01,Government,CNA,31,580,0.05344827586206897
VA,2024-08-01,Government,LPN,11,268,0.041044776119402986
VA,2024-08-01,Government,RN,4,166,0.024096385542168676
VA,2024-08-01,Non-Profit,CNA,157,2433,0.06452938758734073
VA,2024-08-01,Non-Profit,LPN,62,957,0.06478578892371996
VA,2024-08-01,Non-Profit,RN,39,791,0.0493046776232617
VA,2024-09-01,For-Profit,CNA,797,9857,0.08085624429339555
VA,2024-09-01,For-Profit,LPN,329,4657,0.07064633884474984
VA,2024-09-01,For-Profit,RN,223,2596,0.08590138674884437
VA,2024-09-01,Government,CNA,131,592,0.22128378378378377
VA,2024-09-01,Government,LPN,47,264,0.17803030303030304
VA,2024-09-01,Government,RN,40,168,0.23809523809523808
VA,2024-09-01,Non-Profit,CNA,179,2409,0.07430469074304691
VA,2024-09-01,Non-Profit,LPN,64,963,0.06645898234683281
VA,2024-09-01,Non-Profit,RN,41,781,0.052496798975672214
VA,2024-10-01,For-Profit,CNA,1255,10431,0.120314447320487
VA,2024-10-01,For-Profit,LPN,468,4839,0.09671419714817112
VA,2024-10-01,For-Profit,RN,302,2760,0.10942028985507246
VA,2024-10-01,Government,CNA,35,597,0.05862646566164154
VA,2024-10-01,Government,LPN,5,273,0.018315018315018316
VA,2024-10-01,Government,RN,7,177,0.03954802259887006
VA,2024-10-01,Non-Profit,CNA,144,2297,0.06269046582498912
VA,2024-10-01,Non-Profit,LPN,61,949,0.0642781875658588
VA,2024-10-01,Non-Profit,RN,48,836,0.05741626794258373
VA,2024-11-01,For-Profit,CNA,778,9971,0.07802627620098285
VA,2024-11-01,For-Profit,LPN,293,4654,0.06295659647614955
VA,2024-11-01,For-Profit,RN,207,2662,0.0777610818933133
VA,2024-11-01,Government,CNA,28,601,0.04658901830282862
VA,2024-11-01,Government,LPN,11,274,0.040145985401459854
VA,2024-11-01,Government,RN,9,183,0.04918032786885246
VA,2024-11-01,Non-Profit,CNA,140,2344,0.059726962457337884
VA,2024-11-01,Non-Profit,LPN,46,934,0.04925053533190578
VA,2024-11-01,Non-Profit,RN,39,832,0.046875
VA,2024-12-01,For-Profit,CNA,800,9955,0.0803616273229533
VA,2024-12-01,For-Profit,LPN,318,4608,0.06901041666666667
VA,2024-12-01,For-Profit,RN,236,2635,0.08956356736242885
VA,2024-12-01,Government,CNA,230,593,0.38785834738617203
VA,2024-12-01,Government,LPN,81,279,0.2903225806451613
VA,2024-12-01,Government,RN,66,182,0.3626373626373626
VA,2024-12-01,Non-Profit,CNA,166,2375,0.06989473684210526
VA,2024-12-01,Non-Profit,LPN,60,949,0.06322444678609063
VA,2024-12-01,Non-Profit,RN,88,826,0.10653753026634383
VA,2025-01-01,For-Profit,CNA,793,9897,0.0801252904920683
VA,2025-01-01,For-Profit,LPN,330,4643,0.07107473616196425
VA,2025-01-01,For-Profit,RN,248,2671,0.09284912017970798
VA,2025-01-01,Government,CNA,29,517,0.05609284332688588
VA,2025-01-01,Government,LPN,8,242,0.03305785123966942
VA,2025-01-01,Government,RN,12,152,0.07894736842105263
VA,2025-01-01,Non-Profit,CNA,151,2513,0.0600875447672105
VA,2025-01-01,Non-Profit,LPN,59,999,0.05905905905905906
VA,2025-01-01,Non-Profit,RN,41,788,0.05203045685279188
VA,2025-02-01,For-Profit,CNA,821,9898,0.08294604970701151
VA,2025-02-01,For-Profit,LPN,286,4596,0.06222802436901654
VA,2025-02-01,For-Profit,RN,249,2636,0.09446130500758726
VA,2025-02-01,Government,CNA,28,483,0.057971014492753624
VA,2025-02-01,Government,LPN,9,219,0.0410958904109589
VA,2025-02-01,Government,RN,7,124,0.056451612903225805
VA,2025-02-01,Non-Profit,CNA,148,2492,0.0593900481540931
VA,2025-02-01,Non-Profit,LPN,48,971,0.04943357363542739
VA,2025-02-01,Non-Profit,RN,33,790,0.04177215189873418
VA,2025-03-01,For-Profit,CNA,929,10033,0.09259443835343367
VA,2025-03-01,For-Profit,LPN,418,4683,0.089259021994448
VA,2025-03-01,For-Profit,RN,301,2677,0.11243929772132985
VA,2025-03-01,Government,CNA,139,476,0.2920168067226891
VA,2025-03-01,Government,LPN,40,222,0.18018018018018017
VA,2025-03-01,Government,RN,24,126,0.19047619047619047
VA,2025-03-01,Non-Profit,CNA,209,2515,0.0831013916500994
VA,2025-03-01,Non-Profit,LPN,63,970,0.06494845360824743
VA,2025-03-01,Non-Profit,RN,53,796,0.06658291457286432
VT,2022-10-01,For-Profit,CNA,62,676,0.09171597633136094
VT,2022-10-01,For-Profit,LPN,26,260,0.1
VT,2022-10-01,For-Profit,RN,15,221,0.06787330316742081
VT,2022-10-01,Government,CNA,0,33,0.0
VT,2022-10-01,Government,LPN,0,7,0.0
VT,2022-10-01,Government,RN,0,20,0.0
VT,2022-10-01,Non-Profit,CNA,16,268,0.05970149253731343
VT,2022-10-01,Non-Profit,LPN,7,89,0.07865168539325842
VT,2022-10-01,Non-Profit,RN,2,114,0.017543859649122806
VT,2022-11-01,For-Profit,CNA,46,641,0.0717628705148206
VT,2022-11-01,For-Profit,LPN,21,249,0.08433734939759036
VT,2022-11-01,For-Profit,RN,23,231,0.09956709956709957
VT,2022-11-01,Government,CNA,0,32,0.0
VT,2022-11-01,Government,LPN,0,7,0.0
VT,2022-11-01,Government,RN,0,20,0.0
VT,2022-11-01,Non-Profit,CNA,14,276,0.050724637681159424
VT,2022-11-01,Non-Profit,LPN,4,83,0.04819277108433735
VT,2022-11-01,Non-Profit,RN,3,120,0.025
VT,2022-12-01,For-Profit,CNA,56,654,0.0856269113149847
VT,2022-12-01,For-Profit,LPN,20,255,0.0784313725490196
VT,2022-12-01,For-Profit,RN,27,234,0.11538461538461539
VT,2022-12-01,Government,CNA,1,36,0.027777777777777776
VT,2022-12-01,Government,LPN,1,8,0.125
VT,2022-12-01,Government,RN,0,20,0.0
VT,2022-12-01,Non-Profit,CNA,14,273,0.05128205128205128
VT,2022-12-01,Non-Profit,LPN,5,88,0.056818181818181816
VT,2022-12-01,Non-Profit,RN,10,119,0.08403361344537816
VT,2023-01-01,For-Profit,CNA,46,667,0.06896551724137931
VT,2023-01-01,For-Profit,LPN,24,258,0.09302325581395349
VT,2023-01-01,For-Profit,RN,17,243,0.06995884773662552
VT,2023-01-01,Government,CNA,0,35,0.0
VT,2023-01-01,Government,LPN,0,7,0.0
VT,2023-01-01,Government,RN,0,22,0.0
VT,2023-01-01,Non-Profit,CNA,17,244,0.06967213114754098
VT,2023-01-01,Non-Profit,LPN,5,78,0.0641025641025641
VT,2023-01-01,Non-Profit,RN,6,111,0.05405405405405406
VT,2023-02-01,For-Profit,CNA,46,686,0.06705539358600583
VT,2023-02-01,For-Profit,LPN,26,267,0.09737827715355805
VT,2023-02-01,For-Profit,RN,16,254,0.06299212598425197
VT,2023-02-01,Government,CNA,0,36,0.0
VT,2023-02-01,Government,LPN,0,7,0.0
VT,2023-02-01,Government,RN,0,21,0.0
VT,2023-02-01,Non-Profit,CNA,14,241,0.058091286307053944
VT,2023-02-01,Non-Profit,LPN,6,78,0.07692307692307693
VT,2023-02-01,Non-Profit,RN,2,108,0.018518518518518517
VT,2023-03-01,For-Profit,CNA,68,696,0.09770114942528736
VT,2023-03-01,For-Profit,LPN,35,271,0.12915129151291513
VT,2023-03-01,For-Profit,RN,25,258,0.09689922480620156
VT,2023-03-01,Government,CNA,1,37,0.02702702702702703
VT,2023-03-01,Government,LPN,0,7,0.0
VT,2023-03-01,Government,RN,0,23,0.0
VT,2023-03-01,Non-Profit,CNA,14,241,0.058091286307053944
VT,2023-03-01,Non-Profit,LPN,2,78,0.02564102564102564
VT,2023-03-01,Non-Profit,RN,3,109,0.027522935779816515
VT,2023-04-01,For-Profit,CNA,65,698,0.09312320916905444
VT,2023-04-01,For-Profit,LPN,16,256,0.0625
VT,2023-04-01,For-Profit,RN,18,261,0.06896551724137931
VT,2023-04-01,Government,CNA,3,37,0.08108108108108109
VT,2023-04-01,Government,LPN,0,7,0.0
VT,2023-04-01,Government,RN,0,25,0.0
VT,2023-04-01,Non-Profit,CNA,19,261,0.07279693486590039
VT,2023-04-01,Non-Profit,LPN,9,88,0.10227272727272728
VT,2023-04-01,Non-Profit,RN,4,112,0.03571428571428571
VT,2023-05-01,For-Profit,CNA,54,697,0.07747489239598278
VT,2023-05-01,For-Profit,LPN,30,266,0.11278195488721804
VT,2023-05-01,For-Profit,RN,16,271,0.05904059040590406
VT,2023-05-01,Government,CNA,1,36,0.027777777777777776
VT,2023-05-01,Government,LPN,1,6,0.16666666666666666
VT,2023-05-01,Government,RN,1,25,0.04
VT,2023-05-01,Non-Profit,CNA,9,260,0.03461538461538462
VT,2023-05-01,Non-Profit,LPN,3,85,0.03529411764705882
VT,2023-05-01,Non-Profit,RN,3,115,0.02608695652173913
VT,2023-06-01,For-Profit,CNA,67,703,0.0953058321479374
VT,2023-06-01,For-Profit,LPN,33,242,0.13636363636363635
VT,2023-06-01,For-Profit,RN,28,283,0.0989399293286219
VT,2023-06-01,Government,CNA,0,34,0.0
VT,2023-06-01,Government,LPN,0,6,0.0
VT,2023-06-01,Government,RN,0,27,0.0
VT,2023-06-01,Non-Profit,CNA,15,275,0.05454545454545454
VT,2023-06-01,Non-Profit,LPN,9,82,0.10975609756097561
VT,2023-06-01,Non-Profit,RN,4,126,0.031746031746031744
VT,2023-07-01,For-Profit,CNA,63,675,0.09333333333333334
VT,2023-07-01,For-Profit,LPN,20,223,0.08968609865470852
VT,2023-07-01,For-Profit,RN,23,282,0.08156028368794327
VT,2023-07-01,Government,CNA,0,34,0.0
VT,2023-07-01,Government,LPN,0,6,0.0
VT,2023-07-01,Government,RN,0,27,0.0
VT,2023-07-01,Non-Profit,CNA,20,291,0.06872852233676977
VT,2023-07-01,Non-Profit,LPN,6,79,0.0759493670886076
VT,2023-07-01,Non-Profit,RN,8,130,0.06153846153846154
VT,2023-08-01,For-Profit,CNA,53,657,0.0806697108066971
VT,2023-08-01,For-Profit,LPN,22,230,0.09565217391304348
VT,2023-08-01,For-Profit,RN,24,285,0.08421052631578947
VT,2023-08-01,Government,CNA,0,36,0.0
VT,2023-08-01,Government,LPN,0,6,0.0
VT,2023-08-01,Government,RN,1,29,0.034482758620689655
VT,2023-08-01,Non-Profit,CNA,11,278,0.039568345323741004
VT,2023-08-01,Non-Profit,LPN,2,80,0.025
VT,2023-08-01,Non-Profit,RN,3,126,0.023809523809523808
VT,2023-09-01,For-Profit,CNA,57,642,0.08878504672897196
VT,2023-09-01,For-Profit,LPN,13,225,0.057777777777777775
VT,2023-09-01,For-Profit,RN,13,271,0.04797047970479705
VT,2023-09-01,Government,CNA,1,35,0.02857142857142857
VT,2023-09-01,Government,LPN,0,5,0.0
VT,2023-09-01,Government,RN,0,28,0.0
VT,2023-09-01,Non-Profit,CNA,49,275,0.1781818181818182
VT,2023-09-01,Non-Profit,LPN,9,75,0.12
VT,2023-09-01,Non-Profit,RN,15,127,0.11811023622047244
VT,2023-10-01,For-Profit,CNA,56,702,0.07977207977207977
VT,2023-10-01,For-Profit,LPN,17,235,0.07234042553191489
VT,2023-10-01,For-Profit,RN,13,280,0.04642857142857143
VT,2023-10-01,Government,CNA,0,35,0.0
VT,2023-10-01,Government,LPN,0,5,0.0
VT,2023-10-01,Government,RN,1,28,0.03571428571428571
VT,2023-10-01,Non-Profit,CNA,18,274,0.06569343065693431
VT,2023-10-01,Non-Profit,LPN,5,78,0.0641025641025641
VT,2023-10-01,Non-Profit,RN,8,124,0.06451612903225806
VT,2023-11-01,For-Profit,CNA,67,710,0.09436619718309859
VT,2023-11-01,For-Profit,LPN,12,230,0.05217391304347826
VT,2023-11-01,For-Profit,RN,13,275,0.04727272727272727
VT,2023-11-01,Government,CNA,1,38,0.02631578947368421
VT,2023-11-01,Government,LPN,0,5,0.0
VT,2023-11-01,Government,RN,2,27,0.07407407407407407
VT,2023-11-01,Non-Profit,CNA,8,274,0.029197080291970802
VT,2023-11-01,Non-Profit,LPN,1,77,0.012987012987012988
VT,2023-11-01,Non-Profit,RN,9,126,0.07142857142857142
VT,2023-12-01,For-Profit,CNA,55,687,0.08005822416302766
VT,2023-12-01,For-Profit,LPN,20,230,0.08695652173913043
VT,2023-12-01,For-Profit,RN,17,274,0.06204379562043796
VT,2023-12-01,Government,CNA,1,37,0.02702702702702703
VT,2023-12-01,Government,LPN,0,7,0.0
VT,2023-12-01,Government,RN,1,25,0.04
VT,2023-12-01,Non-Profit,CNA,22,271,0.08118081180811808
VT,2023-12-01,Non-Profit,LPN,8,83,0.0963855421686747
VT,2023-12-01,Non-Profit,RN,6,120,0.05
VT,2024-01-01,For-Profit,CNA,70,684,0.1023391812865497
VT,2024-01-01,For-Profit,LPN,21,228,0.09210526315789473
VT,2024-01-01,For-Profit,RN,14,270,0.05185185185185185
VT,2024-01-01,Government,CNA,0,35,0.0
VT,2024-01-01,Government,LPN,0,7,0.0
VT,2024-01-01,Government,RN,0,26,0.0
VT,2024-01-01,Non-Profit,CNA,19,268,0.0708955223880597
VT,2024-01-01,Non-Profit,LPN,4,84,0.047619047619047616
VT,2024-01-01,Non-Profit,RN,8,136,0.058823529411764705
VT,2024-02-01,For-Profit,CNA,67,667,0.10044977511244378
VT,2024-02-01,For-Profit,LPN,9,224,0.04017857142857143
VT,2024-02-01,For-Profit,RN,22,264,0.08333333333333333
VT,2024-02-01,Government,CNA,1,36,0.027777777777777776
VT,2024-02-01,Government,LPN,0,7,0.0
VT,2024-02-01,Government,RN,0,27,0.0
VT,2024-02-01,Non-Profit,CNA,16,266,0.06015037593984962
VT,2024-02-01,Non-Profit,LPN,5,87,0.05747126436781609
VT,2024-02-01,Non-Profit,RN,5,132,0.03787878787878788
VT,2024-03-01,For-Profit,CNA,56,661,0.08472012102874432
VT,2024-03-01,For-Profit,LPN,18,228,0.07894736842105263
VT,2024-03-01,For-Profit,RN,12,267,0.0449438202247191
VT,2024-03-01,Government,CNA,0,37,0.0
VT,2024-03-01,Government,LPN,0,6,0.0
VT,2024-03-01,Government,RN,1,27,0.037037037037037035
VT,2024-03-01,Non-Profit,CNA,30,268,0.11194029850746269
VT,2024-03-01,Non-Profit,LPN,5,87,0.05747126436781609
VT,2024-03-01,Non-Profit,RN,14,132,0.10606060606060606
VT,2024-04-01,For-Profit,CNA,44,643,0.06842923794712286
VT,2024-04-01,For-Profit,LPN,15,228,0.06578947368421052
VT,2024-04-01,For-Profit,RN,15,271,0.055350553505535055
VT,2024-04-01,Government,CNA,2,38,0.05263157894736842
VT,2024-04-01,Government,LPN,1,6,0.16666666666666666
VT,2024-04-01,Government,RN,0,26,0.0
VT,2024-04-01,Non-Profit,CNA,15,235,0.06382978723404255
VT,2024-04-01,Non-Profit,LPN,2,76,0.02631578947368421
VT,2024-04-01,Non-Profit,RN,5,112,0.044642857142857144
VT,2024-05-01,For-Profit,CNA,59,672,0.08779761904761904
VT,2024-05-01,For-Profit,LPN,18,234,0.07692307692307693
VT,2024-05-01,For-Profit,RN,13,265,0.04905660377358491
VT,2024-05-01,Government,CNA,0,36,0.0
VT,2024-05-01,Government,LPN,0,5,0.0
VT,2024-05-01,Government,RN,0,26,0.0
VT,2024-05-01,Non-Profit,CNA,17,228,0.07456140350877193
VT,2024-05-01,Non-Profit,LPN,9,78,0.11538461538461539
VT,2024-05-01,Non-Profit,RN,6,111,0.05405405405405406
VT,2024-06-01,For-Profit,CNA,55,680,0.08088235294117647
VT,2024-06-01,For-Profit,LPN,25,226,0.11061946902654868
VT,2024-06-01,For-Profit,RN,17,268,0.06343283582089553
VT,2024-06-01,Government,CNA,0,34,0.0
VT,2024-06-01,Government,LPN,0,4,0.0
VT,2024-06-01,Government,RN,2,26,0.07692307692307693
VT,2024-06-01,Non-Profit,CNA,11,227,0.048458149779735685
VT,2024-06-01,Non-Profit,LPN,5,72,0.06944444444444445
VT,2024-06-01,Non-Profit,RN,3,110,0.02727272727272727
VT,2024-07-01,For-Profit,CNA,85,711,0.11954992967651196
VT,2024-07-01,For-Profit,LPN,19,227,0.08370044052863436
VT,2024-07-01,For-Profit,RN,15,265,0.05660377358490566
VT,2024-07-01,Government,CNA,1,37,0.02702702702702703
VT,2024-07-01,Government,LPN,0,4,0.0
VT,2024-07-01,Government,RN,0,25,0.0
VT,2024-07-01,Non-Profit,CNA,23,300,0.07666666666666666
VT,2024-07-01,Non-Profit,LPN,7,101,0.06930693069306931
VT,2024-07-01,Non-Profit,RN,9,137,0.06569343065693431
VT,2024-08-01,For-Profit,CNA,73,693,0.10533910533910534
VT,2024-08-01,For-Profit,LPN,23,231,0.09956709956709957
VT,2024-08-01,For-Profit,RN,16,264,0.06060606060606061
VT,2024-08-01,Government,CNA,4,39,0.10256410256410256
VT,2024-08-01,Government,LPN,0,4,0.0
VT,2024-08-01,Government,RN,0,25,0.0
VT,2024-08-01,Non-Profit,CNA,19,303,0.0627062706270627
VT,2024-08-01,Non-Profit,LPN,5,101,0.04950495049504951
VT,2024-08-01,Non-Profit,RN,1,130,0.007692307692307693
VT,2024-09-01,For-Profit,CNA,75,675,0.1111111111111111
VT,2024-09-01,For-Profit,LPN,26,241,0.1078838174273859
VT,2024-09-01,For-Profit,RN,18,269,0.06691449814126393
VT,2024-09-01,Government,CNA,0,37,0.0
VT,2024-09-01,Government,LPN,0,5,0.0
VT,2024-09-01,Government,RN,0,26,0.0
VT,2024-09-01,Non-Profit,CNA,34,299,0.11371237458193979
VT,2024-09-01,Non-Profit,LPN,12,105,0.11428571428571428
VT,2024-09-01,Non-Profit,RN,14,133,0.10526315789473684
VT,2024-10-01,For-Profit,CNA,56,665,0.08421052631578947
VT,2024-10-01,For-Profit,LPN,14,236,0.059322033898305086
VT,2024-10-01,For-Profit,RN,16,267,0.0599250936329588
VT,2024-10-01,Government,CNA,1,38,0.02631578947368421
VT,2024-10-01,Government,LPN,0,5,0.0
VT,2024-10-01,Government,RN,1,27,0.037037037037037035
VT,2024-10-01,Non-Profit,CNA,12,250,0.048
VT,2024-10-01,Non-Profit,LPN,6,88,0.06818181818181818
VT,2024-10-01,Non-Profit,RN,5,111,0.04504504504504504
VT,2024-11-01,For-Profit,CNA,55,675,0.08148148148148149
VT,2024-11-01,For-Profit,LPN,13,238,0.0546218487394958
VT,2024-11-01,For-Profit,RN,15,261,0.05747126436781609
VT,2024-11-01,Government,CNA,0,38,0.0
VT,2024-11-01,Government,LPN,0,5,0.0
VT,2024-11-01,Government,RN,0,25,0.0
VT,2024-11-01,Non-Profit,CNA,11,272,0.04044117647058824
VT,2024-11-01,Non-Profit,LPN,5,84,0.05952380952380952
VT,2024-11-01,Non-Profit,RN,4,110,0.03636363636363636
VT,2024-12-01,For-Profit,CNA,56,699,0.08011444921316166
VT,2024-12-01,For-Profit,LPN,28,255,0.10980392156862745
VT,2024-12-01,For-Profit,RN,26,269,0.09665427509293681
VT,2024-12-01,Government,CNA,1,39,0.02564102564102564
VT,2024-12-01,Government,LPN,0,6,0.0
VT,2024-12-01,Government,RN,0,24,0.0
VT,2024-12-01,Non-Profit,CNA,18,268,0.06716417910447761
VT,2024-12-01,Non-Profit,LPN,7,88,0.07954545454545454
VT,2024-12-01,Non-Profit,RN,9,110,0.08181818181818182
VT,2025-01-01,For-Profit,CNA,57,713,0.07994389901823282
VT,2025-01-01,For-Profit,LPN,17,243,0.06995884773662552
VT,2025-01-01,For-Profit,RN,19,261,0.07279693486590039
VT,2025-01-01,Government,CNA,1,37,0.02702702702702703
VT,2025-01-01,Government,LPN,0,6,0.0
VT,2025-01-01,Government,RN,0,25,0.0
VT,2025-01-01,Non-Profit,CNA,20,318,0.06289308176100629
VT,2025-01-01,Non-Profit,LPN,5,102,0.049019607843137254
VT,2025-01-01,Non-Profit,RN,4,126,0.031746031746031744
VT,2025-02-01,For-Profit,CNA,53,719,0.0737134909596662
VT,2025-02-01,For-Profit,LPN,16,239,0.06694560669456066
VT,2025-02-01,For-Profit,RN,19,261,0.07279693486590039
VT,2025-02-01,Government,CNA,1,37,0.02702702702702703
VT,2025-02-01,Government,LPN,0,6,0.0
VT,2025-02-01,Government,RN,0,26,0.0
VT,2025-02-01,Non-Profit,CNA,22,310,0.07096774193548387
VT,2025-02-01,Non-Profit,LPN,6,92,0.06521739130434782
VT,2025-02-01,Non-Profit,RN,4,133,0.03007518796992481
VT,2025-03-01,For-Profit,CNA,70,727,0.09628610729023383
VT,2025-03-01,For-Profit,LPN,18,237,0.0759493670886076
VT,2025-03-01,For-Profit,RN,20,264,0.07575757575757576
VT,2025-03-01,Government,CNA,1,36,0.027777777777777776
VT,2025-03-01,Government,LPN,0,6,0.0
VT,2025-03-01,Government,RN,0,26,0.0
VT,2025-03-01,Non-Profit,CNA,26,317,0.08201892744479496
VT,2025-03-01,Non-Profit,LPN,4,96,0.041666666666666664
VT,2025-03-01,Non-Profit,RN,3,140,0.02142857142857143
WA,2022-10-01,For-Profit,CNA,411,5265,0.07806267806267807
WA,2022-10-01,For-Profit,LPN,124,1771,0.07001693958215698
WA,2022-10-01,For-Profit,RN,121,1777,0.06809229037703995
WA,2022-10-01,Government,CNA,8,237,0.03375527426160337
WA,2022-10-01,Government,LPN,1,52,0.019230769230769232
WA,2022-10-01,Government,RN,3,118,0.025423728813559324
WA,2022-10-01,Non-Profit,CNA,87,1196,0.07274247491638795
WA,2022-10-01,Non-Profit,LPN,12,297,0.04040404040404041
WA,2022-10-01,Non-Profit,RN,21,425,0.04941176470588235
WA,2022-11-01,For-Profit,CNA,387,5381,0.07191971752462367
WA,2022-11-01,For-Profit,LPN,107,1763,0.060692002268859895
WA,2022-11-01,For-Profit,RN,122,1782,0.06846240179573512
WA,2022-11-01,Government,CNA,11,239,0.04602510460251046
WA,2022-11-01,Government,LPN,4,53,0.07547169811320754
WA,2022-11-01,Government,RN,7,115,0.06086956521739131
WA,2022-11-01,Non-Profit,CNA,56,1111,0.050405040504050404
WA,2022-11-01,Non-Profit,LPN,10,284,0.035211267605633804
WA,2022-11-01,Non-Profit,RN,17,414,0.04106280193236715
WA,2022-12-01,For-Profit,CNA,468,5441,0.08601360044109539
WA,2022-12-01,For-Profit,LPN,107,1760,0.06079545454545455
WA,2022-12-01,For-Profit,RN,127,1758,0.07224118316268487
WA,2022-12-01,Government,CNA,7,233,0.030042918454935622
WA,2022-12-01,Government,LPN,3,51,0.058823529411764705
WA,2022-12-01,Government,RN,4,113,0.035398230088495575
WA,2022-12-01,Non-Profit,CNA,64,1098,0.058287795992714025
WA,2022-12-01,Non-Profit,LPN,20,295,0.06779661016949153
WA,2022-12-01,Non-Profit,RN,17,401,0.04239401496259352
WA,2023-01-01,For-Profit,CNA,412,5326,0.07735636500187758
WA,2023-01-01,For-Profit,LPN,109,1730,0.0630057803468208
WA,2023-01-01,For-Profit,RN,120,1727,0.06948465547191662
WA,2023-01-01,Government,CNA,8,239,0.03347280334728033
WA,2023-01-01,Government,LPN,1,48,0.020833333333333332
WA,2023-01-01,Government,RN,5,120,0.041666666666666664
WA,2023-01-01,Non-Profit,CNA,49,1148,0.042682926829268296
WA,2023-01-01,Non-Profit,LPN,12,287,0.041811846689895474
WA,2023-01-01,Non-Profit,RN,22,429,0.05128205128205128
WA,2023-02-01,For-Profit,CNA,394,5420,0.07269372693726937
WA,2023-02-01,For-Profit,LPN,110,1812,0.06070640176600441
WA,2023-02-01,For-Profit,RN,122,1750,0.06971428571428571
WA,2023-02-01,Government,CNA,10,237,0.04219409282700422
WA,2023-02-01,Government,LPN,3,49,0.061224489795918366
WA,2023-02-01,Government,RN,5,119,0.04201680672268908
WA,2023-02-01,Non-Profit,CNA,52,1158,0.044905008635578586
WA,2023-02-01,Non-Profit,LPN,9,294,0.030612244897959183
WA,2023-02-01,Non-Profit,RN,12,423,0.028368794326241134
WA,2023-03-01,For-Profit,CNA,527,5571,0.09459702028361155
WA,2023-03-01,For-Profit,LPN,117,1823,0.0641799232035107
WA,2023-03-01,For-Profit,RN,145,1792,0.08091517857142858
WA,2023-03-01,Government,CNA,10,271,0.03690036900369004
WA,2023-03-01,Government,LPN,0,50,0.0
WA,2023-03-01,Government,RN,6,118,0.05084745762711865
WA,2023-03-01,Non-Profit,CNA,146,1212,0.12046204620462046
WA,2023-03-01,Non-Profit,LPN,46,305,0.15081967213114755
WA,2023-03-01,Non-Profit,RN,44,430,0.10232558139534884
WA,2023-04-01,For-Profit,CNA,427,5601,0.07623638635957865
WA,2023-04-01,For-Profit,LPN,135,1862,0.07250268528464017
WA,2023-04-01,For-Profit,RN,118,1805,0.06537396121883657
WA,2023-04-01,Government,CNA,10,285,0.03508771929824561
WA,2023-04-01,Government,LPN,0,52,0.0
WA,2023-04-01,Government,RN,2,114,0.017543859649122806
WA,2023-04-01,Non-Profit,CNA,52,1044,0.04980842911877394
WA,2023-04-01,Non-Profit,LPN,17,274,0.06204379562043796
WA,2023-04-01,Non-Profit,RN,22,392,0.05612244897959184
WA,2023-05-01,For-Profit,CNA,467,5755,0.08114682884448306
WA,2023-05-01,For-Profit,LPN,118,1812,0.06512141280353201
WA,2023-05-01,For-Profit,RN,129,1827,0.07060755336617405
WA,2023-05-01,Government,CNA,13,289,0.04498269896193772
WA,2023-05-01,Government,LPN,2,54,0.037037037037037035
WA,2023-05-01,Government,RN,3,118,0.025423728813559324
WA,2023-05-01,Non-Profit,CNA,71,1057,0.06717123935666983
WA,2023-05-01,Non-Profit,LPN,21,262,0.08015267175572519
WA,2023-05-01,Non-Profit,RN,20,403,0.04962779156327544
WA,2023-06-01,For-Profit,CNA,510,5827,0.08752359704822378
WA,2023-06-01,For-Profit,LPN,149,1879,0.07929749866950506
WA,2023-06-01,For-Profit,RN,194,1832,0.10589519650655022
WA,2023-06-01,Government,CNA,12,285,0.042105263157894736
WA,2023-06-01,Government,LPN,1,52,0.019230769230769232
WA,2023-06-01,Government,RN,4,104,0.038461538461538464
WA,2023-06-01,Non-Profit,CNA,102,1065,0.09577464788732394
WA,2023-06-01,Non-Profit,LPN,35,263,0.13307984790874525
WA,2023-06-01,Non-Profit,RN,42,393,0.10687022900763359
WA,2023-07-01,For-Profit,CNA,538,5768,0.09327323162274619
WA,2023-07-01,For-Profit,LPN,173,1880,0.09202127659574467
WA,2023-07-01,For-Profit,RN,175,1865,0.0938337801608579
WA,2023-07-01,Government,CNA,31,312,0.09935897435897435
WA,2023-07-01,Government,LPN,12,62,0.1935483870967742
WA,2023-07-01,Government,RN,20,121,0.1652892561983471
WA,2023-07-01,Non-Profit,CNA,107,1221,0.08763308763308764
WA,2023-07-01,Non-Profit,LPN,26,286,0.09090909090909091
WA,2023-07-01,Non-Profit,RN,39,453,0.08609271523178808
WA,2023-08-01,For-Profit,CNA,542,5788,0.09364201796821009
WA,2023-08-01,For-Profit,LPN,137,1876,0.0730277185501066
WA,2023-08-01,For-Profit,RN,175,1882,0.09298618490967056
WA,2023-08-01,Government,CNA,14,300,0.04666666666666667
WA,2023-08-01,Government,LPN,0,50,0.0
WA,2023-08-01,Government,RN,3,110,0.02727272727272727
WA,2023-08-01,Non-Profit,CNA,89,1262,0.0705229793977813
WA,2023-08-01,Non-Profit,LPN,20,292,0.0684931506849315
WA,2023-08-01,Non-Profit,RN,27,462,0.05844155844155844
WA,2023-09-01,For-Profit,CNA,778,5735,0.13565823888404532
WA,2023-09-01,For-Profit,LPN,238,1907,0.12480335605663345
WA,2023-09-01,For-Profit,RN,286,1915,0.14934725848563968
WA,2023-09-01,Government,CNA,18,308,0.05844155844155844
WA,2023-09-01,Government,LPN,1,52,0.019230769230769232
WA,2023-09-01,Government,RN,4,108,0.037037037037037035
WA,2023-09-01,Non-Profit,CNA,83,1253,0.06624102154828412
WA,2023-09-01,Non-Profit,LPN,19,292,0.06506849315068493
WA,2023-09-01,Non-Profit,RN,28,465,0.060215053763440864
WA,2023-10-01,For-Profit,CNA,470,5762,0.08156889968760847
WA,2023-10-01,For-Profit,LPN,138,1928,0.07157676348547717
WA,2023-10-01,For-Profit,RN,118,1858,0.06350914962325081
WA,2023-10-01,Government,CNA,12,305,0.03934426229508197
WA,2023-10-01,Government,LPN,1,53,0.018867924528301886
WA,2023-10-01,Government,RN,4,120,0.03333333333333333
WA,2023-10-01,Non-Profit,CNA,65,1207,0.053852526926263466
WA,2023-10-01,Non-Profit,LPN,13,286,0.045454545454545456
WA,2023-10-01,Non-Profit,RN,21,466,0.045064377682403435
WA,2023-11-01,For-Profit,CNA,538,5918,0.09090909090909091
WA,2023-11-01,For-Profit,LPN,181,1991,0.09090909090909091
WA,2023-11-01,For-Profit,RN,167,1921,0.08693388859968766
WA,2023-11-01,Government,CNA,12,307,0.03908794788273615
WA,2023-11-01,Government,LPN,2,54,0.037037037037037035
WA,2023-11-01,Government,RN,3,124,0.024193548387096774
WA,2023-11-01,Non-Profit,CNA,55,1205,0.04564315352697095
WA,2023-11-01,Non-Profit,LPN,11,288,0.03819444444444445
WA,2023-11-01,Non-Profit,RN,17,463,0.0367170626349892
WA,2023-12-01,For-Profit,CNA,548,5898,0.0929128518141743
WA,2023-12-01,For-Profit,LPN,170,1962,0.08664627930682976
WA,2023-12-01,For-Profit,RN,154,1900,0.08105263157894736
WA,2023-12-01,Government,CNA,14,304,0.046052631578947366
WA,2023-12-01,Government,LPN,3,55,0.05454545454545454
WA,2023-12-01,Government,RN,5,129,0.03875968992248062
WA,2023-12-01,Non-Profit,CNA,134,1228,0.10912052117263844
WA,2023-12-01,Non-Profit,LPN,47,281,0.16725978647686832
WA,2023-12-01,Non-Profit,RN,40,458,0.08733624454148471
WA,2024-01-01,For-Profit,CNA,438,6069,0.07217004448838359
WA,2024-01-01,For-Profit,LPN,137,2020,0.06782178217821783
WA,2024-01-01,For-Profit,RN,161,2000,0.0805
WA,2024-01-01,Government,CNA,12,309,0.038834951456310676
WA,2024-01-01,Government,LPN,0,56,0.0
WA,2024-01-01,Government,RN,8,134,0.05970149253731343
WA,2024-01-01,Non-Profit,CNA,67,1219,0.054963084495488104
WA,2024-01-01,Non-Profit,LPN,10,277,0.036101083032490974
WA,2024-01-01,Non-Profit,RN,26,463,0.056155507559395246
WA,2024-02-01,For-Profit,CNA,438,6081,0.07202762703502713
WA,2024-02-01,For-Profit,LPN,141,2046,0.0689149560117302
WA,2024-02-01,For-Profit,RN,156,2010,0.07761194029850746
WA,2024-02-01,Government,CNA,13,317,0.04100946372239748
WA,2024-02-01,Government,LPN,0,57,0.0
WA,2024-02-01,Government,RN,7,134,0.05223880597014925
WA,2024-02-01,Non-Profit,CNA,63,1218,0.05172413793103448
WA,2024-02-01,Non-Profit,LPN,11,273,0.040293040293040296
WA,2024-02-01,Non-Profit,RN,18,466,0.03862660944206009
WA,2024-03-01,For-Profit,CNA,580,6257,0.09269618027808854
WA,2024-03-01,For-Profit,LPN,230,2138,0.10757717492984098
WA,2024-03-01,For-Profit,RN,197,2031,0.09699655342195962
WA,2024-03-01,Government,CNA,10,293,0.034129692832764506
WA,2024-03-01,Government,LPN,0,47,0.0
WA,2024-03-01,Government,RN,3,129,0.023255813953488372
WA,2024-03-01,Non-Profit,CNA,84,1249,0.06725380304243395
WA,2024-03-01,Non-Profit,LPN,16,272,0.058823529411764705
WA,2024-03-01,Non-Profit,RN,26,469,0.05543710021321962
WA,2024-04-01,For-Profit,CNA,476,6293,0.07563959955506118
WA,2024-04-01,For-Profit,LPN,157,2073,0.07573564881813796
WA,2024-04-01,For-Profit,RN,153,2035,0.07518427518427519
WA,2024-04-01,Government,CNA,13,321,0.040498442367601244
WA,2024-04-01,Government,LPN,1,63,0.015873015873015872
WA,2024-04-01,Government,RN,2,130,0.015384615384615385
WA,2024-04-01,Non-Profit,CNA,70,1250,0.056
WA,2024-04-01,Non-Profit,LPN,6,270,0.022222222222222223
WA,2024-04-01,Non-Profit,RN,23,476,0.04831932773109244
WA,2024-05-01,For-Profit,CNA,719,6519,0.11029298972235005
WA,2024-05-01,For-Profit,LPN,201,2103,0.09557774607703282
WA,2024-05-01,For-Profit,RN,216,2109,0.10241820768136557
WA,2024-05-01,Government,CNA,10,320,0.03125
WA,2024-05-01,Government,LPN,2,63,0.031746031746031744
WA,2024-05-01,Government,RN,3,131,0.022900763358778626
WA,2024-05-01,Non-Profit,CNA,63,1249,0.05044035228182546
WA,2024-05-01,Non-Profit,LPN,14,285,0.04912280701754386
WA,2024-05-01,Non-Profit,RN,22,470,0.04680851063829787
WA,2024-06-01,For-Profit,CNA,581,6309,0.09209066413060707
WA,2024-06-01,For-Profit,LPN,176,2066,0.08518877057115198
WA,2024-06-01,For-Profit,RN,191,2018,0.09464816650148662
WA,2024-06-01,Government,CNA,16,312,0.05128205128205128
WA,2024-06-01,Government,LPN,4,62,0.06451612903225806
WA,2024-06-01,Government,RN,3,138,0.021739130434782608
WA,2024-06-01,Non-Profit,CNA,87,1265,0.06877470355731226
WA,2024-06-01,Non-Profit,LPN,19,283,0.06713780918727916
WA,2024-06-01,Non-Profit,RN,25,473,0.052854122621564484
WA,2024-07-01,For-Profit,CNA,666,6255,0.10647482014388489
WA,2024-07-01,For-Profit,LPN,201,2074,0.09691417550626807
WA,2024-07-01,For-Profit,RN,185,2013,0.09190263288623944
WA,2024-07-01,Government,CNA,10,318,0.031446540880503145
WA,2024-07-01,Government,LPN,1,60,0.016666666666666666
WA,2024-07-01,Government,RN,0,140,0.0
WA,2024-07-01,Non-Profit,CNA,67,1194,0.05611390284757119
WA,2024-07-01,Non-Profit,LPN,20,280,0.07142857142857142
WA,2024-07-01,Non-Profit,RN,26,455,0.05714285714285714
WA,2024-08-01,For-Profit,CNA,552,6331,0.0871900173748223
WA,2024-08-01,For-Profit,LPN,146,2067,0.0706337687469763
WA,2024-08-01,For-Profit,RN,155,2027,0.07646768623581648
WA,2024-08-01,Government,CNA,9,324,0.027777777777777776
WA,2024-08-01,Government,LPN,3,59,0.05084745762711865
WA,2024-08-01,Government,RN,6,143,0.04195804195804196
WA,2024-08-01,Non-Profit,CNA,80,1207,0.06628003314001657
WA,2024-08-01,Non-Profit,LPN,15,271,0.055350553505535055
WA,2024-08-01,Non-Profit,RN,26,445,0.058426966292134834
WA,2024-09-01,For-Profit,CNA,545,6361,0.08567835246030499
WA,2024-09-01,For-Profit,LPN,147,2077,0.07077515647568608
WA,2024-09-01,For-Profit,RN,154,2055,0.07493917274939173
WA,2024-09-01,Government,CNA,12,338,0.03550295857988166
WA,2024-09-01,Government,LPN,7,66,0.10606060606060606
WA,2024-09-01,Government,RN,4,138,0.028985507246376812
WA,2024-09-01,Non-Profit,CNA,150,1207,0.12427506213753108
WA,2024-09-01,Non-Profit,LPN,52,273,0.19047619047619047
WA,2024-09-01,Non-Profit,RN,49,444,0.11036036036036036
WA,2024-10-01,For-Profit,CNA,442,6395,0.0691164972634871
WA,2024-10-01,For-Profit,LPN,142,2071,0.06856591018831483
WA,2024-10-01,For-Profit,RN,146,2100,0.06952380952380953
WA,2024-10-01,Government,CNA,13,347,0.037463976945244955
WA,2024-10-01,Government,LPN,2,59,0.03389830508474576
WA,2024-10-01,Government,RN,3,143,0.02097902097902098
WA,2024-10-01,Non-Profit,CNA,91,1239,0.07344632768361582
WA,2024-10-01,Non-Profit,LPN,11,274,0.040145985401459854
WA,2024-10-01,Non-Profit,RN,22,463,0.047516198704103674
WA,2024-11-01,For-Profit,CNA,413,6409,0.06444063036355126
WA,2024-11-01,For-Profit,LPN,143,2057,0.06951871657754011
WA,2024-11-01,For-Profit,RN,151,2063,0.07319437712069801
WA,2024-11-01,Government,CNA,11,348,0.031609195402298854
WA,2024-11-01,Government,LPN,3,60,0.05
WA,2024-11-01,Government,RN,9,155,0.05806451612903226
WA,2024-11-01,Non-Profit,CNA,69,1272,0.054245283018867926
WA,2024-11-01,Non-Profit,LPN,14,280,0.05
WA,2024-11-01,Non-Profit,RN,27,473,0.05708245243128964
WA,2024-12-01,For-Profit,CNA,455,6469,0.07033544597310248
WA,2024-12-01,For-Profit,LPN,116,2038,0.05691854759568204
WA,2024-12-01,For-Profit,RN,152,2068,0.0735009671179884
WA,2024-12-01,Government,CNA,9,352,0.02556818181818182
WA,2024-12-01,Government,LPN,6,56,0.10714285714285714
WA,2024-12-01,Government,RN,5,149,0.03355704697986577
WA,2024-12-01,Non-Profit,CNA,82,1269,0.06461780929866036
WA,2024-12-01,Non-Profit,LPN,11,279,0.03942652329749104
WA,2024-12-01,Non-Profit,RN,26,463,0.056155507559395246
WA,2025-01-01,For-Profit,CNA,436,6558,0.06648368405001524
WA,2025-01-01,For-Profit,LPN,136,2092,0.06500956022944551
WA,2025-01-01,For-Profit,RN,159,2098,0.0757864632983794
WA,2025-01-01,Government,CNA,16,352,0.045454545454545456
WA,2025-01-01,Government,LPN,3,53,0.05660377358490566
WA,2025-01-01,Government,RN,1,151,0.006622516556291391
WA,2025-01-01,Non-Profit,CNA,57,1291,0.044151820294345466
WA,2025-01-01,Non-Profit,LPN,9,286,0.03146853146853147
WA,2025-01-01,Non-Profit,RN,31,469,0.06609808102345416
WA,2025-02-01,For-Profit,CNA,439,6506,0.0674761758376883
WA,2025-02-01,For-Profit,LPN,129,2085,0.0618705035971223
WA,2025-02-01,For-Profit,RN,149,2085,0.07146282973621103
WA,2025-02-01,Government,CNA,5,349,0.014326647564469915
WA,2025-02-01,Government,LPN,0,52,0.0
WA,2025-02-01,Government,RN,4,154,0.025974025974025976
WA,2025-02-01,Non-Profit,CNA,52,1295,0.040154440154440155
WA,2025-02-01,Non-Profit,LPN,19,294,0.06462585034013606
WA,2025-02-01,Non-Profit,RN,27,463,0.058315334773218146
WA,2025-03-01,For-Profit,CNA,560,6684,0.08378216636744465
WA,2025-03-01,For-Profit,LPN,194,2144,0.09048507462686567
WA,2025-03-01,For-Profit,RN,182,2111,0.08621506395073425
WA,2025-03-01,Government,CNA,16,358,0.0446927374301676
WA,2025-03-01,Government,LPN,2,53,0.03773584905660377
WA,2025-03-01,Government,RN,10,153,0.06535947712418301
WA,2025-03-01,Non-Profit,CNA,68,1331,0.05108940646130729
WA,2025-03-01,Non-Profit,LPN,13,289,0.04498269896193772
WA,2025-03-01,Non-Profit,RN,21,466,0.045064377682403435
WI,2022-10-01,For-Profit,CNA,590,5773,0.10219989606790231
WI,2022-10-01,For-Profit,LPN,92,1429,0.06438068579426172
WI,2022-10-01,For-Profit,RN,125,1983,0.06303580433686334
WI,2022-10-01,Government,CNA,80,1860,0.043010752688172046
WI,2022-10-01,Government,LPN,18,314,0.05732484076433121
WI,2022-10-01,Government,RN,21,719,0.02920723226703755
WI,2022-10-01,Non-Profit,CNA,238,3007,0.07914865314266711
WI,2022-10-01,Non-Profit,LPN,28,592,0.0472972972972973
WI,2022-10-01,Non-Profit,RN,37,1082,0.034195933456561925
WI,2022-11-01,For-Profit,CNA,542,5796,0.09351276742581091
WI,2022-11-01,For-Profit,LPN,100,1419,0.07047216349541931
WI,2022-11-01,For-Profit,RN,121,2016,0.06001984126984127
WI,2022-11-01,Government,CNA,94,1880,0.05
WI,2022-11-01,Government,LPN,7,318,0.0220125786163522
WI,2022-11-01,Government,RN,21,729,0.02880658436213992
WI,2022-11-01,Non-Profit,CNA,212,3026,0.07005948446794448
WI,2022-11-01,Non-Profit,LPN,30,577,0.05199306759098787
WI,2022-11-01,Non-Profit,RN,48,1074,0.0446927374301676
WI,2022-12-01,For-Profit,CNA,700,5997,0.1167250291812573
WI,2022-12-01,For-Profit,LPN,155,1449,0.1069703243616287
WI,2022-12-01,For-Profit,RN,178,2022,0.08803165182987141
WI,2022-12-01,Government,CNA,103,1939,0.05312016503352243
WI,2022-12-01,Government,LPN,20,334,0.059880239520958084
WI,2022-12-01,Government,RN,35,735,0.047619047619047616
WI,2022-12-01,Non-Profit,CNA,270,3092,0.08732212160413971
WI,2022-12-01,Non-Profit,LPN,47,577,0.08145580589254767
WI,2022-12-01,Non-Profit,RN,76,1065,0.07136150234741784
WI,2023-01-01,For-Profit,CNA,701,6150,0.11398373983739837
WI,2023-01-01,For-Profit,LPN,134,1491,0.08987256874580818
WI,2023-01-01,For-Profit,RN,153,2085,0.07338129496402877
WI,2023-01-01,Government,CNA,95,1925,0.04935064935064935
WI,2023-01-01,Government,LPN,16,325,0.04923076923076923
WI,2023-01-01,Government,RN,20,730,0.0273972602739726
WI,2023-01-01,Non-Profit,CNA,242,3112,0.07776349614395887
WI,2023-01-01,Non-Profit,LPN,30,576,0.052083333333333336
WI,2023-01-01,Non-Profit,RN,71,1070,0.06635514018691589
WI,2023-02-01,For-Profit,CNA,568,5811,0.09774565479263465
WI,2023-02-01,For-Profit,LPN,125,1450,0.08620689655172414
WI,2023-02-01,For-Profit,RN,135,2027,0.06660088801184016
WI,2023-02-01,Government,CNA,61,1799,0.0339077265147304
WI,2023-02-01,Government,LPN,18,322,0.055900621118012424
WI,2023-02-01,Government,RN,20,723,0.027662517289073305
WI,2023-02-01,Non-Profit,CNA,159,2895,0.054922279792746116
WI,2023-02-01,Non-Profit,LPN,31,566,0.054770318021201414
WI,2023-02-01,Non-Profit,RN,68,1046,0.06500956022944551
WI,2023-03-01,For-Profit,CNA,719,6047,0.11890193484372416
WI,2023-03-01,For-Profit,LPN,132,1461,0.09034907597535935
WI,2023-03-01,For-Profit,RN,205,2109,0.09720246562351825
WI,2023-03-01,Government,CNA,153,1896,0.08069620253164557
WI,2023-03-01,Government,LPN,25,317,0.07886435331230283
WI,2023-03-01,Government,RN,44,733,0.06002728512960437
WI,2023-03-01,Non-Profit,CNA,255,3023,0.08435329143235197
WI,2023-03-01,Non-Profit,LPN,43,576,0.07465277777777778
WI,2023-03-01,Non-Profit,RN,88,1052,0.08365019011406843
WI,2023-04-01,For-Profit,CNA,550,5726,0.09605309116311561
WI,2023-04-01,For-Profit,LPN,83,1384,0.05997109826589595
WI,2023-04-01,For-Profit,RN,122,1958,0.06230847803881512
WI,2023-04-01,Government,CNA,81,1833,0.044189852700491
WI,2023-04-01,Government,LPN,20,323,0.06191950464396285
WI,2023-04-01,Government,RN,20,719,0.027816411682892908
WI,2023-04-01,Non-Profit,CNA,234,2972,0.07873485868102288
WI,2023-04-01,Non-Profit,LPN,31,571,0.0542907180385289
WI,2023-04-01,Non-Profit,RN,53,1084,0.048892988929889296
WI,2023-05-01,For-Profit,CNA,577,5982,0.09645603477097961
WI,2023-05-01,For-Profit,LPN,86,1420,0.06056338028169014
WI,2023-05-01,For-Profit,RN,141,1989,0.07088989441930618
WI,2023-05-01,Government,CNA,100,1870,0.053475935828877004
WI,2023-05-01,Government,LPN,16,304,0.05263157894736842
WI,2023-05-01,Government,RN,23,716,0.03212290502793296
WI,2023-05-01,Non-Profit,CNA,262,3134,0.08359923420548819
WI,2023-05-01,Non-Profit,LPN,26,569,0.04569420035149385
WI,2023-05-01,Non-Profit,RN,56,1103,0.050770625566636446
WI,2023-06-01,For-Profit,CNA,658,6079,0.10824148708669189
WI,2023-06-01,For-Profit,LPN,128,1453,0.088093599449415
WI,2023-06-01,For-Profit,RN,130,1966,0.06612410986775177
WI,2023-06-01,Government,CNA,82,1864,0.043991416309012876
WI,2023-06-01,Government,LPN,19,298,0.06375838926174497
WI,2023-06-01,Government,RN,26,718,0.036211699164345405
WI,2023-06-01,Non-Profit,CNA,367,3142,0.11680458306810948
WI,2023-06-01,Non-Profit,LPN,62,577,0.10745233968804159
WI,2023-06-01,Non-Profit,RN,113,1075,0.10511627906976745
WI,2023-07-01,For-Profit,CNA,553,6199,0.08920793676399419
WI,2023-07-01,For-Profit,LPN,115,1465,0.07849829351535836
WI,2023-07-01,For-Profit,RN,132,2016,0.06547619047619048
WI,2023-07-01,Government,CNA,92,1948,0.04722792607802875
WI,2023-07-01,Government,LPN,16,299,0.05351170568561873
WI,2023-07-01,Government,RN,28,753,0.03718459495351926
WI,2023-07-01,Non-Profit,CNA,264,3289,0.0802675585284281
WI,2023-07-01,Non-Profit,LPN,20,595,0.03361344537815126
WI,2023-07-01,Non-Profit,RN,32,1065,0.03004694835680751
WI,2023-08-01,For-Profit,CNA,666,6358,0.1047499213589179
WI,2023-08-01,For-Profit,LPN,109,1496,0.07286096256684492
WI,2023-08-01,For-Profit,RN,152,2071,0.07339449541284404
WI,2023-08-01,Government,CNA,86,1950,0.0441025641025641
WI,2023-08-01,Government,LPN,12,292,0.0410958904109589
WI,2023-08-01,Government,RN,23,738,0.03116531165311653
WI,2023-08-01,Non-Profit,CNA,276,3307,0.08345932869670396
WI,2023-08-01,Non-Profit,LPN,27,608,0.044407894736842105
WI,2023-08-01,Non-Profit,RN,38,1077,0.035283194057567316
WI,2023-09-01,For-Profit,CNA,655,6167,0.10621047510945354
WI,2023-09-01,For-Profit,LPN,112,1494,0.0749665327978581
WI,2023-09-01,For-Profit,RN,152,2085,0.07290167865707434
WI,2023-09-01,Government,CNA,83,1839,0.04513322457857531
WI,2023-09-01,Government,LPN,8,293,0.027303754266211604
WI,2023-09-01,Government,RN,25,747,0.03346720214190094
WI,2023-09-01,Non-Profit,CNA,259,3120,0.08301282051282051
WI,2023-09-01,Non-Profit,LPN,35,611,0.057283142389525366
WI,2023-09-01,Non-Profit,RN,45,1095,0.0410958904109589
WI,2023-10-01,For-Profit,CNA,605,6279,0.09635292243987896
WI,2023-10-01,For-Profit,LPN,93,1504,0.061835106382978726
WI,2023-10-01,For-Profit,RN,163,2110,0.07725118483412323
WI,2023-10-01,Government,CNA,80,1919,0.041688379364252216
WI,2023-10-01,Government,LPN,14,304,0.046052631578947366
WI,2023-10-01,Government,RN,26,745,0.0348993288590604
WI,2023-10-01,Non-Profit,CNA,249,3159,0.0788224121557455
WI,2023-10-01,Non-Profit,LPN,20,610,0.03278688524590164
WI,2023-10-01,Non-Profit,RN,55,1100,0.05
WI,2023-11-01,For-Profit,CNA,579,6384,0.09069548872180451
WI,2023-11-01,For-Profit,LPN,98,1542,0.06355382619974059
WI,2023-11-01,For-Profit,RN,127,2107,0.06027527289985762
WI,2023-11-01,Government,CNA,96,1976,0.048582995951417005
WI,2023-11-01,Government,LPN,14,295,0.04745762711864407
WI,2023-11-01,Government,RN,37,747,0.049531459170013385
WI,2023-11-01,Non-Profit,CNA,233,3230,0.07213622291021672
WI,2023-11-01,Non-Profit,LPN,31,617,0.050243111831442464
WI,2023-11-01,Non-Profit,RN,46,1098,0.04189435336976321
WI,2023-12-01,For-Profit,CNA,669,6547,0.102184206506797
WI,2023-12-01,For-Profit,LPN,132,1534,0.08604954367666232
WI,2023-12-01,For-Profit,RN,177,2104,0.0841254752851711
WI,2023-12-01,Government,CNA,137,2043,0.06705824767498776
WI,2023-12-01,Government,LPN,18,296,0.060810810810810814
WI,2023-12-01,Government,RN,38,734,0.051771117166212535
WI,2023-12-01,Non-Profit,CNA,316,3395,0.0930780559646539
WI,2023-12-01,Non-Profit,LPN,42,611,0.06873977086743044
WI,2023-12-01,Non-Profit,RN,77,1087,0.07083716651333946
WI,2024-01-01,For-Profit,CNA,657,6685,0.09827973074046373
WI,2024-01-01,For-Profit,LPN,101,1544,0.06541450777202072
WI,2024-01-01,For-Profit,RN,141,2094,0.0673352435530086
WI,2024-01-01,Government,CNA,71,2029,0.03499260719566289
WI,2024-01-01,Government,LPN,18,311,0.05787781350482315
WI,2024-01-01,Government,RN,17,735,0.02312925170068027
WI,2024-01-01,Non-Profit,CNA,220,3380,0.0650887573964497
WI,2024-01-01,Non-Profit,LPN,39,629,0.06200317965023847
WI,2024-01-01,Non-Profit,RN,46,1086,0.0423572744014733
WI,2024-02-01,For-Profit,CNA,525,6352,0.08265113350125945
WI,2024-02-01,For-Profit,LPN,84,1534,0.054758800521512385
WI,2024-02-01,For-Profit,RN,133,2082,0.06388088376560999
WI,2024-02-01,Government,CNA,67,1943,0.034482758620689655
WI,2024-02-01,Government,LPN,23,312,0.07371794871794872
WI,2024-02-01,Government,RN,23,752,0.030585106382978722
WI,2024-02-01,Non-Profit,CNA,254,3295,0.0770864946889226
WI,2024-02-01,Non-Profit,LPN,37,610,0.060655737704918035
WI,2024-02-01,Non-Profit,RN,64,1098,0.058287795992714025
WI,2024-03-01,For-Profit,CNA,836,6563,0.12738077098887704
WI,2024-03-01,For-Profit,LPN,132,1569,0.0841300191204589
WI,2024-03-01,For-Profit,RN,217,2107,0.10299003322259136
WI,2024-03-01,Government,CNA,91,1994,0.04563691073219659
WI,2024-03-01,Government,LPN,18,293,0.06143344709897611
WI,2024-03-01,Government,RN,33,768,0.04296875
WI,2024-03-01,Non-Profit,CNA,382,3394,0.11255156157925751
WI,2024-03-01,Non-Profit,LPN,55,602,0.09136212624584718
WI,2024-03-01,Non-Profit,RN,115,1086,0.10589318600368323
WI,2024-04-01,For-Profit,CNA,612,6485,0.0943716268311488
WI,2024-04-01,For-Profit,LPN,92,1565,0.05878594249201278
WI,2024-04-01,For-Profit,RN,130,2142,0.06069094304388422
WI,2024-04-01,Government,CNA,80,1869,0.042803638309256285
WI,2024-04-01,Government,LPN,12,282,0.0425531914893617
WI,2024-04-01,Government,RN,30,750,0.04
WI,2024-04-01,Non-Profit,CNA,212,3172,0.06683480453972257
WI,2024-04-01,Non-Profit,LPN,24,586,0.040955631399317405
WI,2024-04-01,Non-Profit,RN,46,991,0.04641775983854692
WI,2024-05-01,For-Profit,CNA,700,6749,0.10371906949177656
WI,2024-05-01,For-Profit,LPN,130,1598,0.08135168961201501
WI,2024-05-01,For-Profit,RN,147,2167,0.06783571758191048
WI,2024-05-01,Government,CNA,105,1976,0.05313765182186235
WI,2024-05-01,Government,LPN,11,286,0.038461538461538464
WI,2024-05-01,Government,RN,23,742,0.03099730458221024
WI,2024-05-01,Non-Profit,CNA,292,3444,0.08478513356562137
WI,2024-05-01,Non-Profit,LPN,28,592,0.0472972972972973
WI,2024-05-01,Non-Profit,RN,35,1001,0.03496503496503497
WI,2024-06-01,For-Profit,CNA,698,6682,0.10445974259203832
WI,2024-06-01,For-Profit,LPN,162,1586,0.1021437578814628
WI,2024-06-01,For-Profit,RN,150,2152,0.06970260223048327
WI,2024-06-01,Government,CNA,91,1916,0.04749478079331942
WI,2024-06-01,Government,LPN,19,270,0.07037037037037037
WI,2024-06-01,Government,RN,24,717,0.03347280334728033
WI,2024-06-01,Non-Profit,CNA,296,3533,0.08378148881969998
WI,2024-06-01,Non-Profit,LPN,54,613,0.08809135399673736
WI,2024-06-01,Non-Profit,RN,48,1035,0.0463768115942029
WI,2024-07-01,For-Profit,CNA,614,6769,0.0907076377603782
WI,2024-07-01,For-Profit,LPN,110,1593,0.06905210295040803
WI,2024-07-01,For-Profit,RN,150,2248,0.06672597864768683
WI,2024-07-01,Government,CNA,105,2170,0.04838709677419355
WI,2024-07-01,Government,LPN,13,297,0.04377104377104377
WI,2024-07-01,Government,RN,30,761,0.03942181340341656
WI,2024-07-01,Non-Profit,CNA,249,3759,0.06624102154828412
WI,2024-07-01,Non-Profit,LPN,42,668,0.06287425149700598
WI,2024-07-01,Non-Profit,RN,51,1133,0.04501323918799647
WI,2024-08-01,For-Profit,CNA,678,6835,0.0991953182150695
WI,2024-08-01,For-Profit,LPN,133,1630,0.08159509202453988
WI,2024-08-01,For-Profit,RN,172,2254,0.07630878438331855
WI,2024-08-01,Government,CNA,124,2192,0.05656934306569343
WI,2024-08-01,Government,LPN,9,303,0.0297029702970297
WI,2024-08-01,Government,RN,31,774,0.040051679586563305
WI,2024-08-01,Non-Profit,CNA,334,3860,0.08652849740932643
WI,2024-08-01,Non-Profit,LPN,45,660,0.06818181818181818
WI,2024-08-01,Non-Profit,RN,41,1114,0.03680430879712747
WI,2024-09-01,For-Profit,CNA,724,6512,0.11117936117936118
WI,2024-09-01,For-Profit,LPN,172,1593,0.10797237915881984
WI,2024-09-01,For-Profit,RN,255,2223,0.11470985155195682
WI,2024-09-01,Government,CNA,132,2051,0.0643588493417845
WI,2024-09-01,Government,LPN,9,311,0.028938906752411574
WI,2024-09-01,Government,RN,35,748,0.04679144385026738
WI,2024-09-01,Non-Profit,CNA,307,3602,0.08523042754025541
WI,2024-09-01,Non-Profit,LPN,36,665,0.05413533834586466
WI,2024-09-01,Non-Profit,RN,61,1127,0.05412599822537711
WI,2024-10-01,For-Profit,CNA,563,6504,0.0865621156211562
WI,2024-10-01,For-Profit,LPN,96,1575,0.06095238095238095
WI,2024-10-01,For-Profit,RN,153,2181,0.07015130674002751
WI,2024-10-01,Government,CNA,79,2047,0.03859306301905227
WI,2024-10-01,Government,LPN,18,327,0.05504587155963303
WI,2024-10-01,Government,RN,21,745,0.028187919463087248
WI,2024-10-01,Non-Profit,CNA,298,3637,0.08193566125927963
WI,2024-10-01,Non-Profit,LPN,43,692,0.06213872832369942
WI,2024-10-01,Non-Profit,RN,50,1135,0.04405286343612335
WI,2024-11-01,For-Profit,CNA,540,6558,0.08234217749313816
WI,2024-11-01,For-Profit,LPN,101,1581,0.06388361796331436
WI,2024-11-01,For-Profit,RN,167,2202,0.07584014532243415
WI,2024-11-01,Government,CNA,125,2119,0.05899008966493629
WI,2024-11-01,Government,LPN,12,304,0.039473684210526314
WI,2024-11-01,Government,RN,26,742,0.03504043126684636
WI,2024-11-01,Non-Profit,CNA,206,3707,0.05557054221742649
WI,2024-11-01,Non-Profit,LPN,30,677,0.04431314623338257
WI,2024-11-01,Non-Profit,RN,40,1137,0.03518029903254178
WI,2024-12-01,For-Profit,CNA,718,6778,0.10593095308350546
WI,2024-12-01,For-Profit,LPN,129,1582,0.08154235145385588
WI,2024-12-01,For-Profit,RN,219,2176,0.10064338235294118
WI,2024-12-01,Government,CNA,111,2156,0.05148423005565863
WI,2024-12-01,Government,LPN,24,311,0.07717041800643087
WI,2024-12-01,Government,RN,21,744,0.028225806451612902
WI,2024-12-01,Non-Profit,CNA,258,3866,0.06673564407656493
WI,2024-12-01,Non-Profit,LPN,45,694,0.06484149855907781
WI,2024-12-01,Non-Profit,RN,53,1118,0.04740608228980322
WI,2025-01-01,For-Profit,CNA,631,6799,0.0928077658479188
WI,2025-01-01,For-Profit,LPN,128,1614,0.07930607187112763
WI,2025-01-01,For-Profit,RN,187,2193,0.08527131782945736
WI,2025-01-01,Government,CNA,97,2170,0.04470046082949309
WI,2025-01-01,Government,LPN,21,308,0.06818181818181818
WI,2025-01-01,Government,RN,21,748,0.02807486631016043
WI,2025-01-01,Non-Profit,CNA,307,3987,0.07700025081514923
WI,2025-01-01,Non-Profit,LPN,50,687,0.07278020378457059
WI,2025-01-01,Non-Profit,RN,53,1156,0.045847750865051905
WI,2025-02-01,For-Profit,CNA,579,6551,0.08838345290795298
WI,2025-02-01,For-Profit,LPN,103,1603,0.06425452276980662
WI,2025-02-01,For-Profit,RN,190,2194,0.08659981768459435
WI,2025-02-01,Government,CNA,109,2051,0.05314480741101901
WI,2025-02-01,Government,LPN,21,300,0.07
WI,2025-02-01,Government,RN,18,739,0.02435723951285521
WI,2025-02-01,Non-Profit,CNA,265,3709,0.07144782960366676
WI,2025-02-01,Non-Profit,LPN,37,669,0.05530642750373692
WI,2025-02-01,Non-Profit,RN,49,1168,0.04195205479452055
WI,2025-03-01,For-Profit,CNA,658,6673,0.09860632399220741
WI,2025-03-01,For-Profit,LPN,128,1612,0.0794044665012407
WI,2025-03-01,For-Profit,RN,165,2111,0.07816200852676457
WI,2025-03-01,Government,CNA,102,2121,0.04809052333804809
WI,2025-03-01,Government,LPN,10,290,0.034482758620689655
WI,2025-03-01,Government,RN,31,734,0.04223433242506812
WI,2025-03-01,Non-Profit,CNA,304,3786,0.08029582673005811
WI,2025-03-01,Non-Profit,LPN,44,677,0.06499261447562776
WI,2025-03-01,Non-Profit,RN,87,1175,0.07404255319148936
WV,2022-10-01,For-Profit,CNA,282,3405,0.0828193832599119
WV,2022-10-01,For-Profit,LPN,71,1325,0.05358490566037736
WV,2022-10-01,For-Profit,RN,47,1038,0.04527938342967245
WV,2022-10-01,Government,CNA,2,33,0.06060606060606061
WV,2022-10-01,Government,LPN,1,20,0.05
WV,2022-10-01,Government,RN,0,29,0.0
WV,2022-10-01,Non-Profit,CNA,44,496,0.08870967741935484
WV,2022-10-01,Non-Profit,LPN,3,171,0.017543859649122806
WV,2022-10-01,Non-Profit,RN,7,161,0.043478260869565216
WV,2022-11-01,For-Profit,CNA,229,3407,0.06721455826240094
WV,2022-11-01,For-Profit,LPN,67,1323,0.050642479213907785
WV,2022-11-01,For-Profit,RN,55,1040,0.052884615384615384
WV,2022-11-01,Government,CNA,0,30,0.0
WV,2022-11-01,Government,LPN,0,19,0.0
WV,2022-11-01,Government,RN,1,30,0.03333333333333333
WV,2022-11-01,Non-Profit,CNA,25,499,0.050100200400801605
WV,2022-11-01,Non-Profit,LPN,10,178,0.056179775280898875
WV,2022-11-01,Non-Profit,RN,4,164,0.024390243902439025
WV,2022-12-01,For-Profit,CNA,288,3410,0.0844574780058651
WV,2022-12-01,For-Profit,LPN,72,1325,0.05433962264150943
WV,2022-12-01,For-Profit,RN,63,1038,0.06069364161849711
WV,2022-12-01,Government,CNA,0,29,0.0
WV,2022-12-01,Government,LPN,0,19,0.0
WV,2022-12-01,Government,RN,2,28,0.07142857142857142
WV,2022-12-01,Non-Profit,CNA,62,489,0.12678936605316973
WV,2022-12-01,Non-Profit,LPN,30,173,0.17341040462427745
WV,2022-12-01,Non-Profit,RN,27,166,0.16265060240963855
WV,2023-01-01,For-Profit,CNA,279,3411,0.08179419525065963
WV,2023-01-01,For-Profit,LPN,80,1322,0.060514372163388806
WV,2023-01-01,For-Profit,RN,49,1035,0.04734299516908213
WV,2023-01-01,Government,CNA,1,30,0.03333333333333333
WV,2023-01-01,Government,LPN,0,20,0.0
WV,2023-01-01,Government,RN,0,31,0.0
WV,2023-01-01,Non-Profit,CNA,29,485,0.05979381443298969
WV,2023-01-01,Non-Profit,LPN,4,178,0.02247191011235955
WV,2023-01-01,Non-Profit,RN,9,161,0.055900621118012424
WV,2023-02-01,For-Profit,CNA,286,3384,0.08451536643026004
WV,2023-02-01,For-Profit,LPN,87,1310,0.06641221374045801
WV,2023-02-01,For-Profit,RN,58,1035,0.05603864734299517
WV,2023-02-01,Government,CNA,0,28,0.0
WV,2023-02-01,Government,LPN,0,20,0.0
WV,2023-02-01,Government,RN,0,32,0.0
WV,2023-02-01,Non-Profit,CNA,27,480,0.05625
WV,2023-02-01,Non-Profit,LPN,5,176,0.028409090909090908
WV,2023-02-01,Non-Profit,RN,6,152,0.039473684210526314
WV,2023-03-01,For-Profit,CNA,456,3588,0.12709030100334448
WV,2023-03-01,For-Profit,LPN,103,1339,0.07692307692307693
WV,2023-03-01,For-Profit,RN,152,1106,0.13743218806509946
WV,2023-03-01,Government,CNA,1,28,0.03571428571428571
WV,2023-03-01,Government,LPN,0,21,0.0
WV,2023-03-01,Government,RN,0,32,0.0
WV,2023-03-01,Non-Profit,CNA,79,486,0.16255144032921812
WV,2023-03-01,Non-Profit,LPN,15,175,0.08571428571428572
WV,2023-03-01,Non-Profit,RN,21,149,0.14093959731543623
WV,2023-04-01,For-Profit,CNA,862,3933,0.21917111619628782
WV,2023-04-01,For-Profit,LPN,335,1593,0.21029504080351538
WV,2023-04-01,For-Profit,RN,227,1207,0.188069594034797
WV,2023-04-01,Government,CNA,1,27,0.037037037037037035
WV,2023-04-01,Government,LPN,0,21,0.0
WV,2023-04-01,Government,RN,1,32,0.03125
WV,2023-04-01,Non-Profit,CNA,23,437,0.05263157894736842
WV,2023-04-01,Non-Profit,LPN,7,151,0.046357615894039736
WV,2023-04-01,Non-Profit,RN,6,136,0.04411764705882353
WV,2023-05-01,For-Profit,CNA,299,3447,0.08674209457499275
WV,2023-05-01,For-Profit,LPN,83,1351,0.0614359733530718
WV,2023-05-01,For-Profit,RN,48,1036,0.04633204633204633
WV,2023-05-01,Government,CNA,1,26,0.038461538461538464
WV,2023-05-01,Government,LPN,0,21,0.0
WV,2023-05-01,Government,RN,1,31,0.03225806451612903
WV,2023-05-01,Non-Profit,CNA,23,464,0.04956896551724138
WV,2023-05-01,Non-Profit,LPN,5,155,0.03225806451612903
WV,2023-05-01,Non-Profit,RN,7,137,0.051094890510948905
WV,2023-06-01,For-Profit,CNA,337,3495,0.09642346208869813
WV,2023-06-01,For-Profit,LPN,112,1351,0.08290155440414508
WV,2023-06-01,For-Profit,RN,88,1071,0.08216619981325864
WV,2023-06-01,Government,CNA,0,25,0.0
WV,2023-06-01,Government,LPN,0,21,0.0
WV,2023-06-01,Government,RN,0,30,0.0
WV,2023-06-01,Non-Profit,CNA,25,462,0.05411255411255411
WV,2023-06-01,Non-Profit,LPN,12,153,0.0784313725490196
WV,2023-06-01,Non-Profit,RN,5,134,0.03731343283582089
WV,2023-07-01,For-Profit,CNA,318,3590,0.08857938718662953
WV,2023-07-01,For-Profit,LPN,88,1403,0.06272273699215966
WV,2023-07-01,For-Profit,RN,63,1084,0.058118081180811805
WV,2023-07-01,Government,CNA,0,17,0.0
WV,2023-07-01,Government,LPN,2,20,0.1
WV,2023-07-01,Government,RN,1,30,0.03333333333333333
WV,2023-07-01,Non-Profit,CNA,24,505,0.047524752475247525
WV,2023-07-01,Non-Profit,LPN,4,172,0.023255813953488372
WV,2023-07-01,Non-Profit,RN,2,159,0.012578616352201259
WV,2023-08-01,For-Profit,CNA,328,3624,0.09050772626931568
WV,2023-08-01,For-Profit,LPN,90,1433,0.0628053035589672
WV,2023-08-01,For-Profit,RN,56,1065,0.05258215962441314
WV,2023-08-01,Government,CNA,0,21,0.0
WV,2023-08-01,Government,LPN,0,18,0.0
WV,2023-08-01,Government,RN,0,29,0.0
WV,2023-08-01,Non-Profit,CNA,27,451,0.0598669623059867
WV,2023-08-01,Non-Profit,LPN,5,163,0.03067484662576687
WV,2023-08-01,Non-Profit,RN,11,160,0.06875
WV,2023-09-01,For-Profit,CNA,314,3600,0.08722222222222223
WV,2023-09-01,For-Profit,LPN,80,1422,0.05625879043600562
WV,2023-09-01,For-Profit,RN,74,1038,0.07129094412331406
WV,2023-09-01,Government,CNA,0,22,0.0
WV,2023-09-01,Government,LPN,0,19,0.0
WV,2023-09-01,Government,RN,1,28,0.03571428571428571
WV,2023-09-01,Non-Profit,CNA,34,447,0.07606263982102908
WV,2023-09-01,Non-Profit,LPN,9,161,0.055900621118012424
WV,2023-09-01,Non-Profit,RN,15,168,0.08928571428571429
WV,2023-10-01,For-Profit,CNA,289,3636,0.07948294829482948
WV,2023-10-01,For-Profit,LPN,91,1435,0.06341463414634146
WV,2023-10-01,For-Profit,RN,73,1094,0.06672760511882998
WV,2023-10-01,Government,CNA,2,28,0.07142857142857142
WV,2023-10-01,Government,LPN,0,20,0.0
WV,2023-10-01,Government,RN,0,29,0.0
WV,2023-10-01,Non-Profit,CNA,29,503,0.05765407554671968
WV,2023-10-01,Non-Profit,LPN,8,175,0.045714285714285714
WV,2023-10-01,Non-Profit,RN,14,182,0.07692307692307693
WV,2023-11-01,For-Profit,CNA,255,3640,0.07005494505494506
WV,2023-11-01,For-Profit,LPN,61,1427,0.042747021723896286
WV,2023-11-01,For-Profit,RN,72,1100,0.06545454545454546
WV,2023-11-01,Government,CNA,2,27,0.07407407407407407
WV,2023-11-01,Government,LPN,1,20,0.05
WV,2023-11-01,Government,RN,0,30,0.0
WV,2023-11-01,Non-Profit,CNA,19,525,0.03619047619047619
WV,2023-11-01,Non-Profit,LPN,7,168,0.041666666666666664
WV,2023-11-01,Non-Profit,RN,7,169,0.04142011834319527
WV,2023-12-01,For-Profit,CNA,296,3611,0.08197175297701467
WV,2023-12-01,For-Profit,LPN,100,1430,0.06993006993006994
WV,2023-12-01,For-Profit,RN,95,1100,0.08636363636363636
WV,2023-12-01,Government,CNA,3,31,0.0967741935483871
WV,2023-12-01,Government,LPN,0,20,0.0
WV,2023-12-01,Government,RN,1,30,0.03333333333333333
WV,2023-12-01,Non-Profit,CNA,29,528,0.054924242424242424
WV,2023-12-01,Non-Profit,LPN,8,171,0.04678362573099415
WV,2023-12-01,Non-Profit,RN,9,173,0.05202312138728324
WV,2024-01-01,For-Profit,CNA,287,3692,0.07773564463705308
WV,2024-01-01,For-Profit,LPN,98,1452,0.0674931129476584
WV,2024-01-01,For-Profit,RN,75,1139,0.06584723441615452
WV,2024-01-01,Government,CNA,4,33,0.12121212121212122
WV,2024-01-01,Government,LPN,0,21,0.0
WV,2024-01-01,Government,RN,0,29,0.0
WV,2024-01-01,Non-Profit,CNA,21,520,0.04038461538461539
WV,2024-01-01,Non-Profit,LPN,2,185,0.010810810810810811
WV,2024-01-01,Non-Profit,RN,5,166,0.030120481927710843
WV,2024-02-01,For-Profit,CNA,295,3649,0.08084406686763497
WV,2024-02-01,For-Profit,LPN,91,1465,0.0621160409556314
WV,2024-02-01,For-Profit,RN,77,1162,0.06626506024096386
WV,2024-02-01,Government,CNA,6,36,0.16666666666666666
WV,2024-02-01,Government,LPN,0,23,0.0
WV,2024-02-01,Government,RN,1,29,0.034482758620689655
WV,2024-02-01,Non-Profit,CNA,25,529,0.04725897920604915
WV,2024-02-01,Non-Profit,LPN,14,187,0.0748663101604278
WV,2024-02-01,Non-Profit,RN,7,169,0.04142011834319527
WV,2024-03-01,For-Profit,CNA,333,3640,0.09148351648351648
WV,2024-03-01,For-Profit,LPN,100,1471,0.06798096532970768
WV,2024-03-01,For-Profit,RN,88,1154,0.07625649913344887
WV,2024-03-01,Government,CNA,4,37,0.10810810810810811
WV,2024-03-01,Government,LPN,0,25,0.0
WV,2024-03-01,Government,RN,2,28,0.07142857142857142
WV,2024-03-01,Non-Profit,CNA,40,535,0.07476635514018691
WV,2024-03-01,Non-Profit,LPN,7,185,0.03783783783783784
WV,2024-03-01,Non-Profit,RN,13,171,0.07602339181286549
WV,2024-04-01,For-Profit,CNA,333,3605,0.09237170596393897
WV,2024-04-01,For-Profit,LPN,103,1477,0.06973595125253892
WV,2024-04-01,For-Profit,RN,99,1176,0.08418367346938775
WV,2024-04-01,Government,CNA,2,31,0.06451612903225806
WV,2024-04-01,Government,LPN,1,25,0.04
WV,2024-04-01,Government,RN,0,27,0.0
WV,2024-04-01,Non-Profit,CNA,24,502,0.04780876494023904
WV,2024-04-01,Non-Profit,LPN,5,183,0.0273224043715847
WV,2024-04-01,Non-Profit,RN,9,177,0.05084745762711865
WV,2024-05-01,For-Profit,CNA,590,3585,0.16457461645746166
WV,2024-05-01,For-Profit,LPN,196,1474,0.13297150610583447
WV,2024-05-01,For-Profit,RN,147,1173,0.12531969309462915
WV,2024-05-01,Government,CNA,3,35,0.08571428571428572
WV,2024-05-01,Government,LPN,3,27,0.1111111111111111
WV,2024-05-01,Government,RN,0,27,0.0
WV,2024-05-01,Non-Profit,CNA,33,528,0.0625
WV,2024-05-01,Non-Profit,LPN,7,199,0.035175879396984924
WV,2024-05-01,Non-Profit,RN,6,172,0.03488372093023256
WV,2024-06-01,For-Profit,CNA,1403,3597,0.3900472616068946
WV,2024-06-01,For-Profit,LPN,590,1473,0.40054310930074677
WV,2024-06-01,For-Profit,RN,412,1187,0.34709351305812974
WV,2024-06-01,Government,CNA,0,39,0.0
WV,2024-06-01,Government,LPN,2,24,0.08333333333333333
WV,2024-06-01,Government,RN,0,29,0.0
WV,2024-06-01,Non-Profit,CNA,38,550,0.06909090909090909
WV,2024-06-01,Non-Profit,LPN,10,193,0.05181347150259067
WV,2024-06-01,Non-Profit,RN,10,179,0.055865921787709494
WV,2024-07-01,For-Profit,CNA,294,3626,0.08108108108108109
WV,2024-07-01,For-Profit,LPN,84,1515,0.055445544554455446
WV,2024-07-01,For-Profit,RN,86,1209,0.07113316790736146
WV,2024-07-01,Government,CNA,0,47,0.0
WV,2024-07-01,Government,LPN,2,23,0.08695652173913043
WV,2024-07-01,Government,RN,0,32,0.0
WV,2024-07-01,Non-Profit,CNA,40,582,0.06872852233676977
WV,2024-07-01,Non-Profit,LPN,7,196,0.03571428571428571
WV,2024-07-01,Non-Profit,RN,9,184,0.04891304347826087
WV,2024-08-01,For-Profit,CNA,376,3674,0.10234077299945564
WV,2024-08-01,For-Profit,LPN,139,1555,0.08938906752411575
WV,2024-08-01,For-Profit,RN,109,1206,0.09038142620232173
WV,2024-08-01,Government,CNA,1,53,0.018867924528301886
WV,2024-08-01,Government,LPN,0,21,0.0
WV,2024-08-01,Government,RN,1,32,0.03125
WV,2024-08-01,Non-Profit,CNA,38,575,0.06608695652173913
WV,2024-08-01,Non-Profit,LPN,11,203,0.054187192118226604
WV,2024-08-01,Non-Profit,RN,12,184,0.06521739130434782
WV,2024-09-01,For-Profit,CNA,270,3566,0.07571508693213685
WV,2024-09-01,For-Profit,LPN,100,1495,0.06688963210702341
WV,2024-09-01,For-Profit,RN,100,1176,0.08503401360544217
WV,2024-09-01,Government,CNA,1,53,0.018867924528301886
WV,2024-09-01,Government,LPN,4,23,0.17391304347826086
WV,2024-09-01,Government,RN,1,33,0.030303030303030304
WV,2024-09-01,Non-Profit,CNA,25,555,0.04504504504504504
WV,2024-09-01,Non-Profit,LPN,7,205,0.03414634146341464
WV,2024-09-01,Non-Profit,RN,9,173,0.05202312138728324
WV,2024-10-01,For-Profit,CNA,296,3684,0.08034744842562432
WV,2024-10-01,For-Profit,LPN,76,1519,0.050032916392363395
WV,2024-10-01,For-Profit,RN,109,1230,0.0886178861788618
WV,2024-10-01,Government,CNA,3,53,0.05660377358490566
WV,2024-10-01,Government,LPN,3,22,0.13636363636363635
WV,2024-10-01,Government,RN,2,32,0.0625
WV,2024-10-01,Non-Profit,CNA,36,568,0.06338028169014084
WV,2024-10-01,Non-Profit,LPN,8,211,0.037914691943127965
WV,2024-10-01,Non-Profit,RN,4,174,0.022988505747126436
WV,2024-11-01,For-Profit,CNA,254,3677,0.0690780527604025
WV,2024-11-01,For-Profit,LPN,50,1507,0.033178500331785
WV,2024-11-01,For-Profit,RN,86,1194,0.07202680067001675
WV,2024-11-01,Government,CNA,0,49,0.0
WV,2024-11-01,Government,LPN,0,21,0.0
WV,2024-11-01,Government,RN,1,31,0.03225806451612903
WV,2024-11-01,Non-Profit,CNA,33,560,0.05892857142857143
WV,2024-11-01,Non-Profit,LPN,6,209,0.028708133971291867
WV,2024-11-01,Non-Profit,RN,10,176,0.056818181818181816
WV,2024-12-01,For-Profit,CNA,266,3655,0.07277701778385773
WV,2024-12-01,For-Profit,LPN,73,1530,0.04771241830065359
WV,2024-12-01,For-Profit,RN,73,1167,0.06255355612682091
WV,2024-12-01,Government,CNA,4,54,0.07407407407407407
WV,2024-12-01,Government,LPN,0,23,0.0
WV,2024-12-01,Government,RN,0,30,0.0
WV,2024-12-01,Non-Profit,CNA,34,559,0.06082289803220036
WV,2024-12-01,Non-Profit,LPN,25,212,0.1179245283018868
WV,2024-12-01,Non-Profit,RN,18,178,0.10112359550561797
WV,2025-01-01,For-Profit,CNA,225,3606,0.06239600665557404
WV,2025-01-01,For-Profit,LPN,79,1529,0.051667756703727925
WV,2025-01-01,For-Profit,RN,65,1169,0.055603079555175364
WV,2025-01-01,Government,CNA,2,54,0.037037037037037035
WV,2025-01-01,Government,LPN,0,22,0.0
WV,2025-01-01,Government,RN,0,32,0.0
WV,2025-01-01,Non-Profit,CNA,35,574,0.06097560975609756
WV,2025-01-01,Non-Profit,LPN,1,202,0.0049504950495049506
WV,2025-01-01,Non-Profit,RN,4,182,0.02197802197802198
WV,2025-02-01,For-Profit,CNA,235,3604,0.06520532741398447
WV,2025-02-01,For-Profit,LPN,78,1505,0.051827242524916946
WV,2025-02-01,For-Profit,RN,95,1188,0.07996632996632996
WV,2025-02-01,Government,CNA,1,53,0.018867924528301886
WV,2025-02-01,Government,LPN,0,21,0.0
WV,2025-02-01,Government,RN,2,31,0.06451612903225806
WV,2025-02-01,Non-Profit,CNA,41,555,0.07387387387387387
WV,2025-02-01,Non-Profit,LPN,8,212,0.03773584905660377
WV,2025-02-01,Non-Profit,RN,9,187,0.0481283422459893
WV,2025-03-01,For-Profit,CNA,350,3643,0.09607466373867692
WV,2025-03-01,For-Profit,LPN,124,1513,0.08195637805684071
WV,2025-03-01,For-Profit,RN,100,1180,0.0847457627118644
WV,2025-03-01,Government,CNA,5,54,0.09259259259259259
WV,2025-03-01,Government,LPN,2,24,0.08333333333333333
WV,2025-03-01,Government,RN,0,28,0.0
WV,2025-03-01,Non-Profit,CNA,34,547,0.062157221206581355
WV,2025-03-01,Non-Profit,LPN,11,207,0.05314009661835749
WV,2025-03-01,Non-Profit,RN,11,175,0.06285714285714286
WY,2022-10-01,For-Profit,CNA,38,551,0.06896551724137931
WY,2022-10-01,For-Profit,LPN,5,130,0.038461538461538464
WY,2022-10-01,For-Profit,RN,10,176,0.056818181818181816
WY,2022-10-01,Government,CNA,10,290,0.034482758620689655
WY,2022-10-01,Government,LPN,4,48,0.08333333333333333
WY,2022-10-01,Government,RN,8,153,0.05228758169934641
WY,2022-10-01,Non-Profit,CNA,7,122,0.05737704918032787
WY,2022-10-01,Non-Profit,LPN,2,21,0.09523809523809523
WY,2022-10-01,Non-Profit,RN,1,45,0.022222222222222223
WY,2022-11-01,For-Profit,CNA,31,555,0.055855855855855854
WY,2022-11-01,For-Profit,LPN,8,120,0.06666666666666667
WY,2022-11-01,For-Profit,RN,5,174,0.028735632183908046
WY,2022-11-01,Government,CNA,18,271,0.06642066420664207
WY,2022-11-01,Government,LPN,0,44,0.0
WY,2022-11-01,Government,RN,8,145,0.05517241379310345
WY,2022-11-01,Non-Profit,CNA,8,120,0.06666666666666667
WY,2022-11-01,Non-Profit,LPN,0,18,0.0
WY,2022-11-01,Non-Profit,RN,2,46,0.043478260869565216
WY,2022-12-01,For-Profit,CNA,60,569,0.1054481546572935
WY,2022-12-01,For-Profit,LPN,4,117,0.03418803418803419
WY,2022-12-01,For-Profit,RN,11,179,0.061452513966480445
WY,2022-12-01,Government,CNA,13,270,0.04814814814814815
WY,2022-12-01,Government,LPN,5,48,0.10416666666666667
WY,2022-12-01,Government,RN,5,128,0.0390625
WY,2022-12-01,Non-Profit,CNA,7,116,0.0603448275862069
WY,2022-12-01,Non-Profit,LPN,0,19,0.0
WY,2022-12-01,Non-Profit,RN,1,44,0.022727272727272728
WY,2023-01-01,For-Profit,CNA,47,607,0.07742998352553541
WY,2023-01-01,For-Profit,LPN,13,127,0.10236220472440945
WY,2023-01-01,For-Profit,RN,5,180,0.027777777777777776
WY,2023-01-01,Government,CNA,11,275,0.04
WY,2023-01-01,Government,LPN,5,46,0.10869565217391304
WY,2023-01-01,Government,RN,6,142,0.04225352112676056
WY,2023-01-01,Non-Profit,CNA,10,144,0.06944444444444445
WY,2023-01-01,Non-Profit,LPN,0,25,0.0
WY,2023-01-01,Non-Profit,RN,5,52,0.09615384615384616
WY,2023-02-01,For-Profit,CNA,78,647,0.1205564142194745
WY,2023-02-01,For-Profit,LPN,12,124,0.0967741935483871
WY,2023-02-01,For-Profit,RN,28,205,0.13658536585365855
WY,2023-02-01,Government,CNA,12,268,0.04477611940298507
WY,2023-02-01,Government,LPN,4,44,0.09090909090909091
WY,2023-02-01,Government,RN,10,136,0.07352941176470588
WY,2023-02-01,Non-Profit,CNA,3,130,0.023076923076923078
WY,2023-02-01,Non-Profit,LPN,2,25,0.08
WY,2023-02-01,Non-Profit,RN,1,50,0.02
WY,2023-03-01,For-Profit,CNA,63,626,0.10063897763578275
WY,2023-03-01,For-Profit,LPN,10,124,0.08064516129032258
WY,2023-03-01,For-Profit,RN,19,196,0.09693877551020408
WY,2023-03-01,Government,CNA,14,279,0.05017921146953405
WY,2023-03-01,Government,LPN,3,43,0.06976744186046512
WY,2023-03-01,Government,RN,5,134,0.03731343283582089
WY,2023-03-01,Non-Profit,CNA,9,128,0.0703125
WY,2023-03-01,Non-Profit,LPN,0,24,0.0
WY,2023-03-01,Non-Profit,RN,1,51,0.0196078431372549
WY,2023-04-01,For-Profit,CNA,48,611,0.07855973813420622
WY,2023-04-01,For-Profit,LPN,6,124,0.04838709677419355
WY,2023-04-01,For-Profit,RN,8,190,0.042105263157894736
WY,2023-04-01,Government,CNA,7,275,0.025454545454545455
WY,2023-04-01,Government,LPN,1,40,0.025
WY,2023-04-01,Government,RN,11,144,0.0763888888888889
WY,2023-04-01,Non-Profit,CNA,8,114,0.07017543859649122
WY,2023-04-01,Non-Profit,LPN,0,18,0.0
WY,2023-04-01,Non-Profit,RN,2,47,0.0425531914893617
WY,2023-05-01,For-Profit,CNA,60,616,0.09740259740259741
WY,2023-05-01,For-Profit,LPN,7,122,0.05737704918032787
WY,2023-05-01,For-Profit,RN,12,198,0.06060606060606061
WY,2023-05-01,Government,CNA,17,278,0.06115107913669065
WY,2023-05-01,Government,LPN,3,43,0.06976744186046512
WY,2023-05-01,Government,RN,8,138,0.057971014492753624
WY,2023-05-01,Non-Profit,CNA,10,114,0.08771929824561403
WY,2023-05-01,Non-Profit,LPN,5,23,0.21739130434782608
WY,2023-05-01,Non-Profit,RN,3,49,0.061224489795918366
WY,2023-06-01,For-Profit,CNA,71,609,0.11658456486042693
WY,2023-06-01,For-Profit,LPN,14,132,0.10606060606060606
WY,2023-06-01,For-Profit,RN,12,196,0.061224489795918366
WY,2023-06-01,Government,CNA,10,276,0.036231884057971016
WY,2023-06-01,Government,LPN,5,44,0.11363636363636363
WY,2023-06-01,Government,RN,5,141,0.03546099290780142
WY,2023-06-01,Non-Profit,CNA,10,116,0.08620689655172414
WY,2023-06-01,Non-Profit,LPN,1,21,0.047619047619047616
WY,2023-06-01,Non-Profit,RN,2,51,0.0392156862745098
WY,2023-07-01,For-Profit,CNA,45,547,0.08226691042047532
WY,2023-07-01,For-Profit,LPN,6,118,0.05084745762711865
WY,2023-07-01,For-Profit,RN,11,183,0.060109289617486336
WY,2023-07-01,Government,CNA,15,290,0.05172413793103448
WY,2023-07-01,Government,LPN,4,45,0.08888888888888889
WY,2023-07-01,Government,RN,6,140,0.04285714285714286
WY,2023-07-01,Non-Profit,CNA,10,112,0.08928571428571429
WY,2023-07-01,Non-Profit,LPN,1,23,0.043478260869565216
WY,2023-07-01,Non-Profit,RN,4,47,0.0851063829787234
WY,2023-08-01,For-Profit,CNA,62,551,0.11252268602540835
WY,2023-08-01,For-Profit,LPN,12,115,0.10434782608695652
WY,2023-08-01,For-Profit,RN,18,187,0.0962566844919786
WY,2023-08-01,Government,CNA,22,290,0.07586206896551724
WY,2023-08-01,Government,LPN,2,43,0.046511627906976744
WY,2023-08-01,Government,RN,13,139,0.09352517985611511
WY,2023-08-01,Non-Profit,CNA,8,103,0.07766990291262135
WY,2023-08-01,Non-Profit,LPN,1,23,0.043478260869565216
WY,2023-08-01,Non-Profit,RN,1,44,0.022727272727272728
WY,2023-09-01,For-Profit,CNA,43,520,0.08269230769230769
WY,2023-09-01,For-Profit,LPN,6,109,0.05504587155963303
WY,2023-09-01,For-Profit,RN,8,184,0.043478260869565216
WY,2023-09-01,Government,CNA,15,277,0.05415162454873646
WY,2023-09-01,Government,LPN,3,41,0.07317073170731707
WY,2023-09-01,Government,RN,8,130,0.06153846153846154
WY,2023-09-01,Non-Profit,CNA,11,100,0.11
WY,2023-09-01,Non-Profit,LPN,1,22,0.045454545454545456
WY,2023-09-01,Non-Profit,RN,1,43,0.023255813953488372
WY,2023-10-01,For-Profit,CNA,45,620,0.07258064516129033
WY,2023-10-01,For-Profit,LPN,3,125,0.024
WY,2023-10-01,For-Profit,RN,16,208,0.07692307692307693
WY,2023-10-01,Government,CNA,37,265,0.13962264150943396
WY,2023-10-01,Government,LPN,9,37,0.24324324324324326
WY,2023-10-01,Government,RN,15,129,0.11627906976744186
WY,2023-10-01,Non-Profit,CNA,10,117,0.08547008547008547
WY,2023-10-01,Non-Profit,LPN,0,14,0.0
WY,2023-10-01,Non-Profit,RN,1,51,0.0196078431372549
WY,2023-11-01,For-Profit,CNA,52,629,0.08267090620031796
WY,2023-11-01,For-Profit,LPN,8,133,0.06015037593984962
WY,2023-11-01,For-Profit,RN,8,196,0.04081632653061224
WY,2023-11-01,Government,CNA,10,261,0.038314176245210725
WY,2023-11-01,Government,LPN,3,31,0.0967741935483871
WY,2023-11-01,Government,RN,15,133,0.11278195488721804
WY,2023-11-01,Non-Profit,CNA,8,123,0.06504065040650407
WY,2023-11-01,Non-Profit,LPN,0,15,0.0
WY,2023-11-01,Non-Profit,RN,4,54,0.07407407407407407
WY,2023-12-01,For-Profit,CNA,111,655,0.16946564885496182
WY,2023-12-01,For-Profit,LPN,23,134,0.17164179104477612
WY,2023-12-01,For-Profit,RN,16,209,0.07655502392344497
WY,2023-12-01,Government,CNA,17,265,0.06415094339622641
WY,2023-12-01,Government,LPN,1,31,0.03225806451612903
WY,2023-12-01,Government,RN,15,125,0.12
WY,2023-12-01,Non-Profit,CNA,9,121,0.0743801652892562
WY,2023-12-01,Non-Profit,LPN,0,15,0.0
WY,2023-12-01,Non-Profit,RN,3,50,0.06
WY,2024-01-01,For-Profit,CNA,43,592,0.07263513513513513
WY,2024-01-01,For-Profit,LPN,5,114,0.043859649122807015
WY,2024-01-01,For-Profit,RN,14,208,0.0673076923076923
WY,2024-01-01,Government,CNA,13,275,0.04727272727272727
WY,2024-01-01,Government,LPN,2,32,0.0625
WY,2024-01-01,Government,RN,9,121,0.0743801652892562
WY,2024-01-01,Non-Profit,CNA,11,133,0.08270676691729323
WY,2024-01-01,Non-Profit,LPN,0,25,0.0
WY,2024-01-01,Non-Profit,RN,1,54,0.018518518518518517
WY,2024-02-01,For-Profit,CNA,53,580,0.09137931034482759
WY,2024-02-01,For-Profit,LPN,5,115,0.043478260869565216
WY,2024-02-01,For-Profit,RN,11,211,0.052132701421800945
WY,2024-02-01,Government,CNA,14,266,0.05263157894736842
WY,2024-02-01,Government,LPN,1,31,0.03225806451612903
WY,2024-02-01,Government,RN,4,117,0.03418803418803419
WY,2024-02-01,Non-Profit,CNA,8,127,0.06299212598425197
WY,2024-02-01,Non-Profit,LPN,1,25,0.04
WY,2024-02-01,Non-Profit,RN,3,60,0.05
WY,2024-03-01,For-Profit,CNA,33,567,0.0582010582010582
WY,2024-03-01,For-Profit,LPN,2,117,0.017094017094017096
WY,2024-03-01,For-Profit,RN,15,204,0.07352941176470588
WY,2024-03-01,Government,CNA,17,261,0.06513409961685823
WY,2024-03-01,Government,LPN,1,34,0.029411764705882353
WY,2024-03-01,Government,RN,10,121,0.08264462809917356
WY,2024-03-01,Non-Profit,CNA,7,131,0.05343511450381679
WY,2024-03-01,Non-Profit,LPN,1,26,0.038461538461538464
WY,2024-03-01,Non-Profit,RN,3,54,0.05555555555555555
WY,2024-04-01,For-Profit,CNA,51,577,0.08838821490467938
WY,2024-04-01,For-Profit,LPN,10,126,0.07936507936507936
WY,2024-04-01,For-Profit,RN,8,206,0.038834951456310676
WY,2024-04-01,Government,CNA,14,305,0.04590163934426229
WY,2024-04-01,Government,LPN,2,44,0.045454545454545456
WY,2024-04-01,Government,RN,10,139,0.07194244604316546
WY,2024-04-01,Non-Profit,CNA,6,134,0.04477611940298507
WY,2024-04-01,Non-Profit,LPN,0,26,0.0
WY,2024-04-01,Non-Profit,RN,0,51,0.0
WY,2024-05-01,For-Profit,CNA,52,581,0.08950086058519793
WY,2024-05-01,For-Profit,LPN,11,134,0.08208955223880597
WY,2024-05-01,For-Profit,RN,19,213,0.0892018779342723
WY,2024-05-01,Government,CNA,19,319,0.05956112852664577
WY,2024-05-01,Government,LPN,4,45,0.08888888888888889
WY,2024-05-01,Government,RN,11,139,0.07913669064748201
WY,2024-05-01,Non-Profit,CNA,7,134,0.05223880597014925
WY,2024-05-01,Non-Profit,LPN,1,28,0.03571428571428571
WY,2024-05-01,Non-Profit,RN,2,54,0.037037037037037035
WY,2024-06-01,For-Profit,CNA,59,598,0.09866220735785954
WY,2024-06-01,For-Profit,LPN,10,128,0.078125
WY,2024-06-01,For-Profit,RN,14,200,0.07
WY,2024-06-01,Government,CNA,66,354,0.1864406779661017
WY,2024-06-01,Government,LPN,9,47,0.19148936170212766
WY,2024-06-01,Government,RN,33,150,0.22
WY,2024-06-01,Non-Profit,CNA,7,139,0.050359712230215826
WY,2024-06-01,Non-Profit,LPN,3,28,0.10714285714285714
WY,2024-06-01,Non-Profit,RN,2,50,0.04
WY,2024-07-01,For-Profit,CNA,53,602,0.08803986710963455
WY,2024-07-01,For-Profit,LPN,9,126,0.07142857142857142
WY,2024-07-01,For-Profit,RN,19,204,0.09313725490196079
WY,2024-07-01,Government,CNA,15,325,0.046153846153846156
WY,2024-07-01,Government,LPN,3,49,0.061224489795918366
WY,2024-07-01,Government,RN,8,135,0.05925925925925926
WY,2024-07-01,Non-Profit,CNA,9,182,0.04945054945054945
WY,2024-07-01,Non-Profit,LPN,1,26,0.038461538461538464
WY,2024-07-01,Non-Profit,RN,0,47,0.0
WY,2024-08-01,For-Profit,CNA,50,610,0.08196721311475409
WY,2024-08-01,For-Profit,LPN,9,127,0.07086614173228346
WY,2024-08-01,For-Profit,RN,5,210,0.023809523809523808
WY,2024-08-01,Government,CNA,23,322,0.07142857142857142
WY,2024-08-01,Government,LPN,1,48,0.020833333333333332
WY,2024-08-01,Government,RN,5,127,0.03937007874015748
WY,2024-08-01,Non-Profit,CNA,13,177,0.07344632768361582
WY,2024-08-01,Non-Profit,LPN,1,25,0.04
WY,2024-08-01,Non-Profit,RN,2,50,0.04
WY,2024-09-01,For-Profit,CNA,48,610,0.07868852459016394
WY,2024-09-01,For-Profit,LPN,10,123,0.08130081300813008
WY,2024-09-01,For-Profit,RN,13,220,0.05909090909090909
WY,2024-09-01,Government,CNA,14,284,0.04929577464788732
WY,2024-09-01,Government,LPN,1,45,0.022222222222222223
WY,2024-09-01,Government,RN,10,132,0.07575757575757576
WY,2024-09-01,Non-Profit,CNA,9,154,0.05844155844155844
WY,2024-09-01,Non-Profit,LPN,0,24,0.0
WY,2024-09-01,Non-Profit,RN,1,51,0.0196078431372549
WY,2024-10-01,For-Profit,CNA,43,644,0.06677018633540373
WY,2024-10-01,For-Profit,LPN,4,128,0.03125
WY,2024-10-01,For-Profit,RN,15,237,0.06329113924050633
WY,2024-10-01,Government,CNA,14,301,0.046511627906976744
WY,2024-10-01,Government,LPN,5,50,0.1
WY,2024-10-01,Government,RN,4,127,0.031496062992125984
WY,2024-10-01,Non-Profit,CNA,13,159,0.08176100628930817
WY,2024-10-01,Non-Profit,LPN,2,24,0.08333333333333333
WY,2024-10-01,Non-Profit,RN,3,53,0.05660377358490566
WY,2024-11-01,For-Profit,CNA,38,652,0.05828220858895705
WY,2024-11-01,For-Profit,LPN,10,123,0.08130081300813008
WY,2024-11-01,For-Profit,RN,8,227,0.03524229074889868
WY,2024-11-01,Government,CNA,15,301,0.04983388704318937
WY,2024-11-01,Government,LPN,1,46,0.021739130434782608
WY,2024-11-01,Government,RN,5,137,0.0364963503649635
WY,2024-11-01,Non-Profit,CNA,9,165,0.05454545454545454
WY,2024-11-01,Non-Profit,LPN,1,22,0.045454545454545456
WY,2024-11-01,Non-Profit,RN,4,54,0.07407407407407407
WY,2024-12-01,For-Profit,CNA,123,713,0.17251051893408134
WY,2024-12-01,For-Profit,LPN,12,123,0.0975609756097561
WY,2024-12-01,For-Profit,RN,32,239,0.13389121338912133
WY,2024-12-01,Government,CNA,17,297,0.05723905723905724
WY,2024-12-01,Government,LPN,6,46,0.13043478260869565
WY,2024-12-01,Government,RN,15,144,0.10416666666666667
WY,2024-12-01,Non-Profit,CNA,15,168,0.08928571428571429
WY,2024-12-01,Non-Profit,LPN,1,24,0.041666666666666664
WY,2024-12-01,Non-Profit,RN,3,54,0.05555555555555555
WY,2025-01-01,For-Profit,CNA,47,656,0.07164634146341463
WY,2025-01-01,For-Profit,LPN,9,116,0.07758620689655173
WY,2025-01-01,For-Profit,RN,8,232,0.034482758620689655
WY,2025-01-01,Government,CNA,6,261,0.022988505747126436
WY,2025-01-01,Government,LPN,4,44,0.09090909090909091
WY,2025-01-01,Government,RN,6,125,0.048
WY,2025-01-01,Non-Profit,CNA,5,153,0.032679738562091505
WY,2025-01-01,Non-Profit,LPN,0,24,0.0
WY,2025-01-01,Non-Profit,RN,1,53,0.018867924528301886
WY,2025-02-01,For-Profit,CNA,43,667,0.06446776611694154
WY,2025-02-01,For-Profit,LPN,3,111,0.02702702702702703
WY,2025-02-01,For-Profit,RN,13,229,0.056768558951965066
WY,2025-02-01,Government,CNA,6,265,0.022641509433962263
WY,2025-02-01,Government,LPN,1,45,0.022222222222222223
WY,2025-02-01,Government,RN,8,129,0.06201550387596899
WY,2025-02-01,Non-Profit,CNA,17,166,0.10240963855421686
WY,2025-02-01,Non-Profit,LPN,0,28,0.0
WY,2025-02-01,Non-Profit,RN,3,55,0.05454545454545454
WY,2025-03-01,For-Profit,CNA,47,670,0.07014925373134329
WY,2025-03-01,For-Profit,LPN,3,111,0.02702702702702703
WY,2025-03-01,For-Profit,RN,25,233,0.1072961373390558
WY,2025-03-01,Government,CNA,24,285,0.08421052631578947
WY,2025-03-01,Government,LPN,2,47,0.0425531914893617
WY,2025-03-01,Government,RN,5,127,0.03937007874015748
WY,2025-03-01,Non-Profit,CNA,16,159,0.10062893081761007
WY,2025-03-01,Non-Profit,LPN,1,28,0.03571428571428571
WY,2025-03-01,Non-Profit,RN,8,58,0.13793103448275862
