unique_id,index,ds,AutoETS,AutoETS-lo-95,AutoETS-lo-80,AutoETS-hi-80,AutoETS-hi-95,SeasonalNaive,SeasonalNaive-lo-80,SeasonalNaive-lo-95,SeasonalNaive-hi-80,SeasonalNaive-hi-95,index/BottomUp,AutoETS/BottomUp,SeasonalNaive/BottomUp,index/MinTrace_method-mint_shrink,AutoETS/MinTrace_method-mint_shrink,SeasonalNaive/MinTrace_method-mint_shrink
National,852,2025-07-01,1.0815896e+06,1.0668181e+06,1.071931e+06,1.0912482e+06,1.0963611e+06,1.064509e+06,1.0449446e+06,1.0345879e+06,1.0840734e+06,1.0944301e+06,94608.0,1.080104e+06,1.064509e+06,1645057.7399690985,1081702.6193660744,1064509.0
National,853,2025-08-01,1.0855932e+06,1.070767e+06,1.0758989e+06,1.0952876e+06,1.1004195e+06,1.075274e+06,1.0557096e+06,1.0453529e+06,1.0948384e+06,1.1051951e+06,94761.0,1.0820929e+06,1.075274e+06,1648028.1319509705,1085008.2219332894,1075274.0
National,854,2025-09-01,1.0895969e+06,1.074716e+06,1.0798668e+06,1.0993269e+06,1.1044778e+06,1.079965e+06,1.0604006e+06,1.0500439e+06,1.0995294e+06,1.1098861e+06,94914.0,1.0840728e+06,1.079965e+06,1650998.5239328425,1088294.000485651,1079965.0
National,855,2025-10-01,1.0936005e+06,1.0786649e+06,1.0838346e+06,1.1033662e+06,1.108536e+06,1.064509e+06,1.0368408e+06,1.0221941e+06,1.0921772e+06,1.1068239e+06,95067.0,1.086171e+06,1.064509e+06,1653968.9159147143,1091657.6450523105,1064509.0
National,856,2025-11-01,1.0976041e+06,1.0826139e+06,1.0878025e+06,1.1074056e+06,1.1125944e+06,1.075274e+06,1.0476058e+06,1.0329591e+06,1.1029422e+06,1.1175889e+06,95220.0,1.0881414e+06,1.075274e+06,1656939.3078965864,1094928.2545931125,1075274.0
National,857,2025-12-01,1.1016078e+06,1.0865628e+06,1.0917704e+06,1.111445e+06,1.1166526e+06,1.079965e+06,1.0522968e+06,1.0376501e+06,1.1076332e+06,1.1222799e+06,95373.0,1.0901041e+06,1.079965e+06,1659909.6998784586,1098180.8988814594,1079965.0
CNA,120,2025-07-01,665940.8,653997.3,658131.4,673750.2,677884.25,653782.0,639420.9,631818.56,668143.1,675745.44,31230.0,666435.0,653782.0,1104218.2274234304,667646.4324392459,653782.0
CNA,121,2025-08-01,668653.4,656661.25,660812.2,676494.6,680645.5,662841.0,648479.9,640877.56,677202.1,684804.44,31281.0,667851.6,662841.0,1106219.773241769,670003.9282324556,662841.0
CNA,122,2025-09-01,671366.0,659325.25,663493.0,679239.06,683406.8,667048.0,652686.9,645084.56,681409.1,689011.44,31332.0,669267.9,667048.0,1108221.3190601075,672352.8563570691,667048.0
CNA,123,2025-10-01,674078.6,661989.2,666173.75,681983.5,686168.06,653782.0,633472.3,622721.06,674091.7,684842.94,31383.0,670683.44,653782.0,1110222.8648784463,674694.8739846766,653782.0
CNA,124,2025-11-01,676791.25,664653.2,668854.56,684727.94,688929.3,662841.0,642531.3,631780.06,683150.7,693901.94,31434.0,672098.6,662841.0,1112224.4106967847,677046.3113617526,662841.0
CNA,125,2025-12-01,679503.9,667317.1,671535.4,687472.3,691690.56,667048.0,646738.3,635987.06,687357.7,698108.94,31485.0,673513.44,667048.0,1114225.9565151236,679389.1056885162,667048.0
LPN,462,2025-07-01,231414.61,229278.42,230017.84,232811.39,233550.8,230511.0,227631.33,226106.92,233390.67,234915.08,31536.0,231703.45,230511.0,205801.89765589935,231782.77652708712,230511.0
LPN,463,2025-08-01,231619.61,229483.42,230222.83,233016.38,233755.8,231485.0,228605.33,227080.92,234364.67,235889.08,31587.0,231838.92,231485.0,206169.62222164572,232111.0039703573,231485.0
LPN,464,2025-09-01,231811.47,229675.28,230414.7,233208.25,233947.66,231456.0,228576.33,227051.92,234335.67,235860.08,31638.0,231968.88,231456.0,206537.34678739222,232432.30241141276,231456.0
LPN,465,2025-10-01,231991.05,229854.88,230594.28,233387.83,234127.23,230511.0,226438.53,224282.7,234583.47,236739.3,31689.0,232106.28,230511.0,206905.07135313866,232741.82203492563,230511.0
LPN,466,2025-11-01,232159.14,230022.95,230762.36,233555.92,234295.33,231485.0,227412.53,225256.7,235557.47,237713.3,31740.0,232230.23,231485.0,207272.7959188851,233048.6571120035,231485.0
LPN,467,2025-12-01,232316.45,230180.27,230919.69,233713.23,234452.64,231456.0,227383.53,225227.7,235528.47,237684.3,31791.0,232349.67,231456.0,207640.52048463153,233350.03302855566,231456.0
RN,978,2025-07-01,182737.22,180709.05,181411.06,184063.36,184765.38,180216.0,176745.78,174908.77,183686.22,185523.23,31842.0,181965.5,180216.0,335037.6148897686,182273.41039974155,180216.0
RN,979,2025-08-01,183539.33,181502.25,182207.36,184871.28,185576.39,180948.0,177477.78,175640.77,184418.22,186255.23,31893.0,182402.39,180948.0,335638.73648755567,182893.2897304769,180948.0
RN,980,2025-09-01,184341.42,182295.47,183003.64,185679.22,186387.39,181461.0,177990.78,176153.77,184931.22,186768.23,31944.0,182836.02,181461.0,336239.8580853426,183508.8417171691,181461.0
RN,981,2025-10-01,185143.53,183088.67,183799.92,186487.14,187198.4,180216.0,175308.38,172710.42,185123.62,187721.58,31995.0,183381.2,180216.0,336840.9796831295,184220.94903270807,180216.0
RN,982,2025-11-01,185945.64,183881.88,184596.22,187295.08,188009.42,180948.0,176040.38,173442.42,185855.62,188453.58,32046.0,183812.5,180948.0,337442.1012809165,184833.28611935652,180948.0
RN,983,2025-12-01,186747.75,184675.08,185392.5,188103.0,188820.42,181461.0,176553.38,173955.42,186368.62,188966.58,32097.0,184240.95,181461.0,338043.2228787035,185441.76016438776,181461.0
AK/total,18,2025-07-01,705.79425,625.63367,653.38007,758.2085,785.9549,743.0,657.2285,611.82385,828.7715,874.17615,18.0,703.795,743.0,892.4252496728336,702.8486176002216,743.0
AK/total,19,2025-08-01,705.79425,599.70776,636.42804,775.1605,811.8808,774.0,688.2285,642.82385,859.7715,905.17615,21.0,703.795,774.0,896.4431945247874,706.4343430121049,774.0
AK/total,20,2025-09-01,705.79425,578.9756,622.872,788.71655,832.6129,696.0,610.2285,564.82385,781.7715,827.17615,24.0,703.795,696.0,900.4611393767409,710.0408842349143,696.0000000000001
AK/total,21,2025-10-01,705.79425,561.18585,611.2399,800.34863,850.4027,743.0,621.70087,557.48895,864.29913,928.51105,27.0,703.795,743.0,904.4790842286944,713.0273997367411,743.0
AK/total,22,2025-11-01,705.79425,545.3567,600.8898,810.6988,866.2319,774.0,652.70087,588.48895,895.29913,959.51105,30.0,703.795,774.0,908.4970290806477,716.5596876662377,774.0
AK/total,23,2025-12-01,705.79425,530.9548,591.4729,820.11566,880.6337,696.0,574.70087,510.48895,817.29913,881.51105,33.0,703.795,696.0,912.5149739326015,720.1169465896394,696.0000000000001
AL/total,42,2025-07-01,20019.08,19462.566,19655.195,20382.963,20575.592,19679.0,19162.352,18888.855,20195.648,20469.145,90.0,20037.145,19679.0,20049.771853408365,20095.989989121896,19678.999999999996
AL/total,43,2025-08-01,20019.08,19311.627,19556.502,20481.656,20726.531,19962.0,19445.352,19171.855,20478.648,20752.145,93.0,20056.217,19962.0,20088.322123142847,20135.58989478384,19962.000000000004
AL/total,44,2025-09-01,20019.08,19187.652,19475.44,20562.719,20850.506,20051.0,19534.352,19260.855,20567.648,20841.145,96.0,20075.291,20051.0,20126.87239287733,20174.562458403805,20051.000000000004
AL/total,45,2025-10-01,20019.08,19079.904,19404.986,20633.174,20958.256,19679.0,18948.35,18561.566,20409.65,20796.434,99.0,20094.365,19679.0,20165.422662611818,20214.244354897528,19678.999999999996
AL/total,46,2025-11-01,20019.08,18983.303,19341.822,20696.338,21054.855,19962.0,19231.35,18844.566,20692.65,21079.434,102.0,20113.438,19962.0,20203.9729323463,20253.605561574,19962.000000000004
AL/total,47,2025-12-01,20019.08,18894.973,19284.066,20754.092,21143.186,20051.0,19320.35,18933.566,20781.65,21168.434,105.0,20132.512,20051.0,20242.52320208078,20292.34603054658,20051.000000000004
AR/total,66,2025-07-01,16132.801,15672.291,15831.689,16433.912,16593.31,15855.0,15406.623,15169.267,16303.377,16540.734,162.0,16132.273,15855.0,25194.543465690203,16185.17992865859,15855.0
AR/total,67,2025-08-01,16132.801,15552.999,15753.688,16511.912,16712.602,16120.0,15671.623,15434.267,16568.377,16805.734,165.0,16132.273,16120.0,25242.355310358023,16213.58571366812,16119.999999999998
AR/total,68,2025-09-01,16132.801,15454.369,15689.198,16576.402,16811.232,16159.0,15710.623,15473.267,16607.377,16844.734,168.0,16132.273,16159.0,25290.16715502584,16241.587466608828,16159.000000000004
AR/total,69,2025-10-01,16132.801,15368.359,15632.96,16632.64,16897.242,15855.0,15220.899,14885.227,16489.102,16824.773,171.0,16132.273,15855.0,25337.978999693656,16268.40003430253,15855.0
AR/total,70,2025-11-01,16132.801,15291.094,15582.438,16683.162,16974.508,16120.0,15485.899,15150.227,16754.102,17089.773,174.0,16132.273,16120.0,25385.79084436148,16296.16560374073,16119.999999999998
AR/total,71,2025-12-01,16132.801,15220.348,15536.18,16729.422,17045.254,16159.0,15524.899,15189.227,16793.102,17128.773,177.0,16132.273,16159.0,25433.602689029296,16323.551410573076,16159.000000000004
AZ/total,90,2025-07-01,11097.051,10790.671,10896.72,11297.381,11403.43,10968.0,10665.408,10505.226,11270.592,11430.774,234.0,11106.362,10968.0,20338.293134956984,11111.583347347812,10968.000000000002
AZ/total,91,2025-08-01,11097.051,10681.359,10825.245,11368.856,11512.741,10976.0,10673.408,10513.226,11278.592,11438.774,237.0,11106.362,10976.0,20377.193052983122,11112.643079648085,10976.0
AZ/total,92,2025-09-01,11097.051,10595.312,10768.98,11425.12,11598.79,11108.0,10805.408,10645.226,11410.592,11570.774,240.0,11106.362,11108.0,20416.092971009257,11113.508068081255,11108.000000000002
AZ/total,93,2025-10-01,11097.051,10521.986,10721.036,11473.065,11672.115,10968.0,10540.07,10313.538,11395.93,11622.462,243.0,11106.362,10968.0,20454.99288903539,11114.983791388635,10968.000000000002
AZ/total,94,2025-11-01,11097.051,10456.996,10678.542,11515.56,11737.1045,10976.0,10548.07,10321.538,11403.93,11630.462,246.0,11106.362,10976.0,20493.892807061522,11115.864407534638,10976.0
AZ/total,95,2025-12-01,11097.051,10398.014,10639.975,11554.126,11796.087,11108.0,10680.07,10453.538,11535.93,11762.462,249.0,11106.362,11108.0,20532.79272508766,11116.55987570948,11108.000000000002
CA/total,114,2025-07-01,102116.32,100523.9,101075.086,103157.55,103708.74,101019.0,99259.62,98328.26,102778.38,103709.74,306.0,101842.69,101019.0,140860.72051433934,102047.18162510925,101018.99999999999
CA/total,115,2025-08-01,102428.59,100484.98,101157.73,103699.46,104372.22,101620.0,99860.62,98929.26,103379.38,104310.74,309.0,101929.54,101620.0,141118.24830389954,102278.07183846032,101620.0
CA/total,116,2025-09-01,102740.875,100500.37,101275.88,104205.86,104981.375,101778.0,100018.62,99087.26,103537.38,104468.74,312.0,102016.39,101778.0,141375.7760934597,102506.31489166654,101777.99999999999
CA/total,117,2025-10-01,103053.15,100550.664,101416.87,104689.44,105555.63,101019.0,98530.86,97213.72,103507.14,104824.28,315.0,102103.24,101019.0,141633.3038830199,102745.20954859476,101018.99999999999
CA/total,118,2025-11-01,103365.43,100625.836,101574.11,105156.75,106105.016,101620.0,99131.86,97814.72,104108.14,105425.28,318.0,102190.09,101620.0,141890.8316725801,102972.75262392004,101620.0
CA/total,119,2025-12-01,103677.7,100719.9,101743.7,105611.71,106635.51,101778.0,99289.86,97972.72,104266.14,105583.28,321.0,102276.945,101778.0,142148.35946214027,103197.78201468578,101777.99999999999
CO/total,144,2025-07-01,12993.252,12157.422,12446.732,13539.772,13829.082,12911.0,12290.141,11961.479,13531.859,13860.521,396.0,12929.033,12911.0,19887.230649450732,13008.277402398899,12910.999999999998
CO/total,145,2025-08-01,13043.795,12207.965,12497.275,13590.315,13879.625,13011.0,12390.141,12061.479,13631.859,13960.521,399.0,12974.543,13011.0,19925.109952569706,13095.275603726453,13010.999999999998
CO/total,146,2025-09-01,13094.338,12258.508,12547.818,13640.858,13930.169,13047.0,12426.141,12097.479,13667.859,13996.521,402.0,13020.053,13047.0,19962.989255688677,13181.75918450731,13047.0
CO/total,147,2025-10-01,13144.881,12309.051,12598.361,13691.401,13980.712,12911.0,12032.973,11568.174,13789.027,14253.826,405.0,13065.5625,12911.0,20000.86855880765,13277.831454436757,12910.999999999998
CO/total,148,2025-11-01,13195.424,12359.594,12648.903,13741.944,14031.255,13011.0,12132.973,11668.174,13889.027,14353.826,408.0,13111.071,13011.0,20038.747861926626,13366.12058397729,13010.999999999998
CO/total,149,2025-12-01,13245.967,12410.136,12699.446,13792.487,14081.798,13047.0,12168.973,11704.174,13925.027,14389.826,411.0,13156.58,13047.0,20076.627165045596,13453.795140807786,13047.0
CT/total,168,2025-07-01,17546.357,17194.678,17316.406,17776.307,17898.035,17390.0,17020.37,16824.7,17759.63,17955.3,468.0,17533.098,17390.0,18328.005578211654,17520.935620469092,17390.0
CT/total,169,2025-08-01,17592.906,17241.227,17362.955,17822.855,17944.584,17457.0,17087.37,16891.7,17826.63,18022.3,471.0,17569.648,17457.0,18362.852455189146,17570.75708183371,17457.000000000004
CT/total,170,2025-09-01,17639.455,17287.775,17409.504,17869.404,17991.133,17502.0,17132.37,16936.7,17871.63,18067.3,474.0,17606.11,17502.0,18397.69933216664,17620.69721705439,17502.0
CT/total,171,2025-10-01,17686.004,17334.324,17456.053,17915.953,18037.682,17390.0,16867.264,16590.543,17912.736,18189.457,477.0,17642.492,17390.0,18432.54620914414,17664.062903753478,17390.0
CT/total,172,2025-11-01,17732.553,17380.873,17502.602,17962.502,18084.23,17457.0,16934.264,16657.543,17979.736,18256.457,480.0,17678.81,17457.0,18467.39308612164,17712.790816551653,17457.000000000004
CT/total,173,2025-12-01,17779.102,17427.422,17549.15,18009.05,18130.78,17502.0,16979.264,16702.543,18024.736,18301.457,483.0,17715.074,17502.0,18502.239963099135,17761.717894874364,17502.0
DC/total,192,2025-07-01,1703.1123,1597.9985,1634.3821,1771.8425,1808.2261,1719.0,1610.5815,1553.1884,1827.4185,1884.8116,540.0,1706.9585,1719.0,1800.9053494816148,1707.3205849668216,1718.9999999999998
DC/total,193,2025-08-01,1708.8783,1603.4086,1639.9154,1777.8412,1814.3479,1738.0,1629.5815,1572.1884,1846.4185,1903.8116,543.0,1713.0347,1738.0,1805.7022254292544,1709.4363330314545,1738.0
DC/total,194,2025-09-01,1714.6443,1608.8187,1645.4486,1783.8398,1820.4697,1750.0,1641.5815,1584.1884,1858.4185,1915.8116,546.0,1719.1106,1750.0,1810.499101376894,1711.5747885512444,1750.0000000000002
DC/total,195,2025-10-01,1720.4102,1614.2288,1650.9819,1789.8385,1826.5917,1719.0,1565.6732,1484.507,1872.3268,1953.493,549.0,1725.1868,1719.0,1815.2959773245334,1714.8787169933469,1718.9999999999998
DC/total,196,2025-11-01,1726.1761,1619.6389,1656.5153,1795.8372,1832.7135,1738.0,1584.6732,1503.507,1891.3268,1972.493,552.0,1731.2627,1738.0,1820.0928532721732,1717.352327925014,1738.0
DC/total,197,2025-12-01,1731.9421,1625.049,1662.0485,1801.8358,1838.8353,1750.0,1596.6732,1515.507,1903.3268,1984.493,555.0,1737.3389,1750.0,1824.8897292198126,1719.8306159575682,1750.0000000000002
DE/total,216,2025-07-01,3759.7114,3678.8225,3706.821,3812.6018,3840.6003,3724.0,3578.6873,3501.7634,3869.3127,3946.2366,612.0,3740.278,3724.0,11409.952989400917,3742.5906776329416,3723.9999999999986
DE/total,217,2025-08-01,3789.4194,3675.0251,3714.621,3864.2178,3903.8137,3734.0,3588.6873,3511.7634,3879.3127,3956.2366,615.0,3751.7842,3734.0,11432.11157467903,3759.43755912269,3733.999999999999
DE/total,218,2025-09-01,3819.1274,3679.019,3727.5156,3910.7395,3959.2358,3730.0,3584.6873,3507.7634,3875.3127,3952.2366,618.0,3762.7642,3730.0,11454.270159957146,3775.9104652148435,3730.0000000000005
DE/total,219,2025-10-01,3848.8354,3687.0454,3743.0466,3954.6243,4010.6255,3724.0,3518.4968,3409.71,3929.5032,4038.29,621.0,3773.249,3724.0,11476.428745235264,3792.172553444408,3723.9999999999986
DE/total,220,2025-11-01,3878.5437,3697.6487,3760.2627,3996.8245,4059.4385,3734.0,3528.4968,3419.71,3939.5032,4048.29,624.0,3783.2668,3734.0,11498.587330513375,3807.902240818587,3733.999999999999
DE/total,221,2025-12-01,3908.2517,3710.082,3778.6755,4037.828,4106.4214,3730.0,3524.4968,3415.71,3935.5032,4044.29,627.0,3792.8452,3730.0,11520.745915791491,3823.3227147387233,3730.0000000000005
FL/total,240,2025-07-01,67078.34,66064.45,66415.4,67741.3,68092.24,66717.0,65458.383,64792.11,67975.62,68641.89,684.0,66889.03,66717.0,88455.69609813653,66971.30209520378,66717.0
FL/total,241,2025-08-01,67303.336,66019.84,66464.1,68142.56,68586.83,66840.0,65581.38,64915.11,68098.62,68764.89,687.0,66919.1,66840.0,88617.61214281336,67109.17414764925,66839.99999999999
FL/total,242,2025-09-01,67528.32,66022.7,66543.85,68512.8,69033.94,66785.0,65526.383,64860.11,68043.62,68709.89,690.0,66946.62,66785.0,88779.52818749024,67245.4340567174,66784.99999999999
FL/total,243,2025-10-01,67753.31,66054.32,66642.4,68864.23,69452.305,66717.0,64937.047,63994.797,68496.95,69439.2,693.0,66971.8,66717.0,88941.4442321671,67357.00033029263,66717.0
FL/total,244,2025-11-01,67978.305,66105.76,66753.914,69202.695,69850.84,66840.0,65060.047,64117.797,68619.95,69562.2,696.0,66994.85,66840.0,89103.36027684395,67486.49940773804,66839.99999999999
FL/total,245,2025-12-01,68203.29,66171.93,66875.055,69531.52,70234.65,66785.0,65005.047,64062.797,68564.95,69507.2,699.0,67015.984,66785.0,89265.2763215208,67615.0265806495,66784.99999999999
GA/total,264,2025-07-01,24985.922,24382.988,24591.684,25380.158,25588.855,24621.0,23800.268,23365.799,25441.732,25876.201,756.0,24914.35,24621.0,59226.95339429214,24930.943179274313,24621.0
GA/total,265,2025-08-01,25077.582,24472.436,24681.898,25473.266,25682.727,24876.0,24055.268,23620.799,25696.732,26131.201,759.0,24935.094,24876.0,59335.599318836525,24990.353731579486,24876.0
GA/total,266,2025-09-01,25165.855,24558.578,24768.78,25562.932,25773.13,24880.0,24059.268,23624.799,25700.732,26135.201,762.0,24955.838,24880.0,59444.24524338088,25047.397118693614,24879.999999999996
GA/total,267,2025-10-01,25250.865,24641.537,24852.447,25649.283,25860.191,24621.0,23460.309,22845.877,25781.691,26396.123,765.0,24976.582,24621.0,59552.89116792525,25104.94255222436,24621.0
GA/total,268,2025-11-01,25332.734,24721.432,24933.023,25732.443,25944.037,24876.0,23715.309,23100.877,26036.691,26651.123,768.0,24997.326,24876.0,59661.53709246963,25157.855363495448,24876.0
GA/total,269,2025-12-01,25411.576,24798.371,25010.623,25812.531,26024.783,24880.0,23719.309,23104.877,26040.691,26655.123,771.0,25018.07,24880.0,59770.183017013995,25208.650947330196,24879.999999999996
HI/total,288,2025-07-01,3101.8337,3006.3923,3039.428,3164.2395,3197.2751,3042.0,2944.9758,2893.6143,3139.0242,3190.3857,828.0,3101.4458,3042.0,6520.828137929859,3109.6121125715126,3042.0
HI/total,289,2025-08-01,3101.8337,2975.4565,3019.2002,3184.4673,3228.211,3086.0,2988.9758,2937.6143,3183.0242,3234.3857,831.0,3101.4458,3086.0,6533.849743002409,3115.857480720466,3085.9999999999995
HI/total,290,2025-09-01,3101.8337,2950.7268,3003.0303,3200.6375,3252.941,3105.0,3007.9758,2956.6143,3202.0242,3253.3857,834.0,3101.4458,3105.0,6546.871348074961,3122.1582433209232,3105.0
HI/total,291,2025-10-01,3101.8337,2929.51,2989.1575,3214.5103,3274.1575,3042.0,2904.787,2832.151,3179.213,3251.849,837.0,3101.4458,3042.0,6559.892953147516,3127.592206250837,3042.0
HI/total,292,2025-11-01,3101.8337,2910.6333,2976.8145,3226.853,3293.0342,3086.0,2948.787,2876.151,3223.213,3295.849,840.0,3101.4458,3086.0,6572.914558220065,3133.8981863183612,3085.9999999999995
HI/total,293,2025-12-01,3101.8337,2893.4597,2965.5854,3238.0823,3310.2078,3105.0,2967.787,2895.151,3242.213,3314.849,843.0,3101.4458,3105.0,6585.9361632926175,3140.2591063822365,3105.0
IA/total,312,2025-07-01,19902.95,19279.707,19495.434,20310.463,20526.19,19667.0,19099.969,18799.799,20234.031,20534.201,900.0,20096.57,19667.0,34372.08649426052,20032.95589424323,19666.999999999996
IA/total,313,2025-08-01,19902.95,19151.068,19411.32,20394.576,20654.828,20031.0,19463.969,19163.799,20598.031,20898.201,903.0,20169.203,20031.0,34435.403717973015,20089.147451788413,20030.999999999993
IA/total,314,2025-09-01,19902.95,19041.428,19339.63,20466.266,20764.469,19887.0,19319.969,19019.799,20454.031,20754.201,906.0,20241.832,19887.0,34498.72094168549,20144.803586878654,19887.0
IA/total,315,2025-10-01,19902.95,18944.246,19276.086,20529.81,20861.652,19667.0,18865.096,18440.594,20468.904,20893.406,909.0,20314.465,19667.0,34562.038165397986,20202.727574878547,19666.999999999996
IA/total,316,2025-11-01,19902.95,18856.045,19218.416,20587.482,20949.852,20031.0,19229.096,18804.594,20832.904,21257.406,912.0,20387.096,20031.0,34625.35538911048,20258.581136316992,20030.999999999993
IA/total,317,2025-12-01,19902.95,18774.719,19165.238,20640.658,21031.178,19887.0,19085.096,18660.594,20688.904,21113.406,915.0,20459.727,19887.0,34688.67261282297,20313.917909120166,19887.0
ID/total,336,2025-07-01,4209.84,4115.807,4148.355,4271.324,4303.872,4202.0,4093.4636,4036.008,4310.536,4367.9917,972.0,4204.4214,4202.0,8065.130723716504,4218.2891181354435,4201.999999999999
ID/total,337,2025-08-01,4230.036,4135.5527,4168.257,4291.816,4324.52,4186.0,4077.4636,4020.008,4294.536,4351.9917,975.0,4222.812,4186.0,8080.68691818126,4241.831923646044,4186.000000000001
ID/total,338,2025-09-01,4250.233,4155.2983,4188.158,4312.3076,4345.168,4192.0,4083.4636,4026.008,4300.536,4357.9917,978.0,4241.2036,4192.0,8096.243112646017,4265.3443820668135,4192.0
ID/total,339,2025-10-01,4270.4297,4175.0435,4208.06,4332.7993,4365.816,4202.0,4048.5066,3967.252,4355.4937,4436.748,981.0,4259.594,4202.0,8111.799307110774,4290.12510685566,4201.999999999999
ID/total,340,2025-11-01,4290.6265,4194.789,4227.962,4353.291,4386.4634,4186.0,4032.5066,3951.252,4339.4937,4420.748,984.0,4277.9854,4186.0,8127.355501575532,4313.988036730972,4186.000000000001
ID/total,341,2025-12-01,4310.823,4214.5347,4247.864,4373.7827,4407.1113,4192.0,4038.5066,3957.252,4345.4937,4426.748,987.0,4296.3765,4192.0,8142.911696040292,4337.802550812665,4192.0
IL/total,360,2025-07-01,47458.71,45410.723,46119.605,48797.816,49506.7,46851.0,44995.902,44013.87,48706.098,49688.13,1044.0,47484.32,46851.0,48264.98180201369,47548.807452981906,46851.0
IL/total,361,2025-08-01,47458.71,45136.977,45940.61,48976.812,49780.445,47492.0,45636.902,44654.87,49347.098,50329.13,1047.0,47484.32,47492.0,48353.37426822413,47635.516686656265,47492.00000000001
IL/total,362,2025-09-01,47458.71,44892.26,45780.6,49136.82,50025.16,47875.0,46019.902,45037.87,49730.098,50712.13,1050.0,47484.32,47875.0,48441.766734434554,47720.46235669403,47875.0
IL/total,363,2025-10-01,47458.71,44668.934,45634.574,49282.848,50248.49,46851.0,44227.496,42838.695,49474.504,50863.305,1053.0,47484.32,46851.0,48530.15920064499,47818.52694229653,46851.0
IL/total,364,2025-11-01,47458.71,44462.203,45499.4,49418.023,50455.22,47492.0,44868.496,43479.695,50115.504,51504.305,1056.0,47484.32,47492.0,48618.551666855405,47901.9554952085,47492.00000000001
IL/total,365,2025-12-01,47458.71,44268.84,45372.97,49544.457,50648.582,47875.0,45251.496,43862.695,50498.504,51887.305,1059.0,47484.32,47875.0,48706.944133065845,47983.66048541488,47875.0
IN/total,384,2025-07-01,33314.746,32570.193,32827.91,33801.582,34059.297,32894.0,32218.291,31860.592,33569.71,33927.406,1116.0,33353.953,32894.0,37138.409926418826,33388.86299583359,32894.0
IN/total,385,2025-08-01,33314.746,32415.63,32726.846,33902.645,34213.86,33306.0,32630.291,32272.592,33981.71,34339.406,1119.0,33403.47,33306.0,37206.55294558677,33465.7209852655,33306.0
IN/total,386,2025-09-01,33314.746,32283.99,32640.771,33988.72,34345.5,33397.0,32721.291,32363.592,34072.71,34430.406,1122.0,33452.984,33397.0,37274.69596475471,33541.93912356363,33397.00000000001
IN/total,387,2025-10-01,33314.746,32167.355,32564.508,34064.984,34462.137,32894.0,31938.402,31432.541,33849.598,34355.46,1125.0,33502.496,32894.0,37342.83898392265,33616.56732223766,32894.0
IN/total,388,2025-11-01,33314.746,32061.53,32495.31,34134.18,34567.96,33306.0,32350.402,31844.541,34261.598,34767.46,1128.0,33552.01,33306.0,37410.9820030906,33691.78483124362,33306.0
IN/total,389,2025-12-01,33314.746,31963.969,32431.52,34197.973,34665.523,33397.0,32441.402,31935.541,34352.598,34858.46,1131.0,33601.523,33397.0,37479.12502225853,33766.423423481305,33397.00000000001
KS/total,408,2025-07-01,15079.874,14504.918,14703.931,15455.817,15654.829,14830.0,14362.8545,14115.5625,15297.1455,15544.4375,1188.0,15020.725,14830.0,12388.753303119096,15098.446552678835,14829.999999999996
KS/total,409,2025-08-01,15079.874,14445.08,14664.805,15494.943,15714.668,15083.0,14615.8545,14368.5625,15550.1455,15797.4375,1191.0,15051.412,15083.0,12411.807880285718,15148.387068496006,15082.999999999995
KS/total,410,2025-09-01,15079.874,14390.411,14629.059,15530.689,15769.337,15299.0,14831.8545,14584.5625,15766.1455,16013.4375,1194.0,15082.101,15299.0,12434.862457452344,15198.001675912072,15299.0
KS/total,411,2025-10-01,15079.874,14339.766,14595.943,15563.805,15819.982,14830.0,14169.356,13819.632,15490.644,15840.368,1197.0,15112.788,14830.0,12457.917034618968,15248.597837174357,14829.999999999996
KS/total,412,2025-11-01,15079.874,14292.366,14564.95,15594.798,15867.382,15083.0,14422.356,14072.632,15743.644,16093.368,1200.0,15143.476,15083.0,12480.971611785591,15298.607073708328,15082.999999999995
KS/total,413,2025-12-01,15079.874,14247.659,14535.718,15624.03,15912.089,15299.0,14638.356,14288.632,15959.644,16309.368,1203.0,15174.164,15299.0,12504.02618895222,15348.273686935032,15299.0
KY/total,432,2025-07-01,19780.434,19167.004,19379.334,20181.535,20393.863,19460.0,18956.918,18690.604,19963.082,20229.396,1260.0,19846.902,19460.0,16080.148965107459,19852.04717729518,19459.999999999996
KY/total,433,2025-08-01,19780.434,19067.293,19314.137,20246.73,20493.574,19610.0,19106.918,18840.604,20113.082,20379.396,1263.0,19821.115,19610.0,16109.84553680778,19862.835486867185,19610.0
KY/total,434,2025-09-01,19780.434,18979.908,19256.998,20303.87,20580.959,19951.0,19447.918,19181.604,20454.082,20720.396,1266.0,19798.488,19951.0,16139.54210850811,19874.900081012172,19951.000000000004
KY/total,435,2025-10-01,19780.434,18901.166,19205.512,20355.357,20659.703,19460.0,18748.535,18371.91,20171.465,20548.09,1269.0,19846.902,19460.0,16169.238680208433,19938.42575563644,19459.999999999996
KY/total,436,2025-11-01,19780.434,18828.916,19158.27,20402.598,20731.951,19610.0,18898.535,18521.91,20321.465,20698.09,1272.0,19821.115,19610.0,16198.935251908755,19948.019097854245,19610.0
KY/total,437,2025-12-01,19780.434,18761.78,19114.371,20446.496,20799.088,19951.0,19239.535,18862.91,20662.465,21039.09,1275.0,19798.488,19951.0,16228.631823609081,19958.91690693025,19951.000000000004
LA/total,456,2025-07-01,18867.979,18354.691,18532.36,19203.6,19381.266,18337.0,17837.607,17573.244,18836.393,19100.756,1332.0,18814.375,18337.0,22172.793721336282,18874.61528923236,18337.0
LA/total,457,2025-08-01,18867.979,18159.916,18405.002,19330.955,19576.041,18575.0,18075.607,17811.244,19074.393,19338.756,1335.0,18819.684,18575.0,22213.46037042621,18910.681515730976,18575.0
LA/total,458,2025-09-01,18867.979,18008.162,18305.775,19430.182,19727.795,18884.0,18384.607,18120.244,19383.393,19647.756,1338.0,18824.596,18884.0,22254.127019516134,18946.256264147934,18884.0
LA/total,459,2025-10-01,18867.979,17879.416,18221.592,19514.365,19856.541,18337.0,17630.75,17256.885,19043.25,19417.115,1341.0,18829.143,18337.0,22294.793668606068,18979.65181403302,18337.0
LA/total,460,2025-11-01,18867.979,17765.586,18147.164,19588.795,19970.371,18575.0,17868.75,17494.885,19281.25,19655.115,1344.0,18833.35,18575.0,22335.460317695994,19014.271730587585,18575.0
LA/total,461,2025-12-01,18867.979,17662.44,18079.719,19656.238,20073.518,18884.0,18177.75,17803.885,19590.25,19964.115,1347.0,18837.244,18884.0,22376.126966785923,19048.47516680868,18884.0
MA/total,486,2025-07-01,27810.129,27065.334,27323.135,28297.125,28554.924,27294.0,26573.299,26191.783,28014.701,28396.217,1422.0,27722.996,27294.0,51701.36579221203,27835.01021538318,27294.0
MA/total,487,2025-08-01,27933.566,27148.346,27420.139,28446.994,28718.787,27684.0,26963.299,26581.783,28404.701,28786.217,1425.0,27722.996,27684.0,51795.44698060524,27919.5691038388,27684.0
MA/total,488,2025-09-01,28057.004,27232.996,27518.213,28595.795,28881.012,27723.0,27002.299,26620.783,28443.701,28825.217,1428.0,27722.996,27723.0,51889.52816899845,28004.231812624774,27723.0
MA/total,489,2025-10-01,28180.441,27319.06,27617.215,28743.668,29041.822,27294.0,26274.775,25735.229,28313.225,28852.771,1431.0,27722.996,27294.0,51983.60935739165,28089.886745533793,27294.0
MA/total,490,2025-11-01,28303.879,27406.365,27717.025,28890.732,29201.395,27684.0,26664.775,26125.229,28703.225,29242.771,1434.0,27722.996,27684.0,52077.690545784855,28174.951247951536,27684.0
MA/total,491,2025-12-01,28427.316,27494.76,27817.55,29037.082,29359.873,27723.0,26703.775,26164.229,28742.225,29281.771,1437.0,27722.996,27723.0,52171.771734178066,28260.10035144562,27723.0
MD/total,510,2025-07-01,18244.0,17882.512,18007.635,18480.363,18605.488,18155.0,17715.045,17482.145,18594.955,18827.855,1494.0,18241.07,18155.0,31265.581299157177,18269.596679078128,18155.000000000007
MD/total,511,2025-08-01,18244.0,17732.803,17909.746,18578.252,18755.195,18239.0,17799.045,17566.145,18678.955,18911.855,1497.0,18241.07,18239.0,31322.51988410709,18288.84450152273,18239.0
MD/total,512,2025-09-01,18244.0,17617.926,17834.63,18653.367,18870.074,18244.0,17804.045,17571.145,18683.955,18916.855,1500.0,18241.07,18244.0,31379.458469056994,18308.15042061862,18244.000000000004
MD/total,513,2025-10-01,18244.0,17521.078,17771.307,18716.693,18966.922,18155.0,17532.809,17203.44,18777.191,19106.56,1503.0,18241.07,18155.0,31436.3970540069,18324.547299929298,18155.000000000007
MD/total,514,2025-11-01,18244.0,17435.752,17715.516,18772.484,19052.248,18239.0,17616.809,17287.44,18861.191,19190.56,1506.0,18241.07,18239.0,31493.335638956807,18343.631447886622,18239.0
MD/total,515,2025-12-01,18244.0,17358.611,17665.076,18822.924,19129.387,18244.0,17621.809,17292.44,18866.191,19195.56,1509.0,18241.07,18244.0,31550.274223906716,18362.784648475445,18244.000000000004
ME/total,534,2025-07-01,5002.6665,4865.677,4913.0938,5092.2393,5139.6562,4837.0,4683.5693,4602.348,4990.4307,5071.652,1566.0,5000.1143,4837.0,12233.086123057004,5001.188512526845,4837.0
ME/total,535,2025-08-01,5029.9414,4863.716,4921.252,5138.6304,5196.1665,4950.0,4796.5693,4715.348,5103.4307,5184.652,1569.0,5003.5156,4950.0,12255.389312914258,5016.397695724136,4950.000000000001
ME/total,536,2025-09-01,5057.216,4865.918,4932.133,5182.2983,5248.513,4982.0,4828.5693,4747.348,5135.4307,5216.652,1572.0,5005.6216,4982.0,12277.692502771511,5030.646192507356,4982.0
ME/total,537,2025-10-01,5084.49,4870.812,4944.7734,5224.207,5298.1685,4837.0,4620.0166,4505.1523,5053.9834,5168.8477,1575.0,5018.982,4837.0,12299.995692628767,5052.146804962356,4837.0
ME/total,538,2025-11-01,5111.7646,4877.6235,4958.668,5264.8613,5345.9062,4950.0,4733.0166,4618.1523,5166.9834,5281.8477,1578.0,5022.383,4950.0,12322.29888248602,5066.926583582689,4950.000000000001
ME/total,539,2025-12-01,5139.0396,4885.8857,4973.511,5304.5674,5392.193,4982.0,4765.0166,4650.1523,5198.9834,5313.8477,1581.0,5024.4893,4982.0,12344.602072343272,5080.762722293959,4982.0
MI/total,558,2025-07-01,34501.234,33886.035,34098.977,34903.496,35116.438,34057.0,33306.57,32909.316,34807.43,35204.684,1638.0,34503.832,34057.0,48060.95193805974,34544.908752195784,34057.00000000001
MI/total,559,2025-08-01,34619.02,34003.816,34216.758,35021.277,35234.22,34235.0,33484.57,33087.316,34985.43,35382.684,1641.0,34621.938,34235.0,48148.151011847905,34676.452509724244,34235.0
MI/total,560,2025-09-01,34736.8,34121.598,34334.54,35139.06,35352.004,34466.0,33715.57,33318.316,35216.43,35613.684,1644.0,34740.043,34466.0,48235.35008563606,34808.56514466538,34466.0
MI/total,561,2025-10-01,34854.582,34239.38,34452.32,35256.84,35469.785,34057.0,32995.734,32433.934,35118.266,35680.066,1647.0,34858.15,34057.0,48322.54915942422,34936.57366442818,34057.00000000001
MI/total,562,2025-11-01,34972.363,34357.16,34570.105,35374.62,35587.566,34235.0,33173.734,32611.934,35296.266,35858.066,1650.0,34976.254,34235.0,48409.748233212384,35068.83627637431,34235.0
MI/total,563,2025-12-01,35090.145,34474.94,34687.887,35492.406,35705.348,34466.0,33404.734,32842.934,35527.266,36089.066,1653.0,35094.36,34466.0,48496.94730700054,35201.65143288683,34466.0
MN/total,582,2025-07-01,22755.62,22004.545,22264.518,23246.719,23506.691,22189.0,21377.623,20948.105,23000.377,23429.895,1710.0,22699.398,22189.0,52899.762254416346,22757.655387743234,22189.0
MN/total,583,2025-08-01,22885.059,22133.984,22393.959,23376.16,23636.133,22418.0,21606.623,21177.105,23229.377,23658.895,1713.0,22821.805,22418.0,52995.63324450888,22876.840775515528,22418.0
MN/total,584,2025-09-01,23014.5,22263.426,22523.4,23505.602,23765.574,22749.0,21937.623,21508.105,23560.377,23989.895,1716.0,22944.209,22749.0,53091.504234601394,22994.99739484979,22749.0
MN/total,585,2025-10-01,23143.941,22392.867,22652.84,23635.043,23895.016,22189.0,21041.54,20434.111,23336.46,23943.889,1719.0,23066.615,22189.0,53187.375224693926,23123.951931303105,22189.0
MN/total,586,2025-11-01,23273.383,22522.309,22782.281,23764.484,24024.457,22418.0,21270.54,20663.111,23565.46,24172.889,1722.0,23189.021,22418.0,53283.24621478644,23243.779450514252,22418.0
MN/total,587,2025-12-01,23402.824,22651.75,22911.723,23893.926,24153.898,22749.0,21601.54,20994.111,23896.46,24503.889,1725.0,23311.428,22749.0,53379.117204878974,23362.538507427318,22749.0
MO/total,606,2025-07-01,27284.355,26474.598,26754.883,27813.828,28094.115,26922.0,26130.033,25710.793,27713.967,28133.207,1782.0,27283.46,26922.0,46776.279756286865,27368.005619886684,26922.000000000004
MO/total,607,2025-08-01,27406.156,26542.854,26841.674,27970.64,28269.459,27348.0,26556.033,26136.793,28139.967,28559.207,1785.0,27401.225,27348.0,46860.94545351845,27549.66541607856,27348.000000000007
MO/total,608,2025-09-01,27527.957,26613.791,26930.217,28125.7,28442.123,27263.0,26471.033,26051.793,28054.967,28474.207,1788.0,27518.986,27263.0,46945.61115075001,27731.436790317595,27263.000000000007
MO/total,609,2025-10-01,27649.758,26686.982,27020.234,28279.283,28612.533,26922.0,25801.99,25209.094,28042.01,28634.906,1791.0,27636.748,26922.0,47030.27684798157,27914.925009397393,26922.000000000004
MO/total,610,2025-11-01,27771.559,26762.102,27111.51,28431.61,28781.018,27348.0,26227.99,25635.094,28468.01,29060.906,1794.0,27754.51,27348.0,47114.94254521315,28097.39700215471,27348.000000000007
MO/total,611,2025-12-01,27893.36,26838.889,27203.879,28582.842,28947.832,27263.0,26142.99,25550.094,28383.01,28975.906,1797.0,27872.273,27263.0,47199.608242444716,28279.91603261343,27263.000000000007
MS/total,630,2025-07-01,13763.962,13347.915,13491.924,14036.0,14180.009,13321.0,12898.521,12674.875,13743.479,13967.125,1854.0,13757.034,13321.0,15596.480205576001,13781.89430282716,13321.0
MS/total,631,2025-08-01,13763.962,13175.577,13379.238,14148.687,14352.347,13385.0,12962.521,12738.875,13807.479,14031.125,1857.0,13757.034,13385.0,15624.482384639234,13785.629940712177,13385.0
MS/total,632,2025-09-01,13763.962,13043.311,13292.753,14235.171,14484.614,13764.0,13341.521,13117.875,14186.479,14410.125,1860.0,13757.034,13764.0,15652.484563702463,13788.867306283324,13764.0
MS/total,633,2025-10-01,13763.962,12931.782,13219.829,14308.095,14596.142,13321.0,12723.525,12407.241,13918.475,14234.759,1863.0,13757.034,13321.0,15680.48674276569,13793.53715620323,13321.0
MS/total,634,2025-11-01,13763.962,12833.507,13155.57,14372.3545,14694.418,13385.0,12787.525,12471.241,13982.475,14298.759,1866.0,13757.034,13385.0,15708.48892182892,13797.066986921945,13385.0
MS/total,635,2025-12-01,13763.962,12744.642,13097.465,14430.46,14783.282,13764.0,13166.525,12850.241,14361.475,14677.759,1869.0,13757.034,13764.0,15736.491100892148,13800.107878389745,13764.0
MT/total,654,2025-07-01,2739.098,2656.4314,2685.0452,2793.1506,2821.7646,2641.0,2553.5789,2507.301,2728.4211,2774.699,1926.0,2723.3972,2641.0,5853.553798363567,2733.351264935437,2641.0000000000005
MT/total,655,2025-08-01,2752.1648,2669.1038,2697.854,2806.4753,2835.2256,2716.0,2628.5789,2582.301,2803.4211,2849.699,1929.0,2732.0046,2716.0,5863.788806958322,2745.187567260088,2716.0
MT/total,656,2025-09-01,2765.2314,2681.7761,2710.6628,2819.8,2848.6868,2775.0,2687.5789,2641.301,2862.4211,2908.699,1932.0,2740.6123,2775.0,5874.023815553077,2756.9839841225203,2775.0
MT/total,657,2025-10-01,2778.2983,2694.4485,2723.472,2833.1245,2862.148,2641.0,2517.368,2451.9211,2764.632,2830.0789,1935.0,2749.2197,2641.0,5884.258824147831,2768.1004782593936,2641.0000000000005
MT/total,658,2025-11-01,2791.365,2707.1208,2736.2808,2846.4492,2875.6091,2716.0,2592.368,2526.9211,2839.632,2905.0789,1938.0,2757.8274,2716.0,5894.493832742585,2779.7918915006835,2716.0
MT/total,659,2025-12-01,2804.4316,2719.7932,2749.0896,2859.774,2889.0703,2775.0,2651.368,2585.9211,2898.632,2964.0789,1941.0,2766.4348,2775.0,5904.728841337341,2791.4508166754235,2775.0
NC/total,678,2025-07-01,29088.305,28236.088,28531.07,29645.541,29940.523,28530.0,27672.793,27219.014,29387.207,29840.986,1998.0,29107.973,28530.0,40430.81756226946,29122.15405539999,28529.999999999993
NC/total,679,2025-08-01,29088.305,27968.488,28356.096,29820.514,30208.123,28866.0,28008.793,27555.014,29723.207,30176.986,2001.0,29108.387,28866.0,40503.67997783195,29157.850489816003,28866.000000000004
NC/total,680,2025-09-01,29088.305,27753.5,28215.523,29961.088,30423.111,29135.0,28277.793,27824.014,29992.207,30445.986,2004.0,29108.719,29135.0,40576.54239339445,29193.271520265596,29135.00000000001
NC/total,681,2025-10-01,29088.305,27568.627,28094.64,30081.969,30607.982,28530.0,27317.725,26675.984,29742.275,30384.016,2007.0,29108.988,28530.0,40649.404808956955,29223.31443221173,28529.999999999993
NC/total,682,2025-11-01,29088.305,27403.926,27986.95,30189.662,30772.686,28866.0,27653.725,27011.984,30078.275,30720.016,2010.0,29109.2,28866.0,40722.267224519455,29257.99958873149,28866.000000000004
NC/total,683,2025-12-01,29088.305,27253.953,27888.887,30287.725,30922.658,29135.0,27922.725,27280.984,30347.275,30989.016,2013.0,29109.371,29135.0,40795.129640081956,29292.47754659391,29135.00000000001
ND/total,702,2025-07-01,4897.5234,4603.397,4705.2046,5089.8423,5191.65,4827.0,4545.475,4396.4443,5108.525,5257.5557,2070.0,4874.6333,4827.0,3932.8043289380303,4918.130998095145,4827.0
ND/total,703,2025-08-01,4897.5234,4548.481,4669.297,5125.75,5246.566,4874.0,4592.475,4443.4443,5155.525,5304.5557,2073.0,4874.6333,4874.0,3939.3736542925362,4936.836584975449,4874.0
ND/total,704,2025-09-01,4897.5234,4501.101,4638.317,5156.7305,5293.9463,4930.0,4648.475,4499.4443,5211.525,5360.5557,2076.0,4874.6333,4930.0,3945.942979647043,4955.546843900684,4929.999999999999
ND/total,705,2025-10-01,4897.5234,4458.808,4610.663,5184.3843,5336.239,4827.0,4428.8633,4218.1025,5225.1367,5435.8975,2079.0,4874.6333,4827.0,3952.512305001548,4974.468044741293,4827.0
ND/total,706,2025-11-01,4897.5234,4420.2485,4585.45,5209.5967,5374.7983,4874.0,4475.8633,4265.1025,5272.1367,5482.8975,2082.0,4874.6333,4874.0,3959.081630356054,4993.6924660175955,4874.0
ND/total,707,2025-12-01,4897.5234,4384.5796,4562.1274,5232.9194,5410.468,4930.0,4531.8633,4321.1025,5328.1367,5538.8975,2085.0,4874.6333,4930.0,3965.650955710559,5012.893434830689,4929.999999999999
NE/total,726,2025-07-01,10247.635,9912.076,10028.225,10467.044,10583.192,9982.0,9602.644,9401.825,10361.356,10562.175,2142.0,10239.691,9982.0,22560.175317188947,10270.662347078469,9982.000000000002
NE/total,727,2025-08-01,10301.63,9966.072,10082.221,10521.04,10637.1875,10251.0,9871.644,9670.825,10630.356,10831.175,2145.0,10288.849,10251.0,22600.465981984613,10331.64872051871,10251.0
NE/total,728,2025-09-01,10355.626,10020.068,10136.217,10575.035,10691.184,10393.0,10013.644,9812.825,10772.356,10973.175,2148.0,10338.006,10393.0,22640.756646780283,10392.501595464828,10393.0
NE/total,729,2025-10-01,10409.622,10074.064,10190.213,10629.031,10745.18,9982.0,9445.51,9161.509,10518.49,10802.491,2151.0,10387.163,9982.0,22681.047311575952,10456.600104953559,9982.000000000002
NE/total,730,2025-11-01,10463.618,10128.06,10244.208,10683.027,10799.176,10251.0,9714.51,9430.509,10787.49,11071.491,2154.0,10436.32,10251.0,22721.337976371622,10518.370119152924,10251.0
NE/total,731,2025-12-01,10517.613,10182.056,10298.204,10737.023,10853.172,10393.0,9856.51,9572.509,10929.49,11213.491,2157.0,10485.478,10393.0,22761.6286411673,10579.962244291477,10393.0
NH/total,750,2025-07-01,5128.9844,4896.2285,4976.7935,5281.175,5361.7397,4926.0,4716.3086,4605.304,5135.6914,5246.696,2214.0,5118.0215,4926.0,8528.86656415968,5128.9959657132795,4925.999999999999
NH/total,751,2025-08-01,5128.9844,4799.7905,4913.7363,5344.2324,5458.1777,4971.0,4761.3086,4650.304,5180.6914,5291.696,2217.0,5121.2803,4971.0,8543.561921592607,5133.6109081274035,4970.999999999999
NH/total,752,2025-09-01,5128.9844,4725.759,4865.329,5392.639,5532.2095,5129.0,4919.3086,4808.304,5338.6914,5449.696,2220.0,5124.539,5129.0,8558.257279025536,5138.114826609015,5129.0
NH/total,753,2025-10-01,5128.9844,4663.3213,4824.5034,5433.465,5594.6475,4926.0,4629.451,4472.468,5222.549,5379.532,2223.0,5127.7983,4926.0,8572.952636458464,5145.357465915796,4925.999999999999
NH/total,754,2025-11-01,5128.9844,4608.2896,4788.5205,5469.4478,5649.6787,4971.0,4674.451,4517.468,5267.549,5424.532,2226.0,5131.057,4971.0,8587.647993891394,5150.4904235835875,4970.999999999999
NH/total,755,2025-12-01,5128.9844,4558.5176,4755.976,5501.992,5699.4507,5129.0,4832.451,4675.468,5425.549,5582.532,2229.0,5134.3154,5129.0,8602.343351324322,5155.48309249757,5129.0
NJ/total,774,2025-07-01,29604.928,29128.578,29293.46,29916.396,30081.277,29181.0,28336.03,27888.729,30025.97,30473.271,2286.0,29518.395,29181.0,71525.77454279727,29572.29431782796,29181.0
NJ/total,775,2025-08-01,29779.238,29302.889,29467.77,30090.707,30255.588,29299.0,28454.03,28006.729,30143.97,30591.271,2289.0,29654.05,29299.0,71654.63420019377,29735.029179706195,29298.999999999996
NJ/total,776,2025-09-01,29953.549,29477.2,29642.08,30265.016,30429.898,29374.0,28529.03,28081.729,30218.97,30666.271,2292.0,29788.645,29374.0,71783.49385759026,29897.09481439011,29373.999999999996
NJ/total,777,2025-10-01,30127.86,29651.51,29816.39,30439.326,30604.207,29181.0,27986.03,27353.451,30375.97,31008.549,2295.0,29922.215,29181.0,71912.35351498678,30063.072018085793,29181.0
NJ/total,778,2025-11-01,30302.168,29825.818,29990.701,30613.637,30778.518,29299.0,28104.03,27471.451,30493.97,31126.549,2298.0,30054.809,29299.0,72041.21317238327,30224.160463305252,29298.999999999996
NJ/total,779,2025-12-01,30476.479,30000.129,30165.01,30787.947,30952.828,29374.0,28179.03,27546.451,30568.97,31201.549,2301.0,30186.473,29374.0,72170.07282977979,30384.63659461554,29373.999999999996
NM/total,798,2025-07-01,3854.2612,3756.3035,3790.21,3918.3125,3952.2192,3830.0,3730.6716,3678.0903,3929.3284,3981.9097,2358.0,3856.561,3830.0,-458.44473071557826,3861.623061851529,3829.999999999999
NM/total,799,2025-08-01,3854.2612,3721.1594,3767.2305,3941.292,3987.3633,3872.0,3772.6716,3720.0903,3971.3284,4023.9097,2361.0,3856.561,3872.0,-460.1754725586424,3867.652346598072,3871.999999999999
NM/total,800,2025-09-01,3854.2612,3693.524,3749.1606,3959.3618,4014.9988,3853.0,3753.6716,3701.0903,3952.3284,4004.9097,2364.0,3856.561,3853.0,-461.9062144017075,3873.5691596994316,3853.0000000000005
NM/total,801,2025-10-01,3854.2612,3669.9873,3733.771,3974.7515,4038.5352,3830.0,3689.5283,3615.1672,3970.4717,4044.8328,2367.0,3856.561,3830.0,-463.6369562447724,3879.135640753498,3829.999999999999
NM/total,802,2025-11-01,3854.2612,3649.1338,3720.1357,3988.387,4059.3887,3872.0,3731.5283,3657.1672,4012.4717,4086.8328,2370.0,3856.561,3872.0,-465.36769808783725,3884.8123739660587,3871.999999999999
NM/total,803,2025-12-01,3854.2612,3630.213,3707.764,4000.7585,4078.3096,3853.0,3712.5283,3638.1672,3993.4717,4067.8328,2373.0,3856.561,3853.0,-467.0984399309022,3890.3891723713355,3853.0000000000005
NV/total,822,2025-07-01,5257.405,5109.101,5160.4346,5354.3755,5405.7085,5173.0,5020.152,4939.239,5325.848,5406.761,2430.0,5204.328,5173.0,9699.232983987618,5219.4812278955815,5173.0
NV/total,823,2025-08-01,5278.997,5130.6934,5182.0264,5375.9673,5427.301,5150.0,4997.152,4916.239,5302.848,5383.761,2433.0,5214.12,5150.0,9715.736369313017,5230.976785556244,5150.0
NV/total,824,2025-09-01,5300.589,5152.285,5203.618,5397.5596,5448.8926,5181.0,5028.152,4947.239,5333.848,5414.761,2436.0,5223.912,5181.0,9732.239754638418,5242.271356948672,5181.0
NV/total,825,2025-10-01,5322.1807,5173.877,5225.21,5419.1514,5470.4844,5173.0,4956.8403,4842.412,5389.1597,5503.588,2439.0,5233.704,5173.0,9748.743139963817,5254.722726901054,5173.0
NV/total,826,2025-11-01,5343.7725,5195.4688,5246.802,5440.743,5492.076,5150.0,4933.8403,4819.412,5366.1597,5480.588,2442.0,5243.496,5150.0,9765.246525289218,5265.822991459698,5150.0
NV/total,827,2025-12-01,5365.3647,5217.0605,5268.394,5462.335,5513.6685,5181.0,4964.8403,4850.412,5397.1597,5511.588,2445.0,5253.288,5181.0,9781.749910614617,5276.742861419736,5181.0
NY/total,846,2025-07-01,74021.43,73245.33,73513.96,74528.89,74797.52,73118.0,71809.85,71117.36,74426.15,75118.64,2502.0,73821.58,73118.0,113508.63711174593,73914.32639411172,73117.99999999999
NY/total,847,2025-08-01,74299.7,73520.69,73790.33,74809.07,75078.72,73808.0,72499.85,71807.36,75116.15,75808.64,2505.0,74064.125,73808.0,113713.37147166023,74187.38449853251,73808.00000000001
NY/total,848,2025-09-01,74577.98,73796.04,74066.695,75089.26,75359.91,73457.0,72148.85,71456.36,74765.15,75457.64,2508.0,74306.28,73457.0,113918.1058315745,74460.74151567768,73457.0
NY/total,849,2025-10-01,74856.25,74071.4,74343.06,75369.44,75641.1,73118.0,71268.0,70288.67,74968.0,75947.33,2511.0,74548.1,73118.0,114122.84019148877,74734.43335679622,73117.99999999999
NY/total,850,2025-11-01,75134.52,74346.75,74619.43,75649.62,75922.29,73808.0,71958.0,70978.67,75658.0,76637.33,2514.0,74789.65,73808.0,114327.57455140306,75007.67135416903,73808.00000000001
NY/total,851,2025-12-01,75412.8,74622.11,74895.8,75929.8,76203.484,73457.0,71607.0,70627.67,75307.0,76286.33,2517.0,75030.97,73457.0,114532.30891131735,75281.28611197312,73457.0
OH/total,876,2025-07-01,62189.797,60428.18,61037.938,63341.656,63951.414,60703.0,58966.1,58046.645,62439.9,63359.355,2592.0,62140.64,60703.0,59233.55271342081,62212.59123796545,60702.999999999985
OH/total,877,2025-08-01,62189.797,59910.31,60699.32,63680.277,64469.29,61507.0,59770.1,58850.645,63243.9,64163.355,2595.0,62176.242,61507.0,59339.69196431595,62354.338301695214,61507.0
OH/total,878,2025-09-01,62189.797,59490.008,60424.5,63955.094,64889.586,62373.0,60636.1,59716.645,64109.9,65029.355,2598.0,62211.85,62373.0,59445.8312152111,62495.535645948694,62372.99999999999
OH/total,879,2025-10-01,62189.797,59126.85,60187.047,64192.55,65252.742,60703.0,58246.656,56946.344,63159.344,64459.656,2601.0,62247.453,60703.0,59551.97046610626,62633.54964771164,60702.999999999985
OH/total,880,2025-11-01,62189.797,58802.406,59974.902,64404.695,65577.19,61507.0,59050.656,57750.344,63963.344,65263.656,2604.0,62283.062,61507.0,59658.10971700141,62774.18997641698,61507.0
OH/total,881,2025-12-01,62189.797,58506.43,59781.375,64598.223,65873.164,62373.0,59916.656,58616.344,64829.344,66129.66,2607.0,62318.664,62373.0,59764.24896789656,62914.29856367241,62372.99999999999
OK/total,900,2025-07-01,15296.911,14775.326,14955.865,15637.957,15818.496,15080.0,14575.291,14308.114,15584.709,15851.886,2664.0,15295.819,15080.0,26317.488900240263,15331.475474290643,15080.000000000004
OK/total,901,2025-08-01,15296.911,14632.86,14862.711,15731.11,15960.962,15315.0,14810.291,14543.114,15819.709,16086.886,2667.0,15295.819,15315.0,26363.860924173867,15362.6011278283,15315.0
OK/total,902,2025-09-01,15296.911,14515.944,14786.265,15807.558,16077.878,15307.0,14802.291,14535.114,15811.709,16078.886,2670.0,15295.819,15307.0,26410.232948107474,15393.836243679687,15307.000000000004
OK/total,903,2025-10-01,15296.911,14414.366,14719.846,15873.976,16179.456,15080.0,14366.234,13988.39,15793.766,16171.61,2673.0,15295.819,15080.0,26456.604972041077,15420.717277700802,15080.000000000004
OK/total,904,2025-11-01,15296.911,14323.313,14660.31,15933.513,16270.509,15315.0,14601.234,14223.39,16028.766,16406.611,2676.0,15295.819,15315.0,26502.97699597468,15452.111363046064,15315.0
OK/total,905,2025-12-01,15296.911,14240.061,14605.874,15987.948,16353.762,15307.0,14593.234,14215.39,16020.766,16398.611,2679.0,15295.819,15307.0,26549.349019908288,15483.607612909454,15307.000000000004
OR/total,924,2025-07-01,8295.638,7989.887,8095.7183,8495.557,8601.388,8192.0,7788.4473,7574.8193,8595.553,8809.181,2736.0,8419.044,8192.0,26448.977874846314,8389.974089435738,8192.0
OR/total,925,2025-08-01,8327.21,8021.46,8127.2905,8527.129,8632.96,8229.0,7825.4473,7611.8193,8632.553,8846.181,2739.0,8478.551,8229.0,26495.537486541787,8451.811552872521,8229.000000000002
OR/total,926,2025-09-01,8357.141,8051.39,8157.2207,8557.06,8662.891,8407.0,8003.4473,7789.8193,8810.553,9024.181,2742.0,8537.936,8407.0,26542.09709823726,8513.186925293257,8407.000000000002
OR/total,927,2025-10-01,8385.514,8079.7637,8185.594,8585.433,8691.264,8192.0,7621.29,7319.175,8762.71,9064.825,2745.0,8597.211,8192.0,26588.656709932726,8569.688650783994,8192.0
OR/total,928,2025-11-01,8412.411,8106.661,8212.492,8612.331,8718.161,8229.0,7658.29,7356.175,8799.71,9101.825,2748.0,8656.395,8229.0,26635.21632162819,8629.673121450767,8229.000000000002
OR/total,929,2025-12-01,8437.91,8132.1597,8237.99,8637.829,8743.66,8407.0,7836.29,7534.175,8977.71,9279.825,2751.0,8715.498,8407.0,26681.77593332366,8689.316686994282,8407.000000000002
PA/total,948,2025-07-01,53367.58,52223.688,52619.63,54115.527,54511.47,52391.0,51010.98,50280.44,53771.02,54501.56,2808.0,53273.727,52391.0,102837.21372950671,53317.058914413676,52391.0
PA/total,949,2025-08-01,53622.473,52271.004,52738.797,54506.152,54973.94,52794.0,51413.98,50683.44,54174.02,54904.56,2811.0,53459.727,52794.0,103022.14506603895,53553.543394348926,52794.0
PA/total,950,2025-09-01,53877.37,52346.145,52876.156,54878.582,55408.594,53150.0,51769.98,51039.44,54530.02,55260.56,2814.0,53644.25,53150.0,103207.07640257121,53789.221246025816,53150.0
PA/total,951,2025-10-01,54132.266,52440.22,53025.895,55238.633,55824.312,52391.0,50439.355,49406.22,54342.645,55375.78,2817.0,53827.375,52391.0,103392.00773910346,54020.139734108045,52391.0
PA/total,952,2025-11-01,54387.16,52548.25,53184.76,55589.56,56226.07,52794.0,50842.355,49809.22,54745.645,55778.78,2820.0,54009.195,52794.0,103576.9390756357,54254.14352328667,52794.0
PA/total,953,2025-12-01,54642.055,52667.125,53350.72,55933.395,56616.99,53150.0,51198.355,50165.22,55101.645,56134.78,2823.0,54189.805,53150.0,103761.87041216795,54487.52315740189,53150.0
RI/total,972,2025-07-01,5659.483,5468.463,5534.5815,5784.384,5850.5024,5650.0,5482.904,5394.4487,5817.096,5905.5513,2880.0,5659.619,5650.0,5750.282975303043,5661.010221878842,5650.0
RI/total,973,2025-08-01,5659.483,5427.7573,5507.966,5811.0,5891.208,5710.0,5542.904,5454.4487,5877.096,5965.5513,2883.0,5659.619,5710.0,5758.983346349223,5671.384836743406,5710.0
RI/total,974,2025-09-01,5659.483,5393.2036,5485.372,5833.5933,5925.762,5647.0,5479.904,5391.4487,5814.096,5902.5513,2886.0,5659.619,5647.0,5767.683717395403,5682.011976872246,5647.0
RI/total,975,2025-10-01,5659.483,5362.645,5465.391,5853.5747,5956.321,5650.0,5413.6904,5288.596,5886.3096,6011.404,2889.0,5659.619,5650.0,5776.384088441582,5688.587680530319,5650.0
RI/total,976,2025-11-01,5659.483,5334.951,5447.2827,5871.6826,5984.014,5710.0,5473.6904,5348.596,5946.3096,6071.404,2892.0,5659.619,5710.0,5785.0844594877635,5698.686484086682,5710.0
RI/total,977,2025-12-01,5659.483,5309.4414,5430.603,5888.3623,6009.524,5647.0,5410.6904,5285.596,5883.3096,6008.404,2895.0,5659.619,5647.0,5793.784830533943,5709.05755433373,5647.0
SC/total,1002,2025-07-01,13968.468,13666.338,13770.916,14166.02,14270.598,13763.0,13458.33,13297.048,14067.67,14228.952,2970.0,13971.77,13763.0,7869.186015498473,13991.142138187353,13763.0
SC/total,1003,2025-08-01,13968.468,13579.308,13714.01,14222.926,14357.628,13887.0,13582.33,13421.048,14191.67,14352.952,2973.0,13979.975,13887.0,7881.6546111648795,14022.728966328981,13887.0
SC/total,1004,2025-09-01,13968.468,13508.458,13667.684,14269.252,14428.478,13993.0,13688.33,13527.048,14297.67,14458.952,2976.0,13988.18,13993.0,7894.123206831286,14054.164507013356,13992.999999999998
SC/total,1005,2025-10-01,13968.468,13447.15,13627.597,14309.339,14489.785,13763.0,13332.132,13104.045,14193.868,14421.955,2979.0,13996.385,13763.0,7906.591802497691,14084.479942237036,13763.0
SC/total,1006,2025-11-01,13968.468,13392.33,13591.751,14345.184,14544.605,13887.0,13456.132,13228.045,14317.868,14545.955,2982.0,14004.59,13887.0,7919.060398164096,14115.753418149681,13887.0
SC/total,1007,2025-12-01,13968.468,13342.291,13559.032,14377.903,14594.645,13993.0,13562.132,13334.045,14423.868,14651.955,2985.0,14012.795,13993.0,7931.528993830501,14146.881079498604,13992.999999999998
SD/total,1026,2025-07-01,4519.493,4341.666,4403.2183,4635.7686,4697.321,4433.0,4273.5317,4189.1147,4592.4683,4676.8853,3042.0,4509.1064,4433.0,6029.83195398544,4523.667731449064,4433.0
SD/total,1027,2025-08-01,4519.493,4294.3843,4372.3027,4666.684,4744.602,4529.0,4369.5317,4285.1147,4688.4683,4772.8853,3045.0,4509.1064,4529.0,6039.037151961963,4534.89527815145,4529.0
SD/total,1028,2025-09-01,4519.493,4255.4287,4346.8306,4692.156,4783.558,4524.0,4364.5317,4280.1147,4683.4683,4767.8853,3048.0,4509.1064,4524.0,6048.242349938485,4546.227619314556,4524.000000000001
SD/total,1029,2025-10-01,4519.493,4221.515,4324.656,4714.3306,4817.471,4433.0,4207.478,4088.094,4658.522,4777.906,3051.0,4509.1064,4433.0,6057.447547915007,4556.2009031379175,4433.0
SD/total,1030,2025-11-01,4519.493,4191.0786,4304.7544,4734.2324,4847.908,4529.0,4303.478,4184.094,4754.522,4873.906,3054.0,4509.1064,4529.0,6066.652745891528,4567.453176343048,4529.0
SD/total,1031,2025-12-01,4519.493,4163.226,4286.543,4752.444,4875.7603,4524.0,4298.478,4179.094,4749.522,4868.906,3057.0,4509.1064,4524.0,6075.85794386805,4578.806258873448,4524.000000000001
TN/total,1050,2025-07-01,21450.363,21025.682,21172.678,21728.049,21875.047,21181.0,20781.887,20570.607,21580.113,21791.393,3114.0,21571.758,21181.0,28867.29179612702,21566.358700433582,21181.0
TN/total,1051,2025-08-01,21450.363,20916.908,21101.555,21799.172,21983.82,21356.0,20956.887,20745.607,21755.113,21966.393,3117.0,21620.072,21356.0,28917.697092679708,21616.959209796023,21356.000000000004
TN/total,1052,2025-09-01,21450.363,20826.828,21042.656,21858.072,22073.898,21492.0,21092.887,20881.607,21891.113,22102.393,3120.0,21668.385,21492.0,28968.102389232397,21666.898341023913,21492.000000000004
TN/total,1053,2025-10-01,21450.363,20748.213,20991.252,21909.477,22152.516,21181.0,20616.568,20317.775,21745.432,22044.225,3123.0,21716.697,21181.0,29018.50768578508,21719.007799181003,21181.0
TN/total,1054,2025-11-01,21450.363,20677.553,20945.05,21955.678,22223.174,21356.0,20791.568,20492.775,21920.432,22219.225,3126.0,21765.01,21356.0,29068.91298233776,21768.591627900125,21356.000000000004
TN/total,1055,2025-12-01,21450.363,20612.834,20902.732,21997.994,22287.895,21492.0,20927.568,20628.775,22056.432,22355.225,3129.0,21813.322,21492.0,29119.318278890438,21817.555900853793,21492.000000000004
TX/total,1074,2025-07-01,68657.55,67182.57,67693.11,69621.98,70132.52,67518.0,65753.84,64819.95,69282.16,70216.05,3186.0,68668.65,67518.0,129654.04632571852,68784.47572228663,67518.0
TX/total,1075,2025-08-01,68973.65,67498.68,68009.22,69938.086,70448.625,68298.0,66533.84,65599.95,70062.16,70996.05,3189.0,68967.82,68298.0,129887.17138886754,69160.05710494661,68298.0
TX/total,1076,2025-09-01,69289.76,67814.78,68325.32,70254.19,70764.73,68237.0,66472.84,65538.95,70001.16,70935.05,3192.0,69267.0,68237.0,130120.29645201663,69533.75127433831,68237.0
TX/total,1077,2025-10-01,69605.86,68130.88,68641.42,70570.29,71080.836,67518.0,65023.1,63702.383,70012.9,71333.62,3195.0,69566.164,67518.0,130353.42151516571,69920.97786972705,67518.0
TX/total,1078,2025-11-01,69921.96,68446.984,68957.53,70886.4,71396.94,68298.0,65803.1,64482.383,70792.9,72113.62,3198.0,69865.34,68298.0,130586.54657831475,70296.45113438225,68298.0
TX/total,1079,2025-12-01,70238.06,68763.09,69273.63,71202.5,71713.04,68237.0,65742.1,64421.383,70731.9,72052.62,3201.0,70164.51,68237.0,130819.67164146382,70670.00715238224,68237.0
UT/total,1098,2025-07-01,6145.2036,5763.641,5895.7134,6394.6943,6526.7666,6076.0,5767.268,5603.835,6384.732,6548.165,3258.0,6156.792,6076.0,13526.942437530506,6168.977630603344,6076.000000000002
UT/total,1099,2025-08-01,6145.2036,5702.1313,5855.494,6434.913,6588.276,6134.0,5825.268,5661.835,6442.732,6606.165,3261.0,6165.8564,6134.0,13549.138417107788,6198.837187390463,6134.0
UT/total,1100,2025-09-01,6145.2036,5648.1587,5820.2036,6470.204,6642.2485,6180.0,5871.268,5707.835,6488.732,6652.165,3264.0,6174.922,6180.0,13571.334396685073,6229.109350037666,6180.0
UT/total,1101,2025-10-01,6145.2036,5599.482,5788.3755,6502.0317,6690.9253,6076.0,5639.387,5408.2583,6512.613,6743.7417,3267.0,6183.987,6076.0,13593.530376262355,6250.673313262317,6076.000000000002
UT/total,1102,2025-11-01,6145.2036,5554.79,5759.153,6531.2544,6735.617,6134.0,5697.387,5466.2583,6570.613,6801.7417,3270.0,6193.052,6134.0,13615.726355839637,6279.992302321991,6134.0
UT/total,1103,2025-12-01,6145.2036,5513.237,5731.983,6558.4243,6777.1704,6180.0,5743.387,5512.2583,6616.613,6847.7417,3273.0,6202.1167,6180.0,13637.922335416923,6309.752071756477,6180.0
VA/total,1122,2025-07-01,22488.11,21661.086,21947.348,23028.871,23315.135,22257.0,21470.36,21053.936,23043.64,23460.064,3330.0,22689.414,22257.0,20624.910927561545,22603.55634034441,22256.999999999996
VA/total,1123,2025-08-01,22492.49,21665.465,21951.729,23033.252,23319.514,22611.0,21824.36,21407.936,23397.64,23814.064,3333.0,22724.39,22611.0,20659.982782189098,22650.535080693826,22611.0
VA/total,1124,2025-09-01,22496.2,21669.176,21955.438,23036.96,23323.223,22460.0,21673.36,21256.936,23246.64,23663.064,3336.0,22759.367,22460.0,20695.054636816654,22698.10267584478,22460.000000000004
VA/total,1125,2025-10-01,22499.342,21672.316,21958.58,23040.104,23326.365,22257.0,21144.521,20555.611,23369.479,23958.389,3339.0,22794.34,22257.0,20730.126491444207,22736.47759476041,22256.999999999996
VA/total,1126,2025-11-01,22502.004,21674.979,21961.24,23042.766,23329.027,22611.0,21498.521,20909.611,23723.479,24312.389,3342.0,22829.316,22611.0,20765.198346071764,22782.220345634887,22611.0
VA/total,1127,2025-12-01,22504.258,21677.232,21963.496,23045.02,23331.281,22460.0,21347.521,20758.611,23572.479,24161.389,3345.0,22864.293,22460.0,20800.270200699317,22828.698746988197,22460.000000000004
VT/total,1146,2025-07-01,1853.2388,1744.3622,1782.0482,1924.4293,1962.1154,1847.0,1735.5632,1676.5721,1958.4368,2017.4279,3402.0,1859.7482,1847.0,3890.040603550614,1857.327867486383,1847.0
VT/total,1147,2025-08-01,1853.2388,1709.8436,1759.4777,1946.9998,1996.6339,1835.0,1723.5632,1664.5721,1946.4368,2005.4279,3405.0,1859.7482,1835.0,3894.7574577735495,1857.9883915492298,1834.9999999999998
VT/total,1148,2025-09-01,1853.2388,1682.1533,1741.372,1965.1055,2024.3241,1856.0,1744.5632,1685.5721,1967.4368,2026.4279,3408.0,1859.7482,1856.0,3899.474311996485,1858.6433360657948,1856.0
VT/total,1149,2025-10-01,1853.2388,1658.3586,1725.8135,1980.6641,2048.119,1847.0,1689.4047,1605.9786,2004.5953,2088.0212,3411.0,1859.7482,1847.0,3904.19116621942,1860.119129411761,1847.0
VT/total,1150,2025-11-01,1853.2388,1637.1686,1711.958,1994.5194,2069.3088,1835.0,1677.4047,1593.9786,1992.5953,2076.0212,3414.0,1859.7482,1835.0,3908.9080204423562,1860.955019322496,1834.9999999999998
VT/total,1151,2025-12-01,1853.2388,1617.8787,1699.3451,2007.1324,2088.5989,1856.0,1698.4047,1614.9786,2013.5953,2097.0212,3417.0,1859.7482,1856.0,3913.624874665292,1861.7780153520598,1856.0
WA/total,1170,2025-07-01,13778.222,13423.043,13545.982,14010.46,14133.4,13608.0,13176.769,12948.488,14039.231,14267.512,3474.0,13676.402,13608.0,32209.23828134579,13727.429929608614,13608.000000000002
WA/total,1171,2025-08-01,13855.559,13418.719,13569.924,14141.194,14292.399,13666.0,13234.769,13006.488,14097.231,14325.512,3477.0,13676.402,13666.0,32265.07712461474,13769.520263815433,13666.0
WA/total,1172,2025-09-01,13932.896,13426.684,13601.902,14263.892,14439.109,13681.0,13249.769,13021.488,14112.231,14340.512,3480.0,13676.402,13681.0,32320.915967883695,13811.538075860755,13681.0
WA/total,1173,2025-10-01,14010.234,13442.413,13638.956,14381.512,14578.055,13608.0,12998.146,12675.311,14217.854,14540.689,3483.0,13676.402,13608.0,32376.75481115264,13851.930447884035,13608.000000000002
WA/total,1174,2025-11-01,14087.571,13463.6,13679.578,14495.565,14711.544,13666.0,13056.146,12733.311,14275.854,14598.689,3486.0,13676.402,13666.0,32432.59365442159,13893.522102486115,13666.0
WA/total,1175,2025-12-01,14164.909,13488.878,13722.876,14606.942,14840.94,13681.0,13071.146,12748.311,14290.854,14613.689,3489.0,13676.402,13681.0,32488.432497690545,13935.062117684838,13681.0
WI/total,1194,2025-07-01,19816.309,19017.154,19293.77,20338.848,20615.463,19033.0,18197.268,17754.857,19868.732,20311.143,3546.0,19727.967,19033.0,38238.95073079524,19800.509832971293,19033.000000000004
WI/total,1195,2025-08-01,19907.08,19104.266,19382.148,20432.014,20709.896,19681.0,18845.268,18402.857,20516.732,20959.143,3549.0,19810.287,19681.0,38305.776126605306,19880.02253906072,19681.0
WI/total,1196,2025-09-01,19997.854,19191.377,19470.527,20525.18,20804.33,19849.0,19013.268,18570.857,20684.732,21127.143,3552.0,19892.607,19849.0,38372.60152241538,19959.5676287065,19849.0
WI/total,1197,2025-10-01,20088.627,19278.49,19558.906,20618.346,20898.762,19033.0,17851.096,17225.434,20214.904,20840.566,3555.0,19974.928,19033.0,38439.42691822545,20043.214863838435,19033.000000000004
WI/total,1198,2025-11-01,20179.398,19365.602,19647.285,20711.512,20993.195,19681.0,18499.096,17873.434,20862.904,21488.566,3558.0,20057.248,19681.0,38506.252314035526,20124.233345610017,19681.0
WI/total,1199,2025-12-01,20270.172,19452.713,19735.664,20804.678,21087.629,19849.0,18667.096,18041.434,21030.904,21656.566,3561.0,20139.566,19849.0,38573.0777098456,20205.2311048337,19849.0
WV/total,1218,2025-07-01,7470.676,7311.3184,7366.4775,7574.8735,7630.0327,7432.0,7266.4575,7178.8247,7597.5425,7685.1753,3618.0,7546.311,7432.0,11074.262891409537,7524.971627802173,7432.0
WV/total,1219,2025-08-01,7477.31,7317.8115,7373.0195,7581.6006,7636.8086,7443.0,7277.4575,7189.8247,7608.5425,7696.1753,3621.0,7542.501,7443.0,11091.37877576153,7527.703157592407,7442.999999999999
WV/total,1220,2025-09-01,7483.363,7323.7354,7378.988,7587.738,7642.9907,7541.0,7375.4575,7287.8247,7706.5425,7794.1753,3624.0,7534.2505,7541.0,11108.49466011352,7527.6262204578725,7541.000000000001
WV/total,1221,2025-10-01,7488.885,7329.139,7384.433,7593.337,7648.6304,7432.0,7197.8877,7073.956,7666.1123,7790.044,3627.0,7568.4087,7432.0,11125.610544465511,7552.620322190256,7432.0
WV/total,1222,2025-11-01,7493.923,7334.07,7389.4004,7598.445,7653.776,7443.0,7208.8877,7084.956,7677.1123,7801.044,3630.0,7564.5986,7443.0,11142.726428817503,7554.821573196107,7442.999999999999
WV/total,1223,2025-12-01,7498.519,7338.568,7393.9326,7603.1055,7658.4697,7541.0,7306.8877,7182.956,7775.1123,7899.044,3633.0,7556.348,7541.0,11159.842313169493,7554.26841617482,7541.000000000001
WY/total,1242,2025-07-01,1793.9825,1688.8478,1725.2386,1862.7266,1899.1174,1733.0,1619.6504,1559.6467,1846.3496,1906.3533,3690.0,1806.9419,1733.0,6922.965613814848,1795.0231436113827,1733.0
WY/total,1243,2025-08-01,1806.396,1701.2611,1737.652,1875.1399,1911.5308,1736.0,1622.6504,1562.6467,1849.3496,1909.3533,3693.0,1818.3921,1736.0,6932.706016502363,1804.9805905829219,1735.9999999999998
WY/total,1244,2025-09-01,1818.8093,1713.6746,1750.0654,1887.5533,1923.9442,1774.0,1660.6504,1600.6467,1887.3496,1947.3533,3696.0,1829.8424,1774.0,6942.446419189879,1814.9364268918457,1774.0
WY/total,1245,2025-10-01,1831.2228,1726.0879,1762.4788,1899.9667,1936.3575,1733.0,1572.6995,1487.8414,1893.3005,1978.1586,3699.0,1841.2927,1733.0,6952.186821877395,1825.5187960412986,1733.0
WY/total,1246,2025-11-01,1843.6361,1738.5012,1774.8921,1912.3801,1948.771,1736.0,1575.6995,1490.8414,1896.3005,1981.1586,3702.0,1852.7429,1736.0,6961.92722456491,1835.481199296168,1735.9999999999998
WY/total,1247,2025-12-01,1856.0494,1750.9147,1787.3055,1924.7935,1961.1843,1774.0,1613.6995,1528.8414,1934.3005,2019.1586,3705.0,1864.1932,1774.0,6971.6676272524255,1845.4415846006361,1774.0
AK/CNA,0,2025-07-01,395.79065,350.39053,366.1051,425.4762,441.19077,401.0,356.56262,333.03888,445.43738,468.96112,0.0,395.79065,401.0,88.90639021518456,396.5975843352665,401.0
AK/CNA,1,2025-08-01,395.79065,339.7366,359.1389,432.44244,451.8447,423.0,378.56262,355.03888,467.43738,490.96112,1.0,395.79065,423.0,89.76766552787466,398.705021067157,422.99999999999994
AK/CNA,2,2025-09-01,395.79065,330.8065,353.29977,438.28152,460.77484,388.0,343.56262,320.03888,432.43738,455.96112,2.0,395.79065,388.0,90.62894084056474,400.8215981521952,388.0
AK/CNA,3,2025-10-01,395.79065,322.96326,348.1714,443.40994,468.61804,401.0,338.15604,304.88846,463.84396,497.11154,3.0,395.79065,401.0,91.49021615325486,402.68286016357064,401.0
AK/CNA,4,2025-11-01,395.79065,315.88623,343.54398,448.03735,475.69507,423.0,360.15604,326.88846,485.84396,519.1115,4.0,395.79065,423.0,92.35149146594493,404.7872841466654,422.99999999999994
AK/CNA,5,2025-12-01,395.79065,309.38693,339.2943,452.28702,482.19437,388.0,325.15604,291.88846,450.84396,484.11154,5.0,395.79065,388.0,93.21276677863504,406.90180275341316,388.0
AK/LPN,6,2025-07-01,84.0009,72.15981,76.25843,91.74337,95.84199,94.0,80.8561,73.89814,107.1439,114.10186,6.0,84.0009,94.0,0.8265145252878459,83.07567513918944,94.00000000000001
AK/LPN,7,2025-08-01,84.0009,67.25591,73.05194,94.94986,100.74589,93.0,79.8561,72.89814,106.1439,113.10186,7.0,84.0009,93.0,1.7919948757418143,82.93184266478843,92.99999999999997
AK/LPN,8,2025-09-01,84.0009,63.4929,70.59144,97.41036,104.5089,84.0,70.8561,63.898136,97.1439,104.10186,8.0,84.0009,84.0,2.7574752261957736,82.78836202531346,84.0
AK/LPN,9,2025-10-01,84.0009,60.3205,68.51712,99.48468,107.6813,94.0,75.41171,65.57167,112.58829,122.42833,9.0,84.0009,94.0,3.72295557664974,82.60186313903097,94.00000000000001
AK/LPN,10,2025-11-01,84.0009,57.52554,66.68959,101.31221,110.47626,93.0,74.41171,64.57167,111.58829,121.42833,10.0,84.0009,93.0,4.688435927103704,82.44215687255291,92.99999999999997
AK/LPN,11,2025-12-01,84.0009,54.99869,65.03738,102.964424,113.003105,84.0,65.41171,55.571674,102.58829,112.42833,11.0,84.0009,84.0,5.653916277557668,82.28393058948392,84.0
AK/RN,12,2025-07-01,224.0034,190.95003,202.39096,245.61583,257.05676,248.0,214.50876,196.77956,281.49124,299.22043,12.0,224.0034,248.0,802.6923449323612,223.17535812576565,248.00000000000003
AK/RN,13,2025-08-01,224.0034,177.19504,193.39706,254.60974,270.81177,258.0,224.50876,206.77956,291.49124,309.22043,13.0,224.0034,258.0,804.8835341211709,224.79747928015945,258.00000000000006
AK/RN,14,2025-09-01,224.0034,166.59482,186.46594,261.54086,281.412,224.0,190.50876,172.77956,257.49124,275.22043,14.0,224.0034,224.0,807.0747233099804,226.4309240574057,224.00000000000009
AK/RN,15,2025-10-01,224.0034,157.62021,180.59776,267.40903,290.3866,248.0,200.63623,175.56335,295.36377,320.43665,15.0,224.0034,248.0,809.2659124987898,227.74267643413953,248.00000000000003
AK/RN,16,2025-11-01,224.0034,149.67973,175.40576,272.60104,298.32706,258.0,210.63623,185.56335,305.36377,330.43665,16.0,224.0034,258.0,811.4571016875991,229.33024664701932,258.00000000000006
AK/RN,17,2025-12-01,224.0034,142.47047,170.6919,277.3149,305.53632,224.0,176.63623,151.56335,271.36377,296.43665,17.0,224.0034,224.0,813.6482908764087,230.93121324674226,224.00000000000009
AL/CNA,24,2025-07-01,13000.223,12594.949,12735.229,13265.218,13405.497,12758.0,12363.975,12155.39,13152.025,13360.61,24.0,13000.223,12758.0,11032.661095563035,13041.755915289528,12757.999999999998
AL/CNA,25,2025-08-01,13000.223,12466.98,12651.555,13348.892,13533.466,12926.0,12531.975,12323.39,13320.025,13528.61,25.0,13000.223,12926.0,11053.119063051117,13056.400443866976,12926.000000000004
AL/CNA,26,2025-09-01,13000.223,12364.261,12584.39,13416.057,13636.186,13017.0,12622.975,12414.39,13411.025,13619.61,26.0,13000.223,13017.0,11073.5770305392,13070.512411571039,13017.000000000004
AL/CNA,27,2025-10-01,13000.223,12275.966,12526.657,13473.789,13724.48,12758.0,12200.764,11905.78,13315.236,13610.22,27.0,13000.223,12758.0,11094.034998027284,13086.169464958964,12757.999999999998
AL/CNA,28,2025-11-01,13000.223,12197.323,12475.234,13525.211,13803.123,12926.0,12368.764,12073.78,13483.236,13778.22,28.0,13000.223,12926.0,11114.492965515366,13100.638779970439,12926.000000000004
AL/CNA,29,2025-12-01,13000.223,12125.724,12428.419,13572.027,13874.723,13017.0,12459.764,12164.78,13574.236,13869.22,29.0,13000.223,13017.0,11134.950933003447,13114.579066680344,13017.000000000004
AL/LPN,30,2025-07-01,3820.4114,3730.6223,3761.7014,3879.121,3910.2004,3777.0,3701.1907,3661.0596,3852.8093,3892.9404,30.0,3820.4114,3777.0,1022.8909964306254,3828.4020908266834,3776.9999999999995
AL/LPN,31,2025-08-01,3820.4114,3726.4924,3759.001,3881.8215,3914.3303,3851.0,3775.1907,3735.0596,3926.8093,3966.9404,31.0,3820.4114,3851.0,1025.680616816871,3831.09795381507,3851.0
AL/LPN,32,2025-09-01,3820.4114,3722.5366,3756.4146,3884.4082,3918.2861,3839.0,3763.1907,3723.0596,3914.8093,3954.9404,32.0,3820.4114,3839.0,1028.4702372031174,3833.7810805868917,3838.9999999999995
AL/LPN,33,2025-10-01,3820.4114,3718.7346,3753.9285,3886.8943,3922.0881,3777.0,3669.7893,3613.0354,3884.2107,3940.9646,33.0,3820.4114,3777.0,1031.2598575893635,3836.2620473009547,3776.9999999999995
AL/LPN,34,2025-11-01,3820.4114,3715.0696,3751.5322,3889.2905,3925.753,3851.0,3743.7893,3687.0354,3958.2107,4014.9646,34.0,3820.4114,3851.0,1034.0494779756095,3839.0140703423585,3851.0
AL/LPN,35,2025-12-01,3820.4114,3711.528,3749.2163,3891.6062,3929.2947,3839.0,3731.7893,3675.0354,3946.2107,4002.9646,35.0,3820.4114,3839.0,1036.8390983618558,3841.7505376230206,3838.9999999999995
AL/RN,36,2025-07-01,3216.5088,3121.582,3154.4395,3278.5781,3311.4355,3144.0,3039.3691,2983.981,3248.6309,3304.019,36.0,3216.5088,3144.0,7994.2197614147035,3225.8319830056844,3143.9999999999995
AL/RN,37,2025-08-01,3235.5825,3126.5952,3164.3196,3306.8455,3344.5698,3185.0,3080.3691,3024.981,3289.6309,3345.019,37.0,3235.5825,3185.0,8009.522443274858,3248.091497101792,3184.9999999999995
AL/RN,38,2025-09-01,3254.6562,3133.2185,3175.2524,3334.0603,3376.0942,3195.0,3090.3691,3034.981,3299.6309,3355.019,38.0,3254.6562,3195.0,8024.825125135013,3270.2689662458756,3195.0
AL/RN,39,2025-10-01,3273.73,3140.9978,3186.9412,3360.519,3406.4624,3144.0,2996.0298,2917.699,3291.9702,3370.301,39.0,3273.73,3144.0,8040.127806995168,3291.8128426376084,3143.9999999999995
AL/RN,40,2025-11-01,3292.8037,3149.6592,3199.2065,3386.4011,3435.9485,3185.0,3037.0298,2958.699,3332.9702,3411.301,40.0,3292.8037,3185.0,8055.430488855323,3313.9527112612004,3184.9999999999995
AL/RN,41,2025-12-01,3311.8777,3159.0227,3211.9312,3411.8242,3464.7327,3195.0,3047.0298,2968.699,3342.9702,3421.301,41.0,3311.8777,3195.0,8070.733170715478,3336.016426243214,3195.0
AR/CNA,48,2025-07-01,10975.318,10670.04,10775.707,11174.93,11280.597,10760.0,10463.334,10306.289,11056.666,11213.711,48.0,10975.318,10760.0,15967.67626266923,11012.702460869388,10760.0
AR/CNA,49,2025-08-01,10975.318,10584.37,10719.69,11230.946,11366.268,10967.0,10670.334,10513.289,11263.666,11420.711,49.0,10975.318,10967.0,15997.061251230438,11030.494563566097,10966.999999999998
AR/CNA,50,2025-09-01,10975.318,10514.355,10673.911,11276.726,11436.281,10989.0,10692.334,10535.289,11285.666,11442.711,50.0,10975.318,10989.0,16026.446239791643,11047.877705705285,10989.000000000004
AR/CNA,51,2025-10-01,10975.318,10453.655,10634.221,11316.416,11496.981,10760.0,10340.451,10118.355,11179.549,11401.645,51.0,10975.318,10760.0,16055.831228352852,11066.543653370718,10760.0
AR/CNA,52,2025-11-01,10975.318,10399.316,10598.69,11351.946,11551.32,10967.0,10547.451,10325.355,11386.549,11608.645,52.0,10975.318,10967.0,16085.216216914063,11084.000047924488,10966.999999999998
AR/CNA,53,2025-12-01,10975.318,10349.679,10566.235,11384.402,11600.958,10989.0,10569.451,10347.355,11408.549,11630.645,53.0,10975.318,10989.0,16114.60120547527,11101.055784101303,10989.000000000004
AR/LPN,54,2025-07-01,3419.8198,3325.3655,3358.0596,3481.58,3514.2742,3398.0,3312.3298,3266.9788,3483.6702,3529.0212,54.0,3419.8198,3398.0,2135.93444877016,3430.8476017088583,3398.0000000000005
AR/LPN,55,2025-08-01,3419.8198,3309.8145,3347.891,3491.7485,3529.8252,3420.0,3334.3298,3288.9788,3505.6702,3551.0212,55.0,3419.8198,3420.0,2140.6961576861845,3434.025299817177,3419.9999999999995
AR/LPN,56,2025-09-01,3419.8198,3296.2046,3338.9922,3500.6475,3543.435,3430.0,3344.3298,3298.9788,3515.6702,3561.0212,56.0,3419.8198,3430.0,2145.457866602209,3437.1526035281136,3429.9999999999995
AR/LPN,57,2025-10-01,3419.8198,3283.9512,3330.98,3508.6597,3555.6885,3398.0,3276.844,3212.708,3519.156,3583.292,57.0,3419.8198,3398.0,2150.2195755182333,3440.5406729916467,3398.0000000000005
AR/LPN,58,2025-11-01,3419.8198,3272.7148,3323.633,3516.0066,3566.9248,3420.0,3298.844,3234.708,3541.156,3605.292,58.0,3419.8198,3420.0,2154.981284434258,3443.769036788304,3419.9999999999995
AR/LPN,59,2025-12-01,3419.8198,3262.278,3316.8088,3522.8308,3577.3616,3430.0,3308.844,3244.708,3551.156,3615.292,59.0,3419.8198,3430.0,2159.742993350283,3446.9448968965908,3429.9999999999995
AR/RN,60,2025-07-01,1737.1348,1630.3799,1667.3315,1806.938,1843.8896,1697.0,1586.1124,1527.412,1807.8876,1866.588,60.0,1737.1348,1697.0,7090.9327542508145,1741.6298660803448,1697.0
AR/RN,61,2025-08-01,1737.1348,1600.2101,1647.6045,1826.665,1874.0594,1733.0,1622.1124,1563.412,1843.8876,1902.588,61.0,1737.1348,1733.0,7104.597901441401,1749.0658502848478,1732.9999999999998
AR/RN,62,2025-09-01,1737.1348,1575.5793,1631.4994,1842.7701,1898.6902,1740.0,1629.1124,1570.412,1850.8876,1909.588,62.0,1737.1348,1740.0,7118.263048631985,1756.5571573754305,1740.0000000000002
AR/RN,63,2025-10-01,1737.1348,1554.2361,1617.5437,1856.7258,1920.0334,1697.0,1540.1812,1457.1664,1853.8188,1936.8336,63.0,1737.1348,1697.0,7131.92819582257,1761.3157079401647,1697.0
AR/RN,64,2025-11-01,1737.1348,1535.1355,1605.0544,1869.215,1939.134,1733.0,1576.1812,1493.1664,1889.8188,1972.8336,64.0,1737.1348,1733.0,7145.593343013157,1768.3965190279375,1732.9999999999998
AR/RN,65,2025-12-01,1737.1348,1517.6912,1593.6483,1880.6212,1956.5784,1740.0,1583.1812,1500.1664,1896.8188,1979.8336,65.0,1737.1348,1740.0,7159.258490203741,1775.550729575181,1740.0000000000002
AZ/CNA,72,2025-07-01,6485.9893,6294.57,6360.8267,6611.152,6677.4087,6359.0,6152.503,6043.1895,6565.497,6674.8105,72.0,6485.9893,6359.0,13301.861709293775,6493.576759186883,6359.000000000001
AZ/CNA,73,2025-08-01,6485.9893,6215.2793,6308.9814,6662.997,6756.699,6378.0,6171.503,6062.1895,6584.497,6693.8105,73.0,6485.9893,6378.0,13326.371364812689,6497.564901809502,6378.0
AZ/CNA,74,2025-09-01,6485.9893,6154.4253,6269.1914,6702.787,6817.553,6486.0,6279.503,6170.1895,6692.497,6801.8105,74.0,6485.9893,6486.0,13350.881020331602,6501.494333627513,6486.000000000003
AZ/CNA,75,2025-10-01,6485.9893,6103.114,6235.64,6736.338,6868.8647,6359.0,6066.9688,5912.377,6651.0312,6805.623,75.0,6485.9893,6359.0,13375.390675850516,6505.436537669397,6359.000000000001
AZ/CNA,76,2025-11-01,6485.9893,6057.899,6206.076,6765.9023,6914.079,6378.0,6085.9688,5931.377,6670.0312,6824.623,76.0,6485.9893,6378.0,13399.900331369428,6509.559686757751,6378.0
AZ/CNA,77,2025-12-01,6485.9893,6017.015,6179.3433,6792.635,6954.9634,6486.0,6193.9688,6039.377,6778.0312,6932.623,77.0,6485.9893,6486.0,13424.409986888342,6513.61791449876,6486.000000000003
AZ/LPN,78,2025-07-01,2790.0923,2691.9187,2725.9,2854.2844,2888.2656,2749.0,2653.672,2603.2085,2844.328,2894.7915,78.0,2790.0923,2749.0,3017.9003491154467,2790.244172691121,2749.0000000000005
AZ/LPN,79,2025-08-01,2790.0923,2663.4875,2707.3098,2872.8745,2916.6968,2777.0,2681.672,2631.2085,2872.328,2922.7915,79.0,2790.0923,2777.0,3024.198940337595,2788.6475944416657,2776.9999999999995
AZ/LPN,80,2025-09-01,2790.0923,2640.361,2692.1882,2887.996,2939.8235,2794.0,2698.672,2648.2085,2889.328,2939.7915,80.0,2790.0923,2794.0,3030.4975315597435,2786.977722576626,2793.9999999999995
AZ/LPN,81,2025-10-01,2790.0923,2620.3567,2679.1082,2901.0762,2959.8276,2749.0,2614.186,2542.8196,2883.814,2955.1804,81.0,2790.0923,2749.0,3036.7961227818914,2785.9725513183807,2749.0000000000005
AZ/LPN,82,2025-11-01,2790.0923,2602.4734,2667.4148,2912.7695,2977.7112,2777.0,2642.186,2570.8196,2911.814,2983.1804,82.0,2790.0923,2777.0,3043.09471400404,2784.28385285943,2776.9999999999995
AZ/LPN,83,2025-12-01,2790.0923,2586.152,2656.743,2923.4414,2994.0322,2794.0,2659.186,2587.8196,2928.814,3000.1804,83.0,2790.0923,2794.0,3049.393305226188,2782.5249892409247,2793.9999999999995
AZ/RN,84,2025-07-01,1830.2802,1752.6384,1779.513,1881.0474,1907.9219,1860.0,1792.5243,1756.8048,1927.4757,1963.1952,84.0,1830.2802,1860.0,4018.531076547763,1827.7624154698087,1860.0000000000002
AZ/RN,85,2025-08-01,1830.2802,1735.689,1768.4303,1892.13,1924.8713,1821.0,1753.5243,1717.8048,1888.4757,1924.1952,85.0,1830.2802,1821.0,4026.6227478328365,1826.4305833969177,1821.0000000000002
AZ/RN,86,2025-09-01,1830.2802,1721.3455,1759.0516,1901.5087,1939.2148,1828.0,1760.5243,1724.8048,1895.4757,1931.1952,86.0,1830.2802,1828.0,4034.7144191179095,1825.0360118771175,1828.0000000000002
AZ/RN,87,2025-10-01,1830.2802,1708.6824,1750.7716,1909.7887,1951.8779,1860.0,1764.575,1714.0599,1955.425,2005.9401,87.0,1830.2802,1860.0,4042.8060904029826,1823.574702400858,1860.0000000000002
AZ/RN,88,2025-11-01,1830.2802,1697.219,1743.2761,1917.2842,1963.3414,1821.0,1725.575,1675.0599,1916.425,1966.9401,88.0,1830.2802,1821.0,4050.8977616880557,1822.020867917457,1821.0000000000002
AZ/RN,89,2025-12-01,1830.2802,1686.6676,1736.377,1924.1833,1973.8927,1828.0,1732.575,1682.0599,1923.425,1973.9401,89.0,1830.2802,1828.0,4058.989432973129,1820.4169719697945,1828.0000000000002
CA/CNA,96,2025-07-01,61356.254,60303.62,60667.977,62044.535,62408.89,60756.0,59638.406,59046.79,61873.594,62465.21,96.0,61356.254,60756.0,86030.24972047561,61499.630521731124,60755.99999999998
CA/CNA,97,2025-08-01,61356.254,59915.586,60414.25,62298.258,62796.926,61113.0,59995.406,59403.79,62230.594,62822.21,97.0,61356.254,61113.0,86186.68456482868,61601.536629029804,61113.0
CA/CNA,98,2025-09-01,61356.254,59611.83,60215.637,62496.875,63100.684,61375.0,60257.406,59665.79,62492.594,63084.21,98.0,61356.254,61375.0,86343.11940918175,61701.867427712066,61374.999999999985
CA/CNA,99,2025-10-01,61356.254,59353.625,60046.805,62665.703,63358.883,60756.0,59175.484,58338.812,62336.516,63173.188,99.0,61356.254,60756.0,86499.55425353479,61811.65711322728,60755.99999999998
CA/CNA,100,2025-11-01,61356.254,59125.11,59897.387,62815.125,63587.402,61113.0,59532.484,58695.812,62693.516,63530.188,100.0,61356.254,61113.0,86655.98909788788,61912.374461082305,61113.0
CA/CNA,101,2025-12-01,61356.254,58917.914,59761.91,62950.6,63794.598,61375.0,59794.484,58957.812,62955.516,63792.188,101.0,61356.254,61375.0,86812.42394224094,62011.5464545962,61374.999999999985
CA/LPN,102,2025-07-01,26907.57,26523.697,26656.57,27158.572,27291.445,26780.0,26497.533,26348.002,27062.467,27211.998,102.0,26907.57,26780.0,15174.573538511862,26923.848596614796,26780.000000000004
CA/LPN,103,2025-08-01,26907.57,26466.906,26619.436,27195.707,27348.236,26875.0,26592.533,26443.002,27157.467,27306.998,103.0,26907.57,26875.0,15202.937353252011,26943.99668233099,26875.0
CA/LPN,104,2025-09-01,26907.57,26416.64,26586.568,27228.572,27398.502,26950.0,26667.533,26518.002,27232.467,27381.998,104.0,26907.57,26950.0,15231.301167992166,26963.48686687344,26949.999999999996
CA/LPN,105,2025-10-01,26907.57,26371.064,26556.768,27258.373,27444.078,26780.0,26380.53,26169.064,27179.47,27390.936,105.0,26907.57,26780.0,15259.66498273232,26983.407781348356,26780.000000000004
CA/LPN,106,2025-11-01,26907.57,26329.068,26529.309,27285.834,27486.074,26875.0,26475.53,26264.064,27274.47,27485.936,106.0,26907.57,26875.0,15288.028797472472,27001.756815304034,26875.0
CA/LPN,107,2025-12-01,26907.57,26289.92,26503.71,27311.432,27525.223,26950.0,26550.53,26339.064,27349.47,27560.936,107.0,26907.57,26950.0,15316.392612212623,27019.539769365005,26949.999999999996
CA/RN,108,2025-07-01,13578.857,13220.483,13344.529,13813.186,13937.231,13483.0,13028.14,12787.351,13937.86,14178.649,108.0,13578.857,13483.0,39655.89725535186,13623.702506763335,13482.999999999996
CA/RN,109,2025-08-01,13665.71,13194.038,13357.301,13974.119,14137.381,13632.0,13177.14,12936.351,14086.86,14327.649,109.0,13665.71,13632.0,39728.62638581883,13732.538527099534,13632.0
CA/RN,110,2025-09-01,13752.5625,13188.817,13383.949,14121.175,14316.308,13453.0,12998.14,12757.351,13907.86,14148.649,110.0,13752.5625,13453.0,39801.355516285796,13840.960597081032,13452.999999999998
CA/RN,111,2025-10-01,13839.414,13195.641,13418.474,14260.355,14483.188,13483.0,12839.73,12499.204,14126.27,14466.796,111.0,13839.414,13483.0,39874.08464675276,13950.14465401912,13482.999999999996
CA/RN,112,2025-11-01,13926.267,13210.452,13458.221,14394.3125,14642.082,13632.0,12988.73,12648.204,14275.27,14615.796,112.0,13926.267,13632.0,39946.81377721973,14058.6213475337,13632.0
CA/RN,113,2025-12-01,14013.119,13231.035,13501.742,14524.497,14795.204,13453.0,12809.73,12469.204,14096.27,14436.796,113.0,14013.119,13453.0,40019.54290768669,14166.695790724583,13452.999999999998
CO/CNA,126,2025-07-01,7828.369,7335.2866,7505.9595,8150.7783,8321.452,7732.0,7413.487,7244.876,8050.513,8219.124,126.0,7828.369,7732.0,12216.128243552144,7879.207104289685,7731.999999999999
CO/CNA,127,2025-08-01,7858.886,7365.8037,7536.4766,8181.2954,8351.969,7838.0,7519.487,7350.876,8156.513,8325.124,127.0,7858.886,7838.0,12238.682374754126,7923.907482271156,7837.999999999998
CO/CNA,128,2025-09-01,7889.4033,7396.321,7566.9937,8211.8125,8382.486,7924.0,7605.487,7436.876,8242.513,8411.124,128.0,7889.4033,7924.0,12261.236505956105,7967.893415962083,7923.999999999999
CO/CNA,129,2025-10-01,7919.9204,7426.838,7597.5107,8242.33,8413.003,7732.0,7281.554,7043.103,8182.446,8420.897,129.0,7919.9204,7732.0,12283.790637158087,8021.302612691018,7731.999999999999
CO/CNA,130,2025-11-01,7950.4375,7457.3545,7628.028,8272.847,8443.5205,7838.0,7387.554,7149.103,8288.445,8526.897,130.0,7950.4375,7838.0,12306.344768360066,8066.739350874416,7837.999999999998
CO/CNA,131,2025-12-01,7980.9546,7487.8716,7658.545,8303.364,8474.037,7924.0,7473.554,7235.103,8374.445,8612.897,131.0,7980.9546,7924.0,12328.898899562046,8111.401340876665,7923.999999999999
CO/LPN,132,2025-07-01,2200.2686,2024.8258,2085.5527,2314.9846,2375.7114,2256.0,2116.9229,2043.2997,2395.0771,2468.7002,132.0,2200.2686,2256.0,1818.566799253908,2217.57262471921,2256.000000000001
CO/LPN,133,2025-08-01,2200.2686,2024.8258,2085.5527,2314.9846,2375.7114,2282.0,2142.9229,2069.2998,2421.0771,2494.7002,133.0,2200.2686,2282.0,1822.6023686586436,2232.9127490783435,2281.9999999999995
CO/LPN,134,2025-09-01,2200.2686,2024.8258,2085.5527,2314.9846,2375.7114,2273.0,2133.9229,2060.2998,2412.0771,2485.7002,134.0,2200.2686,2273.0,1826.63793806338,2248.3580010745504,2273.0000000000005
CO/LPN,135,2025-10-01,2200.2686,2024.8258,2085.5527,2314.9846,2375.7114,2256.0,2059.3152,1955.1964,2452.6848,2556.8037,135.0,2200.2686,2256.0,1830.673507468116,2264.50348896152,2256.000000000001
CO/LPN,136,2025-11-01,2200.2686,2024.8258,2085.5527,2314.9846,2375.7114,2282.0,2085.3152,1981.1964,2478.6848,2582.8037,136.0,2200.2686,2282.0,1834.7090768728522,2280.217852489025,2281.9999999999995
CO/LPN,137,2025-12-01,2200.2686,2024.8258,2085.5527,2314.9846,2375.7114,2273.0,2076.3152,1972.1964,2469.6848,2573.8037,137.0,2200.2686,2273.0,1838.7446462775886,2296.0123882759785,2273.0000000000005
CO/RN,138,2025-07-01,2900.396,2683.6746,2758.6895,3042.1025,3117.1174,2923.0,2726.551,2622.5571,3119.449,3223.4429,138.0,2900.396,2923.0,5852.535606644681,2911.497673390004,2922.9999999999977
CO/RN,139,2025-08-01,2915.3882,2698.6667,2773.6816,3057.095,3132.1099,2891.0,2694.551,2590.5571,3087.449,3191.4429,139.0,2915.3882,2891.0,5863.825209156936,2938.455372376953,2890.9999999999995
CO/RN,140,2025-09-01,2930.3806,2713.659,2788.674,3072.0872,3147.102,2850.0,2653.551,2549.5571,3046.449,3150.4429,140.0,2930.3806,2850.0,5875.114811669193,2965.507767470675,2849.999999999999
CO/RN,141,2025-10-01,2945.3728,2728.6514,2803.6663,3087.0793,3162.0945,2923.0,2645.1792,2498.1099,3200.8208,3347.8901,141.0,2945.3728,2923.0,5886.404414181449,2992.0253527842183,2922.9999999999977
CO/RN,142,2025-11-01,2960.3652,2743.6436,2818.6584,3102.0718,3177.0867,2891.0,2613.1792,2466.1099,3168.8208,3315.8901,142.0,2960.3652,2891.0,5897.694016693706,3019.1633806138484,2890.9999999999995
CO/RN,143,2025-12-01,2975.3574,2758.6357,2833.651,3117.064,3192.079,2850.0,2572.1792,2425.1099,3127.8208,3274.8901,143.0,2975.3574,2850.0,5908.983619205962,3046.381411655143,2849.999999999999
CT/CNA,150,2025-07-01,10476.31,10224.11,10311.405,10641.213,10728.508,10303.0,10042.922,9905.245,10563.078,10700.755,150.0,10476.31,10303.0,14433.592240539158,10471.609248897028,10303.000000000002
CT/CNA,151,2025-08-01,10512.285,10259.22,10346.814,10677.755,10765.35,10396.0,10135.922,9998.245,10656.078,10793.755,151.0,10512.285,10396.0,14459.988734098511,10515.832190105804,10396.000000000005
CT/CNA,152,2025-09-01,10548.261,10294.329,10382.224,10714.297,10802.191,10446.0,10185.922,10048.245,10706.078,10843.755,152.0,10548.261,10446.0,14486.385227657865,10560.243539907218,10445.999999999998
CT/CNA,153,2025-10-01,10584.236,10329.439,10417.634,10750.839,10839.033,10303.0,9935.194,9740.489,10670.806,10865.511,153.0,10584.236,10303.0,14512.781721217223,10600.520720713645,10303.000000000002
CT/CNA,154,2025-11-01,10620.212,10364.549,10453.043,10787.381,10875.875,10396.0,10028.194,9833.489,10763.806,10958.511,154.0,10620.212,10396.0,14539.17821477658,10644.35196275034,10396.000000000005
CT/CNA,155,2025-12-01,10656.1875,10399.658,10488.452,10823.923,10912.717,10446.0,10078.194,9883.489,10813.806,11008.511,155.0,10656.1875,10446.0,14565.574708335935,10688.393392090127,10445.999999999998
CT/LPN,156,2025-07-01,3941.3381,3852.7668,3883.4246,3999.252,4029.9094,3935.0,3844.9868,3797.3367,4025.0132,4072.6633,156.0,3941.3381,3935.0,2495.0694666351,3936.6994790254307,3934.9999999999995
CT/LPN,157,2025-08-01,3941.9133,3853.329,3883.9912,3999.8354,4030.4976,3927.0,3836.9868,3789.3367,4017.0132,4064.6633,157.0,3941.9133,3927.0,2500.28735063917,3939.320197735896,3927.0000000000005
CT/LPN,158,2025-09-01,3942.3975,3853.8022,3884.4683,4000.3267,4030.9927,3949.0,3858.9868,3811.3367,4039.0132,4086.6633,158.0,3942.3975,3949.0,2505.5052346432412,3941.823307001586,3949.0000000000005
CT/LPN,159,2025-10-01,3942.8052,3854.2007,3884.8699,4000.7405,4031.4094,3935.0,3807.7021,3740.3147,4062.2979,4129.6855,159.0,3942.8052,3935.0,2510.7231186473123,3943.0035271541515,3934.9999999999995
CT/LPN,160,2025-11-01,3943.1482,3854.536,3885.2078,4001.0886,4031.7603,3927.0,3799.7021,3732.3147,4054.2979,4121.6855,160.0,3943.1482,3927.0,2515.9410026513833,3945.0698371444983,3927.0000000000005
CT/LPN,161,2025-12-01,3943.437,3854.818,3885.4922,4001.3818,4032.056,3949.0,3821.7021,3754.3147,4076.2979,4143.6855,161.0,3943.437,3949.0,2521.1588866554544,3947.0702617543734,3949.0000000000005
CT/RN,162,2025-07-01,3115.4502,3040.485,3066.433,3164.4673,3190.4153,3152.0,3087.1357,3052.7986,3216.8643,3251.2014,162.0,3115.4502,3152.0,1399.343871037396,3112.626892546632,3151.9999999999986
CT/RN,163,2025-08-01,3115.4502,3026.782,3057.4731,3173.4272,3204.1184,3134.0,3069.1357,3034.7986,3198.8643,3233.2014,163.0,3115.4502,3134.0,1402.5763704514657,3115.604693992013,3133.9999999999995
CT/RN,164,2025-09-01,3115.4502,3014.93,3049.7236,3181.177,3215.9705,3107.0,3042.1357,3007.7986,3171.8643,3206.2014,164.0,3115.4502,3107.0,1405.8088698655351,3118.630370145584,3107.0000000000005
CT/RN,165,2025-10-01,3115.4502,3004.335,3042.796,3188.1045,3226.5654,3152.0,3060.268,3011.7083,3243.732,3292.2917,165.0,3115.4502,3152.0,1409.0413692796053,3120.538655885683,3151.9999999999986
CT/RN,166,2025-11-01,3115.4502,2994.6658,3036.4736,3194.427,3236.2346,3134.0,3042.268,2993.7083,3225.732,3274.2917,166.0,3115.4502,3134.0,1412.2738686936746,3123.369016656815,3133.9999999999995
CT/RN,167,2025-12-01,3115.4502,2985.7153,3030.621,3200.2793,3245.185,3107.0,3015.268,2966.7083,3198.732,3247.2917,167.0,3115.4502,3107.0,1415.506368107744,3126.2542410298634,3107.0000000000005
DC/CNA,174,2025-07-01,926.69476,852.8443,878.4065,974.983,1000.5452,937.0,862.3163,822.78107,1011.6837,1051.2189,174.0,926.69476,937.0,1054.0402146234585,928.6929061918992,936.9999999999998
DC/CNA,175,2025-08-01,929.6585,855.57184,881.2159,978.1012,1003.7452,957.0,882.3163,842.78107,1031.6837,1071.2189,175.0,929.6585,957.0,1056.300575143246,929.7592336389024,956.9999999999999
DC/CNA,176,2025-09-01,932.6223,858.29944,884.0252,981.2194,1006.9452,980.0,905.3163,865.78107,1054.6837,1094.2189,176.0,932.6223,980.0,1058.5609356630334,930.8374045141912,980.0000000000002
DC/CNA,177,2025-10-01,935.58606,861.027,886.83453,984.3376,1010.14514,937.0,831.3812,775.47003,1042.6188,1098.5299,177.0,935.58606,937.0,1060.821296182821,932.7696041533206,936.9999999999998
DC/CNA,178,2025-11-01,938.5498,863.7546,889.6438,987.4558,1013.3451,957.0,851.3812,795.47003,1062.6188,1118.5299,178.0,938.5498,957.0,1063.0816567026084,934.0801811431005,956.9999999999999
DC/CNA,179,2025-12-01,941.5136,866.4821,892.4531,990.57404,1016.54504,980.0,874.3812,818.47003,1085.6188,1141.5299,179.0,941.5136,980.0,1065.342017222396,935.3891823332174,980.0000000000002
DC/LPN,180,2025-07-01,252.3898,228.7243,236.91576,267.86383,276.0553,251.0,228.5106,216.60542,273.4894,285.39456,180.0,252.3898,251.0,-346.1243431929808,249.5285615546459,251.00000000000003
DC/LPN,181,2025-08-01,252.3898,228.7243,236.91576,267.86383,276.0553,248.0,225.5106,213.60542,270.4894,282.39456,181.0,252.3898,248.0,-346.1355110156748,247.7123684061685,248.0000000000001
DC/LPN,182,2025-09-01,252.3898,228.7243,236.91576,267.86383,276.0553,245.0,222.5106,210.60542,267.4894,279.39456,182.0,252.3898,245.0,-346.1466788383688,245.93271757601988,244.99999999999997
DC/LPN,183,2025-10-01,252.3898,228.7243,236.91576,267.86383,276.0553,251.0,219.19519,202.35873,282.8048,299.64127,183.0,252.3898,251.0,-346.1578466610629,244.08475253779594,251.00000000000003
DC/LPN,184,2025-11-01,252.3898,228.7243,236.91576,267.86383,276.0553,248.0,216.19519,199.35873,279.8048,296.64127,184.0,252.3898,248.0,-346.16901448375665,242.2958405083973,248.0000000000001
DC/LPN,185,2025-12-01,252.3898,228.7243,236.91576,267.86383,276.0553,245.0,213.19519,196.35873,276.8048,293.64127,185.0,252.3898,245.0,-346.1801823064508,240.54375940192986,244.99999999999997
DC/RN,186,2025-07-01,527.8739,500.93872,510.26193,545.4859,554.80914,531.0,505.35526,491.77972,556.6448,570.2203,186.0,527.8739,531.0,1092.9894780511372,529.0991172202764,531.0
DC/RN,187,2025-08-01,530.98627,503.89224,513.27045,548.7021,558.08026,533.0,507.35526,493.77972,558.6448,572.2203,187.0,530.98627,533.0,1095.5371613016832,531.9647309863834,533.0000000000001
DC/RN,188,2025-09-01,534.0986,506.84573,516.2789,551.9182,561.3514,525.0,499.35526,485.77972,550.6448,564.2203,188.0,534.0986,525.0,1098.0848445522295,534.8046664610333,525.0
DC/RN,189,2025-10-01,537.2109,509.79922,519.28735,555.13434,564.6225,531.0,494.73285,475.53415,567.26715,586.4658,189.0,537.2109,531.0,1100.6325278027753,538.0243603022302,531.0
DC/RN,190,2025-11-01,540.3232,512.75275,522.29584,558.3505,567.8936,533.0,496.73285,477.53415,569.26715,588.4658,190.0,540.3232,533.0,1103.1802110533215,540.9763062735161,533.0000000000001
DC/RN,191,2025-12-01,543.4355,515.70624,525.3043,561.56665,571.16473,525.0,488.73285,469.53415,561.26715,580.4658,191.0,543.4355,525.0,1105.7278943038673,543.8976742224208,525.0
DE/CNA,198,2025-07-01,2216.5576,2169.5383,2185.8135,2247.302,2263.5771,2186.0,2093.956,2045.2311,2278.044,2326.769,198.0,2216.5576,2186.0,7942.488230791063,2218.8144158006157,2185.9999999999986
DE/CNA,199,2025-08-01,2225.6216,2167.735,2187.7717,2263.4714,2283.5078,2200.0,2107.956,2059.231,2292.044,2340.769,199.0,2225.6216,2200.0,7957.157004417203,2231.115088023572,2199.999999999999
DE/CNA,200,2025-09-01,2234.1594,2167.1436,2190.34,2277.9788,2301.1753,2207.0,2114.956,2066.231,2299.044,2347.769,200.0,2234.1594,2207.0,7971.825778043343,2242.9444862188725,2207.0000000000005
DE/CNA,201,2025-10-01,2242.202,2167.1572,2193.1328,2291.2708,2317.2463,2186.0,2055.8303,1986.9226,2316.1697,2385.0774,201.0,2242.202,2186.0,7986.494551669484,2254.669549166651,2185.9999999999986
DE/CNA,202,2025-11-01,2249.7776,2167.4827,2195.9678,2303.5876,2332.0728,2200.0,2069.8303,2000.9226,2330.1697,2399.0774,202.0,2249.7776,2200.0,8001.163325295624,2265.6910385891774,2199.999999999999
DE/CNA,203,2025-12-01,2256.9138,2167.9558,2198.7473,2315.0803,2345.8718,2207.0,2076.8303,2007.9226,2337.1697,2406.0774,203.0,2256.9138,2207.0,8015.832098921765,2276.3151670050793,2207.0000000000005
DE/LPN,204,2025-07-01,782.0009,748.82806,760.31036,803.69147,815.1737,798.0,756.4909,734.5173,839.5091,861.4827,204.0,782.0009,798.0,2671.91898382892,781.7214988866491,798.0000000000001
DE/LPN,205,2025-08-01,782.0009,735.0898,751.3274,812.67444,828.912,791.0,749.4909,727.5173,832.5091,854.4827,205.0,782.0009,791.0,2677.3520005352166,781.9034164693015,790.9999999999998
DE/LPN,206,2025-09-01,782.0009,724.5477,744.43427,819.5675,839.4541,782.0,740.4909,718.5173,823.5091,845.4827,206.0,782.0009,782.0,2682.785017241514,782.1036879289791,782.0000000000001
DE/LPN,207,2025-10-01,782.0009,715.6602,738.62305,825.3787,848.34155,798.0,739.29724,708.22186,856.70276,887.77814,207.0,782.0009,798.0,2688.218033947812,782.5717703131324,798.0000000000001
DE/LPN,208,2025-11-01,782.0009,707.83014,733.50323,830.49854,856.17163,791.0,732.29724,701.22186,849.70276,880.77814,208.0,782.0009,791.0,2693.651050654109,782.8513852488626,790.9999999999998
DE/LPN,209,2025-12-01,782.0009,700.7512,728.8746,835.1272,863.2506,782.0,723.29724,692.22186,840.70276,871.77814,209.0,782.0009,782.0,2699.0840673604057,783.1439165738337,782.0000000000001
DE/RN,210,2025-07-01,741.7194,714.0428,723.6226,759.8163,769.3961,740.0,710.84314,695.4084,769.15686,784.5916,210.0,741.7194,740.0,795.5457747809337,742.054762945677,740.0
DE/RN,211,2025-08-01,744.1616,716.485,726.0648,762.2585,771.8383,743.0,713.84314,698.4084,772.15686,787.5916,211.0,744.1616,743.0,797.6025697266113,746.4190546298163,743.0000000000001
DE/RN,212,2025-09-01,746.6038,718.9271,728.507,764.7007,774.2805,741.0,711.84314,696.4084,770.15686,785.5916,212.0,746.6038,741.0,799.6593646722888,750.8622910669918,741.0
DE/RN,213,2025-10-01,749.046,721.3693,730.9492,767.1429,776.7227,740.0,698.7659,676.9379,781.2341,803.0621,213.0,749.046,740.0,801.7161596179665,754.9312339646243,740.0
DE/RN,214,2025-11-01,751.4882,723.8115,733.3914,769.5851,779.1649,743.0,701.7659,679.9379,784.2341,806.0621,214.0,751.4882,743.0,803.7729545636439,759.3598169805468,743.0000000000001
DE/RN,215,2025-12-01,753.9304,726.2537,735.8336,772.0273,781.6071,741.0,699.7659,677.9379,782.2341,804.0621,215.0,753.9304,741.0,805.8297495093213,763.8636311598104,741.0
FL/CNA,222,2025-07-01,40682.3,39985.598,40226.75,41137.85,41379.008,40476.0,39757.86,39377.7,41194.14,41574.3,222.0,40682.3,40476.0,46404.2469476786,40736.429245282685,40476.0
FL/CNA,223,2025-08-01,40682.3,39767.832,40084.363,41280.242,41596.773,40659.0,39940.86,39560.7,41377.14,41757.3,223.0,40682.3,40659.0,46488.76680476998,40825.93405250849,40658.999999999985
FL/CNA,224,2025-09-01,40682.3,39592.754,39969.883,41394.72,41771.85,40691.0,39972.86,39592.7,41409.14,41789.3,224.0,40682.3,40691.0,46573.28666186138,40916.71306380831,40690.999999999985
FL/CNA,225,2025-10-01,40682.3,39442.152,39871.41,41493.195,41922.453,40476.0,39460.4,38922.77,41491.6,42029.23,225.0,40682.3,40476.0,46657.80651895277,40986.29480723917,40476.0
FL/CNA,226,2025-11-01,40682.3,39307.953,39783.664,41580.94,42056.652,40659.0,39643.4,39105.77,41674.6,42212.23,226.0,40682.3,40659.0,46742.32637604415,41074.90607999344,40658.999999999985
FL/CNA,227,2025-12-01,40682.3,39185.742,39703.754,41660.85,42178.863,40691.0,39675.4,39137.77,41706.6,42244.23,227.0,40682.3,40691.0,46826.84623313553,41164.79327082844,40690.999999999985
FL/LPN,228,2025-07-01,13413.099,13229.462,13293.024,13533.172,13596.735,13420.0,13179.802,13052.649,13660.198,13787.351,228.0,13413.099,13420.0,11852.763429158642,13421.168099906392,13420.0
FL/LPN,229,2025-08-01,13416.942,13185.814,13265.816,13568.069,13648.07,13418.0,13177.802,13050.649,13658.198,13785.351,229.0,13416.942,13418.0,11874.855178561835,13437.291019770939,13418.000000000002
FL/LPN,230,2025-09-01,13420.244,13149.833,13243.432,13597.056,13690.654,13406.0,13165.802,13038.649,13646.198,13773.351,230.0,13420.244,13406.0,11896.946927965026,13452.850470067991,13405.999999999998
FL/LPN,231,2025-10-01,13423.079,13118.404,13223.862,13622.295,13727.753,13420.0,13080.309,12900.487,13759.691,13939.513,231.0,13423.079,13420.0,11919.038677368218,13465.030841766225,13420.0
FL/LPN,232,2025-11-01,13425.514,13090.053,13206.167,13644.859,13760.975,13418.0,13078.309,12898.487,13757.691,13937.513,232.0,13425.514,13418.0,11941.130426771408,13479.33238763716,13418.000000000002
FL/LPN,233,2025-12-01,13427.604,13063.95,13189.823,13665.385,13791.258,13406.0,13066.309,12886.487,13745.691,13925.513,233.0,13427.604,13406.0,11963.222176174597,13493.285514742056,13405.999999999998
FL/RN,234,2025-07-01,12793.632,12586.396,12658.128,12929.136,13000.867,12821.0,12463.635,12274.457,13178.365,13367.543,234.0,12793.632,12821.0,30198.685721299284,12813.704750014704,12820.999999999998
FL/RN,235,2025-08-01,12819.86,12612.625,12684.356,12955.364,13027.096,12763.0,12405.635,12216.457,13120.365,13309.543,235.0,12819.86,12763.0,30253.99015948156,12845.949075369816,12763.0
FL/RN,236,2025-09-01,12844.069,12636.834,12708.565,12979.573,13051.305,12688.0,12330.635,12141.457,13045.365,13234.543,236.0,12844.069,12688.0,30309.294597663837,12875.870522841094,12688.0
FL/RN,237,2025-10-01,12866.414,12659.179,12730.91,13001.918,13073.649,12821.0,12315.609,12048.071,13326.391,13593.929,237.0,12866.414,12821.0,30364.599035846106,12905.674681287244,12820.999999999998
FL/RN,238,2025-11-01,12887.039,12679.804,12751.535,13022.543,13094.274,12763.0,12257.609,11990.071,13268.391,13535.929,238.0,12887.039,12763.0,30419.90347402839,12932.260940107446,12763.0
FL/RN,239,2025-12-01,12906.076,12698.841,12770.572,13041.58,13113.312,12688.0,12182.609,11915.071,13193.391,13460.929,239.0,12906.076,12688.0,30475.207912210666,12956.947795078997,12688.0
GA/CNA,246,2025-07-01,15194.993,14694.249,14867.574,15522.413,15695.738,14972.0,14355.26,14028.777,15588.74,15915.223,246.0,15194.993,14972.0,44793.44735761856,15214.400881378318,14972.0
GA/CNA,247,2025-08-01,15194.993,14486.868,14731.976,15658.012,15903.118,15131.0,14514.26,14187.777,15747.74,16074.223,247.0,15194.993,15131.0,44874.85352338244,15249.703733191565,15131.0
GA/CNA,248,2025-09-01,15194.993,14327.735,14627.924,15762.063,16062.252,15195.0,14578.26,14251.777,15811.74,16138.223,248.0,15194.993,15195.0,44956.259689146274,15283.232264818886,15194.999999999998
GA/CNA,249,2025-10-01,15194.993,14193.579,14540.203,15849.783,16196.408,14972.0,14099.798,13638.082,15844.202,16305.918,249.0,15194.993,14972.0,45037.665854910134,15316.238328621934,14972.0
GA/CNA,250,2025-11-01,15194.993,14075.383,14462.92,15927.067,16314.604,15131.0,14258.798,13797.082,16003.202,16464.918,250.0,15194.993,15131.0,45119.07202067401,15346.687045964136,15131.0
GA/CNA,251,2025-12-01,15194.993,13968.526,14393.05,15996.9375,16421.46,15195.0,14322.798,13861.082,16067.202,16528.918,251.0,15194.993,15195.0,45200.47818643785,15375.544938738689,15194.999999999998
GA/LPN,252,2025-07-01,6252.004,6053.338,6122.103,6381.905,6450.67,6236.0,6014.1167,5896.6587,6457.8833,6575.3413,252.0,6252.004,6236.0,5776.401161467128,6244.03301922374,6236.0
GA/LPN,253,2025-08-01,6252.004,5971.062,6068.3057,6435.702,6532.9463,6292.0,6070.1167,5952.6587,6513.8833,6631.3413,253.0,6252.004,6292.0,5787.417327541334,6247.16343698988,6292.0
GA/LPN,254,2025-09-01,6252.004,5907.9272,6027.0244,6476.984,6596.0806,6252.0,6030.1167,5912.6587,6473.8833,6591.3413,254.0,6252.004,6252.0,5798.43349361554,6249.854215128508,6251.999999999999
GA/LPN,255,2025-10-01,6252.004,5854.7017,5992.222,6511.786,6649.306,6236.0,5922.2095,5756.099,6549.7905,6715.901,255.0,6252.004,6236.0,5809.449659689747,6252.333290798266,6236.0
GA/LPN,256,2025-11-01,6252.004,5807.8086,5961.5605,6542.4478,6696.199,6292.0,5978.2095,5812.099,6605.7905,6771.901,256.0,6252.004,6292.0,5820.465825763953,6253.927909366729,6292.0
GA/LPN,257,2025-12-01,6252.004,5765.414,5933.84,6570.168,6738.5938,6252.0,5938.2095,5772.099,6565.7905,6731.901,257.0,6252.004,6252.0,5831.48199183816,6255.147839518363,6251.999999999999
GA/RN,258,2025-07-01,3467.3528,3398.185,3422.1265,3512.5793,3536.5208,3413.0,3314.6604,3262.6025,3511.3396,3563.3975,258.0,3467.3528,3413.0,8657.104875206449,3472.5092786722507,3413.000000000001
GA/RN,259,2025-08-01,3488.097,3410.9648,3437.6628,3538.531,3565.2292,3453.0,3354.6604,3302.6025,3551.3396,3603.3975,259.0,3488.097,3453.0,8673.328467912754,3493.4865613980387,3452.9999999999995
GA/RN,260,2025-09-01,3508.841,3424.4905,3453.687,3563.995,3593.192,3433.0,3334.6604,3282.6025,3531.3396,3583.3975,260.0,3508.841,3433.0,8689.552060619062,3514.3106387462203,3433.0000000000005
GA/RN,261,2025-10-01,3529.5852,3438.5842,3470.0828,3589.0876,3620.5864,3413.0,3273.9268,3200.3057,3552.0732,3625.6943,261.0,3529.5852,3413.0,8705.775653325369,3536.37093280416,3413.000000000001
GA/RN,262,2025-11-01,3550.3293,3453.1296,3486.774,3613.885,3647.5293,3453.0,3313.9268,3240.3057,3592.0732,3665.6943,262.0,3550.3293,3453.0,8721.999246031675,3557.2404081645823,3452.9999999999995
GA/RN,263,2025-12-01,3571.0735,3468.045,3503.7068,3638.4404,3674.102,3433.0,3293.9268,3220.3057,3572.0732,3645.6943,263.0,3571.0735,3433.0,8738.222838737982,3577.958169073143,3433.0000000000005
HI/CNA,270,2025-07-01,1785.4788,1727.8619,1747.8052,1823.1522,1843.0955,1749.0,1697.1962,1669.7728,1800.8038,1828.2272,270.0,1785.4788,1749.0,2737.36975934928,1790.676656304287,1748.9999999999995
HI/CNA,271,2025-08-01,1785.4788,1714.1096,1738.813,1832.1444,1856.8478,1782.0,1730.1962,1702.7728,1833.8038,1861.2272,271.0,1785.4788,1782.0,2742.712007551908,1794.320311617332,1781.9999999999995
HI/CNA,272,2025-09-01,1785.4788,1702.6089,1731.2931,1839.6643,1868.3485,1789.0,1737.1962,1709.7728,1840.8038,1868.2272,272.0,1785.4788,1789.0,2748.0542557545373,1797.9917388486872,1789.0000000000005
HI/CNA,273,2025-10-01,1785.4788,1692.5203,1724.6965,1846.2609,1878.4371,1749.0,1675.7383,1636.9558,1822.2617,1861.0442,273.0,1785.4788,1749.0,2753.3965039571676,1801.013028001716,1748.9999999999995
HI/CNA,274,2025-11-01,1785.4788,1683.4242,1718.7489,1852.2085,1887.5332,1782.0,1708.7383,1669.9558,1855.2617,1894.0442,274.0,1785.4788,1782.0,2758.7387521597957,1804.6491142066175,1781.9999999999995
HI/CNA,275,2025-12-01,1785.4788,1675.075,1713.2896,1857.6678,1895.8824,1789.0,1715.7383,1676.9558,1862.2617,1901.0442,275.0,1785.4788,1789.0,2764.0810003624247,1808.3150904738347,1789.0000000000005
HI/LPN,276,2025-07-01,233.0011,217.78079,223.04907,242.95312,248.22142,240.0,225.99197,218.57658,254.00803,261.42343,276.0,233.0011,240.0,270.2127919016391,233.11858163297808,240.00000000000003
HI/LPN,277,2025-08-01,233.0011,211.47142,218.9236,247.0786,254.53078,244.0,229.99197,222.57658,258.00803,265.42343,277.0,233.0011,244.0,271.2000721346765,233.85473090986213,243.99999999999994
HI/LPN,278,2025-09-01,233.0011,206.62585,215.75526,250.24695,259.37634,233.0,218.99197,211.57658,247.00803,254.42342,278.0,233.0011,233.0,272.18735236771386,234.60096822871776,232.99999999999994
HI/LPN,279,2025-10-01,233.0011,202.5374,213.08195,252.92024,263.4648,240.0,220.18967,209.70271,259.81033,270.2973,279.0,233.0011,240.0,273.1746326007514,235.2868051123454,240.00000000000003
HI/LPN,280,2025-11-01,233.0011,198.93236,210.72475,255.27745,267.06985,244.0,224.18967,213.70271,263.81033,274.2973,280.0,233.0011,244.0,274.1619128337888,236.0413694398386,243.99999999999994
HI/LPN,281,2025-12-01,233.0011,195.67041,208.59187,257.41034,270.3318,233.0,213.18967,202.70271,252.81033,263.2973,281.0,233.0011,233.0,275.14919306682606,236.80529272764355,232.99999999999994
HI/RN,282,2025-07-01,1082.9658,1040.6222,1055.2788,1110.6528,1125.3094,1053.0,1006.1376,981.3301,1099.8624,1124.6699,282.0,1082.9658,1053.0,3513.2455866789396,1085.8168746342476,1053.0000000000002
HI/RN,283,2025-08-01,1082.9658,1023.12744,1043.8396,1122.092,1142.8042,1060.0,1013.1376,988.3301,1106.8624,1131.6699,283.0,1082.9658,1060.0,3519.937663315825,1087.6824381932718,1060.0
HI/RN,284,2025-09-01,1082.9658,1009.6972,1035.0581,1130.8737,1156.2345,1083.0,1036.1376,1011.3301,1129.8624,1154.6699,284.0,1082.9658,1083.0,3526.62973995271,1089.5655362435182,1082.9999999999995
HI/RN,285,2025-10-01,1082.9658,998.373,1027.6536,1138.2781,1167.5587,1053.0,986.7265,951.64343,1119.2736,1154.3566,285.0,1082.9658,1053.0,3533.321816589597,1091.2923731367755,1053.0000000000002
HI/RN,286,2025-11-01,1082.9658,988.3952,1021.1294,1144.8022,1177.5365,1060.0,993.7265,958.64343,1126.2736,1161.3566,286.0,1082.9658,1060.0,3540.0138932264813,1093.2077026719053,1060.0
HI/RN,287,2025-12-01,1082.9658,979.374,1015.2308,1150.7009,1186.5576,1083.0,1016.7265,981.64343,1149.2736,1184.3566,287.0,1082.9658,1083.0,3546.705969863367,1095.1387231807585,1082.9999999999995
IA/CNA,294,2025-07-01,14028.884,13557.678,13720.778,14336.988,14500.089,13547.0,13043.796,12777.416,14050.204,14316.584,294.0,14028.884,13547.0,29420.49957955489,13965.45454896529,13546.999999999998
IA/CNA,295,2025-08-01,14101.515,13630.309,13793.409,14409.619,14572.721,13920.0,13416.796,13150.416,14423.204,14689.584,295.0,14101.515,13920.0,29473.942953719918,14018.406483383356,13919.999999999995
IA/CNA,296,2025-09-01,14174.1455,13702.939,13866.041,14482.251,14645.352,13846.0,13342.796,13076.416,14349.204,14615.584,296.0,14174.1455,13846.0,29527.386327884924,14070.933729697983,13846.0
IA/CNA,297,2025-10-01,14246.776,13775.571,13938.672,14554.882,14717.982,13547.0,12835.362,12458.644,14258.638,14635.356,297.0,14246.776,13547.0,29580.829702049952,14126.754781478416,13546.999999999998
IA/CNA,298,2025-11-01,14319.408,13848.202,14011.303,14627.513,14790.614,13920.0,13208.362,12831.644,14631.638,15008.356,298.0,14319.408,13920.0,29634.273076214973,14179.776638596786,13919.999999999995
IA/CNA,299,2025-12-01,14392.039,13920.833,14083.934,14700.145,14863.245,13846.0,13134.362,12757.644,14557.638,14934.356,299.0,14392.039,13846.0,29687.716450379994,14232.36849895761,13846.0
IA/LPN,300,2025-07-01,2573.4922,2522.807,2540.3508,2606.6335,2624.1775,2588.0,2541.6924,2517.1787,2634.3076,2658.8213,300.0,2573.4922,2588.0,1100.5621311486868,2573.975697878143,2588.0000000000005
IA/LPN,301,2025-08-01,2573.4922,2510.5886,2532.3618,2614.6223,2636.3955,2592.0,2545.6924,2521.1787,2638.3076,2662.8213,301.0,2573.4922,2592.0,1103.0131178865122,2575.046814297332,2591.9999999999995
IA/LPN,302,2025-09-01,2573.4922,2500.3843,2525.6895,2621.2947,2646.5999,2567.0,2520.6924,2496.1787,2613.3076,2637.8213,302.0,2573.4922,2567.0,1105.464104624338,2576.1055811823526,2567.0000000000005
IA/LPN,303,2025-10-01,2573.4922,2491.439,2519.8403,2627.1438,2655.5454,2588.0,2522.5112,2487.8435,2653.4888,2688.1565,303.0,2573.4922,2588.0,1107.9150913621636,2576.6782370781793,2588.0000000000005
IA/LPN,304,2025-11-01,2573.4922,2483.3767,2514.5688,2632.4155,2663.6074,2592.0,2526.5112,2491.8435,2657.4888,2692.1565,304.0,2573.4922,2592.0,1110.3660780999894,2577.625468781081,2591.9999999999995
IA/LPN,305,2025-12-01,2573.4922,2475.9783,2509.7312,2637.253,2671.0059,2567.0,2501.5112,2466.8435,2632.4888,2667.1565,305.0,2573.4922,2567.0,1112.817064837815,2578.5679071560967,2567.0000000000005
IA/RN,306,2025-07-01,3494.1946,3392.4849,3427.6902,3560.6992,3595.9045,3532.0,3445.3865,3399.5361,3618.6135,3664.4639,306.0,3494.1946,3532.0,3851.024783556943,3493.5256473997965,3531.9999999999995
IA/RN,307,2025-08-01,3494.1946,3374.5728,3415.978,3572.4111,3613.8167,3519.0,3432.3865,3386.5361,3605.6135,3651.4639,307.0,3494.1946,3519.0,3858.447646366587,3495.6941541077235,3519.0000000000005
IA/RN,308,2025-09-01,3494.1946,3359.0137,3405.8044,3582.585,3629.3757,3474.0,3387.3865,3341.5361,3560.6135,3606.4639,308.0,3494.1946,3474.0,3865.8705091762295,3497.764275998316,3473.9999999999995
IA/RN,309,2025-10-01,3494.1946,3345.069,3396.6868,3591.7026,3643.3203,3532.0,3409.51,3344.6677,3654.49,3719.3323,309.0,3494.1946,3532.0,3873.293371985873,3499.2945563219505,3531.9999999999995
IA/RN,310,2025-11-01,3494.1946,3332.3213,3388.3513,3600.038,3656.068,3519.0,3396.51,3331.6677,3641.49,3706.3323,310.0,3494.1946,3519.0,3880.7162347955177,3501.179028939124,3519.0000000000005
IA/RN,311,2025-12-01,3494.1946,3320.5066,3380.6262,3607.7632,3667.8826,3474.0,3351.51,3286.6677,3596.49,3661.3323,311.0,3494.1946,3474.0,3888.1390976051616,3502.981503006461,3473.9999999999995
ID/CNA,318,2025-07-01,2669.181,2599.2898,2623.4814,2714.8804,2739.0723,2671.0,2587.9314,2543.9575,2754.0686,2798.0425,318.0,2669.181,2671.0,6135.4444216066795,2680.923555807008,2670.999999999999
ID/CNA,319,2025-08-01,2684.2588,2613.9727,2638.3013,2730.2166,2754.545,2673.0,2589.9314,2545.9575,2756.0686,2800.0425,319.0,2684.2588,2673.0,6146.70499580738,2701.2902708630318,2673.0000000000005
ID/CNA,320,2025-09-01,2699.337,2628.6558,2653.121,2745.5525,2770.0178,2665.0,2581.9314,2537.9575,2748.0686,2792.0425,320.0,2699.337,2665.0,6157.965570008079,2721.654022101272,2664.9999999999995
ID/CNA,321,2025-10-01,2714.4148,2643.3389,2667.9407,2760.8887,2785.4905,2671.0,2553.5232,2491.3347,2788.4768,2850.6653,321.0,2714.4148,2671.0,6169.22614420878,2742.255799412467,2670.999999999999
ID/CNA,322,2025-11-01,2729.4927,2658.022,2682.7605,2776.2246,2800.9631,2673.0,2555.5232,2493.3347,2790.4768,2852.6653,322.0,2729.4927,2673.0,6180.486718409481,2762.8245050294877,2673.0000000000005
ID/CNA,323,2025-12-01,2744.5706,2672.705,2697.5803,2791.5608,2816.4358,2665.0,2547.5232,2485.3347,2782.4768,2844.6653,323.0,2744.5706,2665.0,6191.747292610184,2783.3783845396306,2664.9999999999995
ID/LPN,324,2025-07-01,737.97186,713.06067,721.6833,754.2604,762.883,726.0,700.7393,687.3671,751.2607,764.6329,324.0,737.97186,726.0,1263.4985262470113,738.2966894233327,726.0000000000001
ID/LPN,325,2025-08-01,741.285,716.3738,724.9964,757.5735,766.1961,719.0,693.7393,680.3671,744.2607,757.6329,325.0,741.285,719.0,1266.192184415817,742.0062569478202,719.0000000000002
ID/LPN,326,2025-09-01,744.5981,719.6869,728.3095,760.8866,769.5092,730.0,704.7393,691.3671,755.2607,768.6329,326.0,744.5981,730.0,1268.8858425846238,745.7317132312958,730.0000000000003
ID/LPN,327,2025-10-01,747.91113,723.0,731.6226,764.1997,772.8223,726.0,690.276,671.36487,761.724,780.63513,327.0,747.91113,726.0,1271.57950075343,749.6405911425015,726.0000000000001
ID/LPN,328,2025-11-01,751.22424,726.3131,734.9357,767.5128,776.13544,719.0,683.276,664.36487,754.724,773.63513,328.0,751.22424,719.0,1274.2731589222362,753.4022128334105,719.0000000000002
ID/LPN,329,2025-12-01,754.53735,729.6262,738.24884,770.8259,779.44855,730.0,694.276,675.36487,765.724,784.63513,329.0,754.53735,730.0,1276.9668170910425,757.1773279507288,730.0000000000003
ID/RN,330,2025-07-01,797.26843,765.3516,776.3992,818.13763,829.1852,805.0,779.7269,766.3482,830.2731,843.6518,330.0,797.26843,805.0,666.1877758628126,799.0688729051027,805.0000000000001
ID/RN,331,2025-08-01,797.26843,760.8732,773.4709,821.066,833.66364,794.0,768.7269,755.3482,819.2731,832.6518,331.0,797.26843,794.0,667.7897379580631,798.5353958351916,793.9999999999998
ID/RN,332,2025-09-01,797.26843,756.8884,770.86536,823.67145,837.6484,797.0,771.7269,758.3482,822.2731,835.6518,332.0,797.26843,797.0,669.3917000533136,797.9586467342463,797.0000000000002
ID/RN,333,2025-10-01,797.26843,753.263,768.4948,826.042,841.2738,805.0,769.2585,750.3381,840.7415,859.6619,333.0,797.26843,805.0,670.993662148564,798.2287163006926,805.0000000000001
ID/RN,334,2025-11-01,797.26843,749.91437,766.30524,828.23157,844.62244,794.0,758.2585,739.3381,829.7415,848.6619,334.0,797.26843,794.0,672.5956242438149,797.7613188680747,793.9999999999998
ID/RN,335,2025-12-01,797.26843,746.78735,764.2606,830.2762,847.74945,797.0,761.2585,742.3381,832.7415,851.6619,335.0,797.26843,797.0,674.1975863390655,797.2468383223052,797.0000000000002
IL/CNA,342,2025-07-01,30107.465,28748.562,29218.926,30996.004,31466.367,29474.0,28247.035,27597.52,30700.965,31350.48,342.0,30107.465,29474.0,38566.71825817123,30137.266310901003,29474.000000000004
IL/CNA,343,2025-08-01,30107.465,28538.154,29081.348,31133.582,31676.775,30027.0,28800.035,28150.52,31253.965,31903.48,343.0,30107.465,30027.0,38636.79559751377,30193.355842883393,30027.000000000007
IL/CNA,344,2025-09-01,30107.465,28352.799,28960.15,31254.781,31862.133,30406.0,29179.035,28529.52,31632.965,32282.48,344.0,30107.465,30406.0,38706.8729368563,30248.274139805504,30406.0
IL/CNA,345,2025-10-01,30107.465,28185.232,28850.586,31364.346,32029.697,29474.0,27738.81,26820.256,31209.19,32127.744,345.0,30107.465,29474.0,38776.95027619884,30314.20306091807,29474.000000000004
IL/CNA,346,2025-11-01,30107.465,28031.146,28749.834,31465.098,32183.783,30027.0,28291.81,27373.256,31762.19,32680.744,346.0,30107.465,30027.0,38847.02761554137,30368.493468446417,30027.000000000007
IL/CNA,347,2025-12-01,30107.465,27887.732,28656.059,31558.871,32327.2,30406.0,28670.81,27752.256,32141.19,33059.746,347.0,30107.465,30406.0,38917.10495488391,30421.62309518423,30406.0
IL/LPN,348,2025-07-01,8384.772,8019.284,8145.7925,8623.753,8750.262,8338.0,8003.9385,7827.0967,8672.062,8848.903,348.0,8384.772,8338.0,3249.727903057474,8395.622122790217,8338.0
IL/LPN,349,2025-08-01,8384.772,7979.5913,8119.839,8649.707,8789.954,8426.0,8091.9385,7915.0967,8760.062,8936.903,349.0,8384.772,8426.0,3255.9951200042537,8412.291524059754,8426.000000000002
IL/LPN,350,2025-09-01,8384.772,7943.454,8096.21,8673.336,8826.092,8449.0,8114.9385,7938.0967,8783.062,8959.903,350.0,8384.772,8449.0,3262.262336951033,8428.645095893095,8448.999999999998
IL/LPN,351,2025-10-01,8384.772,7910.0596,8074.3745,8695.171,8859.486,8338.0,7865.5654,7615.474,8810.435,9060.526,351.0,8384.772,8338.0,3268.5295538978125,8446.03722381666,8338.0
IL/LPN,352,2025-11-01,8384.772,7878.865,8053.9775,8715.568,8890.681,8426.0,7953.5654,7703.474,8898.435,9148.526,352.0,8384.772,8426.0,3274.7967708445917,8461.65187724711,8426.000000000002
IL/LPN,353,2025-12-01,8384.772,7849.4854,8034.767,8734.778,8920.061,8449.0,7976.5654,7726.474,8921.435,9171.526,353.0,8384.772,8449.0,3281.063987791371,8476.986712899803,8448.999999999998
IL/RN,354,2025-07-01,8992.084,8598.976,8735.045,9249.124,9385.192,9039.0,8674.718,8481.878,9403.282,9596.122,354.0,8992.084,9039.0,6448.535640784987,9015.919019290692,9039.0
IL/RN,355,2025-08-01,8992.084,8559.913,8709.502,9274.666,9424.256,9039.0,8674.718,8481.878,9403.282,9596.122,355.0,8992.084,9039.0,6460.583550706104,9029.869319713122,9039.000000000002
IL/RN,356,2025-09-01,8992.084,8524.099,8686.085,9298.083,9460.069,9020.0,8655.718,8462.878,9384.282,9577.122,356.0,8992.084,9020.0,6472.631460627219,9043.543120995428,9020.0
IL/RN,357,2025-10-01,8992.084,8490.837,8664.337,9319.832,9493.331,9039.0,8523.827,8251.11,9554.173,9826.89,357.0,8992.084,9039.0,6484.679370548333,9058.286657561805,9039.0
IL/RN,358,2025-11-01,8992.084,8459.649,8643.944,9340.225,9524.519,9039.0,8523.827,8251.11,9554.173,9826.89,358.0,8992.084,9039.0,6496.727280469448,9071.810149514971,9039.000000000002
IL/RN,359,2025-12-01,8992.084,8430.19,8624.682,9359.486,9553.978,9020.0,8504.827,8232.11,9535.173,9807.89,359.0,8992.084,9020.0,6508.7751903905655,9085.05067733085,9020.0
IN/CNA,366,2025-07-01,21097.818,20535.703,20730.271,21465.367,21659.936,20786.0,20276.95,20007.475,21295.05,21564.525,366.0,21097.818,20786.0,16794.126569312084,21119.64155447001,20786.0
IN/CNA,367,2025-08-01,21097.818,20428.63,20660.26,21535.377,21767.008,21109.0,20599.95,20330.475,21618.05,21887.525,367.0,21097.818,21109.0,16824.781163870743,21136.61535966143,21108.999999999996
IN/CNA,368,2025-09-01,21097.818,20336.469,20600.0,21595.639,21859.168,21165.0,20655.95,20386.475,21674.05,21943.525,368.0,21097.818,21165.0,16855.435758429394,21152.922376475104,21165.000000000007
IN/CNA,369,2025-10-01,21097.818,20254.318,20546.283,21649.354,21941.318,20786.0,20066.094,19684.998,21505.906,21887.002,369.0,21097.818,20786.0,16886.090352988045,21170.383214983784,20786.0
IN/CNA,370,2025-11-01,21097.818,20179.488,20497.355,21698.283,22016.148,21109.0,20389.094,20007.998,21828.906,22210.002,370.0,21097.818,21109.0,16916.744947546707,21186.179331361047,21108.999999999996
IN/CNA,371,2025-12-01,21097.818,20110.312,20452.123,21743.514,22085.326,21165.0,20445.094,20063.998,21884.906,22266.002,371.0,21097.818,21165.0,16947.399542105355,21201.347018662582,21165.000000000007
IN/LPN,372,2025-07-01,6528.719,6405.113,6447.8975,6609.5415,6652.3257,6513.0,6374.278,6300.843,6651.722,6725.157,372.0,6528.719,6513.0,7114.526316163009,6530.80192394951,6513.000000000001
IN/LPN,373,2025-08-01,6546.3496,6422.743,6465.528,6627.1714,6669.956,6565.0,6426.278,6352.843,6703.722,6777.157,373.0,6546.3496,6565.0,7127.746594018128,6557.972800145112,6565.0
IN/LPN,374,2025-09-01,6563.98,6440.373,6483.1577,6644.802,6687.5864,6499.0,6360.278,6286.843,6637.722,6711.157,374.0,6563.98,6499.0,7140.96687187325,6585.318528902145,6499.0
IN/LPN,375,2025-10-01,6581.61,6458.0034,6500.788,6662.4316,6705.2163,6513.0,6316.817,6212.9644,6709.183,6813.0356,375.0,6581.61,6513.0,7154.18714972837,6609.697297629506,6513.000000000001
IN/LPN,376,2025-11-01,6599.24,6475.634,6518.418,6680.062,6722.8467,6565.0,6368.817,6264.9644,6761.183,6865.0356,376.0,6599.24,6565.0,7167.40742758349,6636.502392265107,6565.0
IN/LPN,377,2025-12-01,6616.87,6493.2637,6536.0483,6697.6924,6740.477,6499.0,6302.817,6198.9644,6695.183,6799.0356,377.0,6616.87,6499.0,7180.627705438608,6663.5027848193195,6499.0
IN/RN,378,2025-07-01,5727.416,5596.1025,5641.5547,5813.2773,5858.7295,5595.0,5437.3755,5353.934,5752.6245,5836.066,378.0,5727.416,5595.0,13229.757040943736,5738.41951741407,5595.0
IN/RN,379,2025-08-01,5759.3003,5613.7236,5664.113,5854.488,5904.877,5632.0,5474.3755,5390.934,5789.6245,5873.066,379.0,5759.3003,5632.0,13254.025187697904,5771.13282545896,5632.0
IN/RN,380,2025-09-01,5791.1846,5632.6157,5687.502,5894.867,5949.7534,5733.0,5575.3755,5491.934,5890.6245,5974.066,380.0,5791.1846,5733.0,13278.293334452068,5803.698218186381,5733.000000000001
IN/RN,381,2025-10-01,5823.069,5652.4883,5711.532,5934.6055,5993.6494,5595.0,5372.0854,5254.0815,5817.9146,5935.9185,381.0,5823.069,5595.0,13302.561481206234,5836.486809624369,5595.0
IN/RN,382,2025-11-01,5854.9526,5673.1465,5736.076,5973.8296,6036.7593,5632.0,5409.0854,5291.0815,5854.9146,5972.9185,382.0,5854.9526,5632.0,13326.8296279604,5869.103107617464,5632.0
IN/RN,383,2025-12-01,5886.837,5694.4526,5761.044,6012.6304,6079.221,5733.0,5510.0854,5392.0815,5955.9146,6073.9185,383.0,5886.837,5733.0,13351.097774714568,5901.573619999401,5733.000000000001
KS/CNA,390,2025-07-01,10490.675,10073.531,10217.92,10763.43,10907.818,10286.0,9903.539,9701.076,10668.461,10870.924,390.0,10490.675,10286.0,12362.350023946754,10544.778597609147,10285.999999999996
KS/CNA,391,2025-08-01,10521.362,10102.999,10247.81,10794.916,10939.726,10539.0,10156.539,9954.076,10921.461,11123.924,391.0,10521.362,10539.0,12384.812793937486,10582.075209631925,10538.999999999995
KS/CNA,392,2025-09-01,10552.051,10132.467,10277.699,10826.401,10971.634,10672.0,10289.539,10087.076,11054.461,11256.924,392.0,10552.051,10672.0,12407.27556392822,10619.069237280708,10671.999999999998
KS/CNA,393,2025-10-01,10582.738,10161.935,10307.589,10857.887,11003.542,10286.0,9745.119,9458.794,10826.881,11113.206,393.0,10582.738,10286.0,12429.738333918953,10657.57399698094,10285.999999999996
KS/CNA,394,2025-11-01,10613.426,10191.401,10337.4795,10889.373,11035.45,10539.0,9998.119,9711.794,11079.881,11366.206,394.0,10613.426,10539.0,12452.201103909687,10694.959832315395,10538.999999999995
KS/CNA,395,2025-12-01,10644.114,10220.869,10367.369,10920.858,11067.358,10672.0,10131.119,9844.794,11212.881,11499.206,395.0,10644.114,10672.0,12474.663873900425,10732.030367003923,10671.999999999998
KS/LPN,396,2025-07-01,2271.6726,2181.2034,2212.518,2330.8271,2362.1416,2258.0,2181.0247,2140.2761,2334.9753,2375.7239,396.0,2271.6726,2258.0,-270.14746226753385,2286.0475481297935,2257.9999999999995
KS/LPN,397,2025-08-01,2271.6726,2175.2952,2208.6548,2334.6904,2368.05,2261.0,2184.0247,2143.2761,2337.9753,2378.7239,397.0,2271.6726,2261.0,-270.3609330838241,2292.0877241167864,2260.9999999999995
KS/LPN,398,2025-09-01,2271.6726,2169.7285,2205.015,2338.33,2373.6165,2307.0,2230.0247,2189.2761,2383.9753,2424.7239,398.0,2271.6726,2307.0,-270.57440390011425,2298.0567997486783,2307.0000000000005
KS/LPN,399,2025-10-01,2271.6726,2164.4507,2201.564,2341.7812,2378.8945,2258.0,2149.1404,2091.5134,2366.8596,2424.4866,399.0,2271.6726,2258.0,-270.78787471640464,2304.2904555379214,2257.9999999999995
KS/LPN,400,2025-11-01,2271.6726,2159.4207,2198.275,2345.07,2383.9246,2261.0,2152.1404,2094.5134,2369.8596,2427.4866,400.0,2271.6726,2261.0,-271.00134553269487,2310.328046881391,2260.9999999999995
KS/LPN,401,2025-12-01,2271.6726,2154.6064,2195.1272,2348.218,2388.7385,2307.0,2198.1404,2140.5134,2415.8596,2473.4866,401.0,2271.6726,2307.0,-271.2148163489853,2316.2918366030517,2307.0000000000005
KS/RN,402,2025-07-01,2258.3772,2187.3076,2211.9072,2304.8472,2329.4468,2286.0,2221.294,2187.0405,2350.706,2384.9595,402.0,2258.3772,2286.0,296.5507414398759,2267.620406939894,2286.0
KS/RN,403,2025-08-01,2258.3772,2187.3076,2211.9072,2304.8472,2329.4468,2283.0,2218.294,2184.0405,2347.706,2381.9595,403.0,2258.3772,2283.0,297.3560194320569,2274.2241347472955,2282.9999999999995
KS/RN,404,2025-09-01,2258.3772,2187.3076,2211.9072,2304.8472,2329.4468,2320.0,2255.294,2221.0405,2384.706,2418.9595,404.0,2258.3772,2320.0,298.1612974242379,2280.8756388826855,2320.000000000001
KS/RN,405,2025-10-01,2258.3772,2187.3076,2211.9072,2304.8472,2329.4468,2286.0,2194.4917,2146.0503,2377.5083,2425.9497,405.0,2258.3772,2286.0,298.9665754164189,2286.733384655496,2286.0
KS/RN,406,2025-11-01,2258.3772,2187.3076,2211.9072,2304.8472,2329.4468,2283.0,2191.4917,2143.0503,2374.5083,2422.9497,406.0,2258.3772,2283.0,299.7718534086,2293.319194511544,2282.9999999999995
KS/RN,407,2025-12-01,2258.3772,2187.3076,2211.9072,2304.8472,2329.4468,2320.0,2228.4917,2180.0503,2411.5083,2459.9497,407.0,2258.3772,2320.0,300.57713140078096,2299.9514833280577,2320.000000000001
KY/CNA,414,2025-07-01,12548.719,12127.509,12273.305,12824.133,12969.929,12297.0,11970.422,11797.542,12623.578,12796.458,414.0,12548.719,12297.0,10283.640200415248,12547.623917359846,12296.999999999998
KY/CNA,415,2025-08-01,12548.719,12063.084,12231.18,12866.258,13034.354,12404.0,12077.422,11904.542,12730.578,12903.458,415.0,12548.719,12404.0,10302.419890061803,12575.007850677555,12404.0
KY/CNA,416,2025-09-01,12548.719,12006.253,12194.02,12903.418,13091.185,12699.0,12372.422,12199.542,13025.578,13198.458,416.0,12548.719,12699.0,10321.19957970836,12601.043756614827,12699.000000000004
KY/CNA,417,2025-10-01,12548.719,11954.83,12160.3955,12937.042,13142.607,12297.0,11835.148,11590.66,12758.852,13003.34,417.0,12548.719,12297.0,10339.979269354915,12609.658717796929,12296.999999999998
KY/CNA,418,2025-11-01,12548.719,11907.514,12129.457,12967.98,13189.924,12404.0,11942.148,11697.66,12865.852,13110.34,418.0,12548.719,12404.0,10358.758959001467,12636.378360232755,12404.0
KY/CNA,419,2025-12-01,12548.719,11863.453,12100.647,12996.79,13233.985,12699.0,12237.148,11992.66,13160.852,13405.34,419.0,12548.719,12699.0,10377.538648648026,12661.762313142139,12699.000000000004
KY/LPN,420,2025-07-01,3687.7688,3540.6702,3591.5862,3783.9514,3834.8674,3687.0,3544.9868,3469.8096,3829.0132,3904.1904,420.0,3687.7688,3687.0,-3520.7125386817756,3690.392726621624,3686.9999999999995
KY/LPN,421,2025-08-01,3687.7688,3507.7678,3570.0725,3805.4653,3867.77,3683.0,3540.9868,3465.8096,3825.0132,3900.1904,421.0,3687.7688,3683.0,-3526.877526539358,3695.632174998522,3682.9999999999995
KY/LPN,422,2025-09-01,3687.7688,3480.007,3551.9207,3823.617,3895.5308,3690.0,3547.9868,3472.8096,3832.0132,3907.1904,422.0,3687.7688,3690.0,-3533.0425143969396,3700.4272957150683,3690.0
KY/LPN,423,2025-10-01,3687.7688,3455.5366,3535.9204,3839.6174,3920.001,3687.0,3486.163,3379.8464,3887.837,3994.1536,423.0,3687.7688,3687.0,-3539.207502254521,3704.26982453923,3686.9999999999995
KY/LPN,424,2025-11-01,3687.7688,3433.4053,3521.4495,3854.0884,3942.1323,3683.0,3482.163,3375.8464,3883.837,3990.1536,424.0,3687.7688,3683.0,-3545.3724901121022,3709.0910331466193,3682.9999999999995
KY/LPN,425,2025-12-01,3687.7688,3413.047,3508.138,3867.4,3962.4907,3690.0,3489.163,3382.8464,3890.837,3997.1536,425.0,3687.7688,3690.0,-3551.537477969684,3713.481322668005,3690.0
KY/RN,426,2025-07-01,3610.4143,3494.5017,3534.623,3686.2056,3726.3271,3476.0,3361.0571,3300.21,3590.9429,3651.79,426.0,3610.4143,3476.0,9317.221303373986,3614.030533313706,3475.999999999998
KY/RN,427,2025-08-01,3584.6284,3421.2854,3477.824,3691.4326,3747.9714,3523.0,3408.0571,3347.21,3637.9429,3698.79,427.0,3584.6284,3523.0,9334.303173285334,3592.1954611911074,3523.0
KY/RN,428,2025-09-01,3562.0017,3362.595,3431.6167,3692.387,3761.4084,3562.0,3447.0571,3386.21,3676.9429,3737.79,428.0,3562.0017,3562.0,9351.38504319669,3573.4290286822797,3562.0
KY/RN,429,2025-10-01,3610.4143,3379.7407,3459.585,3761.2437,3841.088,3476.0,3313.446,3227.3953,3638.554,3724.6047,429.0,3610.4143,3476.0,9368.466913108039,3624.4972133002816,3475.999999999998
KY/RN,430,2025-11-01,3584.6284,3326.818,3416.0552,3753.2014,3842.4385,3523.0,3360.446,3274.3953,3685.554,3771.6047,430.0,3584.6284,3523.0,9385.54878301939,3602.5497044748686,3523.0
KY/RN,431,2025-12-01,3562.0017,3279.94,3377.5715,3746.4321,3844.0635,3562.0,3399.446,3313.3953,3724.554,3810.6047,431.0,3562.0017,3562.0,9402.63065293074,3583.6732711201066,3562.0
LA/CNA,438,2025-07-01,11751.221,11379.248,11508.001,11994.44,12123.193,11376.0,11009.009,10814.734,11742.991,11937.266,438.0,11751.221,11376.0,13528.073225743985,11803.126382598408,11375.999999999998
LA/CNA,439,2025-08-01,11751.221,11251.761,11424.642,12077.801,12250.682,11549.0,11182.009,10987.734,11915.991,12110.266,439.0,11751.221,11549.0,13552.697318660732,11830.259752188125,11549.0
LA/CNA,440,2025-09-01,11751.221,11150.736,11358.585,12143.856,12351.705,11777.0,11410.009,11215.734,12143.991,12338.266,440.0,11751.221,11777.0,13577.321411577475,11857.16540742033,11776.999999999998
LA/CNA,441,2025-10-01,11751.221,11064.398,11302.132,12200.31,12438.043,11376.0,10856.995,10582.251,11895.005,12169.749,441.0,11751.221,11376.0,13601.945504494226,11883.219211098993,11375.999999999998
LA/CNA,442,2025-11-01,11751.221,10987.747,11252.013,12250.43,12514.694,11549.0,11029.995,10755.251,12068.005,12342.749,442.0,11751.221,11549.0,13626.569597410973,11909.937612778545,11549.0
LA/CNA,443,2025-12-01,11751.221,10918.105,11206.476,12295.966,12584.337,11777.0,11257.995,10983.251,12296.005,12570.749,443.0,11751.221,11777.0,13651.19369032772,11936.424737559748,11776.999999999998
LA/LPN,444,2025-07-01,5528.1587,5406.6733,5448.7236,5607.5938,5649.644,5489.0,5357.482,5287.861,5620.518,5690.139,444.0,5528.1587,5489.0,5983.816162329493,5531.060477193751,5489.0
LA/LPN,445,2025-08-01,5533.4663,5411.8647,5453.955,5612.9775,5655.0684,5530.0,5398.482,5328.861,5661.518,5731.139,445.0,5533.4663,5530.0,5994.851248335504,5536.308242557474,5530.000000000001
LA/LPN,446,2025-09-01,5538.379,5416.669,5458.797,5617.961,5660.089,5572.0,5440.482,5370.861,5703.518,5773.139,446.0,5538.379,5572.0,6005.886334341516,5541.255315674369,5572.0
LA/LPN,447,2025-10-01,5542.9253,5421.115,5463.278,5622.5723,5664.735,5489.0,5303.006,5204.5464,5674.994,5773.4536,447.0,5542.9253,5489.0,6016.921420347528,5545.556909946101,5489.0
LA/LPN,448,2025-11-01,5547.133,5425.2305,5467.4253,5626.8403,5669.035,5530.0,5344.006,5245.5464,5715.994,5814.4536,448.0,5547.133,5530.0,6027.956506353538,5549.768649247075,5530.000000000001
LA/LPN,449,2025-12-01,5551.027,5429.039,5471.263,5630.7905,5673.015,5572.0,5386.006,5287.5464,5757.994,5856.4536,449.0,5551.027,5572.0,6038.99159235955,5553.758353989297,5572.0
LA/RN,450,2025-07-01,1534.9961,1487.3254,1503.8259,1566.1663,1582.6667,1472.0,1427.8442,1404.4696,1516.1558,1539.5304,450.0,1534.9961,1472.0,2660.904333262807,1540.4284294402005,1472.0000000000002
LA/RN,451,2025-08-01,1534.9961,1467.5789,1490.9143,1579.0779,1602.4135,1496.0,1451.8442,1428.4696,1540.1558,1563.5304,451.0,1534.9961,1496.0,2665.911803429976,1544.1135209853765,1496.0000000000002
LA/RN,452,2025-09-01,1534.9961,1452.4233,1481.0046,1588.9875,1617.5688,1535.0,1490.8442,1467.4696,1579.1558,1602.5304,452.0,1534.9961,1535.0,2670.9192735971446,1547.8355410532347,1534.9999999999995
LA/RN,453,2025-10-01,1534.9961,1439.644,1472.6488,1597.3435,1630.3481,1472.0,1409.5543,1376.4976,1534.4457,1567.5024,453.0,1534.9961,1472.0,2675.926743764313,1550.875692987927,1472.0000000000002
LA/RN,454,2025-11-01,1534.9961,1428.3832,1465.2856,1604.7065,1641.6091,1496.0,1433.5543,1400.4976,1558.4457,1591.5024,454.0,1534.9961,1496.0,2680.9342139314817,1554.565468561967,1496.0000000000002
LA/RN,455,2025-12-01,1534.9961,1418.2004,1458.6276,1611.3646,1651.7917,1535.0,1472.5543,1439.4976,1597.4457,1630.5024,455.0,1534.9961,1535.0,2685.9416840986505,1558.292075259635,1534.9999999999995
MA/CNA,468,2025-07-01,16816.998,16307.534,16483.877,17150.117,17326.46,16449.0,15909.579,15624.026,16988.422,17273.975,468.0,16816.998,16449.0,42037.59192011939,16892.284238099626,16449.0
MA/CNA,469,2025-08-01,16816.998,16096.543,16345.918,17288.076,17537.451,16789.0,16249.579,15964.026,17328.422,17613.975,469.0,16816.998,16789.0,42113.8699546052,16955.07262663977,16789.000000000004
MA/CNA,470,2025-09-01,16816.998,15934.64,16240.055,17393.94,17699.355,16817.0,16277.579,15992.026,17356.422,17641.975,470.0,16816.998,16817.0,42190.14798909103,17017.846060828633,16817.000000000004
MA/CNA,471,2025-10-01,16816.998,15798.146,16150.807,17483.188,17835.848,16449.0,15686.144,15282.312,17211.857,17615.69,471.0,16816.998,16449.0,42266.426023576845,17081.90415761805,16449.0
MA/CNA,472,2025-11-01,16816.998,15677.894,16072.178,17561.816,17956.102,16789.0,16026.144,15622.312,17551.857,17955.69,472.0,16816.998,16789.0,42342.704058062656,17145.026631971843,16789.000000000004
MA/CNA,473,2025-12-01,16816.998,15569.176,16001.091,17632.904,18064.818,16817.0,16054.144,15650.312,17579.857,17983.69,473.0,16816.998,16817.0,42418.98209254848,17208.11882744308,16817.000000000004
MA/LPN,474,2025-07-01,6357.0024,6141.5938,6216.1543,6497.8506,6572.4106,6346.0,6145.251,6038.981,6546.749,6653.019,474.0,6357.0024,6346.0,8290.397660280687,6376.963268358284,6345.999999999999
MA/LPN,475,2025-08-01,6357.0024,6052.3613,6157.808,6556.1963,6661.6436,6381.0,6180.251,6073.981,6581.749,6688.019,475.0,6357.0024,6381.0,8305.580630701941,6389.852359021386,6380.999999999998
MA/LPN,476,2025-09-01,6357.0024,5983.873,6113.0264,6600.9785,6730.132,6357.0,6156.251,6049.981,6557.749,6664.019,476.0,6357.0024,6357.0,8320.763601123193,6402.756852174672,6357.0
MA/LPN,477,2025-10-01,6357.0024,5926.121,6075.264,6638.74,6787.8833,6346.0,6062.098,5911.8096,6629.902,6780.1904,477.0,6357.0024,6346.0,8335.946571544448,6415.984995901913,6345.999999999999
MA/LPN,478,2025-11-01,6357.0024,5875.229,6041.988,6672.017,6838.776,6381.0,6097.098,5946.8096,6664.902,6815.1904,478.0,6357.0024,6381.0,8351.129541965704,6428.804611742974,6380.999999999998
MA/LPN,479,2025-12-01,6357.0024,5829.2085,6011.8965,6702.1084,6884.7964,6357.0,6073.098,5922.8096,6640.902,6791.1904,479.0,6357.0024,6357.0,8366.312512386956,6441.647599687789,6357.0
MA/RN,480,2025-07-01,4548.9966,4430.7383,4471.672,4626.3213,4667.2544,4499.0,4383.6016,4322.5137,4614.3984,4675.4863,480.0,4548.9966,4499.0,1373.3762118119544,4565.762708925266,4498.999999999999
MA/RN,481,2025-08-01,4548.9966,4381.7627,4439.6484,4658.3447,4716.2305,4514.0,4398.6016,4337.5137,4629.3984,4690.4863,481.0,4548.9966,4514.0,1375.996395298089,4574.644118177644,4514.000000000001
MA/RN,482,2025-09-01,4548.9966,4344.181,4415.075,4682.918,4753.8115,4549.0,4433.6016,4372.5137,4664.3984,4725.4863,482.0,4548.9966,4549.0,1378.6165787842237,4583.628899621469,4548.999999999998
MA/RN,483,2025-10-01,4548.9966,4312.498,4394.3584,4703.6343,4785.4946,4499.0,4335.8022,4249.4106,4662.1978,4748.5894,483.0,4548.9966,4499.0,1381.2367622703582,4591.997592013832,4498.999999999999
MA/RN,484,2025-11-01,4548.9966,4284.5845,4376.107,4721.886,4813.408,4514.0,4350.8022,4264.4106,4677.1978,4763.5894,484.0,4548.9966,4514.0,1383.8569457564931,4601.120004236721,4514.000000000001
MA/RN,485,2025-12-01,4548.9966,4259.3486,4359.606,4738.3867,4838.644,4549.0,4385.8022,4299.4106,4712.1978,4798.5894,485.0,4548.9966,4549.0,1386.4771292426278,4610.333924314752,4548.999999999998
MD/CNA,492,2025-07-01,10192.001,9922.469,10015.763,10368.238,10461.532,10073.0,9742.8545,9568.087,10403.1455,10577.913,492.0,10192.001,10073.0,17592.524725612144,10221.792265797461,10073.000000000004
MD/CNA,493,2025-08-01,10192.001,9810.844,9942.775,10441.226,10573.157,10197.0,9866.8545,9692.087,10527.1455,10701.913,493.0,10192.001,10197.0,17624.486310869324,10238.868027000077,10197.0
MD/CNA,494,2025-09-01,10192.001,9725.188,9886.769,10497.232,10658.8125,10192.0,9861.8545,9687.087,10522.1455,10696.913,494.0,10192.001,10192.0,17656.4478961265,10255.947400588837,10192.000000000005
MD/CNA,495,2025-10-01,10192.001,9652.978,9839.552,10544.449,10731.023,10073.0,9606.1045,9358.944,10539.8955,10787.056,495.0,10192.001,10073.0,17688.40948138368,10271.946398235152,10073.000000000004
MD/CNA,496,2025-11-01,10192.001,9589.357,9797.953,10586.048,10794.644,10197.0,9730.1045,9482.944,10663.8955,10911.056,496.0,10192.001,10197.0,17720.371066640855,10289.10352948361,10197.0
MD/CNA,497,2025-12-01,10192.001,9531.84,9760.345,10623.656,10852.161,10192.0,9725.1045,9477.944,10658.8955,10906.056,497.0,10192.001,10192.0,17752.332651898032,10306.258878534722,10192.000000000005
MD/LPN,498,2025-07-01,4186.0015,4113.9834,4138.9116,4233.0913,4258.019,4230.0,4147.686,4104.112,4312.314,4355.888,498.0,4186.0015,4230.0,7295.600806037816,4186.383926961037,4230.000000000002
MD/LPN,499,2025-08-01,4186.0015,4084.158,4119.4097,4252.5933,4287.8447,4199.0,4116.686,4073.1118,4281.314,4324.888,499.0,4186.0015,4199.0,7308.928825930419,4188.724194762858,4199.0
MD/LPN,500,2025-09-01,4186.0015,4061.2712,4104.445,4267.558,4310.7314,4186.0,4103.686,4060.1118,4268.314,4311.888,500.0,4186.0015,4186.0,7322.256845823021,4191.069774791576,4185.999999999999
MD/LPN,501,2025-10-01,4186.0015,4041.9766,4091.8286,4280.174,4330.026,4230.0,4113.591,4051.9673,4346.409,4408.0327,501.0,4186.0015,4230.0,7335.584865715625,4192.997060284609,4230.000000000002
MD/LPN,502,2025-11-01,4186.0015,4024.9775,4080.7136,4291.289,4347.025,4199.0,4082.5906,4020.9673,4315.409,4377.0327,502.0,4186.0015,4199.0,7348.912885608226,4195.236462013076,4199.0
MD/LPN,503,2025-12-01,4186.0015,4009.6091,4070.6648,4301.338,4362.3936,4186.0,4069.5906,4007.9673,4302.409,4364.0327,503.0,4186.0015,4186.0,7362.24090550083,4197.487276323619,4185.999999999999
MD/RN,504,2025-07-01,3863.0674,3783.3262,3810.9275,3915.2073,3942.8083,3852.0,3771.483,3728.8599,3932.517,3975.1401,504.0,3863.0674,3852.0,6377.455767507218,3861.4204863196287,3852.000000000001
MD/RN,505,2025-08-01,3863.0674,3757.9321,3794.323,3931.8115,3968.2026,3843.0,3762.483,3719.8599,3923.517,3966.1401,505.0,3863.0674,3843.0,6389.104747307347,3861.2522797597962,3843.0000000000005
MD/RN,506,2025-09-01,3863.0674,3737.5754,3781.0127,3945.122,3988.5593,3866.0,3785.483,3742.8599,3946.517,3989.1401,506.0,3863.0674,3866.0,6400.7537271074725,3861.133245238205,3865.999999999999
MD/RN,507,2025-10-01,3863.0674,3720.0884,3769.5784,3956.5564,4006.0464,3852.0,3738.1316,3677.8535,3965.8684,4026.1465,507.0,3863.0674,3852.0,6412.402706907596,3859.6038414095374,3852.000000000001
MD/RN,508,2025-11-01,3863.0674,3704.5183,3759.3977,3966.737,4021.6165,3843.0,3729.1316,3668.8535,3956.8684,4017.1465,508.0,3863.0674,3843.0,6424.051686707725,3859.2914563899385,3843.0000000000005
MD/RN,509,2025-12-01,3863.0674,3690.3462,3750.131,3976.0037,4035.7886,3866.0,3752.1316,3691.8535,3979.8684,4040.1465,509.0,3863.0674,3866.0,6435.70066650785,3859.0384936171026,3865.999999999999
ME/CNA,516,2025-07-01,3415.9158,3296.067,3337.5508,3494.2808,3535.7646,3275.0,3155.788,3092.6812,3394.212,3457.3188,516.0,3415.9158,3275.0,8250.062092996075,3418.201114315879,3275.0
ME/CNA,517,2025-08-01,3415.9158,3249.3335,3306.9934,3524.8381,3582.498,3361.0,3241.788,3178.6812,3480.212,3543.3188,517.0,3415.9158,3361.0,8265.049376242334,3429.600329316088,3361.0000000000005
ME/CNA,518,2025-09-01,3415.9158,3213.087,3283.293,3548.5383,3618.7446,3418.0,3298.788,3235.6812,3537.212,3600.3188,518.0,3415.9158,3418.0,8280.036659488593,3441.350382476386,3418.0
ME/CNA,519,2025-10-01,3415.9158,3182.3918,3263.2227,3568.609,3649.4397,3275.0,3106.409,3017.1624,3443.591,3532.8376,519.0,3415.9158,3275.0,8295.023942734852,3449.30792790908,3275.0
ME/CNA,520,2025-11-01,3415.9158,3155.2793,3245.4949,3586.3367,3676.5522,3361.0,3192.409,3103.1624,3529.591,3618.8376,520.0,3415.9158,3361.0,8310.011225981109,3460.401012464722,3361.0000000000005
ME/CNA,521,2025-12-01,3415.9158,3130.726,3229.4402,3602.3914,3701.1055,3418.0,3249.409,3160.1624,3586.591,3675.8376,521.0,3415.9158,3418.0,8324.998509227366,3471.8560764025865,3418.0
ME/LPN,522,2025-07-01,405.9329,392.81693,397.3568,414.50897,419.04886,414.0,401.42163,394.76303,426.57837,433.23697,522.0,405.9329,414.0,1030.4662494558863,405.77996440684007,413.99999999999994
ME/LPN,523,2025-08-01,403.0449,385.36417,391.4841,414.60568,420.7256,412.0,399.42163,392.76303,424.57837,431.23697,523.0,403.0449,412.0,1032.388260917705,403.3608743352494,412.0
ME/LPN,524,2025-09-01,398.86182,377.6412,384.98642,412.73724,420.08243,398.0,385.42163,378.76303,410.57837,417.23697,524.0,398.86182,398.0,1034.3102723795237,399.6480736534585,397.99999999999994
ME/LPN,525,2025-10-01,405.9329,381.5811,390.0101,421.85568,430.2847,414.0,396.2115,386.79483,431.7885,441.20517,525.0,405.9329,414.0,1036.2322838413425,407.0560334546251,413.99999999999994
ME/LPN,526,2025-11-01,403.0449,375.95828,385.33392,420.75586,430.1315,412.0,394.2115,384.79483,429.7885,439.20517,526.0,403.0449,412.0,1038.1542953031612,404.6062025345113,412.0
ME/LPN,527,2025-12-01,398.86182,369.3409,379.55914,418.1645,428.38272,398.0,380.2115,370.79483,415.7885,425.20517,527.0,398.86182,398.0,1040.0763067649798,400.86437618185585,397.99999999999994
ME/RN,528,2025-07-01,1178.2656,1148.5831,1158.8573,1197.6738,1207.948,1148.0,1115.1227,1097.7185,1180.8773,1198.2815,528.0,1178.2656,1148.0,2952.5577806050424,1177.207433804127,1147.9999999999998
ME/RN,529,2025-08-01,1184.5548,1150.953,1162.5837,1206.5258,1218.1566,1177.0,1144.1227,1126.7185,1209.8773,1227.2815,529.0,1184.5548,1177.0,2957.9516757542187,1183.436492072799,1177.0000000000002
ME/RN,530,2025-09-01,1190.844,1153.6969,1166.5548,1215.1332,1227.9911,1166.0,1133.1227,1115.7185,1198.8773,1216.2815,530.0,1190.844,1166.0,2963.345570903396,1189.647736377512,1165.9999999999998
ME/RN,531,2025-10-01,1197.1332,1156.7161,1170.7058,1223.5604,1237.5503,1148.0,1101.5045,1076.8912,1194.4955,1219.1088,531.0,1197.1332,1148.0,2968.7394660525724,1195.7828435986517,1147.9999999999998
ME/RN,532,2025-11-01,1203.4224,1159.9481,1174.9961,1231.8485,1246.8965,1177.0,1130.5045,1105.8912,1223.4955,1248.1088,532.0,1203.4224,1177.0,2974.1333612017493,1201.9193685834557,1177.0000000000002
ME/RN,533,2025-12-01,1209.7115,1163.351,1179.398,1240.025,1256.072,1166.0,1119.5045,1094.8912,1212.4955,1237.1088,533.0,1209.7115,1166.0,2979.5272563509266,1208.0422697095166,1165.9999999999998
MI/CNA,540,2025-07-01,20729.252,20318.086,20460.404,20998.102,21140.42,20494.0,20001.764,19741.188,20986.236,21246.812,540.0,20729.252,20494.0,30041.655789589175,20772.043727836517,20494.000000000007
MI/CNA,541,2025-08-01,20803.457,20392.291,20534.61,21072.305,21214.625,20724.0,20231.764,19971.188,21216.236,21476.812,541.0,20803.457,20724.0,30096.150165292667,20860.155075485538,20724.0
MI/CNA,542,2025-09-01,20877.662,20466.494,20608.814,21146.51,21288.83,20830.0,20337.764,20077.188,21322.236,21582.812,542.0,20877.662,20830.0,30150.644540996153,20948.612300935834,20830.0
MI/CNA,543,2025-10-01,20951.867,20540.7,20683.02,21220.715,21363.035,20494.0,19797.871,19429.363,21190.129,21558.637,543.0,20951.867,20494.0,30205.138916699634,21034.40565405587,20494.000000000007
MI/CNA,544,2025-11-01,21026.072,20614.902,20757.223,21294.922,21437.242,20724.0,20027.871,19659.363,21420.129,21788.637,544.0,21026.072,20724.0,30259.63329240313,21123.26092101104,20724.0
MI/CNA,545,2025-12-01,21100.277,20689.105,20831.426,21369.127,21511.447,20830.0,20133.871,19765.363,21526.129,21894.637,545.0,21100.277,20830.0,30314.12766810661,21212.43203029314,20830.0
MI/LPN,546,2025-07-01,7717.0796,7569.128,7620.339,7813.82,7865.0312,7613.0,7460.6963,7380.072,7765.3037,7845.928,546.0,7717.0796,7613.0,9912.545815184336,7712.501500975624,7613.000000000001
MI/LPN,547,2025-08-01,7741.3394,7592.9224,7644.295,7838.384,7889.756,7578.0,7425.6963,7345.072,7730.3037,7810.928,547.0,7741.3394,7578.0,9930.545829434173,7736.204465170864,7577.999999999999
MI/LPN,548,2025-09-01,7765.599,7616.7173,7668.2505,7862.9478,7914.481,7644.0,7491.6963,7411.072,7796.3037,7876.928,548.0,7765.599,7644.0,9948.545843684009,7760.006005026024,7644.0
MI/LPN,549,2025-10-01,7789.859,7640.5117,7692.206,7887.5117,7939.206,7613.0,7397.6104,7283.59,7828.3896,7942.41,549.0,7789.859,7613.0,9966.545857933848,7783.129546263558,7613.000000000001
MI/LPN,550,2025-11-01,7814.1187,7664.3066,7716.1616,7912.0757,7963.9307,7578.0,7362.6104,7248.59,7793.3896,7907.41,550.0,7814.1187,7578.0,9984.545872183684,7806.673827876,7577.999999999999
MI/LPN,551,2025-12-01,7838.3784,7688.101,7740.1177,7936.6396,7988.656,7644.0,7428.6104,7314.59,7859.3896,7973.41,551.0,7838.3784,7644.0,10002.545886433523,7830.331080935372,7644.0
MI/RN,552,2025-07-01,6057.5,5906.0635,5958.481,6156.519,6208.9365,5950.0,5795.8496,5714.2476,6104.1504,6185.7524,552.0,6057.5,5950.0,8106.75033328623,6060.363523383647,5949.999999999999
MI/RN,553,2025-08-01,6077.1406,5925.704,5978.1216,6176.1597,6228.577,5933.0,5778.8496,5697.2476,6087.1504,6168.7524,553.0,6077.1406,5933.0,8121.455017121065,6080.0929690678395,5933.000000000001
MI/RN,554,2025-09-01,6096.781,5945.344,5997.7617,6195.8,6248.2173,5992.0,5837.8496,5756.2476,6146.1504,6227.7524,554.0,6096.781,5992.0,8136.159700955903,6099.946838703525,5992.000000000001
MI/RN,555,2025-10-01,6116.4214,5964.985,6017.4023,6215.4404,6267.858,5950.0,5731.9985,5616.595,6168.0015,6283.405,555.0,6116.4214,5950.0,8150.864384790737,6119.0384641087485,5949.999999999999
MI/RN,556,2025-11-01,6136.0615,5984.625,6037.0425,6235.0806,6287.498,5933.0,5714.9985,5599.595,6151.0015,6266.405,556.0,6136.0615,5933.0,8165.56906862557,6138.9015274872745,5933.000000000001
MI/RN,557,2025-12-01,6155.702,6004.2656,6056.683,6254.721,6307.1387,5992.0,5773.9985,5658.595,6210.0015,6325.405,557.0,6155.702,5992.0,8180.273752460406,6158.888321658314,5992.000000000001
MN/CNA,564,2025-07-01,14538.329,13843.96,14084.306,14992.353,15232.698,13993.0,13270.382,12887.851,14715.618,15098.149,564.0,14538.329,13993.0,37343.84970951449,14584.240808949082,13993.0
MN/CNA,565,2025-08-01,14630.208,13935.839,14176.185,15084.231,15324.577,14296.0,13573.382,13190.851,15018.618,15401.149,565.0,14630.208,14296.0,37411.5748036478,14669.414127381719,14295.999999999998
MN/CNA,566,2025-09-01,14722.087,14027.718,14268.063,15176.11,15416.456,14603.0,13880.382,13497.851,15325.618,15708.149,566.0,14722.087,14603.0,37479.2998977811,14753.664552687433,14602.999999999998
MN/CNA,567,2025-10-01,14813.966,14119.598,14359.942,15267.989,15508.335,13993.0,12971.063,12430.083,15014.937,15555.917,567.0,14813.966,13993.0,37547.024991914404,14847.71845962201,13993.0
MN/CNA,568,2025-11-01,14905.846,14211.477,14451.821,15359.869,15600.215,14296.0,13274.063,12733.083,15317.937,15858.917,568.0,14905.846,14296.0,37614.7500860477,14933.567382217869,14295.999999999998
MN/CNA,569,2025-12-01,14997.725,14303.355,14543.7,15451.748,15692.094,14603.0,13581.063,13040.083,15624.937,16165.917,569.0,14997.725,14603.0,37682.47518018101,15018.454808621173,14602.999999999998
MN/LPN,570,2025-07-01,3072.5564,2996.2236,3022.645,3122.4678,3148.8892,3119.0,3048.7107,3011.502,3189.2893,3226.498,570.0,3072.5564,3119.0,2996.973132302515,3075.1497978633947,3119.0000000000005
MN/LPN,571,2025-08-01,3072.5564,2976.8071,3009.9492,3135.1636,3168.3057,3092.0,3021.7107,2984.502,3162.2893,3199.498,571.0,3072.5564,3092.0,3002.3765328963736,3078.5171759459986,3092.0000000000014
MN/LPN,572,2025-09-01,3072.5564,2960.712,2999.4253,3145.6875,3184.4006,3065.0,2994.7107,2957.502,3135.2893,3172.498,572.0,3072.5564,3065.0,3007.7799334902334,3081.8726259723758,3065.0000000000014
MN/LPN,573,2025-10-01,3072.5564,2946.658,2990.2358,3154.877,3198.4548,3119.0,3019.596,2966.9749,3218.404,3271.0251,573.0,3072.5564,3119.0,3013.183334084092,3084.1689945760313,3119.0000000000005
MN/LPN,574,2025-11-01,3072.5564,2934.0225,2981.9739,3163.139,3211.0903,3092.0,2992.596,2939.9749,3191.404,3244.0251,574.0,3072.5564,3092.0,3018.5867346779505,3087.2865064409093,3092.0000000000014
MN/LPN,575,2025-12-01,3072.5564,2922.4468,2974.405,3170.7078,3222.666,3065.0,2965.596,2912.9749,3164.404,3217.0251,575.0,3072.5564,3065.0,3023.99013527181,3090.406412450672,3065.0000000000014
MN/RN,576,2025-07-01,5088.514,4986.72,5021.9546,5155.073,5190.308,5077.0,4925.8145,4845.7817,5228.1855,5308.2183,576.0,5088.514,5077.0,12558.93941259934,5098.2647809307555,5076.999999999999
MN/RN,577,2025-08-01,5119.0405,5016.6357,5052.0815,5185.999,5221.445,5030.0,4878.8145,4798.7817,5181.1855,5261.2183,577.0,5119.0405,5030.0,12581.6819079647,5128.909472187809,5030.0
MN/RN,578,2025-09-01,5149.567,5046.552,5082.209,5216.925,5252.582,5081.0,4929.8145,4849.7817,5232.1855,5312.2183,578.0,5149.567,5081.0,12604.424403330064,5159.460216189983,5081.0
MN/RN,579,2025-10-01,5180.0933,5076.4673,5112.336,5247.8506,5283.719,5077.0,4863.1914,4750.008,5290.8086,5403.992,579.0,5180.0933,5077.0,12627.166898695428,5192.064477105064,5076.999999999999
MN/RN,580,2025-11-01,5210.6196,5106.3833,5142.463,5278.7764,5314.8564,5030.0,4816.1914,4703.008,5243.8086,5356.992,580.0,5210.6196,5030.0,12649.909394060789,5222.925561855474,5030.0
MN/RN,581,2025-12-01,5241.146,5136.299,5172.5903,5309.702,5345.9937,5081.0,4867.1914,4754.008,5294.8086,5407.992,581.0,5241.146,5081.0,12672.651889426154,5253.677286355473,5081.0
MO/CNA,588,2025-07-01,18920.04,18321.986,18528.994,19311.084,19518.09,18667.0,18076.137,17763.352,19257.863,19570.648,588.0,18920.04,18667.0,36731.13091989968,18990.425081940408,18667.000000000004
MO/CNA,589,2025-08-01,19013.088,18388.645,18604.785,19421.389,19637.531,18989.0,18398.137,18085.352,19579.863,19892.648,589.0,19013.088,18989.0,36797.73503283289,19131.281083444097,18989.000000000007
MO/CNA,590,2025-09-01,19106.137,18456.125,18681.117,19531.154,19756.146,18936.0,18345.137,18032.352,19526.863,19839.648,590.0,19106.137,18936.0,36864.33914576608,19272.261382232533,18936.000000000007
MO/CNA,591,2025-10-01,19199.184,18524.336,18757.924,19640.445,19874.033,18667.0,17831.393,17389.047,19502.607,19944.953,591.0,19199.184,18667.0,36930.94325869927,19416.462018170063,18667.000000000004
MO/CNA,592,2025-11-01,19292.232,18593.195,18835.156,19749.309,19991.271,18989.0,18153.393,17711.047,19824.607,20266.953,592.0,19292.232,18989.0,36997.54737163246,19558.524909879554,18989.000000000007
MO/CNA,593,2025-12-01,19385.281,18662.639,18912.77,19857.793,20107.926,18936.0,18100.393,17658.047,19771.607,20213.953,593.0,19385.281,18936.0,37064.15148456566,19700.631731680358,18936.000000000007
MO/LPN,594,2025-07-01,4999.819,4830.0234,4888.7954,5110.842,5169.614,4972.0,4819.224,4738.3496,5124.776,5205.6504,594.0,4999.819,4972.0,3982.4261965912374,5009.50078463934,4972.000000000001
MO/LPN,595,2025-08-01,4999.819,4797.5527,4867.564,5132.073,5202.0845,5043.0,4890.224,4809.3496,5195.776,5276.6504,595.0,4999.819,5043.0,3989.5770676248726,5024.775813100313,5042.999999999998
MO/LPN,596,2025-09-01,4999.819,4769.6177,4849.2983,5150.3394,5230.02,4998.0,4845.224,4764.3496,5150.776,5231.6504,596.0,4999.819,4998.0,3996.7279386585087,5040.066334277912,4997.999999999999
MO/LPN,597,2025-10-01,4999.819,4744.723,4833.021,5166.6167,5254.914,4972.0,4755.9424,4641.569,5188.0576,5302.431,597.0,4999.819,4972.0,4003.8788096921435,5053.735141997975,4972.000000000001
MO/LPN,598,2025-11-01,4999.819,4722.0513,4818.1963,5181.441,5277.586,5043.0,4826.9424,4712.569,5259.0576,5373.431,598.0,4999.819,5043.0,4011.02968072578,5068.685030042149,5042.999999999998
MO/LPN,599,2025-12-01,4999.819,4701.095,4804.4937,5195.1436,5298.5425,4998.0,4781.9424,4667.569,5214.0576,5328.431,599.0,4999.819,4998.0,4018.1805517594157,5083.66302390444,4997.999999999999
MO/RN,600,2025-07-01,3363.604,3279.3962,3308.5435,3418.6646,3447.8118,3283.0,3189.0972,3139.388,3376.9028,3426.612,600.0,3363.604,3283.0,6062.7226397959475,3368.0797533069385,3283.0000000000005
MO/RN,601,2025-08-01,3388.3179,3303.5122,3332.8665,3443.7693,3473.1233,3316.0,3222.0972,3172.388,3409.9028,3459.612,601.0,3388.3179,3316.0,6073.633353060687,3393.608519534149,3315.999999999999
MO/RN,602,2025-09-01,3413.0317,3325.8784,3356.0452,3470.0183,3500.185,3329.0,3235.0972,3185.388,3422.9028,3472.612,602.0,3413.0317,3329.0,6084.544066325425,3419.109073807152,3329.0
MO/RN,603,2025-10-01,3437.7456,3345.5293,3377.4487,3498.0425,3529.9617,3283.0,3150.2012,3079.9019,3415.7988,3486.0981,603.0,3437.7456,3283.0,6095.4547795901635,3444.7278492293544,3283.0000000000005
MO/RN,604,2025-11-01,3462.4595,3361.8713,3396.6885,3528.2305,3563.0476,3316.0,3183.2012,3112.9019,3448.7988,3519.0981,604.0,3462.4595,3316.0,6106.3654928549,3470.187062233007,3315.999999999999
MO/RN,605,2025-12-01,3487.1733,3374.7463,3413.6611,3560.6855,3599.6003,3329.0,3196.2012,3125.9019,3461.7988,3532.0981,605.0,3487.1733,3329.0,6117.276206119639,3495.621277028632,3329.0
MS/CNA,612,2025-07-01,8248.976,7966.617,8064.351,8433.599,8531.333,7914.0,7615.4985,7457.481,8212.502,8370.519,612.0,8248.976,7914.0,10138.063662511897,8270.581853966083,7913.999999999999
MS/CNA,613,2025-08-01,8248.976,7849.6504,7987.8706,8510.079,8648.3,8000.0,7701.4985,7543.481,8298.502,8456.519,613.0,8248.976,8000.0,10156.4073565694,8276.80845798715,8000.000000000002
MS/CNA,614,2025-09-01,8248.976,7759.875,7929.17,8568.78,8738.075,8249.0,7950.4985,7792.481,8547.502,8705.519,614.0,8248.976,8249.0,10174.751050626899,8282.676132411896,8249.0
MS/CNA,615,2025-10-01,8248.976,7684.173,7879.6704,8618.279,8813.777,7914.0,7491.855,7268.385,8336.1455,8559.615,615.0,8248.976,7914.0,10193.094744684397,8290.144683918901,7913.999999999999
MS/CNA,616,2025-11-01,8248.976,7617.462,7836.051,8661.899,8880.488,8000.0,7577.855,7354.385,8422.1455,8645.615,616.0,8248.976,8000.0,10211.438438741898,8296.33268081925,8000.000000000002
MS/CNA,617,2025-12-01,8248.976,7557.136,7796.606,8701.344,8940.813,8249.0,7826.855,7603.385,8671.1455,8894.615,617.0,8248.976,8249.0,10229.782132799397,8302.159616080928,8249.0
MS/LPN,618,2025-07-01,3493.993,3369.075,3412.3135,3575.672,3618.9106,3432.0,3314.3748,3252.108,3549.6252,3611.892,618.0,3493.993,3432.0,2771.40307759557,3497.6239046345136,3432.0000000000005
MS/LPN,619,2025-08-01,3493.993,3317.3264,3378.4768,3609.5088,3670.6592,3422.0,3304.3748,3242.108,3539.6252,3601.892,619.0,3493.993,3422.0,2776.316739611195,3495.0973947594543,3421.999999999999
MS/LPN,620,2025-09-01,3493.993,3277.6072,3352.5059,3635.4797,3710.3784,3494.0,3376.3748,3314.108,3611.6252,3673.892,620.0,3493.993,3494.0,2781.230401626819,3492.4588163326307,3494.000000000001
MS/LPN,621,2025-10-01,3493.993,3244.1135,3330.6055,3657.3801,3743.872,3432.0,3265.6528,3177.594,3598.3472,3686.406,621.0,3493.993,3432.0,2786.144063642443,3490.064821556721,3432.0000000000005
MS/LPN,622,2025-11-01,3493.993,3214.5974,3311.306,3676.6797,3773.3882,3422.0,3255.6528,3167.594,3588.3472,3676.406,622.0,3493.993,3422.0,2791.0577256580673,3487.4606513739154,3421.999999999999
MS/LPN,623,2025-12-01,3493.993,3187.906,3293.8535,3694.132,3800.0796,3494.0,3327.6528,3239.594,3660.3472,3748.406,623.0,3493.993,3494.0,2795.971387673692,3484.751023013007,3494.000000000001
MS/RN,624,2025-07-01,2014.0657,1954.3735,1975.035,2053.0962,2073.7578,1975.0,1919.436,1890.0223,2030.564,2059.9778,624.0,2014.0657,1975.0,2687.0134654685344,2013.6885442265625,1974.9999999999995
MS/RN,625,2025-08-01,2014.0657,1934.6914,1962.1656,2065.9656,2093.44,1963.0,1907.436,1878.0223,2018.564,2047.9777,625.0,2014.0657,1963.0,2691.758288458639,2013.7240879655735,1963.0
MS/RN,626,2025-09-01,2014.0657,1919.0005,1951.9059,2076.2253,2109.1309,2021.0,1965.436,1936.0223,2076.564,2105.9778,626.0,2014.0657,2021.0,2696.5031114487447,2013.732357538798,2020.9999999999998
MS/RN,627,2025-10-01,2014.0657,1905.5552,1943.1145,2085.0168,2122.576,1975.0,1896.4208,1854.8234,2053.5793,2095.1765,627.0,2014.0657,1975.0,2701.24793443885,2013.327650727607,1974.9999999999995
MS/RN,628,2025-11-01,2014.0657,1893.6014,1935.2983,2092.833,2134.5298,1963.0,1884.4208,1842.8234,2041.5792,2083.1765,628.0,2014.0657,1963.0,2705.9927574289554,2013.273654728779,1963.0
MS/RN,629,2025-12-01,2014.0657,1882.7311,1928.1907,2099.9407,2145.4001,2021.0,1942.4208,1900.8234,2099.5793,2141.1765,629.0,2014.0657,2021.0,2710.7375804190597,2013.197239295811,2020.9999999999998
MT/CNA,636,2025-07-01,1752.4247,1665.5912,1695.6473,1809.2019,1839.258,1672.0,1589.9344,1546.4916,1754.0656,1797.5084,636.0,1752.4247,1672.0,3551.374464727178,1760.9809123165742,1672.0000000000005
MT/CNA,637,2025-08-01,1761.0321,1673.7722,1703.976,1818.0883,1848.292,1737.0,1654.9344,1611.4916,1819.0656,1862.5084,637.0,1761.0321,1737.0,3557.7582825157415,1772.5636232748352,1737.0
MT/CNA,638,2025-09-01,1769.6396,1681.9532,1712.3046,1826.9747,1857.326,1805.0,1722.9344,1679.4916,1887.0656,1930.5084,638.0,1769.6396,1805.0,3564.1421003043056,1784.1189784406856,1804.9999999999998
MT/CNA,639,2025-10-01,1778.2472,1690.1343,1720.6332,1835.8611,1866.3601,1672.0,1555.9418,1494.5043,1788.0582,1849.4957,639.0,1778.2472,1672.0,3570.5259180928697,1795.1288329049087,1672.0000000000005
MT/CNA,640,2025-11-01,1786.8547,1698.3152,1728.9618,1844.7476,1875.3942,1737.0,1620.9418,1559.5043,1853.0582,1914.4957,640.0,1786.8547,1737.0,3576.9097358814333,1806.6415861875837,1737.0
MT/CNA,641,2025-12-01,1795.4622,1706.4962,1737.2904,1853.6339,1884.4282,1805.0,1688.9418,1627.5043,1921.0582,1982.4957,641.0,1795.4622,1805.0,3583.293553669998,1818.130483348094,1804.9999999999998
MT/LPN,642,2025-07-01,345.97238,333.9082,338.08405,353.86072,358.03653,341.0,329.8452,323.94022,352.1548,358.05978,642.0,345.97238,341.0,469.9440616592115,346.4605959600259,340.99999999999994
MT/LPN,643,2025-08-01,345.97238,330.65884,335.95938,355.98535,361.2859,352.0,340.8452,334.94022,363.1548,369.05978,643.0,345.97238,352.0,470.6329846168765,346.96782952408137,352.0
MT/LPN,644,2025-09-01,345.97238,327.98676,334.21222,357.7325,363.95798,345.0,333.8452,327.94022,356.1548,362.05978,644.0,345.97238,345.0,471.32190757454146,347.4819250553508,345.00000000000006
MT/LPN,645,2025-10-01,345.97238,325.66284,332.6927,359.25204,366.2819,341.0,325.22473,316.8738,356.77527,365.1262,645.0,345.97238,341.0,472.0108305322061,347.92216053045115,340.99999999999994
MT/LPN,646,2025-11-01,345.97238,323.57843,331.32977,360.61496,368.3663,352.0,336.22473,327.8738,367.77527,376.1262,646.0,345.97238,352.0,472.6997534898711,348.43330371805,352.0
MT/LPN,647,2025-12-01,345.97238,321.6718,330.08307,361.86166,370.27292,345.0,329.22473,320.8738,360.77527,369.1262,647.0,345.97238,345.0,473.38867644753583,348.95111818476926,345.00000000000006
MT/RN,648,2025-07-01,625.0002,599.26184,608.1708,641.8296,650.7386,628.0,601.62164,587.6577,654.37836,668.3423,648.0,625.0002,628.0,1832.2352719771777,625.9097566588373,627.9999999999999
MT/RN,649,2025-08-01,625.0002,588.6025,601.201,648.7994,661.39795,627.0,600.62164,586.6577,653.37836,667.3423,649.0,625.0002,627.0,1835.397539825704,625.6561144611712,626.9999999999999
MT/RN,650,2025-09-01,625.0002,580.423,595.8527,654.14764,669.5774,625.0,598.62164,584.6577,651.37836,665.3423,650.0,625.0002,625.0,1838.5598076742294,625.3830806264838,624.9999999999999
MT/RN,651,2025-10-01,625.0002,573.52734,591.3439,658.6565,676.4731,628.0,590.6953,570.94745,665.3047,685.05255,651.0,625.0002,628.0,1841.7220755227552,625.0494848240336,627.9999999999999
MT/RN,652,2025-11-01,625.0002,567.452,587.37146,662.6289,682.54834,627.0,589.6953,569.94745,664.3047,684.05255,652.0,625.0002,627.0,1844.884343371281,624.7170015950496,626.9999999999999
MT/RN,653,2025-12-01,625.0002,561.9596,583.78015,666.2203,688.04083,625.0,587.6953,567.94745,662.3047,682.05255,653.0,625.0002,625.0,1848.046611219807,624.3692151425604,624.9999999999999
NC/CNA,660,2025-07-01,18750.146,18117.656,18336.584,19163.709,19382.635,18308.0,17670.375,17332.836,18945.625,19283.164,660.0,18750.146,18308.0,31300.208044465922,18752.69524117158,18307.999999999993
NC/CNA,661,2025-08-01,18750.146,17917.14,18205.473,19294.818,19583.15,18621.0,17983.375,17645.836,19258.625,19596.164,661.0,18750.146,18621.0,31356.921886225246,18781.597401575844,18621.000000000004
NC/CNA,662,2025-09-01,18750.146,17756.29,18100.299,19399.994,19744.004,18779.0,18141.375,17803.836,19416.625,19754.164,662.0,18750.146,18779.0,31413.635727984587,18810.464970001158,18779.00000000001
NC/CNA,663,2025-10-01,18750.146,17618.066,18009.918,19490.373,19882.227,18308.0,17406.262,16928.908,19209.738,19687.092,663.0,18750.146,18308.0,31470.349569743925,18834.36285823019,18307.999999999993
NC/CNA,664,2025-11-01,18750.146,17494.973,17929.432,19570.86,20005.32,18621.0,17719.262,17241.908,19522.738,20000.092,664.0,18750.146,18621.0,31527.063411503266,18862.668892405396,18621.000000000004
NC/CNA,665,2025-12-01,18750.146,17382.918,17856.164,19644.129,20117.375,18779.0,17877.262,17399.908,19680.738,20158.092,665.0,18750.146,18779.0,31583.777253262604,18890.9603544118,18779.00000000001
NC/LPN,666,2025-07-01,6050.8364,5930.958,5972.452,6129.2207,6170.715,6045.0,5914.9023,5846.033,6175.0977,6243.967,666.0,6050.8364,6045.0,3718.787471999732,6047.548897394169,6045.0
NC/LPN,667,2025-08-01,6051.2524,5909.231,5958.3896,6144.115,6193.274,6045.0,5914.9023,5846.033,6175.0977,6243.967,667.0,6051.2524,6045.0,3725.330968098576,6045.779268714032,6045.000000000001
NC/LPN,668,2025-09-01,6051.585,5890.3843,5946.1816,6156.989,6212.786,6049.0,5918.9023,5850.033,6179.0977,6247.967,668.0,6051.585,6049.0,3731.874464197418,6043.83722910207,6049.0
NC/LPN,669,2025-10-01,6051.8516,5873.4854,5935.224,6168.479,6230.218,6045.0,5861.014,5763.618,6228.986,6326.382,669.0,6051.8516,6045.0,3738.4179602962618,6042.581776231676,6045.0
NC/LPN,670,2025-11-01,6052.0645,5858.0186,5925.1846,6178.9443,6246.1104,6045.0,5861.014,5763.618,6228.986,6326.382,670.0,6052.0645,6045.0,3744.961456395104,6040.527247118566,6045.000000000001
NC/LPN,671,2025-12-01,6052.235,5843.664,5915.858,6188.612,6260.805,6049.0,5865.014,5767.618,6232.986,6330.382,671.0,6052.235,6049.0,3751.5049524939477,6038.344867981157,6049.0
NC/RN,672,2025-07-01,4306.9893,4162.6104,4212.585,4401.3936,4451.3687,4177.0,4015.961,3930.7122,4338.039,4423.288,672.0,4306.9893,4177.0,5411.822045803808,4321.9099168342445,4177.0
NC/RN,673,2025-08-01,4306.9893,4102.8164,4173.488,4440.4907,4511.162,4200.0,4038.961,3953.7122,4361.039,4446.288,673.0,4306.9893,4200.0,5421.427123508127,4330.473819526129,4199.999999999999
NC/RN,674,2025-09-01,4306.9893,4056.934,4143.487,4470.4917,4557.0444,4307.0,4145.961,4060.7122,4468.039,4553.288,674.0,4306.9893,4307.0,5431.032201212444,4338.969321162365,4307.0
NC/RN,675,2025-10-01,4306.9893,4018.2527,4118.195,4495.784,4595.726,4177.0,3949.2563,3828.6963,4404.7437,4525.3037,675.0,4306.9893,4177.0,5440.637278916765,4346.369797749861,4177.0
NC/RN,676,2025-11-01,4306.9893,3984.1736,4095.9114,4518.067,4629.805,4200.0,3972.2563,3851.6963,4427.7437,4548.3037,676.0,4306.9893,4200.0,5450.2423566210855,4354.8034492075285,4199.999999999999
NC/RN,677,2025-12-01,4306.9893,3953.3635,4075.7659,4538.213,4660.615,4307.0,4079.2563,3958.6963,4534.7437,4655.3037,677.0,4306.9893,4307.0,5459.847434325405,4363.172324200955,4307.0
ND/CNA,684,2025-07-01,3416.6318,3183.016,3263.8787,3569.3848,3650.2476,3342.0,3125.3638,3010.6836,3558.6362,3673.3164,684.0,3416.6318,3342.0,2711.9730906524783,3457.324435113815,3341.9999999999995
ND/CNA,685,2025-08-01,3416.6318,3151.4114,3243.2136,3590.05,3681.852,3400.0,3183.3638,3068.6836,3616.6362,3731.3164,685.0,3416.6318,3400.0,2716.8216725586235,3474.950066201222,3400.0
ND/CNA,686,2025-09-01,3416.6318,3123.1912,3224.7612,3608.5022,3710.0723,3472.0,3255.3638,3140.6836,3688.6362,3803.3164,686.0,3416.6318,3472.0,2721.6702544647687,3492.5897999533495,3471.999999999999
ND/CNA,687,2025-10-01,3416.6318,3097.4565,3207.9343,3625.3293,3735.8071,3342.0,3035.6301,2873.4478,3648.3699,3810.5522,687.0,3416.6318,3342.0,2726.518836370913,3510.310197350309,3341.9999999999995
ND/CNA,688,2025-11-01,3416.6318,3073.6472,3192.3662,3640.8972,3759.6162,3400.0,3093.6301,2931.4478,3706.3699,3868.5522,688.0,3416.6318,3400.0,2731.3674182770583,3528.39544807472,3400.0
ND/CNA,689,2025-12-01,3416.6318,3051.3867,3177.8108,3655.4526,3781.8767,3472.0,3165.6301,3003.4478,3778.3699,3940.5522,689.0,3416.6318,3472.0,2736.2160001832026,3546.4687566306816,3471.999999999999
ND/LPN,690,2025-07-01,536.0021,501.12756,513.19885,558.8053,570.87665,562.0,523.87726,503.69626,600.12274,620.3037,690.0,536.0021,562.0,175.51608124719507,536.1571476302479,562.0000000000001
ND/LPN,691,2025-08-01,536.0021,486.68454,503.7551,568.24915,585.31964,557.0,518.87726,498.69626,595.12274,615.3037,691.0,536.0021,557.0,175.58980198160518,535.3699576281119,557.0
ND/LPN,692,2025-09-01,536.0021,475.60168,496.5084,575.4958,596.4025,536.0,497.87723,477.69626,574.12274,594.3037,692.0,536.0021,536.0,175.66352271601488,534.5796091262896,536.0
ND/LPN,693,2025-10-01,536.0021,466.25827,490.39908,581.6051,605.7459,562.0,508.08627,479.54608,615.9137,644.4539,693.0,536.0021,562.0,175.73724345042478,533.92906221642,562.0000000000001
ND/LPN,694,2025-11-01,536.0021,458.02652,485.01663,586.9876,613.97766,557.0,503.08627,474.54608,610.9137,639.4539,694.0,536.0021,557.0,175.81096418483463,533.1767609184042,557.0
ND/LPN,695,2025-12-01,536.0021,450.58444,480.15048,591.8537,621.41974,536.0,482.08627,453.54608,589.9137,618.4539,695.0,536.0021,536.0,175.88468491924465,532.4207889450585,536.0
ND/RN,696,2025-07-01,921.9995,873.0759,890.0101,953.9889,970.9231,923.0,864.6232,833.7204,981.3768,1012.2796,696.0,921.9995,923.0,1045.3151570383568,924.6494153510818,923.0000000000001
ND/RN,697,2025-08-01,921.9995,852.8146,876.7619,967.2371,991.18445,917.0,858.6232,827.7204,975.3768,1006.2796,697.0,921.9995,917.0,1046.962179752308,926.5165611461154,917.0
ND/RN,698,2025-09-01,921.9995,837.267,866.5959,977.4031,1006.732,922.0,863.6232,832.7204,980.3768,1011.2796,698.0,921.9995,922.0,1048.6092024662591,928.3774348210446,922.0000000000001
ND/RN,699,2025-10-01,921.9995,824.15967,858.02545,985.9735,1019.83936,923.0,840.44275,796.7396,1005.55725,1049.2604,699.0,921.9995,923.0,1050.2562251802099,930.2287851745642,923.0000000000001
ND/RN,700,2025-11-01,921.9995,812.61176,850.47473,993.5243,1031.3872,917.0,834.44275,790.7396,999.55725,1043.2604,700.0,921.9995,917.0,1051.9032478941615,932.1202570244712,917.0
ND/RN,701,2025-12-01,921.9995,802.17163,843.64825,1000.3507,1041.8274,922.0,839.44275,795.7396,1004.55725,1048.2604,701.0,921.9995,922.0,1053.5502706081122,934.0038892549491,922.0000000000001
NE/CNA,708,2025-07-01,7236.2666,6934.673,7039.065,7433.468,7537.86,6996.0,6672.629,6501.447,7319.371,7490.553,708.0,7236.2666,6996.0,20159.157063480106,7260.092469450558,6996.000000000001
NE/CNA,709,2025-08-01,7285.424,6981.7817,7086.883,7483.965,7589.066,7268.0,6944.629,6773.447,7591.371,7762.553,709.0,7285.424,7268.0,20195.69013554628,7318.0900890113635,7268.0
NE/CNA,710,2025-09-01,7334.581,7028.89,7134.7,7534.462,7640.272,7363.0,7039.629,6868.447,7686.371,7857.553,710.0,7334.581,7363.0,20232.223207612456,7376.022521559125,7363.0
NE/CNA,711,2025-10-01,7383.7383,7075.9985,7182.518,7584.9585,7691.478,6996.0,6538.6846,6296.596,7453.3154,7695.404,711.0,7383.7383,6996.0,20268.756279678637,7435.795544279446,6996.000000000001
NE/CNA,712,2025-11-01,7432.8955,7123.107,7230.3354,7635.4556,7742.684,7268.0,6810.6846,6568.596,7725.3154,7967.404,712.0,7432.8955,7268.0,20305.28935174481,7494.415207034353,7268.0
NE/CNA,713,2025-12-01,7482.0527,7170.2153,7278.1533,7685.9526,7793.8906,7363.0,6905.6846,6663.596,7820.3154,8062.404,713.0,7482.0527,7363.0,20341.822423810994,7552.934156587718,7363.0
NE/LPN,714,2025-07-01,1369.4247,1309.4452,1330.2062,1408.6432,1429.4043,1359.0,1306.2721,1278.3597,1411.7279,1439.6403,714.0,1369.4247,1359.0,795.3569682575309,1374.7621699794302,1359.0000000000002
NE/LPN,715,2025-08-01,1369.4247,1304.1548,1326.7471,1412.1024,1434.6947,1346.0,1293.2721,1265.3597,1398.7279,1426.6403,715.0,1369.4247,1346.0,796.5062813742555,1377.821263379693,1346.0
NE/LPN,716,2025-09-01,1369.4247,1299.2622,1323.5479,1415.3015,1439.5873,1396.0,1343.2721,1315.3597,1448.7279,1476.6403,716.0,1369.4247,1396.0,797.6555944909804,1380.8592134573198,1396.0000000000002
NE/LPN,717,2025-10-01,1369.4247,1294.6892,1320.5577,1418.2916,1444.1603,1359.0,1284.4315,1244.9574,1433.5685,1473.0426,717.0,1369.4247,1359.0,798.8049076077052,1384.692478818119,1359.0000000000002
NE/LPN,718,2025-11-01,1369.4247,1290.3804,1317.7404,1421.1091,1448.4691,1346.0,1271.4315,1231.9574,1420.5685,1460.0426,718.0,1369.4247,1346.0,799.9542207244301,1387.881334974063,1346.0
NE/LPN,719,2025-12-01,1369.4247,1286.2944,1315.0687,1423.7806,1452.5549,1396.0,1321.4315,1281.9574,1470.5685,1510.0426,719.0,1369.4247,1396.0,801.1035338411549,1391.0407480735007,1396.0000000000002
NE/RN,720,2025-07-01,1634.0002,1574.8542,1595.3268,1672.6738,1693.1464,1627.0,1569.9862,1539.8049,1684.0138,1714.1951,720.0,1634.0002,1627.0,1605.6612854513091,1635.8077076484803,1626.9999999999998
NE/RN,721,2025-08-01,1634.0002,1550.3594,1579.3104,1688.6902,1717.6412,1637.0,1579.9862,1549.8049,1694.0138,1724.1951,721.0,1634.0002,1637.0,1608.269565064077,1635.7373681276524,1636.9999999999995
NE/RN,722,2025-09-01,1634.0002,1531.5632,1567.0203,1700.9803,1736.4374,1634.0,1576.9862,1546.8049,1691.0138,1721.1951,722.0,1634.0002,1634.0,1610.8778446768445,1635.6198604483839,1634.0
NE/RN,723,2025-10-01,1634.0002,1515.7172,1556.659,1711.3416,1752.2834,1627.0,1546.3704,1503.6875,1707.6296,1750.3125,723.0,1634.0002,1627.0,1613.4861242896125,1636.112081855993,1626.9999999999998
NE/RN,724,2025-11-01,1634.0002,1501.7563,1547.5306,1720.47,1766.2443,1637.0,1556.3704,1513.6875,1717.6296,1760.3125,724.0,1634.0002,1637.0,1616.0944039023805,1636.0735771445068,1636.9999999999995
NE/RN,725,2025-12-01,1634.0002,1489.1348,1539.2778,1728.7228,1778.8658,1634.0,1553.3704,1510.6875,1714.6296,1757.3125,725.0,1634.0002,1634.0,1618.7026835151487,1635.9873396302582,1634.0
NH/CNA,732,2025-07-01,3204.505,3033.707,3092.8262,3316.1836,3375.3025,3074.0,2927.8333,2850.4573,3220.1667,3297.5427,732.0,3204.505,3074.0,6051.29642502771,3215.8494948003404,3073.9999999999986
NH/CNA,733,2025-08-01,3204.505,2981.8076,3058.8909,3350.1187,3427.2021,3136.0,2989.8333,2912.4573,3282.1667,3359.5427,733.0,3204.505,3136.0,6062.159756822722,3218.6587875524474,3135.9999999999995
NH/CNA,734,2025-09-01,3204.505,2939.8792,3031.4753,3377.5344,3469.1306,3220.0,3073.8333,2996.4573,3366.1667,3443.5427,734.0,3204.505,3220.0,6073.023088617733,3221.4168074551235,3220.0000000000005
NH/CNA,735,2025-10-01,3204.505,2903.7222,3007.8337,3401.176,3505.2874,3074.0,2867.289,2757.8628,3280.711,3390.1372,735.0,3204.505,3074.0,6083.886420412745,3226.4509570277955,3073.9999999999986
NH/CNA,736,2025-11-01,3204.505,2871.4521,2986.7334,3422.2764,3537.5576,3136.0,2929.289,2819.8628,3342.711,3452.1372,736.0,3204.505,3136.0,6094.749752207757,3229.723465597865,3135.9999999999995
NH/CNA,737,2025-12-01,3204.505,2842.0293,2967.4949,3441.515,3566.9805,3220.0,3013.289,2903.8628,3426.711,3536.1372,737.0,3204.505,3220.0,6105.613084002768,3232.9185631507935,3220.0000000000005
NH/LPN,738,2025-07-01,882.5223,856.8921,865.7636,899.28094,908.15247,866.0,839.595,825.61694,892.405,906.38306,738.0,882.5223,866.0,1637.8860446227427,880.5613922953822,866.0
NH/LPN,739,2025-08-01,885.78107,860.0563,868.9605,902.60156,911.50586,858.0,831.595,817.61694,884.405,898.38306,739.0,885.78107,858.0,1640.5240309635412,883.1258384664312,857.9999999999999
NH/LPN,740,2025-09-01,889.0398,863.2204,872.1574,905.92224,914.85925,878.0,851.595,837.61694,904.405,918.38306,740.0,889.0398,878.0,1643.1620173043402,885.664261242597,877.9999999999999
NH/LPN,741,2025-10-01,892.2986,866.3845,875.35425,909.2429,918.21265,866.0,828.6576,808.8898,903.3424,923.1102,741.0,892.2986,866.0,1645.8000036451388,888.2673061628066,866.0
NH/LPN,742,2025-11-01,895.5574,869.54865,878.55115,912.56354,921.5661,858.0,820.6576,800.8898,895.3424,915.1102,742.0,895.5574,858.0,1648.4379899859373,890.7746815023575,857.9999999999999
NH/LPN,743,2025-12-01,898.8161,872.71277,881.74805,915.8842,924.9195,878.0,840.6576,820.8898,915.3424,935.1102,743.0,898.8161,878.0,1651.075976326736,893.2595071773417,877.9999999999999
NH/RN,744,2025-07-01,1030.9946,969.98596,991.1032,1070.886,1092.0033,986.0,921.7226,887.69617,1050.2775,1084.3038,744.0,1030.9946,986.0,839.6840945092264,1032.5850786175572,986.0000000000001
NH/RN,745,2025-08-01,1030.9946,944.71967,974.58246,1087.4067,1117.2695,977.0,912.7226,878.69617,1041.2775,1075.3038,745.0,1030.9946,977.0,840.8781338063447,1031.8262821085245,976.9999999999999
NH/RN,746,2025-09-01,1030.9946,925.33154,961.9052,1100.084,1136.6577,1031.0,966.7226,932.69617,1095.2775,1129.3038,746.0,1030.9946,1031.0,842.0721731034625,1031.033757911295,1031.0000000000002
NH/RN,747,2025-10-01,1030.9946,908.98645,951.2178,1110.7715,1153.0028,986.0,895.09796,846.97736,1076.902,1125.0226,747.0,1030.9946,986.0,843.2662124005807,1030.6392027251943,986.0000000000001
NH/RN,748,2025-11-01,1030.9946,894.586,941.8018,1120.1874,1167.4032,977.0,886.09796,837.97736,1067.902,1116.0226,748.0,1030.9946,977.0,844.4602516976989,1029.9922764833648,976.9999999999999
NH/RN,749,2025-12-01,1030.9946,881.56696,933.2891,1128.7001,1180.4222,1031.0,940.09796,891.97736,1121.902,1170.0226,749.0,1030.9946,1031.0,845.6542909948171,1029.3050221694357,1031.0000000000002
NJ/CNA,756,2025-07-01,16299.0625,15985.617,16094.111,16504.014,16612.508,16074.0,15551.843,15275.43,16596.158,16872.57,756.0,16299.0625,16074.0,45284.65856269828,16336.994741090266,16074.0
NJ/CNA,757,2025-08-01,16410.104,16094.522,16203.756,16616.451,16725.684,16149.0,15626.843,15350.43,16671.158,16947.57,757.0,16410.104,16149.0,45366.616496784176,16460.127810258502,16148.999999999996
NJ/CNA,758,2025-09-01,16521.145,16203.428,16313.4,16728.887,16838.86,16233.0,15710.843,15434.43,16755.158,17031.57,758.0,16521.145,16233.0,45448.57443087007,16583.352584085085,16232.999999999998
NJ/CNA,759,2025-10-01,16632.184,16312.333,16423.045,16841.324,16952.035,16074.0,15335.558,14944.65,16812.441,17203.35,759.0,16632.184,16074.0,45530.53236495597,16712.260996035388,16074.0
NJ/CNA,760,2025-11-01,16743.225,16421.238,16532.69,16953.76,17065.21,16149.0,15410.558,15019.65,16887.441,17278.35,760.0,16743.225,16149.0,45612.49029904186,16836.5817064478,16148.999999999996
NJ/CNA,761,2025-12-01,16854.266,16530.143,16642.332,17066.197,17178.387,16233.0,15494.558,15103.65,16971.441,17362.35,761.0,16854.266,16233.0,45694.44823312776,16960.928624754273,16232.999999999998
NJ/LPN,762,2025-07-01,7389.3345,7234.6025,7288.1606,7490.508,7544.066,7325.0,7098.7017,6978.9067,7551.2983,7671.0933,762.0,7389.3345,7325.0,17731.95222537415,7388.62002817714,7324.999999999999
NJ/LPN,763,2025-08-01,7413.9517,7259.2197,7312.778,7515.1255,7568.6836,7351.0,7124.7017,7004.9067,7577.2983,7697.0933,763.0,7413.9517,7351.0,17763.80133953196,7416.697940708987,7351.000000000001
NJ/LPN,764,2025-09-01,7437.503,7282.771,7336.329,7538.6763,7592.235,7311.0,7084.7017,6964.9067,7537.2983,7657.0933,764.0,7437.503,7311.0,17795.650453689774,7443.795091377811,7310.999999999998
NJ/LPN,765,2025-10-01,7460.0337,7305.302,7358.86,7561.2075,7614.7656,7325.0,7004.966,6835.5503,7645.034,7814.4497,765.0,7460.0337,7325.0,17827.499567847586,7470.995600623827,7324.999999999999
NJ/LPN,766,2025-11-01,7481.589,7326.857,7380.415,7582.7627,7636.321,7351.0,7030.966,6861.5503,7671.034,7840.4497,766.0,7481.589,7351.0,17859.3486820054,7496.1189714997945,7351.000000000001
NJ/LPN,767,2025-12-01,7502.2104,7347.4785,7401.0366,7603.3843,7656.9424,7311.0,6990.966,6821.5503,7631.034,7800.4497,767.0,7502.2104,7311.0,17891.197796163215,7520.389202193244,7310.999999999998
NJ/RN,768,2025-07-01,5829.997,5688.918,5737.75,5922.2437,5971.076,5782.0,5595.611,5496.942,5968.389,6067.058,768.0,5829.997,5782.0,8509.163754724843,5846.6795485605535,5782.0
NJ/RN,769,2025-08-01,5829.997,5630.4907,5699.547,5960.447,6029.503,5799.0,5612.611,5513.942,5985.389,6084.058,769.0,5829.997,5799.0,8524.216363877636,5858.203428738705,5799.000000000001
NJ/RN,770,2025-09-01,5829.997,5585.6567,5670.2314,5989.762,6074.337,5830.0,5643.611,5544.942,6016.389,6115.058,770.0,5829.997,5830.0,8539.26897303043,5869.947138927214,5830.0
NJ/RN,771,2025-10-01,5829.997,5547.86,5645.5176,6014.4766,6112.134,5782.0,5518.406,5378.867,6045.594,6185.133,771.0,5829.997,5782.0,8554.321582183224,5879.815421426577,5782.0
NJ/RN,772,2025-11-01,5829.997,5514.5596,5623.7437,6036.2505,6145.434,5799.0,5535.406,5395.867,6062.594,6202.133,772.0,5829.997,5799.0,8569.374191336015,5891.45978535766,5799.000000000001
NJ/RN,773,2025-12-01,5829.997,5484.4536,5604.0586,6055.9355,6175.54,5830.0,5566.406,5426.867,6093.594,6233.133,773.0,5829.997,5830.0,8584.42680048881,5903.318767668021,5830.0
NM/CNA,780,2025-07-01,2505.9993,2442.5208,2464.493,2547.5056,2569.4778,2497.0,2430.9612,2396.0022,2563.0388,2597.9978,780.0,2505.9993,2497.0,-1316.821733828818,2509.414290425353,2496.999999999999
NM/CNA,781,2025-08-01,2505.9993,2416.2317,2447.3035,2564.6953,2595.767,2499.0,2432.9612,2398.0022,2565.0388,2599.9978,781.0,2505.9993,2499.0,-1319.3289154046042,2513.6486775880726,2498.999999999999
NM/CNA,782,2025-09-01,2505.9993,2396.0586,2434.113,2577.8857,2615.94,2506.0,2439.9612,2405.0022,2572.0388,2606.9978,782.0,2505.9993,2506.0,-1321.8360969803912,2517.8421845895746,2506.0000000000005
NM/CNA,783,2025-10-01,2505.9993,2379.0518,2422.9927,2589.0059,2632.9468,2497.0,2403.607,2354.1677,2590.393,2639.8323,783.0,2505.9993,2497.0,-1324.3432785561781,2521.6453220197054,2496.999999999999
NM/CNA,784,2025-11-01,2505.9993,2364.0684,2413.1956,2598.803,2647.9302,2499.0,2405.607,2356.1677,2592.393,2641.8323,784.0,2505.9993,2499.0,-1326.850460131965,2525.6925098831052,2498.999999999999
NM/CNA,785,2025-12-01,2505.9993,2350.5222,2404.3384,2607.6604,2661.4763,2506.0,2412.607,2363.1677,2599.393,2648.8323,785.0,2505.9993,2506.0,-1329.357641707752,2529.705349317014,2506.0000000000005
NM/LPN,786,2025-07-01,665.5614,632.9111,644.21246,686.9103,698.21173,652.0,626.8977,613.6094,677.1023,690.3906,786.0,665.5614,652.0,542.2471400601005,667.9326608365927,652.0000000000001
NM/LPN,787,2025-08-01,665.5614,628.1731,641.1145,690.0083,702.9497,685.0,659.8977,646.6094,710.1023,723.3906,787.0,665.5614,685.0,542.8394946526942,670.1170787508273,685.0
NM/LPN,788,2025-09-01,665.5614,623.97064,638.36664,692.75616,707.15216,662.0,636.8977,623.6094,687.1023,700.3906,788.0,665.5614,662.0,543.4318492452877,672.2930803442007,662.0
NM/LPN,789,2025-10-01,665.5614,620.1547,635.8716,695.2512,710.968,652.0,616.5,597.70746,687.5,706.29254,789.0,665.5614,652.0,544.0242038378813,674.5103590115718,652.0000000000001
NM/LPN,790,2025-11-01,665.5614,616.63495,633.5701,697.5527,714.48785,685.0,649.5,630.70746,720.5,739.29254,790.0,665.5614,685.0,544.616558430475,676.688697365092,685.0
NM/LPN,791,2025-12-01,665.5614,613.35126,631.42303,699.69977,717.77155,662.0,626.5,607.70746,697.5,716.29254,791.0,665.5614,662.0,545.2089130230686,678.8574907380913,662.0
NM/RN,792,2025-07-01,685.00037,652.24115,663.58026,706.4205,717.7596,681.0,647.49005,629.751,714.50995,732.249,792.0,685.00037,681.0,316.1298630531392,684.2761105895835,680.9999999999999
NM/RN,793,2025-08-01,685.00037,638.6677,654.7051,715.29565,731.333,688.0,654.49005,636.751,721.50995,739.249,793.0,685.00037,688.0,316.31394819326766,683.8865902591725,688.0000000000002
NM/RN,794,2025-09-01,685.00037,628.2474,647.8916,722.10913,741.75336,685.0,651.49005,633.751,718.50995,736.249,794.0,685.00037,685.0,316.498033333396,683.4338947656564,685.0
NM/RN,795,2025-10-01,685.00037,619.45856,642.1449,727.85583,750.5422,681.0,633.6098,608.52295,728.3902,753.47705,795.0,685.00037,681.0,316.68211847352444,682.9799597222209,680.9999999999999
NM/RN,796,2025-11-01,685.00037,611.7119,637.07965,732.9211,758.28876,688.0,640.6098,615.52295,735.3902,760.47705,796.0,685.00037,688.0,316.8662036136528,682.4311667178611,688.0000000000002
NM/RN,797,2025-12-01,685.00037,604.70526,632.4982,737.5025,765.2954,685.0,637.6098,612.52295,732.3902,757.47705,797.0,685.00037,685.0,317.0502887537812,681.8263323162302,685.0
NV/CNA,804,2025-07-01,2893.606,2796.0095,2829.791,2957.4211,2991.2026,2909.0,2816.914,2768.1667,3001.086,3049.8333,804.0,2893.606,2909.0,5307.282446846205,2909.9808738799593,2909.0
NV/CNA,805,2025-08-01,2893.606,2765.608,2809.9126,2977.2996,3021.6042,2882.0,2789.914,2741.1667,2974.086,3022.8333,805.0,2893.606,2882.0,5316.654121871108,2912.239569308825,2882.0
NV/CNA,806,2025-09-01,2893.606,2741.1482,2793.9192,2993.293,3046.064,2895.0,2802.914,2754.1667,2987.086,3035.8333,806.0,2893.606,2895.0,5326.025796896012,2914.376183899714,2895.000000000001
NV/CNA,807,2025-10-01,2893.606,2720.0989,2780.1558,3007.0564,3067.1133,2909.0,2778.7708,2709.8318,3039.2292,3108.1682,807.0,2893.606,2909.0,5335.397471920915,2917.345519185766,2909.0
NV/CNA,808,2025-11-01,2893.606,2701.3367,2767.888,3019.3242,3085.8755,2882.0,2751.7708,2682.8318,3012.2292,3081.1682,808.0,2893.606,2882.0,5344.769146945819,2919.4815139557413,2882.0
NV/CNA,809,2025-12-01,2893.606,2684.2456,2756.7126,3030.4995,3102.9666,2895.0,2764.7708,2695.8318,3025.2292,3094.1682,809.0,2893.606,2895.0,5354.140821970723,2921.50266690765,2895.000000000001
NV/LPN,810,2025-07-01,1202.7013,1152.5571,1169.9138,1235.4886,1252.8453,1201.0,1157.4075,1134.331,1244.5925,1267.669,810.0,1202.7013,1201.0,95.66559823869196,1202.7487634488057,1201.0
NV/LPN,811,2025-08-01,1202.7013,1149.4946,1167.9114,1237.4911,1255.9078,1193.0,1149.4075,1126.331,1236.5925,1259.669,811.0,1202.7013,1193.0,95.3864453740434,1202.3474513316166,1192.9999999999998
NV/LPN,812,2025-09-01,1202.7013,1146.5989,1166.018,1239.3845,1258.8036,1205.0,1161.4075,1138.331,1248.5925,1271.669,812.0,1202.7013,1205.0,95.10729250939485,1201.9023950419687,1205.0000000000002
NV/LPN,813,2025-10-01,1202.7013,1143.8453,1164.2174,1241.185,1261.5571,1201.0,1139.351,1106.7158,1262.649,1295.2842,813.0,1202.7013,1201.0,94.82813964474636,1201.670689324477,1201.0
NV/LPN,814,2025-11-01,1202.7013,1141.2147,1162.4974,1242.905,1264.1877,1193.0,1131.351,1098.7158,1254.649,1287.2842,814.0,1202.7013,1193.0,94.54898678009795,1201.149652474832,1192.9999999999998
NV/LPN,815,2025-12-01,1202.7013,1138.6921,1160.8479,1244.5546,1266.7103,1205.0,1143.351,1110.7158,1266.649,1299.2842,815.0,1202.7013,1205.0,94.26983391544914,1200.5907877023728,1205.0000000000002
NV/RN,816,2025-07-01,1108.021,1066.2545,1080.7113,1135.3306,1149.7874,1063.0,1011.03784,983.53076,1114.9622,1142.4692,816.0,1108.021,1063.0,4296.284938902721,1106.7515905668174,1062.9999999999998
NV/RN,817,2025-08-01,1117.8129,1076.0465,1090.5033,1145.1224,1159.5793,1075.0,1023.03784,995.53076,1126.9622,1154.4692,817.0,1117.8129,1075.0,4303.695802067865,1116.3897649158023,1075.0
NV/RN,818,2025-09-01,1127.6049,1085.8385,1100.2953,1154.9144,1169.3712,1081.0,1029.0378,1001.53076,1132.9622,1160.4692,818.0,1127.6049,1081.0,4311.106665233011,1125.9927780069893,1080.9999999999995
NV/RN,819,2025-10-01,1137.3969,1095.6304,1110.0873,1164.7064,1179.1632,1063.0,989.51447,950.6135,1136.4856,1175.3865,819.0,1137.3969,1063.0,4318.517528398155,1135.706518390811,1062.9999999999998
NV/RN,820,2025-11-01,1147.1888,1105.4224,1119.8792,1174.4984,1188.9552,1075.0,1001.51447,962.6135,1148.4856,1187.3865,820.0,1147.1888,1075.0,4325.9283915633005,1145.191825029125,1075.0
NV/RN,821,2025-12-01,1156.9807,1115.2144,1129.6711,1184.2904,1198.7472,1081.0,1007.51447,968.6135,1154.4856,1193.3865,821.0,1156.9807,1081.0,4333.339254728446,1154.6494068097127,1080.9999999999995
NY/CNA,828,2025-07-01,45572.293,45035.27,45221.152,45923.43,46109.312,44894.0,44001.902,43529.652,45786.098,46258.348,828.0,45572.293,44894.0,76383.56548104304,45657.79772321854,44893.99999999999
NY/CNA,829,2025-08-01,45760.31,45221.07,45407.72,46112.895,46299.547,45528.0,44635.902,44163.652,46420.098,46892.348,829.0,45760.31,45528.0,76521.90711414262,45867.824648175025,45528.000000000015
NY/CNA,830,2025-09-01,45948.324,45406.87,45594.285,46302.36,46489.777,45400.0,44507.902,44035.652,46292.098,46764.348,830.0,45948.324,45400.0,76660.24874724219,46078.69998769051,45400.00000000001
NY/CNA,831,2025-10-01,46136.34,45592.67,45780.855,46491.824,46680.008,44894.0,43632.383,42964.52,46155.617,46823.48,831.0,46136.34,44894.0,76798.59038034176,46286.68638901126,44893.99999999999
NY/CNA,832,2025-11-01,46324.355,45778.473,45967.42,46681.293,46870.242,45528.0,44266.383,43598.52,46789.617,47457.48,832.0,46324.355,45528.0,76936.93201344134,46497.861731281206,45528.000000000015
NY/CNA,833,2025-12-01,46512.37,45964.273,46153.99,46870.758,47060.473,45400.0,44138.383,43470.52,46661.617,47329.48,833.0,46512.37,45400.0,77075.27364654091,46709.81385701142,45400.00000000001
NY/LPN,834,2025-07-01,13769.391,13547.215,13624.118,13914.664,13991.566,13838.0,13560.671,13413.861,14115.329,14262.139,834.0,13769.391,13838.0,15561.580938509574,13769.923098689342,13837.999999999995
NY/LPN,835,2025-08-01,13771.768,13523.976,13609.745,13933.79,14019.56,13832.0,13554.671,13407.861,14109.329,14256.139,835.0,13771.768,13832.0,15589.341310820473,13777.239130053018,13831.999999999998
NY/LPN,836,2025-09-01,13773.749,13502.742,13596.547,13950.95,14044.755,13699.0,13421.671,13274.861,13976.329,14123.139,836.0,13773.749,13699.0,15617.101683131368,13784.075602058228,13698.999999999996
NY/LPN,837,2025-10-01,13775.4,13483.01,13584.217,13966.585,14067.791,13838.0,13445.797,13238.178,14230.203,14437.822,837.0,13775.4,13838.0,15644.862055442265,13792.86967908985,13837.999999999995
NY/LPN,838,2025-11-01,13776.778,13464.458,13572.5625,13980.993,14089.098,13832.0,13439.797,13232.178,14224.203,14431.822,838.0,13776.778,13832.0,15672.62242775316,13799.109108747765,13831.999999999998
NY/LPN,839,2025-12-01,13777.926,13446.87,13561.46,13994.392,14108.981,13699.0,13306.797,13099.178,14091.203,14298.822,839.0,13777.926,13699.0,15700.38280006406,13805.03370807463,13698.999999999996
NY/RN,840,2025-07-01,14479.894,14304.21,14365.0205,14594.767,14655.576,14386.0,14128.078,13991.542,14643.922,14780.458,840.0,14479.894,14386.0,21563.490692193314,14486.605572203844,14386.0
NY/RN,841,2025-08-01,14532.05,14355.733,14416.763,14647.337,14708.365,14448.0,14190.078,14053.542,14705.922,14842.458,841.0,14532.05,14448.0,21602.12304669713,14542.320720304471,14448.0
NY/RN,842,2025-09-01,14584.206,14407.257,14468.505,14699.906,14761.154,14358.0,14100.078,13963.542,14615.922,14752.458,842.0,14584.206,14358.0,21640.75540120094,14597.965925928947,14358.000000000002
NY/RN,843,2025-10-01,14636.362,14458.78,14520.248,14752.477,14813.943,14386.0,14021.243,13828.152,14750.757,14943.848,843.0,14636.362,14386.0,21679.387755704745,14654.877288695106,14386.0
NY/RN,844,2025-11-01,14688.519,14510.304,14571.99,14805.046,14866.732,14448.0,14083.243,13890.152,14812.757,15005.848,844.0,14688.519,14448.0,21718.020110208563,14710.700514140059,14448.0
NY/RN,845,2025-12-01,14740.674,14561.827,14623.732,14857.616,14919.521,14358.0,13993.243,13800.152,14722.757,14915.848,845.0,14740.674,14358.0,21756.652464712366,14766.438546887075,14358.000000000002
OH/CNA,858,2025-07-01,37036.2,35882.336,36281.727,37790.67,38190.066,35998.0,34825.33,34204.555,37170.67,37791.445,858.0,37036.2,35998.0,38472.10211478679,37100.91536970699,35997.99999999999
OH/CNA,859,2025-08-01,37036.2,35509.582,36038.0,38034.402,38562.816,36571.0,35398.33,34777.555,37743.67,38364.445,859.0,37036.2,36571.0,38541.64564639075,37181.30839850954,36570.99999999999
OH/CNA,860,2025-09-01,37036.2,35211.45,35843.06,38229.34,38860.953,37121.0,35948.33,35327.555,38293.67,38914.445,860.0,37036.2,37121.0,38611.189177994725,37261.41221227651,37120.99999999999
OH/CNA,861,2025-10-01,37036.2,34955.605,35675.773,38396.63,39116.797,35998.0,34339.594,33461.684,37656.406,38534.316,861.0,37036.2,35998.0,38680.732709598706,37339.2420701347,35997.99999999999
OH/CNA,862,2025-11-01,37036.2,34727.945,35526.914,38545.484,39344.453,36571.0,34912.594,34034.684,38229.406,39107.316,862.0,37036.2,36571.0,38750.27624120268,37419.35108676483,36570.99999999999
OH/CNA,863,2025-12-01,37036.2,34520.81,35391.477,38680.926,39551.59,37121.0,35462.594,34584.684,38779.406,39657.316,863.0,37036.2,37121.0,38819.81977280665,37499.15139483925,37120.99999999999
OH/LPN,864,2025-07-01,15178.634,14739.494,14891.495,15465.771,15617.773,14896.0,14469.408,14243.584,15322.592,15548.416,864.0,15178.634,14896.0,5888.822247272525,15170.180257280108,14895.999999999995
OH/LPN,865,2025-08-01,15178.634,14615.154,14810.194,15547.073,15742.113,15055.0,14628.408,14402.584,15481.592,15707.416,865.0,15178.634,15055.0,5898.977086176269,15183.729418383948,15055.000000000002
OH/LPN,866,2025-09-01,15178.634,14513.672,14743.839,15613.429,15843.596,15216.0,14789.408,14563.584,15642.592,15868.416,866.0,15178.634,15216.0,5909.131925080015,15196.968718261282,15216.0
OH/LPN,867,2025-10-01,15178.634,14425.746,14686.347,15670.92,15931.5205,14896.0,14292.708,13973.345,15499.292,15818.655,867.0,15178.634,14896.0,5919.2867639837605,15210.782392783727,14895.999999999995
OH/LPN,868,2025-11-01,15178.634,14347.066,14634.9,15722.366,16010.201,15055.0,14451.708,14132.345,15658.292,15977.655,868.0,15178.634,15055.0,5929.441602887505,15223.472244449513,15055.000000000002
OH/LPN,869,2025-12-01,15178.634,14275.213,14587.918,15769.349,16082.055,15216.0,14612.708,14293.345,15819.292,16138.655,869.0,15178.634,15216.0,5939.596441791248,15235.893579221989,15216.0
OH/RN,870,2025-07-01,9925.807,9694.028,9774.255,10077.357,10157.584,9809.0,9546.288,9407.217,10071.712,10210.783,870.0,9925.807,9809.0,14872.628351361496,9941.495610978345,9809.0
OH/RN,871,2025-08-01,9961.412,9729.634,9809.86,10112.964,10193.19,9881.0,9618.288,9479.217,10143.712,10282.783,871.0,9961.412,9881.0,14899.06923174893,9989.300484801723,9881.000000000004
OH/RN,872,2025-09-01,9997.018,9765.239,9845.466,10148.569,10228.796,10036.0,9773.288,9634.217,10298.712,10437.783,872.0,9997.018,10036.0,14925.510112136366,10037.1547154109,10036.0
OH/RN,873,2025-10-01,10032.623,9800.845,9881.071,10184.175,10264.401,9809.0,9437.469,9240.793,10180.531,10377.207,873.0,10032.623,9809.0,14951.950992523798,10083.525184793207,9809.0
OH/RN,874,2025-11-01,10068.229,9836.451,9916.678,10219.78,10300.007,9881.0,9509.469,9312.793,10252.531,10449.207,874.0,10068.229,9881.0,14978.391872911228,10131.366645202634,9881.000000000004
OH/RN,875,2025-12-01,10103.834,9872.057,9952.283,10255.386,10335.612,10036.0,9664.469,9467.793,10407.531,10604.207,875.0,10103.834,10036.0,15004.832753298659,10179.253589611175,10036.0
OK/CNA,882,2025-07-01,10398.297,10009.543,10144.1045,10652.488,10787.05,10192.0,9798.076,9589.546,10585.924,10794.454,882.0,10398.297,10192.0,19776.467065968664,10420.167043688492,10192.000000000004
OK/CNA,883,2025-08-01,10398.297,9900.846,10073.031,10723.5625,10895.747,10377.0,9983.076,9774.546,10770.924,10979.454,883.0,10398.297,10377.0,19812.176487482164,10444.232339775184,10377.0
OK/CNA,884,2025-09-01,10398.297,9811.964,10014.914,10781.679,10984.629,10414.0,10020.076,9811.546,10807.924,11016.454,884.0,10398.297,10414.0,19847.88590899566,10468.385542429342,10414.000000000004
OK/CNA,885,2025-10-01,10398.297,9734.886,9964.516,10832.078,11061.707,10192.0,9634.908,9340.001,10749.092,11043.999,885.0,10398.297,10192.0,19883.59533050916,10488.434440686851,10192.000000000004
OK/CNA,886,2025-11-01,10398.297,9665.874,9919.392,10877.202,11130.719,10377.0,9819.908,9525.001,10934.092,11228.999,886.0,10398.297,10377.0,19919.304752022654,10512.552860588627,10377.0
OK/CNA,887,2025-12-01,10398.297,9602.828,9878.167,10918.426,11193.766,10414.0,9856.908,9562.001,10971.092,11265.999,887.0,10398.297,10414.0,19955.01417353615,10536.759645906457,10414.000000000004
OK/LPN,888,2025-07-01,3477.1016,3366.2905,3404.646,3549.557,3587.9124,3464.0,3358.521,3302.6836,3569.479,3625.3164,888.0,3477.1016,3464.0,5234.971283240333,3483.908622127931,3463.9999999999995
OK/LPN,889,2025-08-01,3477.1016,3336.5562,3385.2039,3568.999,3617.6467,3532.0,3426.521,3370.6836,3637.479,3693.3164,889.0,3477.1016,3532.0,5243.884618013308,3487.394783029078,3532.0
OK/LPN,890,2025-09-01,3477.1016,3312.0923,3369.2078,3584.9954,3642.1108,3466.0,3360.521,3304.6836,3571.479,3627.3164,890.0,3477.1016,3466.0,5252.797952786284,3490.875241918207,3466.0000000000005
OK/LPN,891,2025-10-01,3477.1016,3290.8103,3355.2922,3598.9106,3663.3926,3464.0,3314.83,3235.8643,3613.17,3692.1357,891.0,3477.1016,3464.0,5261.711287559259,3494.253735820863,3463.9999999999995
OK/LPN,892,2025-11-01,3477.1016,3271.7192,3342.8093,3611.3938,3682.4836,3532.0,3382.83,3303.8643,3681.17,3760.1357,892.0,3477.1016,3532.0,5270.624622332235,3497.8438547751607,3532.0
OK/LPN,893,2025-12-01,3477.1016,3254.255,3331.39,3622.813,3699.948,3466.0,3316.83,3237.8643,3615.17,3694.1357,893.0,3477.1016,3466.0,5279.537957105212,3501.426023843377,3466.0000000000005
OK/RN,894,2025-07-01,1420.4207,1368.5349,1386.4944,1454.3468,1472.3063,1424.0,1377.3751,1352.6934,1470.6249,1495.3066,894.0,1420.4207,1424.0,1306.0505510312632,1427.3998084742202,1424.0000000000002
OK/RN,895,2025-08-01,1420.4207,1358.808,1380.1343,1460.7069,1482.0332,1406.0,1359.3751,1334.6934,1452.6249,1477.3066,895.0,1420.4207,1406.0,1307.799818678396,1430.974005024038,1406.0
OK/RN,896,2025-09-01,1420.4207,1350.4199,1374.6495,1466.1917,1490.4213,1427.0,1380.3751,1355.6934,1473.6249,1498.3066,896.0,1420.4207,1427.0,1309.549086325528,1434.5754593321387,1427.0000000000002
OK/RN,897,2025-10-01,1420.4207,1342.9346,1369.7552,1471.086,1497.9066,1424.0,1358.0625,1323.1572,1489.9375,1524.8428,897.0,1420.4207,1424.0,1311.2983539726606,1438.0291011930876,1424.0000000000002
OK/RN,898,2025-11-01,1420.4207,1336.1112,1365.2937,1475.5476,1504.73,1406.0,1340.0625,1305.1572,1471.9375,1506.8428,898.0,1420.4207,1406.0,1313.0476216197928,1441.7146476822759,1406.0
OK/RN,899,2025-12-01,1420.4207,1329.8002,1361.1671,1479.6741,1511.041,1427.0,1361.0625,1326.1572,1492.9375,1527.8428,899.0,1420.4207,1427.0,1314.7968892669253,1445.4219431596212,1427.0000000000002
OR/CNA,906,2025-07-01,6053.113,5790.2554,5881.2393,6224.986,6315.97,5874.0,5556.431,5388.3203,6191.569,6359.6797,906.0,6053.113,5874.0,21849.535215912598,6020.151244437716,5874.0
OR/CNA,907,2025-08-01,6111.665,5749.579,5874.9097,6348.4204,6473.751,5866.0,5548.431,5380.3203,6183.569,6351.6797,907.0,6111.665,5866.0,21889.057393250878,6079.3191235938275,5866.000000000002
OR/CNA,908,2025-09-01,6170.218,5729.366,5881.9604,6458.4746,6611.069,5999.0,5681.431,5513.3203,6316.569,6484.6797,908.0,6170.218,5999.0,21928.579570589158,6138.184430574051,5999.000000000001
OR/CNA,909,2025-10-01,6228.77,5720.01,5896.1094,6561.4307,6737.5303,5874.0,5424.8896,5187.145,6323.1104,6560.855,909.0,6228.77,5874.0,21968.10174792743,6192.925431941566,5874.0
OR/CNA,910,2025-11-01,6287.3223,5717.6035,5914.803,6659.842,6857.0415,5866.0,5416.8896,5179.145,6315.1104,6552.855,910.0,6287.3223,5866.0,22007.623925265707,6250.618092095614,5866.000000000002
OR/CNA,911,2025-12-01,6345.875,5720.103,5936.7046,6755.045,6971.647,5999.0,5549.8896,5312.145,6448.1104,6685.855,911.0,6345.875,5999.0,22047.146102603983,6308.083720467339,5999.000000000001
OR/LPN,912,2025-07-01,1346.7383,1290.5394,1309.9918,1383.4846,1402.937,1324.0,1262.6912,1230.2363,1385.3088,1417.7637,912.0,1346.7383,1324.0,3147.810207358059,1349.5311295848344,1324.0
OR/LPN,913,2025-08-01,1347.6926,1291.4541,1310.9202,1384.4651,1403.9313,1358.0,1296.6912,1264.2363,1419.3088,1451.7637,913.0,1347.6926,1358.0,3152.87464147479,1351.911288582351,1357.9999999999995
OR/LPN,914,2025-09-01,1348.5243,1292.2509,1311.7291,1385.3195,1404.7976,1387.0,1325.6912,1293.2363,1448.3088,1480.7637,914.0,1348.5243,1387.0,3157.939075591522,1354.176357107509,1387.0000000000002
OR/LPN,915,2025-10-01,1349.2488,1292.9452,1312.4338,1386.0637,1405.5524,1324.0,1237.2963,1191.3981,1410.7037,1456.6019,915.0,1349.2488,1324.0,3163.0035097082537,1355.7009867870731,1324.0
OR/LPN,916,2025-11-01,1349.88,1293.55,1313.0479,1386.7122,1406.21,1358.0,1271.2963,1225.3981,1444.7037,1490.6019,916.0,1349.88,1358.0,3168.0679438249845,1357.7357825651075,1357.9999999999995
OR/LPN,917,2025-12-01,1350.43,1294.0771,1313.5829,1387.2772,1406.783,1387.0,1300.2963,1254.3981,1473.7037,1519.6019,917.0,1350.43,1387.0,3173.1323779417166,1359.6989878086954,1387.0000000000002
OR/RN,918,2025-07-01,1019.1929,948.69135,973.09436,1065.2914,1089.6945,994.0,923.0987,885.5658,1064.9014,1102.4342,918.0,1019.1929,994.0,1451.6324515756583,1020.2917154131885,993.9999999999999
OR/RN,919,2025-08-01,1019.1929,924.6298,957.36145,1081.0243,1113.756,1005.0,934.0987,896.5658,1075.9014,1113.4342,919.0,1019.1929,1005.0,1453.6054518161188,1020.5811406963422,1005.0000000000001
OR/RN,920,2025-09-01,1019.1929,905.55365,944.8882,1093.4976,1132.8322,1021.0,950.0987,912.5658,1091.9014,1129.4342,920.0,1019.1929,1021.0,1455.5784520565792,1020.8261376116973,1021.0000000000001
OR/RN,921,2025-10-01,1019.1929,889.2484,934.22675,1104.159,1149.1373,994.0,893.7304,840.6509,1094.2695,1147.3491,921.0,1019.1929,994.0,1457.5514522970404,1021.0622320553545,993.9999999999999
OR/RN,922,2025-11-01,1019.1929,874.7724,924.7614,1113.6244,1163.6134,1005.0,904.7304,851.6509,1105.2695,1158.3491,922.0,1019.1929,1005.0,1459.5244525375008,1021.3192467900461,1005.0000000000001
OR/RN,923,2025-12-01,1019.1929,861.6208,916.16205,1122.2238,1176.765,1021.0,920.7304,867.6509,1121.2695,1174.3491,923.0,1019.1929,1021.0,1461.4974527779614,1021.533978718247,1021.0000000000001
PA/CNA,930,2025-07-01,30516.707,29811.615,30055.672,30977.74,31221.799,29752.0,28896.424,28443.508,30607.576,31060.492,930.0,30516.707,29752.0,64114.867357036674,30555.482608415725,29752.000000000004
PA/CNA,931,2025-08-01,30679.719,29840.768,30131.158,31228.28,31518.672,30077.0,29221.424,28768.508,30932.576,31385.492,931.0,30679.719,30077.0,64230.825307226725,30759.545750309404,30076.999999999996
PA/CNA,932,2025-09-01,30842.732,29888.482,30218.781,31466.682,31796.98,30430.0,29574.424,29121.508,31285.576,31738.492,932.0,30842.732,30430.0,64346.78325741677,30964.046430597075,30430.000000000004
PA/CNA,933,2025-10-01,31005.744,29948.67,30314.56,31696.928,32062.818,29752.0,28542.031,27901.512,30961.969,31602.488,933.0,31005.744,29752.0,64462.7412076068,31166.521473559205,29752.000000000004
PA/CNA,934,2025-11-01,31168.756,30017.98,30416.305,31921.209,32319.531,30077.0,28867.031,28226.512,31286.969,31927.488,934.0,31168.756,30077.0,64578.699157796844,31371.77395343205,30076.999999999996
PA/CNA,935,2025-12-01,31331.77,30094.342,30522.658,32140.879,32569.197,30430.0,29220.031,28579.512,31639.969,32280.488,935.0,31331.77,30430.0,64694.65710798687,31577.39487336186,30430.000000000004
PA/LPN,936,2025-07-01,12413.214,12179.681,12260.515,12565.914,12646.748,12310.0,11997.307,11831.776,12622.693,12788.224,936.0,12413.214,12310.0,22490.26579231187,12416.880973143623,12310.0
PA/LPN,937,2025-08-01,12436.205,12202.671,12283.505,12588.904,12669.738,12334.0,12021.307,11855.776,12646.693,12812.224,937.0,12436.205,12334.0,22530.471095808745,12441.006800557925,12334.000000000002
PA/LPN,938,2025-09-01,12457.709,12224.175,12305.009,12610.408,12691.242,12380.0,12067.307,11901.776,12692.693,12858.224,938.0,12457.709,12380.0,22570.67639930563,12463.675663922517,12380.0
PA/LPN,939,2025-10-01,12477.822,12244.288,12325.122,12630.521,12711.355,12310.0,11867.784,11633.689,12752.216,12986.311,939.0,12477.822,12310.0,22610.881702802515,12487.11648176282,12310.0
PA/LPN,940,2025-11-01,12496.635,12263.101,12343.935,12649.334,12730.168,12334.0,11891.784,11657.689,12776.216,13010.311,940.0,12496.635,12334.0,22651.0870062994,12507.522889978794,12334.000000000002
PA/LPN,941,2025-12-01,12514.23,12280.696,12361.531,12666.93,12747.765,12380.0,11937.784,11703.689,12822.216,13056.311,941.0,12514.23,12380.0,22691.29230979628,12526.721372956588,12380.0
PA/RN,942,2025-07-01,10343.807,10124.72,10200.554,10487.061,10562.895,10329.0,10098.8125,9976.959,10559.1875,10681.041,942.0,10343.807,10329.0,16232.080580158155,10344.695332854333,10329.0
PA/RN,943,2025-08-01,10343.807,10049.11,10151.115,10536.498,10638.503,10383.0,10152.8125,10030.959,10613.1875,10735.041,943.0,10343.807,10383.0,16260.848663003484,10352.990843481597,10383.000000000002
PA/RN,944,2025-09-01,10343.807,9989.275,10111.991,10575.622,10698.338,10340.0,10109.8125,9987.959,10570.1875,10692.041,944.0,10343.807,10340.0,16289.616745848807,10361.499151506228,10340.0
PA/RN,945,2025-10-01,10343.807,9938.173,10078.577,10609.037,10749.441,10329.0,10003.466,9831.139,10654.534,10826.861,945.0,10343.807,10329.0,16318.384828694136,10366.50177878602,10329.0
PA/RN,946,2025-11-01,10343.807,9892.824,10048.925,10638.688,10794.79,10383.0,10057.466,9885.139,10708.534,10880.861,946.0,10343.807,10383.0,16347.152911539466,10374.846679875824,10383.000000000002
PA/RN,947,2025-12-01,10343.807,9851.636,10021.993,10665.62,10835.978,10340.0,10014.466,9842.139,10665.534,10837.861,947.0,10343.807,10340.0,16375.920994384795,10383.406911083448,10340.0
RI/CNA,954,2025-07-01,3748.8828,3605.0583,3654.841,3842.9248,3892.7075,3725.0,3607.6414,3545.5156,3842.3586,3904.4844,954.0,3748.8828,3725.0,3284.03964104747,3748.2462094151274,3725.0
RI/CNA,955,2025-08-01,3748.8828,3582.934,3640.3748,3857.3909,3914.8315,3793.0,3675.6414,3613.5156,3910.3586,3972.4844,955.0,3748.8828,3793.0,3289.681219548073,3754.7928097087283,3792.9999999999995
RI/CNA,956,2025-09-01,3748.8828,3563.431,3627.6223,3870.1433,3934.3347,3738.0,3620.6414,3558.5156,3855.3586,3917.4844,956.0,3748.8828,3738.0,3295.3227980486754,3761.480359607673,3738.0
RI/CNA,957,2025-10-01,3748.8828,3545.7922,3616.0889,3881.6768,3951.9736,3725.0,3559.03,3471.1707,3890.97,3978.8293,957.0,3748.8828,3725.0,3300.9643765492783,3765.699058878648,3725.0
RI/CNA,958,2025-11-01,3748.8828,3529.5674,3605.4802,3892.2856,3968.1985,3793.0,3627.03,3539.1707,3958.97,4046.8293,958.0,3748.8828,3793.0,3306.6059550498817,3771.9993221489103,3792.9999999999995
RI/CNA,959,2025-12-01,3748.8828,3514.463,3595.604,3902.1619,3983.303,3738.0,3572.03,3484.1707,3903.97,3991.8293,959.0,3748.8828,3738.0,3312.247533550484,3778.4565001665624,3738.0
RI/LPN,960,2025-07-01,793.9989,758.27075,770.6375,817.3603,829.72705,784.0,749.3755,731.0464,818.6245,836.9536,960.0,793.9989,784.0,1928.4604034371155,793.4890122347234,784.0
RI/LPN,961,2025-08-01,793.9989,743.4742,760.9625,827.0353,844.5236,783.0,748.3755,730.0464,817.6245,835.9536,961.0,793.9989,783.0,1931.253398983813,794.2236134151109,783.0
RI/LPN,962,2025-09-01,793.9989,732.12,753.53845,834.45935,855.8778,794.0,759.3755,741.0464,828.6245,846.9536,962.0,793.9989,794.0,1934.046394530511,795.0347312360952,794.0
RI/LPN,963,2025-10-01,793.9989,722.5479,747.2796,840.7182,865.4499,784.0,735.03357,709.1123,832.96643,858.8877,963.0,793.9989,784.0,1936.8393900772085,795.1378937733075,784.0
RI/LPN,964,2025-11-01,793.9989,714.1147,741.76544,846.23236,873.8831,783.0,734.03357,708.1123,831.96643,857.8877,964.0,793.9989,783.0,1939.632385623906,795.8995348319874,783.0
RI/LPN,965,2025-12-01,793.9989,706.4904,736.78015,851.21765,881.5074,794.0,745.03357,719.1123,842.96643,868.8877,965.0,793.9989,794.0,1942.4253811706035,796.7377754050995,794.0
RI/RN,966,2025-07-01,1116.7372,1079.0253,1092.0786,1141.3958,1154.4491,1141.0,1101.2837,1080.2592,1180.7163,1201.7408,966.0,1116.7372,1141.0,537.7829308184571,1119.2750002289908,1141.0000000000002
RI/RN,967,2025-08-01,1116.7372,1065.7308,1083.386,1150.0884,1167.7435,1134.0,1094.2837,1073.2592,1173.7163,1194.7408,967.0,1116.7372,1134.0,538.0487278173367,1122.368413619566,1134.0000000000002
RI/RN,968,2025-09-01,1116.7372,1055.2441,1076.529,1156.9453,1178.2302,1115.0,1075.2837,1054.2592,1154.7163,1175.7408,968.0,1116.7372,1115.0,538.3145248162166,1125.496886028478,1114.9999999999998
RI/RN,969,2025-10-01,1116.7372,1046.2998,1070.6807,1162.7937,1187.1746,1141.0,1084.8326,1055.0995,1197.1674,1226.9005,969.0,1116.7372,1141.0,538.5803218150959,1127.7507278783633,1141.0000000000002
RI/RN,970,2025-11-01,1116.7372,1038.3679,1065.4943,1167.9801,1195.1064,1134.0,1077.8326,1048.0995,1190.1674,1219.9005,970.0,1116.7372,1134.0,538.8461188139755,1130.7876271057837,1134.0000000000002
RI/RN,971,2025-12-01,1116.7372,1031.1664,1060.7854,1172.689,1202.308,1115.0,1058.8326,1029.0995,1171.1674,1200.9005,971.0,1116.7372,1115.0,539.1119158128547,1133.8632787620681,1114.9999999999998
SC/CNA,984,2025-07-01,8264.934,8056.782,8128.8306,8401.036,8473.084,8107.0,7868.584,7742.3745,8345.416,8471.626,984.0,8264.934,8107.0,1468.1858684248616,8276.23013615117,8106.999999999999
SC/CNA,985,2025-08-01,8264.934,7976.263,8076.182,8453.685,8553.604,8193.0,7954.584,7828.3745,8431.416,8557.626,985.0,8264.934,8193.0,1470.486622169258,8292.603762224266,8193.0
SC/CNA,986,2025-09-01,8264.934,7913.744,8035.303,8494.563,8616.122,8268.0,8029.584,7903.3745,8506.416,8632.626,986.0,8264.934,8268.0,1472.7873759136546,8308.844874220822,8267.999999999998
SC/CNA,987,2025-10-01,8264.934,7860.783,8000.674,8529.192,8669.083,8107.0,7769.829,7591.342,8444.171,8622.658,987.0,8264.934,8107.0,1475.088129658051,8323.340839753455,8106.999999999999
SC/CNA,988,2025-11-01,8264.934,7814.0,7970.084,8559.782,8715.866,8193.0,7855.829,7677.342,8530.171,8708.658,988.0,8264.934,8193.0,1477.3888834024476,8339.328725933476,8193.0
SC/CNA,989,2025-12-01,8264.934,7771.634,7942.3823,8587.484,8758.232,8268.0,7930.829,7752.342,8605.171,8783.658,989.0,8264.934,8268.0,1479.689637146844,8355.197692308424,8267.999999999998
SC/LPN,990,2025-07-01,3566.6067,3493.5657,3518.848,3614.3657,3639.6477,3548.0,3483.433,3449.2534,3612.567,3646.7466,990.0,3566.6067,3548.0,2552.025740108211,3569.868503947981,3548.0
SC/LPN,991,2025-08-01,3566.6067,3479.5195,3509.6636,3623.55,3653.694,3571.0,3506.433,3472.2534,3635.567,3669.7466,991.0,3566.6067,3571.0,2555.9260832036375,3574.978449519639,3571.0
SC/LPN,992,2025-09-01,3566.6067,3467.4434,3501.7673,3631.4463,3665.77,3570.0,3505.433,3471.2534,3634.567,3668.7466,992.0,3566.6067,3570.0,2559.826426299064,3580.047881377986,3569.9999999999995
SC/LPN,993,2025-10-01,3566.6067,3456.686,3494.7334,3638.48,3676.5273,3548.0,3456.6885,3408.351,3639.3115,3687.649,993.0,3566.6067,3548.0,2563.726769394491,3585.6059995523324,3548.0
SC/LPN,994,2025-11-01,3566.6067,3446.8914,3488.329,3644.8843,3686.322,3571.0,3479.6885,3431.351,3662.3115,3710.649,994.0,3566.6067,3571.0,2567.6271124899176,3590.7121663227294,3571.0
SC/LPN,995,2025-12-01,3566.6067,3437.8398,3482.4106,3650.803,3695.3738,3570.0,3478.6885,3430.351,3661.3115,3709.649,995.0,3566.6067,3570.0,2571.527455585345,3595.7739200186334,3569.9999999999995
SC/RN,996,2025-07-01,2140.2297,2088.4297,2106.3594,2174.0999,2192.0295,2108.0,2051.761,2021.9899,2164.239,2194.01,996.0,2140.2297,2108.0,3848.974406965401,2145.043498088202,2108.0
SC/RN,997,2025-08-01,2148.4348,2096.6348,2114.5647,2182.305,2200.2346,2123.0,2066.761,2036.9899,2179.239,2209.01,997.0,2148.4348,2123.0,3855.241905791984,2155.146754585075,2123.0
SC/RN,998,2025-09-01,2156.64,2104.84,2122.7698,2190.51,2208.44,2155.0,2098.761,2068.99,2211.239,2241.01,998.0,2156.64,2155.0,3861.5094046185664,2165.271751414548,2155.0
SC/RN,999,2025-10-01,2164.845,2113.0452,2130.9749,2198.7153,2216.645,2108.0,2028.4661,1986.3634,2187.534,2229.6367,999.0,2164.845,2108.0,3867.7769034451494,2175.5331029312492,2108.0
SC/RN,1000,2025-11-01,2173.0503,2121.2502,2139.18,2206.9204,2224.85,2123.0,2043.4661,2001.3634,2202.534,2244.6367,1000.0,2173.0503,2123.0,3874.044402271731,2185.712525893475,2123.0
SC/RN,1001,2025-12-01,2181.2554,2129.4553,2147.3853,2215.1255,2233.0554,2155.0,2075.466,2033.3634,2234.534,2276.6367,1001.0,2181.2554,2155.0,3880.3119010983132,2195.909467171546,2155.0
SD/CNA,1008,2025-07-01,3141.7532,2967.8499,3028.0437,3255.4624,3315.6565,3045.0,2898.2227,2820.5234,3191.7773,3269.4766,1008.0,3141.7532,3045.0,4719.662352065507,3154.3186545797703,3045.0
SD/CNA,1009,2025-08-01,3141.7532,2932.818,3005.138,3278.3684,3350.688,3154.0,3007.2227,2929.5234,3300.7773,3378.4766,1009.0,3141.7532,3154.0,4728.147246517767,3164.174320653172,3154.0
SD/CNA,1010,2025-09-01,3141.7532,2902.8599,2985.549,3297.957,3380.6465,3155.0,3008.2227,2930.5234,3301.7773,3379.4766,1010.0,3141.7532,3155.0,4736.632140970026,3174.0525938713536,3155.000000000001
SD/CNA,1011,2025-10-01,3141.7532,2876.252,2968.1511,3315.355,3407.2544,3045.0,2837.4255,2727.5422,3252.5745,3362.4578,1011.0,3141.7532,3045.0,4745.117035422285,3182.748568807714,3045.0
SD/CNA,1012,2025-11-01,3141.7532,2852.0696,2952.339,3331.167,3431.4368,3154.0,2946.4255,2836.5422,3361.5745,3471.4578,1012.0,3141.7532,3154.0,4753.601929874544,3192.507752651446,3154.0
SD/CNA,1013,2025-12-01,3141.7532,2829.7483,2937.7441,3345.762,3453.7578,3155.0,2947.4255,2837.5422,3362.5745,3472.4578,1013.0,3141.7532,3155.0,4762.086824326803,3202.2910710617743,3155.000000000001
SD/LPN,1014,2025-07-01,481.50977,462.80994,469.2826,493.73694,500.20963,481.0,463.11942,453.654,498.88058,508.346,1014.0,481.50977,481.0,564.7773759085851,483.40676583770284,481.0
SD/LPN,1015,2025-08-01,481.50977,458.7803,466.64777,496.37177,504.23923,485.0,467.11942,457.654,502.88058,512.346,1015.0,481.50977,485.0,564.9730867403969,484.66638368638684,484.99999999999994
SD/LPN,1016,2025-09-01,481.50977,455.36395,464.41394,498.60562,507.6556,481.0,463.11942,453.654,498.88058,508.346,1016.0,481.50977,481.0,565.1687975722087,485.957658755722,480.99999999999994
SD/LPN,1017,2025-10-01,481.50977,452.34454,462.43967,500.5799,510.67502,481.0,455.713,442.3269,506.287,519.6731,1017.0,481.50977,481.0,565.3645084040206,486.9345406384881,481.0
SD/LPN,1018,2025-11-01,481.50977,449.60916,460.6511,502.36847,513.4104,485.0,459.713,446.3269,510.287,523.6731,1018.0,481.50977,485.0,565.5602192358324,488.2251031750843,484.99999999999994
SD/LPN,1019,2025-12-01,481.50977,447.09003,459.0039,504.01562,515.9295,481.0,455.713,442.3269,506.287,519.6731,1019.0,481.50977,481.0,565.7559300676443,489.5464495614992,480.99999999999994
SD/RN,1020,2025-07-01,885.84375,848.5905,861.48517,910.2023,923.0969,907.0,870.27423,850.8328,943.72577,963.1672,1020.0,885.84375,907.0,745.3922260113488,885.9423110315915,907.0
SD/RN,1021,2025-08-01,885.84375,848.5905,861.48517,910.2023,923.0969,890.0,853.27423,833.8328,926.72577,946.1672,1021.0,885.84375,890.0,745.9168187037993,886.0545738118916,889.9999999999999
SD/RN,1022,2025-09-01,885.84375,848.5905,861.48517,910.2023,923.0969,888.0,851.27423,831.8328,924.72577,944.1672,1022.0,885.84375,888.0,746.4414113962501,886.2173666874804,887.9999999999999
SD/RN,1023,2025-10-01,885.84375,848.5905,861.48517,910.2023,923.0969,907.0,855.06195,827.5676,958.93805,986.4324,1023.0,885.84375,907.0,746.9660040887011,886.5177936917152,907.0
SD/RN,1024,2025-11-01,885.84375,848.5905,861.48517,910.2023,923.0969,890.0,838.06195,810.5676,941.93805,969.4324,1024.0,885.84375,890.0,747.4905967811521,886.7203205165172,889.9999999999999
SD/RN,1025,2025-12-01,885.84375,848.5905,861.48517,910.2023,923.0969,888.0,836.06195,808.5676,939.93805,967.4324,1025.0,885.84375,888.0,748.0151894736028,886.9687382501749,887.9999999999999
TN/CNA,1032,2025-07-01,12593.749,12358.981,12440.242,12747.256,12828.518,12385.0,12116.191,11973.894,12653.809,12796.106,1032.0,12593.749,12385.0,22280.922090549484,12591.565920731473,12385.0
TN/CNA,1033,2025-08-01,12642.0625,12362.288,12459.127,12824.997,12921.836,12466.0,12197.191,12054.894,12734.809,12877.106,1033.0,12642.0625,12466.0,22321.09876869312,12639.850590766067,12466.000000000002
TN/CNA,1034,2025-09-01,12690.375,12371.881,12482.122,12898.627,13008.869,12564.0,12295.191,12152.894,12832.809,12975.106,1034.0,12690.375,12564.0,22361.275446836757,12687.694925800939,12564.000000000002
TN/CNA,1035,2025-10-01,12738.6875,12385.685,12507.871,12969.504,13091.69,12385.0,12004.848,11803.607,12765.152,12966.393,1035.0,12738.6875,12385.0,22401.452124980387,12737.484107990671,12385.0
TN/CNA,1036,2025-11-01,12787.0,12402.565,12535.632,13038.369,13171.436,12466.0,12085.848,11884.607,12846.152,13047.393,1036.0,12787.0,12466.0,22441.628803124022,12785.25850429781,12466.000000000002
TN/CNA,1037,2025-12-01,12835.313,12421.819,12564.944,13105.683,13248.808,12564.0,12183.848,11982.607,12944.152,13145.393,1037.0,12835.313,12564.0,22481.80548126765,12832.612392166118,12564.000000000002
TN/LPN,1038,2025-07-01,5626.0146,5513.731,5552.596,5699.4326,5738.298,5536.0,5428.904,5372.21,5643.096,5699.79,1038.0,5626.0146,5536.0,401.1055695242299,5614.277660006479,5536.0
TN/LPN,1039,2025-08-01,5626.0146,5513.731,5552.596,5699.4326,5738.298,5602.0,5494.904,5438.21,5709.096,5765.79,1039.0,5626.0146,5602.0,400.96371091424993,5612.24529403742,5602.000000000001
TN/LPN,1040,2025-09-01,5626.0146,5513.731,5552.596,5699.4326,5738.298,5576.0,5468.904,5412.21,5683.096,5739.79,1040.0,5626.0146,5576.0,400.8218523042699,5610.076743548723,5576.000000000002
TN/LPN,1041,2025-10-01,5626.0146,5513.731,5552.596,5699.4326,5738.298,5536.0,5384.543,5304.366,5687.457,5767.634,1041.0,5626.0146,5536.0,400.67999369429015,5608.032823039535,5536.0
TN/LPN,1042,2025-11-01,5626.0146,5513.731,5552.596,5699.4326,5738.298,5602.0,5450.543,5370.366,5753.457,5833.634,1042.0,5626.0146,5602.0,400.53813508431017,5605.449297465056,5602.000000000001
TN/LPN,1043,2025-12-01,5626.0146,5513.731,5552.596,5699.4326,5738.298,5576.0,5424.543,5344.366,5727.457,5807.634,1043.0,5626.0146,5576.0,400.3962764743302,5602.756803639063,5576.000000000002
TN/RN,1044,2025-07-01,3351.9937,3245.5647,3282.4033,3421.5837,3458.4226,3260.0,3155.9275,3100.835,3364.0725,3419.165,1044.0,3351.9937,3260.0,6185.264136053311,3360.515119695631,3259.9999999999995
TN/RN,1045,2025-08-01,3351.9937,3201.4778,3253.5767,3450.4106,3502.5093,3288.0,3183.9275,3128.835,3392.0725,3447.165,1045.0,3351.9937,3288.0,6195.634613072341,3364.8633249925374,3288.0000000000005
TN/RN,1046,2025-09-01,3351.9937,3167.6414,3231.4521,3472.5352,3536.346,3352.0,3247.9275,3192.835,3456.0725,3511.165,1046.0,3351.9937,3352.0,6206.005090091369,3369.1266716742516,3352.0
TN/RN,1047,2025-10-01,3351.9937,3139.1096,3212.7961,3491.191,3564.8774,3260.0,3112.8193,3034.9067,3407.1807,3485.0933,1047.0,3351.9937,3260.0,6216.3755671104,3373.490868150797,3259.9999999999995
TN/RN,1048,2025-11-01,3351.9937,3113.9678,3196.357,3507.6304,3590.0195,3288.0,3140.8193,3062.9067,3435.1807,3513.0933,1048.0,3351.9937,3288.0,6226.74604412943,3377.8838261372593,3288.0000000000005
TN/RN,1049,2025-12-01,3351.9937,3091.233,3181.4915,3522.4958,3612.7542,3352.0,3204.8193,3126.9067,3499.1807,3577.0933,1049.0,3351.9937,3352.0,6237.116521148459,3382.1867050486103,3352.0
TX/CNA,1056,2025-07-01,41193.16,39975.1,40396.715,41989.605,42411.22,40359.0,39079.11,38401.58,41638.89,42316.42,1056.0,41193.16,40359.0,93227.2347286297,41297.242038074306,40359.0
TX/CNA,1057,2025-08-01,41405.5,40077.56,40537.207,42273.797,42733.445,40986.0,39706.11,39028.58,42265.89,42943.42,1057.0,41405.5,40986.0,93396.03262082011,41559.90444076171,40986.0
TX/CNA,1058,2025-09-01,41617.844,40188.395,40683.176,42552.51,43047.293,41005.0,39725.11,39047.58,42284.89,42962.42,1058.0,41617.844,41005.0,93564.83051301057,41820.828334478145,41004.99999999999
TX/CNA,1059,2025-10-01,41830.184,40305.93,40833.527,42826.84,43354.438,40359.0,38548.96,37590.785,42169.04,43127.215,1059.0,41830.184,40359.0,93733.62840520102,42100.85407077373,40359.0
TX/CNA,1060,2025-11-01,42042.527,40428.99,40987.492,43097.562,43656.066,40986.0,39175.96,38217.785,42796.04,43754.215,1060.0,42042.527,40986.0,93902.42629739144,42364.99614432975,40986.0
TX/CNA,1061,2025-12-01,42254.867,40556.7,41144.496,43365.242,43953.04,41005.0,39194.96,38236.785,42815.04,43773.215,1061.0,42254.867,41005.0,94071.22418958189,42627.282827224495,41004.99999999999
TX/LPN,1062,2025-07-01,18458.693,18069.566,18204.258,18713.129,18847.818,18429.0,18090.996,17912.068,18767.004,18945.932,1062.0,18458.693,18429.0,7397.4282969747765,18442.48510593195,18429.0
TX/LPN,1063,2025-08-01,18475.342,18086.217,18220.906,18729.777,18864.469,18412.0,18073.996,17895.068,18750.004,18928.932,1063.0,18475.342,18412.0,7409.946856357695,18477.32316039888,18411.999999999996
TX/LPN,1064,2025-09-01,18491.992,18102.865,18237.557,18746.428,18881.117,18219.0,17880.996,17702.068,18557.004,18735.932,1064.0,18491.992,18219.0,7422.465415740617,18512.242943388228,18219.0
TX/LPN,1065,2025-10-01,18508.64,18119.516,18254.205,18763.076,18897.768,18429.0,17950.99,17697.95,18907.01,19160.05,1065.0,18508.64,18429.0,7434.983975123539,18539.818747952268,18429.0
TX/LPN,1066,2025-11-01,18525.291,18136.164,18270.855,18779.727,18914.416,18412.0,17933.99,17680.95,18890.01,19143.05,1066.0,18525.291,18412.0,7447.502534506457,18572.96337041174,18411.999999999996
TX/LPN,1067,2025-12-01,18541.94,18152.814,18287.504,18796.377,18931.066,18219.0,17740.99,17487.95,18697.01,18950.05,1067.0,18541.94,18219.0,7460.02109388938,18606.286342279585,18219.0
TX/RN,1068,2025-07-01,9016.799,8828.184,8893.47,9140.128,9205.415,8730.0,8399.185,8224.061,9060.815,9235.939,1068.0,9016.799,8730.0,29029.383300114037,9044.74857828037,8730.0
TX/RN,1069,2025-08-01,9086.9795,8898.364,8963.65,9210.309,9275.595,8900.0,8569.185,8394.061,9230.815,9405.939,1069.0,9086.9795,8900.0,29081.191911689733,9122.829503786023,8900.000000000002
TX/RN,1070,2025-09-01,9157.16,8968.544,9033.831,9280.489,9345.775,9013.0,8682.185,8507.061,9343.815,9518.939,1070.0,9157.16,9013.0,29133.00052326544,9200.67999647194,9013.0
TX/RN,1071,2025-10-01,9227.341,9038.725,9104.012,9350.67,9415.956,8730.0,8262.156,8014.494,9197.844,9445.506,1071.0,9227.341,8730.0,29184.80913484115,9280.30505100106,8730.0
TX/RN,1072,2025-11-01,9297.5205,9108.905,9174.191,9420.851,9486.137,8900.0,8432.156,8184.494,9367.844,9615.506,1072.0,9297.5205,8900.0,29236.617746416843,9358.491619640752,8900.000000000002
TX/RN,1073,2025-12-01,9367.701,9179.086,9244.372,9491.03,9556.317,9013.0,8545.156,8297.494,9480.844,9728.506,1073.0,9367.701,9013.0,29288.42635799255,9436.437982878166,9013.0
UT/CNA,1080,2025-07-01,3802.4077,3581.6575,3658.067,3946.7483,4023.1577,3744.0,3564.339,3469.2324,3923.661,4018.7676,1080.0,3802.4077,3744.0,7125.439052840787,3808.7768151323367,3744.0000000000014
UT/CNA,1081,2025-08-01,3802.4077,3541.863,3632.0466,3972.7686,4062.9521,3789.0,3609.339,3514.2324,3968.661,4063.7676,1081.0,3802.4077,3789.0,7137.840130823632,3821.226637379231,3788.9999999999995
UT/CNA,1082,2025-09-01,3802.4077,3507.3774,3609.4978,3995.3176,4097.438,3825.0,3645.339,3550.2324,4004.661,4099.7676,1082.0,3802.4077,3825.0,7150.241208806476,3834.010464301753,3825.0000000000005
UT/CNA,1083,2025-10-01,3802.4077,3476.5107,3589.3152,4015.5002,4128.3047,3744.0,3489.9211,3355.42,3998.0789,4132.58,1083.0,3802.4077,3744.0,7162.64228678932,3841.0792371901343,3744.0000000000014
UT/CNA,1084,2025-11-01,3802.4077,3448.3152,3570.8792,4033.9363,4156.5,3789.0,3534.9211,3400.42,4043.0789,4177.58,1084.0,3802.4077,3789.0,7175.043364772164,3853.266636319298,3788.9999999999995
UT/CNA,1085,2025-12-01,3802.4077,3422.1963,3553.8008,4051.0144,4182.6187,3825.0,3570.9211,3436.42,4079.0789,4213.58,1085.0,3802.4077,3825.0,7187.444442755008,3865.803915502166,3825.0000000000005
UT/LPN,1086,2025-07-01,786.3255,739.9393,755.9952,816.6558,832.71173,781.0,739.3827,717.3518,822.6173,844.6482,1086.0,786.3255,781.0,2204.6771719882095,786.1906969412786,781.0000000000002
UT/LPN,1087,2025-08-01,786.3255,729.7029,749.30194,823.349,842.9481,788.0,746.3827,724.3518,829.6173,851.6482,1087.0,786.3255,788.0,2207.7240554846885,788.5772713396782,788.0000000000001
UT/LPN,1088,2025-09-01,786.3255,721.04895,743.64343,829.0075,851.60205,787.0,745.3827,723.3518,828.6173,850.6482,1088.0,786.3255,787.0,2210.770938981168,791.0035018101858,787.0
UT/LPN,1089,2025-10-01,786.3255,713.4118,738.6498,834.00116,859.23914,781.0,722.1442,690.98785,839.8558,871.01215,1089.0,786.3255,781.0,2213.817822477647,792.2679228410614,781.0000000000002
UT/LPN,1090,2025-11-01,786.3255,706.49915,734.1298,838.5211,866.15186,788.0,729.1442,697.98785,846.8558,878.01215,1090.0,786.3255,788.0,2216.8647059741256,794.5408241170128,788.0000000000001
UT/LPN,1091,2025-12-01,786.3255,700.1364,729.9695,842.6815,872.5146,787.0,728.1442,696.98785,845.8558,877.01215,1091.0,786.3255,787.0,2219.9115894706047,796.859789700837,787.0
UT/RN,1092,2025-07-01,1568.0583,1456.3833,1495.038,1641.0787,1679.7334,1551.0,1448.2142,1393.8026,1653.7858,1708.1974,1092.0,1568.0583,1551.0,4196.826212701509,1574.0101185297278,1550.9999999999998
UT/RN,1093,2025-08-01,1577.1233,1464.8027,1503.6809,1650.5658,1689.444,1557.0,1454.2142,1399.8026,1659.7858,1714.1974,1093.0,1577.1233,1557.0,4203.574230799469,1589.0332786715542,1556.9999999999998
UT/RN,1094,2025-09-01,1586.1884,1473.2222,1512.3237,1660.053,1699.1545,1568.0,1465.2142,1410.8026,1670.7858,1725.1974,1094.0,1586.1884,1568.0,4210.322248897429,1604.0953839257272,1568.0
UT/RN,1095,2025-10-01,1595.2533,1481.6415,1520.9666,1669.54,1708.8651,1551.0,1405.6389,1328.6893,1696.3611,1773.3107,1095.0,1595.2533,1551.0,4217.070266995389,1617.326153231121,1550.9999999999998
UT/RN,1096,2025-11-01,1604.3184,1490.0609,1529.6094,1679.0272,1718.5758,1557.0,1411.6389,1334.6893,1702.3611,1779.3107,1096.0,1604.3184,1557.0,4223.818285093349,1632.1848418856803,1556.9999999999998
UT/RN,1097,2025-12-01,1613.3833,1498.4802,1538.2522,1688.5144,1728.2864,1568.0,1422.6389,1345.6893,1713.3611,1790.3107,1097.0,1613.3833,1568.0,4230.56630319131,1647.0883665534743,1568.0
VA/CNA,1104,2025-07-01,13202.987,12668.561,12853.545,13552.43,13737.413,12876.0,12369.203,12100.921,13382.797,13651.079,1104.0,13202.987,12876.0,14431.763691429715,13137.443429881376,12875.999999999996
VA/CNA,1105,2025-08-01,13237.964,12703.537,12888.5205,13587.406,13772.39,13143.0,12636.203,12367.921,13649.797,13918.079,1105.0,13237.964,13143.0,14457.510451043996,13174.315621521893,13143.0
VA/CNA,1106,2025-09-01,13272.94,12738.514,12923.497,13622.383,13807.366,13032.0,12525.203,12256.921,13538.797,13807.079,1106.0,13272.94,13032.0,14483.25721065828,13211.534187003645,13032.000000000002
VA/CNA,1107,2025-10-01,13307.916,12773.49,12958.474,13657.359,13842.343,12876.0,12159.281,11779.873,13592.719,13972.127,1107.0,13307.916,12876.0,14509.003970272564,13245.30668723154,12875.999999999996
VA/CNA,1108,2025-11-01,13342.893,12808.466,12993.45,13692.336,13877.319,13143.0,12426.281,12046.873,13859.719,14239.127,1108.0,13342.893,13143.0,14534.75072988685,13281.85814402865,13143.0
VA/CNA,1109,2025-12-01,13377.869,12843.442,13028.427,13727.3125,13912.296,13032.0,12315.281,11935.873,13748.719,14128.127,1109.0,13377.869,13032.0,14560.497489501133,13318.832179361043,13032.000000000002
VA/LPN,1110,2025-07-01,5886.3857,5669.6787,5744.689,6028.083,6103.093,5783.0,5597.156,5498.7754,5968.844,6067.2246,1110.0,5886.3857,5783.0,-227.02209959071584,5866.559675700606,5783.0
VA/LPN,1111,2025-08-01,5886.3857,5669.6787,5744.689,6028.083,6103.093,5844.0,5658.156,5559.7754,6029.844,6128.2246,1111.0,5886.3857,5844.0,-228.38798707444673,5871.442452419365,5844.000000000001
VA/LPN,1112,2025-09-01,5886.3857,5669.6787,5744.689,6028.083,6103.093,5837.0,5651.156,5552.7754,6022.844,6121.2246,1112.0,5886.3857,5837.0,-229.75387455817767,5876.579908020801,5837.000000000001
VA/LPN,1113,2025-10-01,5886.3857,5669.6787,5744.689,6028.083,6103.093,5783.0,5520.1763,5381.046,6045.8237,6184.954,1113.0,5886.3857,5783.0,-231.11976204190825,5877.0179781164225,5783.0
VA/LPN,1114,2025-11-01,5886.3857,5669.6787,5744.689,6028.083,6103.093,5844.0,5581.1763,5442.046,6106.8237,6245.954,1114.0,5886.3857,5844.0,-232.48564952563922,5881.219199028995,5844.000000000001
VA/LPN,1115,2025-12-01,5886.3857,5669.6787,5744.689,6028.083,6103.093,5837.0,5574.1763,5435.046,6099.8237,6238.954,1115.0,5886.3857,5837.0,-233.85153700936996,5885.7299932459455,5837.000000000001
VA/RN,1116,2025-07-01,3600.04,3436.7146,3493.2473,3706.8328,3763.3652,3598.0,3464.587,3393.9624,3731.413,3802.0376,1116.0,3600.04,3598.0,6420.169335722546,3599.55323476243,3598.0
VA/RN,1117,2025-08-01,3600.04,3412.5442,3477.443,3722.637,3787.536,3624.0,3490.587,3419.9624,3757.413,3828.0376,1117.0,3600.04,3624.0,6430.8603182195475,3604.7770067525666,3623.9999999999995
VA/RN,1118,2025-09-01,3600.04,3391.1519,3463.4553,3736.6245,3808.9282,3591.0,3457.587,3386.9624,3724.413,3795.0376,1118.0,3600.04,3591.0,6441.55130071655,3609.9885808203376,3591.0000000000005
VA/RN,1119,2025-10-01,3600.04,3371.7554,3450.7727,3749.3071,3828.3245,3598.0,3409.3254,3309.4473,3786.6746,3886.5527,1119.0,3600.04,3598.0,6452.242283213551,3614.15292941245,3598.0
VA/RN,1120,2025-11-01,3600.04,3353.8828,3439.0864,3760.9934,3846.1973,3624.0,3435.3254,3335.4473,3812.6746,3912.5527,1120.0,3600.04,3624.0,6462.933265710553,3619.143002577243,3623.9999999999995
VA/RN,1121,2025-12-01,3600.04,3337.2227,3428.1929,3771.887,3862.8572,3591.0,3402.3254,3302.4473,3779.6746,3879.5527,1121.0,3600.04,3591.0,6473.624248207554,3624.136574381208,3591.0000000000005
VT/CNA,1128,2025-07-01,1086.9988,1010.9745,1037.2892,1136.7084,1163.0231,1080.0,998.58026,955.4793,1161.4197,1204.5208,1128.0,1086.9988,1080.0,2091.8314242571314,1082.8710143156682,1080.0
VT/CNA,1129,2025-08-01,1086.9988,979.48956,1016.70233,1157.2953,1194.508,1075.0,993.58026,950.4793,1156.4197,1199.5208,1129.0,1086.9988,1075.0,2095.288718190053,1082.8872326890346,1074.9999999999998
VT/CNA,1130,2025-09-01,1086.9988,955.32965,1000.90497,1173.0927,1218.668,1087.0,1005.58026,962.4793,1168.4197,1211.5208,1130.0,1086.9988,1087.0,2098.746012122974,1082.8799558004332,1087.0
VT/CNA,1131,2025-10-01,1086.9988,934.9616,987.58704,1186.4105,1239.036,1080.0,964.8551,903.9011,1195.1449,1256.0989,1131.0,1086.9988,1080.0,2102.2033060558956,1083.5928813244495,1080.0
VT/CNA,1132,2025-11-01,1086.9988,917.0169,975.85364,1198.144,1256.9807,1075.0,959.8551,898.9011,1190.1449,1251.0989,1132.0,1086.9988,1075.0,2105.660599988817,1083.6815379380303,1074.9999999999998
VT/CNA,1133,2025-12-01,1086.9988,900.7936,965.2457,1208.7518,1273.204,1087.0,971.8551,910.9011,1202.1449,1263.0989,1133.0,1086.9988,1087.0,2109.1178939217384,1083.7435102404538,1087.0
VT/LPN,1134,2025-07-01,324.17395,300.69678,308.82306,339.52487,347.65115,333.0,311.90115,300.7321,354.09885,365.2679,1134.0,324.17395,333.0,1214.8974332964553,323.46683343936854,333.00000000000006
VT/LPN,1135,2025-08-01,324.17395,297.39468,306.66394,341.684,350.95325,328.0,306.90115,295.7321,349.09885,360.2679,1135.0,324.17395,328.0,1216.0822479830495,322.8613709870685,328.0
VT/LPN,1136,2025-09-01,324.17395,294.4573,304.7433,343.60464,353.89062,318.0,296.90115,285.7321,339.09885,350.2679,1136.0,324.17395,318.0,1217.267062669643,322.2638878217615,317.99999999999994
VT/LPN,1137,2025-10-01,324.17395,291.78525,302.99612,345.3518,356.56268,333.0,303.1617,287.36627,362.8383,378.63373,1137.0,324.17395,333.0,1218.4518773562368,321.7364275932427,333.00000000000006
VT/LPN,1138,2025-11-01,324.17395,289.3174,301.38248,346.96545,359.03052,328.0,298.1617,282.36627,357.8383,373.63373,1138.0,324.17395,328.0,1219.6366920428306,321.16351804528796,328.0
VT/LPN,1139,2025-12-01,324.17395,287.0131,299.8758,348.47214,361.33484,318.0,288.1617,272.36627,347.8383,363.63373,1139.0,324.17395,318.0,1220.8215067294245,320.59814902567194,317.99999999999994
VT/RN,1140,2025-07-01,448.57547,425.19397,433.2871,463.8638,471.95697,434.0,410.5688,398.16504,457.4312,469.83496,1140.0,448.57547,434.0,583.311745997027,450.9900197313461,434.0
VT/RN,1141,2025-08-01,448.57547,417.5644,428.2984,468.85254,479.58655,432.0,408.5688,396.16504,455.4312,467.83496,1141.0,448.57547,432.0,583.3864916004475,452.2397878731267,432.0
VT/RN,1142,2025-09-01,448.57547,411.47183,424.3147,472.83624,485.6791,451.0,427.5688,415.16504,474.4312,486.83496,1142.0,448.57547,451.0,583.4612372038675,453.49949244359993,451.0
VT/RN,1143,2025-10-01,448.57547,406.2473,420.8986,476.25235,490.90363,434.0,400.86325,383.32172,467.13675,484.67828,1143.0,448.57547,434.0,583.535982807288,454.78982049406864,434.0
VT/RN,1144,2025-11-01,448.57547,401.6003,417.86008,479.29086,495.5506,432.0,398.86325,381.32172,465.13675,482.67828,1144.0,448.57547,432.0,583.6107284107082,456.1099633391777,432.0
VT/RN,1145,2025-12-01,448.57547,397.37335,415.0962,482.05472,499.7776,451.0,417.86325,400.32172,484.13675,501.67828,1145.0,448.57547,451.0,583.6854740141287,457.43635608593405,451.0
WA/CNA,1152,2025-07-01,8365.999,8113.7056,8201.033,8530.964,8618.292,8364.0,8086.9844,7940.3413,8641.016,8787.659,1152.0,8365.999,8364.0,20630.794783386173,8400.90258104911,8364.000000000002
WA/CNA,1153,2025-08-01,8365.999,8009.199,8132.7,8599.298,8722.798,8353.0,8075.9844,7929.3413,8630.016,8776.659,1153.0,8365.999,8353.0,20667.75680876851,8430.622795617961,8353.0
WA/CNA,1154,2025-09-01,8365.999,7928.9917,8080.2554,8651.742,8803.006,8366.0,8088.9844,7942.3413,8643.016,8789.659,1154.0,8365.999,8366.0,20704.718834150844,8460.234576286406,8366.0
WA/CNA,1155,2025-10-01,8365.999,7861.361,8036.0337,8695.964,8870.637,8364.0,7972.2407,7764.856,8755.76,8963.145,1155.0,8365.999,8364.0,20741.68085953318,8489.723221283826,8364.000000000002
WA/CNA,1156,2025-11-01,8365.999,7801.7656,7997.067,8734.931,8930.231,8353.0,7961.2407,7753.856,8744.76,8952.145,1156.0,8365.999,8353.0,20778.64288491551,8519.121417305036,8353.0
WA/CNA,1157,2025-12-01,8365.999,7747.878,7961.8315,8770.166,8984.119,8366.0,7974.2407,7766.856,8757.76,8965.145,1157.0,8365.999,8366.0,20815.604910297847,8548.423401556549,8366.0
WA/LPN,1158,2025-07-01,2500.478,2422.6428,2449.5845,2551.3718,2578.3132,2455.0,2373.7644,2330.761,2536.2356,2579.239,1158.0,2500.478,2455.0,4698.670748688384,2505.83188403068,2455.0
WA/LPN,1159,2025-08-01,2500.478,2400.5603,2435.1453,2565.8108,2600.396,2472.0,2390.7644,2347.761,2553.2356,2596.239,1159.0,2500.478,2472.0,4706.122246216334,2511.6047346548085,2471.9999999999995
WA/LPN,1160,2025-09-01,2500.478,2382.5425,2423.364,2577.592,2618.4138,2508.0,2426.7644,2383.761,2589.2356,2632.239,1160.0,2500.478,2508.0,4713.573743744286,2517.4176336862442,2507.9999999999995
WA/LPN,1161,2025-10-01,2500.478,2366.9338,2413.1582,2587.798,2634.0225,2455.0,2340.1155,2279.2993,2569.8845,2630.7007,1161.0,2500.478,2455.0,4721.025241272238,2522.100625585299,2455.0
WA/LPN,1162,2025-11-01,2500.478,2352.9675,2404.0261,2596.9302,2647.9885,2472.0,2357.1155,2296.2993,2586.8845,2647.7007,1162.0,2500.478,2472.0,4728.47673880019,2527.760170568129,2471.9999999999995
WA/LPN,1163,2025-12-01,2500.478,2340.2139,2395.687,2605.2693,2660.7422,2508.0,2393.1155,2332.2993,2622.8845,2683.7007,1163.0,2500.478,2508.0,4735.928236328142,2533.466523297852,2507.9999999999995
WA/RN,1164,2025-07-01,2809.9258,2714.741,2747.6877,2872.1638,2905.1106,2789.0,2688.4329,2635.1958,2889.5671,2942.8042,1164.0,2809.9258,2789.0,6879.772749271234,2820.695464528824,2789.0000000000005
WA/RN,1165,2025-08-01,2809.9258,2682.1875,2726.402,2893.4492,2937.664,2841.0,2740.4329,2687.1958,2941.5671,2994.8042,1165.0,2809.9258,2841.0,6891.198069629896,2827.2927335426657,2840.999999999999
WA/RN,1166,2025-09-01,2809.9258,2656.3875,2709.5325,2910.319,2963.4639,2807.0,2706.4329,2653.1958,2907.5671,2960.8042,1166.0,2809.9258,2807.0,6902.623389988563,2833.885865888105,2806.9999999999995
WA/RN,1167,2025-10-01,2809.9258,2634.3384,2695.1155,2924.736,2985.5132,2789.0,2646.7766,2571.488,2931.2234,3006.512,1167.0,2809.9258,2789.0,6914.048710347225,2840.1066010149107,2789.0000000000005
WA/RN,1168,2025-11-01,2809.9258,2614.7646,2682.317,2937.5347,3005.087,2841.0,2698.7766,2623.488,2983.2234,3058.512,1168.0,2809.9258,2841.0,6925.474030705892,2846.6405146129496,2840.999999999999
WA/RN,1169,2025-12-01,2809.9258,2596.9827,2670.6897,2949.1619,3022.869,2807.0,2664.7766,2589.488,2949.2234,3024.512,1169.0,2809.9258,2807.0,6936.899351064555,2853.172192830438,2806.9999999999995
WI/CNA,1176,2025-07-01,13048.887,12356.115,12595.908,13501.865,13741.658,12439.0,11724.265,11345.906,13153.735,13532.094,1176.0,13048.887,12439.0,28513.347755975083,13112.429157798817,12439.000000000004
WI/CNA,1177,2025-08-01,13119.06,12422.5625,12663.645,13574.475,13815.557,13037.0,12322.265,11943.906,13751.735,14130.094,1177.0,13119.06,13037.0,28564.790502590506,13182.897093219612,13037.000000000002
WI/CNA,1178,2025-09-01,13189.232,12489.01,12731.382,13647.083,13889.455,13135.0,12420.265,12041.906,13849.735,14228.094,1178.0,13189.232,13135.0,28616.23324920593,13253.430796374949,13135.0
WI/CNA,1179,2025-10-01,13259.405,12555.457,12799.118,13719.691,13963.353,12439.0,11428.211,10893.132,13449.789,13984.868,1179.0,13259.405,12439.0,28667.675995821348,13327.35306287463,12439.000000000004
WI/CNA,1180,2025-11-01,13329.578,12621.904,12866.855,13792.301,14037.251,13037.0,12026.211,11491.132,14047.789,14582.868,1180.0,13329.578,13037.0,28719.118742436778,13399.16711129815,13037.000000000002
WI/CNA,1181,2025-12-01,13399.751,12688.352,12934.592,13864.909,14111.149,13135.0,12124.211,11589.132,14145.789,14680.868,1181.0,13399.751,13135.0,28770.561489052197,13470.996224362005,13135.0
WI/LPN,1182,2025-07-01,2669.4587,2600.4065,2624.3079,2714.6096,2738.511,2603.0,2523.886,2482.0056,2682.114,2723.9944,1182.0,2669.4587,2603.0,5677.8657279945255,2674.1104022411755,2603.0
WI/LPN,1183,2025-08-01,2681.6062,2612.2395,2636.2498,2726.9624,2750.9727,2646.0,2566.886,2525.0056,2725.114,2766.9944,1183.0,2681.6062,2646.0,5687.041697858507,2685.4084920632095,2645.9999999999995
WI/LPN,1184,2025-09-01,2693.7534,2624.0728,2648.1917,2739.3152,2763.4343,2704.0,2624.886,2583.0056,2783.114,2824.9944,1184.0,2693.7534,2704.0,5696.217667722489,2696.769253901463,2704.0000000000005
WI/LPN,1185,2025-10-01,2705.901,2635.9058,2660.1335,2751.6682,2775.8958,2603.0,2491.116,2431.8882,2714.884,2774.1118,1185.0,2705.901,2603.0,5705.39363758647,2708.372627469625,2603.0
WI/LPN,1186,2025-11-01,2718.0483,2647.739,2672.0754,2764.021,2788.3574,2646.0,2534.116,2474.8882,2757.884,2817.1118,1186.0,2718.0483,2646.0,5714.56960745045,2719.8484259253732,2645.9999999999995
WI/LPN,1187,2025-12-01,2730.1956,2659.5723,2684.0173,2776.3738,2800.819,2704.0,2592.116,2532.8882,2815.884,2875.1118,1187.0,2730.1956,2704.0,5723.745577314432,2731.379917602952,2704.0000000000005
WI/RN,1188,2025-07-01,4009.6204,3880.2126,3925.0051,4094.2354,4139.028,3991.0,3858.807,3788.8281,4123.1934,4193.172,1188.0,4009.6204,3991.0,4047.7372468256262,4013.970272931299,3991.0
WI/RN,1189,2025-08-01,4009.6204,3829.439,3891.8062,4127.4346,4189.8013,3998.0,3865.807,3795.8281,4130.1934,4200.172,1189.0,4009.6204,3998.0,4053.9439261562948,4011.7169537778964,3998.0
WI/RN,1190,2025-09-01,4009.6204,3790.111,3866.091,4153.1494,4229.1294,4010.0,3877.807,3807.8281,4142.1934,4212.172,1190.0,4009.6204,4010.0,4060.150605486964,4009.367578430088,4010.0
WI/RN,1191,2025-10-01,4009.6204,3756.8293,3844.329,4174.911,4262.411,3991.0,3804.0508,3705.0857,4177.949,4276.914,1191.0,4009.6204,3991.0,4066.3572848176336,4007.4891734941802,3991.0
WI/RN,1192,2025-11-01,4009.6204,3727.4463,3825.1165,4194.124,4291.7944,3998.0,3811.0508,3712.0857,4184.949,4283.914,1192.0,4009.6204,3998.0,4072.5639641483017,4005.2178083864937,3998.0
WI/RN,1193,2025-12-01,4009.6204,3700.8467,3807.724,4211.5166,4318.394,4010.0,3823.0508,3724.0857,4196.949,4295.914,1193.0,4009.6204,4010.0,4078.7706434789707,4002.8549628687433,4010.0
WV/CNA,1200,2025-07-01,4304.0884,4204.74,4239.128,4369.0483,4403.4365,4261.0,4164.7217,4113.7554,4357.2783,4408.2446,1200.0,4304.0884,4261.0,3622.6539812953292,4290.014576440726,4260.999999999999
WV/CNA,1201,2025-08-01,4311.454,4212.106,4246.494,4376.4146,4410.8022,4269.0,4172.7217,4121.7554,4365.2783,4416.2446,1201.0,4311.454,4269.0,3628.2884142897374,4299.984519842336,4268.999999999999
WV/CNA,1202,2025-09-01,4318.82,4219.472,4253.86,4383.7803,4418.168,4328.0,4231.7217,4180.7554,4424.2783,4475.2446,1202.0,4318.82,4328.0,3633.922847284144,4311.00509188477,4328.000000000001
WV/CNA,1203,2025-10-01,4326.186,4226.838,4261.2256,4391.146,4425.534,4261.0,4124.8423,4052.7644,4397.1577,4469.2354,1203.0,4326.186,4261.0,3639.557280278552,4311.624467477785,4260.999999999999
WV/CNA,1204,2025-11-01,4333.552,4234.2036,4268.5913,4398.512,4432.9,4269.0,4132.8423,4060.7644,4405.1577,4477.2354,1204.0,4333.552,4269.0,3645.1917132729595,4321.348180112046,4268.999999999999
WV/CNA,1205,2025-12-01,4340.9175,4241.5693,4275.9575,4405.878,4440.2656,4328.0,4191.8423,4119.7646,4464.1577,4536.2354,1205.0,4340.9175,4328.0,3650.826146267367,4332.1519330151705,4328.000000000001
WV/LPN,1206,2025-07-01,1727.4308,1678.2124,1695.2487,1759.613,1776.6493,1744.0,1699.3431,1675.7032,1788.6569,1812.2968,1206.0,1727.4308,1744.0,3585.03731805419,1722.3287864706801,1744.0000000000002
WV/LPN,1207,2025-08-01,1727.4308,1665.3446,1686.8348,1768.0267,1789.517,1733.0,1688.3431,1664.7032,1777.6569,1801.2968,1207.0,1727.4308,1733.0,3590.508101236155,1722.9897893109376,1733.0
WV/LPN,1208,2025-09-01,1727.4308,1654.7183,1679.8866,1774.975,1800.1433,1725.0,1680.3431,1656.7032,1769.6569,1793.2968,1208.0,1727.4308,1725.0,3595.97888441812,1723.898548119144,1725.0
WV/LPN,1209,2025-10-01,1727.4308,1645.457,1673.831,1781.0306,1809.4047,1744.0,1680.8457,1647.4138,1807.1543,1840.5862,1209.0,1727.4308,1744.0,3601.4496676000845,1721.6886345430523,1744.0000000000002
WV/LPN,1210,2025-11-01,1727.4308,1637.1398,1668.3927,1786.469,1817.7219,1733.0,1669.8457,1636.4138,1796.1543,1829.5862,1210.0,1727.4308,1733.0,3606.92045078205,1722.149116302408,1733.0
WV/LPN,1211,2025-12-01,1727.4308,1629.5256,1663.4141,1791.4476,1825.336,1725.0,1661.8457,1628.4138,1788.1543,1821.5862,1211.0,1727.4308,1725.0,3612.391233964014,1722.8737658287296,1725.0
WV/RN,1212,2025-07-01,1514.7921,1452.6017,1474.128,1555.4562,1576.9824,1427.0,1370.1772,1340.097,1483.8228,1513.903,1212.0,1514.7921,1427.0,3866.5715920600182,1512.6282648907672,1427.0000000000005
WV/RN,1213,2025-08-01,1503.6161,1415.9841,1446.3167,1560.9154,1591.2479,1441.0,1384.1772,1354.097,1497.8228,1527.903,1213.0,1503.6161,1441.0,3872.582260235637,1504.7288484391324,1441.0000000000002
WV/RN,1214,2025-09-01,1488.0,1381.1637,1418.1436,1557.8564,1594.8363,1488.0,1431.1772,1401.097,1544.8228,1574.903,1214.0,1488.0,1488.0,3878.5929284112563,1492.722580453958,1488.0
WV/RN,1215,2025-10-01,1514.7921,1391.1528,1433.9487,1595.6355,1638.4314,1427.0,1346.6404,1304.1007,1507.3596,1549.8993,1215.0,1514.7921,1427.0,3884.603596586874,1519.3072201694185,1427.0000000000005
WV/RN,1216,2025-11-01,1503.6161,1365.4011,1413.2422,1593.99,1641.831,1441.0,1360.6404,1318.1007,1521.3596,1563.8993,1216.0,1503.6161,1441.0,3890.614264762494,1511.3242767816528,1441.0000000000002
WV/RN,1217,2025-12-01,1488.0,1336.861,1389.1755,1586.8245,1639.139,1488.0,1407.6404,1365.1007,1568.3596,1610.8993,1217.0,1488.0,1488.0,3896.6249329381117,1499.242717330921,1488.0
WY/CNA,1224,2025-07-01,1166.1285,1084.1719,1112.5399,1219.7172,1248.0852,1124.0,1034.9103,987.7491,1213.0897,1260.2509,1224.0,1166.1285,1124.0,3948.2871833494355,1156.0677997875937,1124.0
WY/CNA,1225,2025-08-01,1175.2104,1093.2538,1121.6218,1228.7991,1257.1672,1125.0,1035.9103,988.7491,1214.0897,1261.2509,1225.0,1175.2104,1125.0,3955.0537057020993,1163.077975697761,1124.9999999999998
WY/CNA,1226,2025-09-01,1184.2924,1102.3357,1130.7037,1237.881,1266.2491,1146.0,1056.9103,1009.7491,1235.0897,1282.2509,1226.0,1184.2924,1146.0,3961.8202280547634,1170.0972914831398,1146.0
WY/CNA,1227,2025-10-01,1193.3743,1111.4176,1139.7856,1246.9629,1275.331,1124.0,998.0082,931.31213,1249.9918,1316.6879,1227.0,1193.3743,1124.0,3968.5867504074276,1177.7213865467575,1124.0
WY/CNA,1228,2025-11-01,1202.4562,1120.4995,1148.8676,1256.0448,1284.413,1125.0,999.0082,932.31213,1250.9918,1317.6879,1228.0,1202.4562,1125.0,3975.353272760091,1184.7879816300256,1124.9999999999998
WY/CNA,1229,2025-12-01,1211.5381,1129.5814,1157.9495,1265.1267,1293.4949,1146.0,1020.0082,953.31213,1271.9918,1338.6879,1229.0,1211.5381,1146.0,3982.119795112754,1191.8618057752278,1146.0
WY/LPN,1230,2025-07-01,213.9988,197.56514,203.2534,224.7442,230.43246,192.0,172.7564,162.56944,211.2436,221.43056,1230.0,213.9988,192.0,1221.1497975134992,215.18512800166658,192.0
WY/LPN,1231,2025-08-01,213.9988,190.75925,198.80327,229.19432,237.23834,202.0,182.7564,172.56944,221.2436,231.43056,1231.0,213.9988,202.0,1222.151082677225,216.43980276565884,202.0
WY/LPN,1232,2025-09-01,213.9988,185.53676,195.38847,232.60913,242.46085,214.0,194.7564,184.56944,233.2436,243.43056,1232.0,213.9988,214.0,1223.1523678409503,217.69651655864448,214.0
WY/LPN,1233,2025-10-01,213.9988,181.13394,192.50963,235.48798,246.86366,192.0,164.78543,150.3789,219.21457,233.6211,1233.0,213.9988,192.0,1224.1536530046762,218.90857818995875,192.0
WY/LPN,1234,2025-11-01,213.9988,177.25494,189.97328,238.0243,250.74265,202.0,174.78543,160.3789,229.21457,243.6211,1234.0,213.9988,202.0,1225.1549381684017,220.16636929566027,202.0
WY/LPN,1235,2025-12-01,213.9988,173.74806,187.68025,240.31734,254.24954,214.0,186.78543,172.3789,241.21457,255.6211,1235.0,213.9988,214.0,1226.1562233321276,221.4252807567425,214.0
WY/RN,1236,2025-07-01,426.8145,402.9559,411.2142,442.41483,450.67316,417.0,394.81168,383.06592,439.18832,450.93408,1236.0,426.8145,417.0,1753.5286329519138,423.7702158221224,416.99999999999994
WY/RN,1237,2025-08-01,429.1829,405.1919,413.496,444.86978,453.17392,409.0,386.81168,375.06592,431.18832,442.93408,1237.0,429.1829,409.0,1755.5012281230397,425.46281211950185,409.0
WY/RN,1238,2025-09-01,431.55127,407.42786,415.77783,447.3247,455.67468,414.0,391.81168,380.06592,436.18832,447.93408,1238.0,431.55127,414.0,1757.4738232941654,427.14261885006147,414.0
WY/RN,1239,2025-10-01,433.91965,409.66385,418.05963,449.77963,458.1754,417.0,385.62097,369.00995,448.37903,464.99005,1239.0,433.91965,417.0,1759.4464184652916,428.8888313045825,416.99999999999994
WY/RN,1240,2025-11-01,436.288,411.8998,420.34143,452.2346,460.67618,409.0,377.62097,361.00995,440.37903,456.99005,1240.0,436.288,409.0,1761.4190136364173,430.52684837048196,409.0
WY/RN,1241,2025-12-01,438.65637,414.1358,422.62323,454.6895,463.17697,414.0,382.62097,366.00995,445.37903,461.99005,1241.0,438.65637,414.0,1763.3916088075434,432.15449806866576,414.0
