unique_id,index,ds,AutoETS,AutoETS-lo-95,AutoETS-lo-80,AutoETS-hi-80,AutoETS-hi-95,SeasonalNaive,SeasonalNaive-lo-80,SeasonalNaive-lo-95,SeasonalNaive-hi-80,SeasonalNaive-hi-95,index/BottomUp,AutoETS/BottomUp,SeasonalNaive/BottomUp,index/MinTrace_method-mint_shrink,AutoETS/MinTrace_method-mint_shrink,SeasonalNaive/MinTrace_method-mint_shrink
National,852,2025-07-01,77569.984,68163.266,71419.26,83720.71,86976.7,76062.0,68550.01,64573.406,83573.99,87550.59,94608.0,78123.75,76062.0,-9971.11883424069,77654.93450799667,76062.0
National,853,2025-08-01,77538.336,68131.62,71387.61,83689.06,86945.055,81138.0,73626.01,69649.41,88649.99,92626.59,94761.0,78290.555,81138.0,-9985.054431123504,77797.39044028276,81138.0
National,854,2025-09-01,92581.875,83175.16,86431.15,98732.6,101988.59,95662.0,88150.01,84173.41,103173.99,107150.59,94914.0,91597.55,95662.0,-9998.990028006334,92159.5170281829,95662.0
National,855,2025-10-01,77569.984,68163.266,71419.26,83720.71,86976.7,76062.0,65438.445,59814.67,86685.555,92309.33,95067.0,78142.26,76062.0,-10012.925624889185,77733.08864069487,76062.0
National,856,2025-11-01,77538.336,68131.62,71387.61,83689.06,86945.055,81138.0,70514.445,64890.67,91761.555,97385.33,95220.0,78311.55,81138.0,-10026.861221772031,77877.88463771586,81138.0
National,857,2025-12-01,92581.875,83175.16,86431.15,98732.6,101988.59,95662.0,85038.445,79414.67,106285.555,111909.33,95373.0,91616.97,95662.0,-10040.79681865484,92238.53431526937,95662.0
CNA,120,2025-07-01,50590.227,43923.953,46231.383,54949.07,57256.504,49816.0,44431.043,41580.418,55200.957,58051.582,31230.0,51073.97,49816.0,-15049.713180981573,50742.59304609785,49816.0
CNA,121,2025-08-01,50605.812,43939.535,46246.97,54964.656,57272.086,53239.0,47854.043,45003.418,58623.957,61474.582,31281.0,51308.02,53239.0,-15072.677364822153,50926.82287987116,53239.0
CNA,122,2025-09-01,59130.6,52464.324,54771.758,63489.44,65796.875,61377.0,55992.043,53141.418,66761.95,69612.58,31332.0,58286.746,61377.0,-15095.641548662736,58836.259464739785,61376.99999999999
CNA,123,2025-10-01,50590.227,43923.953,46231.383,54949.07,57256.504,49816.0,42200.523,38169.133,57431.477,61462.867,31383.0,51073.97,49816.0,-15118.605732503313,50787.338230369125,49816.0
CNA,124,2025-11-01,50605.812,43939.535,46246.97,54964.656,57272.086,53239.0,45623.523,41592.133,60854.477,64885.867,31434.0,51308.02,53239.0,-15141.569916343906,50971.60041724962,53239.0
CNA,125,2025-12-01,59130.6,52464.324,54771.758,63489.445,65796.875,61377.0,53761.523,49730.133,68992.48,73023.87,31485.0,58286.746,61377.0,-15164.534100184439,58881.016362829294,61376.99999999999
LPN,462,2025-07-01,15364.645,13507.315,14150.202,16579.086,17221.973,14884.0,13307.565,12473.052,16460.434,17294.95,31536.0,15300.724,14884.0,-18792.098204440168,15308.47976962804,14883.999999999998
LPN,463,2025-08-01,15285.975,13368.055,14031.914,16540.035,17203.895,15776.0,14199.565,13365.052,17352.434,18186.95,31587.0,15183.886,15776.0,-18821.257457493055,15202.563597617027,15776.0
LPN,464,2025-09-01,18848.08,16841.52,17536.06,20160.098,20854.639,19486.0,17909.566,17075.05,21062.434,21896.95,31638.0,18674.088,19486.0,-18850.416710545942,18723.170978090042,19486.0
LPN,465,2025-10-01,15364.645,13301.026,14015.317,16713.973,17428.262,14884.0,12654.585,11474.404,17113.414,18293.596,31689.0,15280.846,14884.0,-18879.57596359881,15305.26223078096,14883.999999999998
LPN,466,2025-11-01,15285.975,13167.616,13900.8545,16671.094,17404.332,15776.0,13546.585,12366.404,18005.414,19185.596,31740.0,15166.495,15776.0,-18908.735216651698,15201.602188149993,15776.0
LPN,467,2025-12-01,18848.08,16649.086,17410.234,20285.924,21047.072,19486.0,17256.586,16076.404,21715.414,22895.596,31791.0,18655.127,19486.0,-18937.894469704595,18720.785860906853,19486.0
RN,978,2025-07-01,11286.75,10317.383,10652.915,11920.585,12256.117,11362.0,10508.649,10056.913,12215.351,12667.087,31842.0,11749.06,11362.0,23870.692551181048,11603.861692270752,11362.0
RN,979,2025-08-01,11388.356,10418.988,10754.5205,12022.191,12357.724,12123.0,11269.649,10817.913,12976.351,13428.087,31893.0,11798.653,12123.0,23908.880391191677,11668.003962794572,12123.0
RN,980,2025-09-01,14370.5205,13401.153,13736.686,15004.355,15339.888,14799.0,13945.649,13493.913,15652.351,16104.087,31944.0,14636.7,14799.0,23947.068231202313,14600.086585353094,14799.0
RN,981,2025-10-01,11286.75,10317.383,10652.915,11920.585,12256.117,11362.0,10155.18,9516.328,12568.82,13207.672,31995.0,11787.442,11362.0,23985.256071212945,11640.488179544775,11362.0
RN,982,2025-11-01,11388.356,10418.988,10754.5205,12022.191,12357.724,12123.0,10916.18,10277.328,13329.82,13968.672,32046.0,11837.036,12123.0,24023.443911223567,11704.68203231625,12123.0
RN,983,2025-12-01,14370.5205,13401.153,13736.685,15004.355,15339.888,14799.0,13592.18,12953.328,16005.82,16644.672,32097.0,14675.083,14799.0,24061.631751234203,14636.732091533235,14799.0
AK/total,18,2025-07-01,95.97431,-37.621426,8.620755,183.32788,229.57005,51.0,-6.0980883,-36.32399,108.09809,138.32399,18.0,97.17541,51.0,379.7710896805786,94.68422272956546,50.99999999999998
AK/total,19,2025-08-01,95.97431,-83.59258,-21.43817,213.3868,275.54123,137.0,79.90191,49.67601,194.09808,224.32399,21.0,97.17541,137.0,382.793427514855,95.27658418563527,137.0
AK/total,20,2025-09-01,95.97431,-128.82385,-51.01331,242.96194,320.7725,87.0,29.901913,-0.32399032,144.09808,174.32399,24.0,97.17541,87.0,385.8157653491316,97.4113940866001,86.99999999999999
AK/total,21,2025-10-01,95.97431,-175.63322,-81.62031,273.56894,367.58185,51.0,-29.74889,-72.494774,131.74889,174.49477,27.0,97.17541,51.0,388.83810318340795,95.50471942064377,50.99999999999998
AK/total,22,2025-11-01,95.97431,-225.41539,-114.17112,306.11975,417.364,137.0,56.25111,13.505229,217.74889,260.49478,30.0,97.17541,137.0,391.8604410176846,96.1021858552789,137.0
AK/total,23,2025-12-01,95.97431,-279.25345,-149.37392,341.32254,471.20206,87.0,6.251109,-36.49477,167.74889,210.49477,33.0,97.17541,87.0,394.88277885196095,98.23376955303287,86.99999999999999
AL/total,42,2025-07-01,1563.6934,1271.835,1372.8574,1754.5293,1855.5518,1575.0,1301.2322,1156.3082,1848.7678,1993.6918,90.0,1562.7794,1575.0,-2284.447491305786,1557.7741761963725,1574.9999999999995
AL/total,43,2025-08-01,1599.3922,1307.5338,1408.5563,1790.2281,1891.2506,1611.0,1337.2322,1192.3082,1884.7678,2029.6918,93.0,1598.4729,1611.0,-2285.877541027517,1593.0954658017272,1611.0000000000002
AL/total,44,2025-09-01,1839.9745,1548.1162,1649.1387,2030.8104,2131.833,1822.0,1548.2322,1403.3082,2095.7678,2240.6917,96.0,1840.8114,1822.0,-2287.3075907492484,1838.3143801030674,1822.0000000000005
AL/total,45,2025-10-01,1563.6934,1271.835,1372.8574,1754.5293,1855.5518,1575.0,1187.8339,982.88043,1962.1661,2167.1196,99.0,1562.7794,1575.0,-2288.737640470979,1557.8852752755015,1574.9999999999995
AL/total,46,2025-11-01,1599.3922,1307.5338,1408.5563,1790.2281,1891.2506,1611.0,1223.8339,1018.88043,1998.1661,2203.1196,102.0,1598.4729,1611.0,-2290.167690192711,1593.218521393614,1611.0000000000002
AL/total,47,2025-12-01,1839.9745,1548.1162,1649.1387,2030.8104,2131.833,1822.0,1434.8339,1229.8805,2209.1663,2414.1196,105.0,1840.8114,1822.0,-2291.5977399144413,1838.4298952340205,1822.0000000000005
AR/total,66,2025-07-01,1318.4148,1110.9993,1182.7931,1454.0365,1525.8302,1273.0,1114.6627,1030.844,1431.3373,1515.156,162.0,1337.374,1273.0,1452.8321692605573,1318.5411598455084,1273.0000000000002
AR/total,67,2025-08-01,1318.4148,1110.9993,1182.7931,1454.0365,1525.8302,1411.0,1252.6627,1168.844,1569.3373,1653.156,165.0,1338.9126,1411.0,1457.159341365118,1318.256323088467,1411.0000000000002
AR/total,68,2025-09-01,1318.4148,1110.9993,1182.7931,1454.0365,1525.8302,1497.0,1338.6627,1254.844,1655.3373,1739.156,168.0,1340.4512,1497.0,1461.486513469679,1358.4106256622233,1496.9999999999995
AR/total,69,2025-10-01,1318.4148,1110.9993,1182.7931,1454.0365,1525.8302,1273.0,1049.0773,930.5398,1496.9227,1615.4602,171.0,1341.9897,1273.0,1465.8136855742396,1321.6353280147919,1273.0000000000002
AR/total,70,2025-11-01,1318.4148,1110.9993,1182.7931,1454.0365,1525.8302,1411.0,1187.0773,1068.5398,1634.9227,1753.4602,174.0,1343.5283,1411.0,1470.1408576788,1321.372923885555,1411.0000000000002
AR/total,71,2025-12-01,1318.4148,1110.9993,1182.7931,1454.0365,1525.8302,1497.0,1273.0773,1154.5398,1720.9227,1839.4602,177.0,1345.0669,1497.0,1474.468029783361,1361.5130796348978,1496.9999999999995
AZ/total,90,2025-07-01,848.99805,670.5592,732.3231,965.6729,1027.4369,870.0,736.8657,666.3887,1003.1343,1073.6113,234.0,856.2172,870.0,381.655528114971,841.5273508036253,870.0
AZ/total,91,2025-08-01,848.99805,670.5592,732.3231,965.6729,1027.4369,806.0,672.8657,602.3887,939.1343,1009.6113,237.0,856.2172,806.0,384.23888680264224,839.6782835863837,806.0
AZ/total,92,2025-09-01,848.99805,670.5592,732.3231,965.6729,1027.4369,877.0,743.8657,673.3887,1010.1343,1080.6113,240.0,856.2172,877.0,386.8222454903138,876.4648832132564,877.0000000000002
AZ/total,93,2025-10-01,848.99805,670.5592,732.3231,965.6729,1027.4369,870.0,681.71967,582.0501,1058.2803,1157.95,243.0,856.2172,870.0,389.40560417798525,840.9571906539749,870.0
AZ/total,94,2025-11-01,848.99805,670.5592,732.3231,965.673,1027.4369,806.0,617.71967,518.0501,994.28033,1093.95,246.0,856.2172,806.0,391.98896286565656,839.1005548302495,806.0
AZ/total,95,2025-12-01,848.99805,670.5592,732.3231,965.673,1027.4369,877.0,688.71967,589.0501,1065.2803,1164.95,249.0,856.2172,877.0,394.572321553328,875.8919305232986,877.0000000000002
CA/total,114,2025-07-01,6213.897,5178.656,5536.9893,6890.805,7249.138,5596.0,4733.2925,4276.6025,6458.7075,6915.3975,306.0,6078.667,5596.0,-43725.423488280365,6120.1858805118145,5596.0
CA/total,115,2025-08-01,6030.711,4858.5713,5264.29,6797.132,7202.8506,6018.0,5155.2925,4698.6025,6880.7075,7337.3975,309.0,5906.577,6018.0,-43792.983635113866,5942.212571645201,6018.0
CA/total,116,2025-09-01,7209.1626,5865.0405,6330.2886,8088.0366,8553.284,7422.0,6559.2925,6102.6025,8284.708,8741.397,312.0,7069.557,7422.0,-43860.54378194736,7123.23095336806,7421.999999999996
CA/total,117,2025-10-01,6213.897,4754.7925,5259.84,7167.9546,7673.002,5596.0,4375.9473,3730.09,6816.0527,7461.9097,315.0,6058.789,5596.0,-43928.10392878085,6113.898525547336,5596.0
CA/total,118,2025-11-01,6030.711,4470.8633,5010.7812,7050.6406,7590.5586,6018.0,4797.9473,4152.0903,7238.0527,7883.9097,318.0,5889.1865,6018.0,-43995.66407561435,5937.668661540729,6018.0
CA/total,119,2025-12-01,7209.1626,5515.447,6101.701,8316.624,8902.878,7422.0,6201.9473,5556.0903,8642.053,9287.91,321.0,7050.597,7422.0,-44063.22422244783,7117.586891498995,7421.999999999996
CO/total,144,2025-07-01,846.3698,576.912,670.1808,1022.55884,1115.8276,968.0,623.34454,440.89493,1312.6555,1495.1051,396.0,915.42834,968.0,-11800.440926383764,878.0372050241032,968.0000000000001
CO/total,145,2025-08-01,856.8938,500.7404,624.0176,1089.77,1213.0472,979.0,634.34454,451.89493,1323.6555,1506.1051,399.0,928.6972,979.0,-11817.33604980783,891.6726199053119,979.0000000000001
CO/total,146,2025-09-01,1003.0131,552.9578,708.7378,1297.2885,1453.0684,977.0,632.34454,449.89493,1321.6555,1504.1051,402.0,1011.18964,977.0,-11834.231173231896,1022.0635041891154,976.9999999999998
CO/total,147,2025-10-01,846.3698,338.94693,514.5838,1178.1558,1353.7927,968.0,480.58356,222.56087,1455.4165,1713.4391,405.0,915.42834,968.0,-11851.126296655964,879.3943844466794,968.0000000000001
CO/total,148,2025-11-01,856.8938,295.80377,490.01675,1223.7709,1417.9839,979.0,491.58356,233.56087,1466.4165,1724.4391,408.0,928.6972,979.0,-11868.021420080031,893.058623260011,979.0000000000001
CO/total,149,2025-12-01,1003.0131,374.63242,592.137,1413.8892,1631.3938,977.0,489.58356,231.56087,1464.4165,1722.4391,411.0,1011.18964,977.0,-11884.916543504098,1023.431307768285,976.9999999999998
CT/total,168,2025-07-01,953.7265,732.20465,808.88116,1098.5719,1175.2484,957.0,717.71844,591.0504,1196.2816,1322.9496,468.0,953.1739,957.0,-768.6373342368325,949.4050591503487,956.9999999999998
CT/total,169,2025-08-01,941.14435,719.6225,796.29895,1085.9897,1162.6661,923.0,683.71844,557.0504,1162.2816,1288.9496,471.0,941.19275,923.0,-768.0886337375015,938.163550115455,923.0
CT/total,170,2025-09-01,1251.7672,1030.2452,1106.9218,1396.6125,1473.2891,1138.0,898.71844,772.0504,1377.2816,1503.9496,474.0,1251.1053,1138.0,-767.5399332381708,1243.955732917647,1138.0000000000002
CT/total,171,2025-10-01,953.7265,732.20465,808.88116,1098.5719,1175.2484,957.0,618.60474,439.46915,1295.3953,1474.5309,477.0,953.1739,957.0,-766.9912327388397,949.0347735293763,956.9999999999998
CT/total,172,2025-11-01,941.14435,719.62244,796.29895,1085.9897,1162.6663,923.0,584.60474,405.46915,1261.3953,1440.5309,480.0,941.19275,923.0,-766.4425322395086,937.7960581608475,923.0
CT/total,173,2025-12-01,1251.7672,1030.2452,1106.9218,1396.6125,1473.2891,1138.0,799.60474,620.4691,1476.3953,1655.5309,483.0,1251.1053,1138.0,-765.8938317401778,1243.5864813830567,1138.0000000000002
DC/total,192,2025-07-01,61.849865,33.044422,43.015,80.68473,90.655304,53.0,17.671167,-1.0307859,88.328835,107.030785,540.0,62.729645,53.0,-648.4131538815515,62.33998935624067,53.0
DC/total,193,2025-08-01,61.975567,33.11158,43.10242,80.84871,90.83955,61.0,25.671167,6.969214,96.328835,115.030785,543.0,61.719414,61.0,-647.9064010757143,61.92064612268246,60.999999999999986
DC/total,194,2025-09-01,94.656334,50.57188,65.831055,123.481606,138.74078,71.0,35.67117,16.969213,106.328835,125.030785,546.0,93.90142,71.0,-647.3996482698769,92.20660174489322,71.0
DC/total,195,2025-10-01,61.849865,33.044422,43.015,80.68473,90.655304,53.0,3.0374868,-23.41107,102.96252,129.41107,549.0,62.729645,53.0,-646.8928954640398,62.58751707655889,53.0
DC/total,196,2025-11-01,61.975567,33.11158,43.10242,80.84871,90.839554,61.0,11.037487,-15.41107,110.96252,137.41107,552.0,61.719414,61.0,-646.3861426582026,62.168203070319976,60.999999999999986
DC/total,197,2025-12-01,94.656334,50.57188,65.831055,123.481606,138.74078,71.0,21.037487,-5.4110703,120.96252,147.41107,555.0,93.90142,71.0,-645.8793898523654,92.45413844749265,71.0
DE/total,216,2025-07-01,207.67896,133.5134,159.18471,256.17322,281.8445,226.0,138.38506,92.00449,313.61496,359.9955,612.0,221.86243,226.0,-687.9814851501994,216.1219839775525,226.00000000000003
DE/total,217,2025-08-01,221.4743,147.30875,172.98004,269.96857,295.63986,240.0,152.38506,106.00449,327.61496,373.9955,615.0,228.18047,240.0,-687.5062226315094,225.03645845993708,240.00000000000006
DE/total,218,2025-09-01,277.93063,203.76506,229.43637,326.42487,352.0962,270.0,182.38506,136.0045,357.61496,403.9955,618.0,256.54013,270.0,-687.0309601128195,265.7028290433002,270.0
DE/total,219,2025-10-01,207.67896,133.5134,159.18471,256.17322,281.8445,226.0,102.09375,36.50174,349.90625,415.49826,621.0,221.86243,226.0,-686.5556975941294,216.1416553587967,226.00000000000003
DE/total,220,2025-11-01,221.4743,147.30873,172.98004,269.96857,295.63986,240.0,116.09375,50.50174,363.90625,429.49826,624.0,228.18047,240.0,-686.080435075439,225.05425639824585,240.00000000000006
DE/total,221,2025-12-01,277.93063,203.76506,229.43637,326.42487,352.0962,270.0,146.09375,80.50174,393.90625,459.49826,627.0,256.54013,270.0,-685.6051725567489,265.72180817666896,270.0
FL/total,240,2025-07-01,4860.7563,3941.3005,4259.5566,5461.9565,5780.2124,4997.0,4179.411,3746.6055,5814.589,6247.3945,684.0,4950.4146,4997.0,-9350.477218382604,4911.1294985924405,4997.000000000001
FL/total,241,2025-08-01,4935.071,4001.4033,4324.5786,5545.5635,5868.739,5081.0,4263.411,3830.6055,5898.589,6331.3945,687.0,5015.094,5081.0,-9363.83965256423,4980.067699599065,5081.0
FL/total,242,2025-09-01,6031.6597,5077.1514,5407.5405,6655.7793,6986.168,6329.0,5511.411,5078.6055,7146.589,7579.3945,690.0,6116.968,6329.0,-9377.202086745856,6066.526105419035,6329.0
FL/total,243,2025-10-01,4860.7563,3892.9348,4227.932,5493.581,5828.578,4997.0,3840.7546,3228.6753,6153.2456,6765.3247,693.0,4950.4146,4997.0,-9390.56452092748,4908.3321980852925,4997.000000000001
FL/total,244,2025-11-01,4935.071,3953.7266,4293.4043,5576.738,5916.4155,5081.0,3924.7546,3312.6753,6237.2456,6849.3247,696.0,5015.094,5081.0,-9403.926955109107,4977.298679184831,5081.0
FL/total,245,2025-12-01,6031.6597,5030.45,5377.004,6686.3154,7032.8696,6329.0,5172.7544,4560.6753,7485.2456,8097.3247,699.0,6116.968,6329.0,-9417.289389290732,6063.73925155108,6329.0
GA/total,264,2025-07-01,2188.8855,1817.9915,1946.371,2431.4001,2559.7798,2073.0,1783.9177,1630.8868,2362.0823,2515.113,756.0,2152.297,2073.0,9271.3154258773,2167.9185926446585,2073.0
GA/total,265,2025-08-01,2160.0115,1717.3333,1870.5597,2449.4631,2602.6897,2354.0,2064.9177,1911.8868,2643.0823,2796.113,759.0,2125.1309,2354.0,9287.420943077428,2140.1119895228076,2354.0
GA/total,266,2025-09-01,2450.643,1929.6997,2110.0166,2791.2698,2971.5864,2405.0,2115.9177,1962.8868,2694.0823,2847.113,762.0,2413.0215,2405.0,9303.526460277557,2427.933803086688,2405.0
GA/total,267,2025-10-01,2188.8855,1612.8966,1812.2666,2565.5046,2764.8748,2073.0,1664.1759,1447.7576,2481.824,2698.2424,765.0,2162.6072,2073.0,9319.631977477684,2176.5239937912793,2073.0
GA/total,268,2025-11-01,2160.0115,1534.9246,1751.2891,2568.734,2785.0984,2354.0,1945.1759,1728.7576,2762.824,2979.2424,768.0,2135.441,2354.0,9335.73749467781,2148.731786734541,2354.0
GA/total,269,2025-12-01,2450.643,1767.3525,2003.8634,2897.4229,3133.9336,2405.0,1996.1759,1779.7576,2813.824,3030.2424,771.0,2423.3315,2405.0,9351.843011877942,2436.54452384265,2405.0
HI/total,288,2025-07-01,101.29563,42.36136,62.760582,139.83069,160.2299,79.0,-4.489821,-48.68666,162.48982,206.68666,828.0,101.16351,79.0,-25.582504325261283,103.29130335264011,79.0
HI/total,289,2025-08-01,94.13655,39.367462,58.324966,129.94812,148.90562,117.0,33.510178,-10.686662,200.48982,244.68666,831.0,93.77078,117.0,-24.371566283216794,96.4528999061984,116.99999999999997
HI/total,290,2025-09-01,166.10277,69.4634,102.91368,229.29185,262.74216,108.0,24.51018,-19.686663,191.48982,235.68666,834.0,167.44292,108.0,-23.160628241172105,163.33779720103473,108.0
HI/total,291,2025-10-01,101.29563,42.36136,62.760582,139.83069,160.2299,79.0,-39.072437,-101.57621,197.07243,259.5762,837.0,101.16351,79.0,-21.94969019912753,103.5114777464933,79.0
HI/total,292,2025-11-01,94.13655,39.367462,58.324966,129.94814,148.90564,117.0,-1.0724368,-63.57621,235.07243,297.5762,840.0,93.77078,117.0,-20.73875215708273,96.67250568208185,116.99999999999997
HI/total,293,2025-12-01,166.10277,69.4634,102.91368,229.29185,262.74216,108.0,-10.072437,-72.57621,226.07243,288.5762,843.0,167.44292,108.0,-19.527814115038296,163.5577603575806,108.0
IA/total,312,2025-07-01,1215.6593,946.49506,1039.6622,1391.6564,1484.8236,1208.0,946.3013,807.76636,1469.6987,1608.2336,900.0,1300.0234,1208.0,-3458.1457682635055,1242.6440683507396,1208.0000000000002
IA/total,313,2025-08-01,1205.9441,891.8256,1000.55304,1411.3351,1520.0625,1273.0,1011.3013,872.76636,1534.6987,1673.2336,903.0,1294.2375,1273.0,-3462.467469996657,1233.663918707588,1273.0000000000002
IA/total,314,2025-09-01,1432.1725,1063.6302,1191.1957,1673.1494,1800.7148,1411.0,1149.3013,1010.76636,1672.6987,1811.2336,906.0,1388.1136,1411.0,-3466.7891717298103,1423.5962172272828,1411.0
IA/total,315,2025-10-01,1215.6593,812.2674,951.8955,1479.4232,1619.0513,1208.0,837.9021,641.98413,1578.0979,1774.0159,909.0,1300.0234,1208.0,-3471.110873462962,1242.2949470592152,1208.0000000000002
IA/total,316,2025-11-01,1205.9441,770.8436,921.44714,1490.4409,1641.0446,1273.0,902.9021,706.98413,1643.0979,1839.0159,912.0,1294.2375,1273.0,-3475.4325751961146,1233.330719018598,1273.0000000000002
IA/total,317,2025-12-01,1432.1725,955.74365,1120.6525,1743.6926,1908.6014,1411.0,1040.9021,844.98413,1781.0979,1977.0159,915.0,1388.1136,1411.0,-3479.754276929266,1423.2529715792984,1411.0
ID/total,336,2025-07-01,371.85202,251.13872,292.92184,450.7822,492.5653,318.0,254.00731,220.13162,381.9927,415.86838,972.0,368.15955,318.0,724.2112134300681,368.9489410495417,317.99999999999994
ID/total,337,2025-08-01,371.85202,241.94714,286.91177,456.79224,501.7569,339.0,275.0073,241.13162,402.9927,436.86838,975.0,368.15955,339.0,726.4551630063344,368.7390287508842,339.0000000000001
ID/total,338,2025-09-01,371.85202,233.32918,281.2768,462.42725,510.37485,449.0,385.0073,351.13162,512.9927,546.8684,978.0,368.15955,449.0,728.6991125826007,379.06574118957525,449.0
ID/total,339,2025-10-01,371.85202,225.18355,275.95065,467.7534,518.5205,318.0,227.50066,179.5932,408.49933,456.4068,981.0,368.15955,318.0,730.943062158867,368.99342631351595,317.99999999999994
ID/total,340,2025-11-01,371.85202,217.43535,270.88437,472.81967,526.2687,339.0,248.50066,200.5932,429.49933,477.4068,984.0,368.15955,339.0,733.187011735133,368.79404198453835,339.0000000000001
ID/total,341,2025-12-01,371.85202,210.02734,266.04056,477.66348,533.6767,449.0,358.50067,310.5932,539.4993,587.4068,987.0,368.15955,449.0,735.4309613113992,379.1141115051088,449.0
IL/total,360,2025-07-01,3609.5537,2648.4187,2981.1013,4238.006,4570.6885,3496.0,2576.8433,2090.271,4415.1567,4901.729,1044.0,3693.8938,3496.0,-22781.402651628297,3601.561261925037,3496.0
IL/total,361,2025-08-01,3387.5872,2394.1545,2738.0166,4037.158,4381.02,3587.0,2667.8433,2181.271,4506.1567,4992.729,1047.0,3584.7456,3587.0,-22816.560115672964,3437.1043238434963,3587.0
IL/total,362,2025-09-01,4138.7026,3098.8628,3458.7878,4818.6177,5178.543,4114.0,3194.8433,2708.271,5033.1567,5519.729,1050.0,3938.469,4114.0,-22851.71757971764,4085.8832738398287,4113.999999999998
IL/total,363,2025-10-01,3609.5537,2535.664,2907.375,4311.7324,4683.4434,3496.0,2196.116,1507.9989,4795.884,5484.001,1053.0,3693.8938,3496.0,-22886.87504376231,3598.275972692077,3496.0
IL/total,364,2025-11-01,3387.5872,2284.576,2666.367,4108.8076,4490.5986,3587.0,2287.116,1598.9989,4886.884,5575.001,1056.0,3584.7456,3587.0,-22922.03250780698,3433.8717775262558,3587.0
IL/total,365,2025-12-01,4138.7026,2993.5427,3389.9229,4887.4824,5283.863,4114.0,2814.116,2125.999,5413.884,6102.001,1059.0,3938.469,4114.0,-22957.18997185165,4082.617458752071,4113.999999999998
IN/total,384,2025-07-01,2662.4773,2166.1863,2337.97,2986.9846,3158.7683,2516.0,2157.1558,1967.1952,2874.8442,3064.8047,1116.0,2709.9897,2516.0,-1654.361655213155,2671.1201999849654,2516.0
IN/total,385,2025-08-01,2662.4773,2166.1863,2337.97,2986.9846,3158.7683,2674.0,2315.1558,2125.1953,3032.8442,3222.8047,1119.0,2691.5542,2674.0,-1656.0788188602141,2654.824366418813,2674.0
IN/total,386,2025-09-01,2662.4773,2166.1863,2337.97,2986.9846,3158.7683,3287.0,2928.1558,2738.1953,3645.8442,3835.8047,1122.0,2836.68,3287.0,-1657.7959825072737,2815.803101122918,3286.9999999999995
IN/total,387,2025-10-01,2662.4773,2166.1863,2337.97,2986.9846,3158.7683,2516.0,2008.5177,1739.8729,3023.4822,3292.1272,1125.0,2709.9897,2516.0,-1659.513146154332,2669.839958665259,2516.0
IN/total,388,2025-11-01,2662.4773,2166.1863,2337.97,2986.9846,3158.7683,2674.0,2166.5178,1897.8729,3181.4822,3450.1272,1128.0,2691.5542,2674.0,-1661.2303098013917,2653.5803951482944,2674.0
IN/total,389,2025-12-01,2662.4773,2166.1863,2337.97,2986.9846,3158.7683,3287.0,2779.5178,2510.8728,3794.4822,4063.1272,1131.0,2836.68,3287.0,-1662.9474734484509,2814.5362506975803,3286.9999999999995
KS/total,408,2025-07-01,1253.4142,936.3391,1046.09,1460.7384,1570.4893,1178.0,898.1095,749.94446,1457.8905,1606.0555,1188.0,1251.4023,1178.0,-11751.175284122444,1253.5086417975158,1178.0
KS/total,409,2025-08-01,1238.4419,892.3172,1012.1231,1464.7607,1584.5667,1265.0,985.1095,836.94446,1544.8905,1693.0555,1191.0,1236.4445,1265.0,-11769.002429531305,1238.6918194977452,1265.0000000000002
KS/total,410,2025-09-01,1509.2361,1123.871,1257.2594,1761.2129,1894.6013,1590.0,1310.1095,1161.9445,1869.8905,2018.0555,1194.0,1504.1925,1590.0,-11786.829574940166,1501.829599544736,1590.0
KS/total,411,2025-10-01,1253.4142,843.0767,985.10895,1521.7195,1663.7517,1178.0,782.1751,572.638,1573.825,1783.3619,1197.0,1251.4023,1178.0,-11804.656720349025,1256.4960871606518,1178.0
KS/total,412,2025-11-01,1238.4419,805.0493,955.06177,1521.822,1671.8345,1265.0,869.1751,659.638,1660.825,1870.3619,1200.0,1236.4445,1265.0,-11822.483865757884,1241.7151570849223,1265.0000000000002
KS/total,413,2025-12-01,1509.2361,1043.6063,1204.7772,1813.6951,1974.8658,1590.0,1194.175,984.638,1985.825,2195.362,1203.0,1504.1925,1590.0,-11840.311011166743,1504.830278153745,1590.0
KY/total,432,2025-07-01,1761.8236,1302.549,1461.52,2062.1272,2221.0981,1485.0,1142.6229,961.37946,1827.3771,2008.6205,1260.0,1751.7065,1485.0,-9660.212966047646,1748.336451455436,1484.9999999999998
KY/total,433,2025-08-01,1761.8236,1255.9557,1431.0543,2092.5928,2267.6914,1573.0,1230.6229,1049.3795,1915.3771,2096.6206,1263.0,1751.7065,1573.0,-9674.806756122776,1740.53953309343,1573.0000000000007
KY/total,434,2025-09-01,1761.8236,1213.306,1403.1672,2120.48,2310.341,1980.0,1637.6229,1456.3795,2322.377,2503.6206,1266.0,1751.7065,1980.0,-9689.400546197909,1817.2626066927303,1980.0000000000002
KY/total,435,2025-10-01,1761.8236,1173.7415,1377.2974,2146.3499,2349.9058,1485.0,1000.8057,744.4888,1969.1942,2225.5112,1269.0,1751.7065,1485.0,-9703.994336273037,1749.7848059009439,1484.9999999999998
KY/total,436,2025-11-01,1761.8236,1136.6758,1353.0614,2170.5857,2386.9714,1573.0,1088.8058,832.4888,2057.1943,2313.5112,1272.0,1751.7065,1573.0,-9718.588126348171,1742.017532547628,1573.0000000000007
KY/total,437,2025-12-01,1761.8236,1101.6881,1330.1842,2193.463,2421.959,1980.0,1495.8058,1239.4888,2464.1943,2720.5112,1275.0,1751.7065,1980.0,-9733.181916423302,1818.7218992484097,1980.0000000000002
LA/total,456,2025-07-01,1590.5061,1388.987,1458.74,1722.2723,1792.0251,1535.0,1385.9315,1307.0195,1684.0685,1762.9805,1332.0,1568.4965,1535.0,5099.224352562604,1581.1811591907135,1534.9999999999995
LA/total,457,2025-08-01,1613.396,1379.359,1460.3674,1766.4246,1847.433,1587.0,1437.9315,1359.0195,1736.0685,1814.9805,1335.0,1591.4363,1587.0,5108.009173436865,1603.8673909069335,1587.0
LA/total,458,2025-09-01,1752.9426,1477.8167,1573.0475,1932.8379,2028.0687,1801.0,1651.9315,1573.0195,1950.0685,2028.9805,1338.0,1734.1609,1801.0,5116.793994311128,1745.2505605067265,1801.0000000000002
LA/total,459,2025-10-01,1590.5061,1302.7743,1402.3684,1778.6439,1878.238,1535.0,1324.1854,1212.5868,1745.8146,1857.4132,1341.0,1568.4965,1535.0,5125.578815185391,1582.698872758693,1534.9999999999995
LA/total,460,2025-11-01,1613.396,1301.9329,1409.7412,1817.0508,1924.8591,1587.0,1376.1854,1264.5868,1797.8146,1909.4132,1344.0,1591.4363,1587.0,5134.363636059654,1605.4005971768222,1587.0
LA/total,461,2025-12-01,1752.9426,1409.4498,1528.3447,1977.5405,2096.4355,1801.0,1590.1854,1478.5868,2011.8146,2123.413,1347.0,1734.1609,1801.0,5143.148456933918,1746.7739852680174,1801.0000000000002
MA/total,486,2025-07-01,1447.3439,1101.1163,1220.9579,1673.73,1793.5715,1326.0,950.43085,751.6166,1701.5691,1900.3834,1422.0,1447.1691,1326.0,-126.87695961416989,1435.704923403894,1325.9999999999998
MA/total,487,2025-08-01,1361.4755,1035.789,1148.5205,1574.4304,1687.162,1456.0,1080.4309,881.6166,1831.5691,2030.3834,1425.0,1360.1804,1456.0,-126.49758060665283,1351.1516929508355,1455.9999999999998
MA/total,488,2025-09-01,2047.4069,1557.6346,1727.162,2367.6516,2537.179,1750.0,1374.4309,1175.6166,2125.569,2324.3835,1428.0,2049.16,1750.0,-126.11820159913628,2034.9563507491534,1750.0
MA/total,489,2025-10-01,1447.3439,1101.1162,1220.9578,1673.73,1793.5715,1326.0,794.865,513.69916,1857.135,2138.3008,1431.0,1447.1691,1326.0,-125.73882259161923,1437.308532755238,1325.9999999999998
MA/total,490,2025-11-01,1361.4755,1035.7888,1148.5205,1574.4304,1687.1621,1456.0,924.865,643.69916,1987.135,2268.3008,1434.0,1360.1804,1456.0,-125.35944358410222,1352.7496926841986,1455.9999999999998
MA/total,491,2025-12-01,2047.4069,1557.6346,1727.162,2367.6516,2537.1792,1750.0,1218.865,937.69916,2281.135,2562.3008,1437.0,2049.16,1750.0,-124.98006457658516,2036.5578818223971,1750.0
MD/total,510,2025-07-01,1006.90674,814.27106,880.94904,1132.8645,1199.5424,1078.0,911.3439,823.1214,1244.6561,1332.8785,1494.0,1027.7562,1078.0,58.198359433960505,1012.9241773691301,1078.0000000000002
MD/total,511,2025-08-01,1031.556,838.9204,905.5983,1157.5138,1224.1918,1061.0,894.3439,806.1214,1227.6561,1315.8785,1497.0,1053.7319,1061.0,58.777534529619224,1038.4603227748494,1061.0000000000002
MD/total,512,2025-09-01,1329.8132,1137.1776,1203.8556,1455.771,1522.449,1197.0,1030.3439,942.1214,1363.6561,1451.8785,1500.0,1352.1536,1197.0,59.35670962527775,1336.742956177733,1197.0
MD/total,513,2025-10-01,1006.90674,814.27106,880.94904,1132.8645,1199.5425,1078.0,842.3126,717.54724,1313.6874,1438.4528,1503.0,1027.7562,1078.0,59.93588472093618,1013.4089038083183,1078.0000000000002
MD/total,514,2025-11-01,1031.556,838.92035,905.5983,1157.5138,1224.1918,1061.0,825.3126,700.54724,1296.6874,1421.4528,1506.0,1053.7319,1061.0,60.51505981659501,1038.9510349018803,1061.0000000000002
MD/total,515,2025-12-01,1329.8132,1137.1776,1203.8556,1455.771,1522.449,1197.0,961.3126,836.54724,1432.6874,1557.4528,1509.0,1352.1536,1197.0,61.09423491225381,1337.2298887811253,1197.0
ME/total,534,2025-07-01,297.86096,209.42393,240.03511,355.68683,386.298,314.0,241.62813,203.31676,386.3719,424.68323,1566.0,297.84302,314.0,812.8325230931716,293.15090323368725,313.99999999999994
ME/total,535,2025-08-01,297.86096,209.42393,240.03511,355.68683,386.298,346.0,273.6281,235.31676,418.3719,456.68323,1569.0,297.84302,346.0,814.503490085155,292.79715028928075,346.0
ME/total,536,2025-09-01,297.86096,209.42393,240.03511,355.68683,386.298,347.0,274.6281,236.31676,419.3719,457.68323,1572.0,297.84302,347.0,816.1744570771386,307.045989723145,347.0
ME/total,537,2025-10-01,297.86096,209.42393,240.03511,355.68683,386.298,314.0,211.65071,157.47026,416.3493,470.52972,1575.0,297.84302,314.0,817.8454240691224,293.55288980417697,313.99999999999994
ME/total,538,2025-11-01,297.86096,209.42393,240.03511,355.68683,386.298,346.0,243.65071,189.47026,448.3493,502.52972,1578.0,297.84302,346.0,819.516391061106,293.2050187485822,346.0
ME/total,539,2025-12-01,297.86096,209.42393,240.0351,355.68683,386.298,347.0,244.65071,190.47026,449.3493,503.52972,1581.0,297.84302,347.0,821.1873580530894,307.4501435777911,347.0
MI/total,558,2025-07-01,2480.6948,1969.5745,2146.4912,2814.8987,2991.8154,2422.0,1864.5719,1569.4872,2979.4282,3274.5127,1638.0,2562.9897,2422.0,-5167.1217068972965,2495.965936005324,2422.0
MI/total,559,2025-08-01,2595.927,2061.0642,2246.199,2945.655,3130.7898,2556.0,1998.5719,1703.4872,3113.4282,3408.5127,1641.0,2590.2266,2556.0,-5175.025406261502,2556.932916554692,2556.0000000000005
MI/total,560,2025-09-01,2960.0684,2350.178,2561.2825,3358.854,3569.9585,2781.0,2223.5718,1928.4872,3338.4282,3633.5127,1644.0,2798.2415,2781.0,-5182.929105625707,2872.6452061290393,2780.9999999999995
MI/total,561,2025-10-01,2480.6948,1969.5745,2146.4912,2814.8987,2991.8154,2422.0,1633.6775,1216.3649,3210.3225,3627.6353,1647.0,2562.9897,2422.0,-5190.83280498991,2490.377133618476,2422.0
MI/total,562,2025-11-01,2595.927,2061.0642,2246.199,2945.655,3130.79,2556.0,1767.6775,1350.3649,3344.3225,3761.6353,1650.0,2590.2266,2556.0,-5198.736504354116,2551.3203905627765,2556.0000000000005
MI/total,563,2025-12-01,2960.0684,2350.178,2561.2825,3358.854,3569.9585,2781.0,1992.6775,1575.3649,3569.3225,3986.6353,1653.0,2798.2415,2781.0,-5206.640203718322,2867.0476710831267,2780.9999999999995
MN/total,582,2025-07-01,1279.4724,950.0118,1064.0497,1494.8951,1608.9331,1492.0,1247.1464,1117.5287,1736.8536,1866.4713,1710.0,1293.2407,1492.0,16.56927948983565,1269.1574903601372,1492.0
MN/total,583,2025-08-01,1279.4724,950.0118,1064.0497,1494.8951,1608.9331,1244.0,999.14636,869.5287,1488.8536,1618.4713,1713.0,1283.5298,1244.0,16.80032579941502,1259.3685162479792,1244.0
MN/total,584,2025-09-01,1279.4724,950.0118,1064.0497,1494.8951,1608.9331,1532.0,1287.1464,1157.5287,1776.8536,1906.4713,1716.0,1329.8113,1532.0,17.0313721089949,1353.3701839213131,1531.9999999999998
MN/total,585,2025-10-01,1279.4724,950.0118,1064.0497,1494.8951,1608.9331,1492.0,1145.7246,962.41754,1838.2754,2021.5824,1719.0,1293.2407,1492.0,17.262418418574043,1269.0772329186861,1492.0
MN/total,586,2025-11-01,1279.4724,950.0118,1064.0497,1494.8951,1608.9331,1244.0,897.7247,714.41754,1590.2754,1773.5824,1722.0,1283.5298,1244.0,17.493464728154095,1259.3045396880843,1244.0
MN/total,587,2025-12-01,1279.4724,950.0117,1064.0497,1494.8951,1608.9331,1532.0,1185.7246,1002.41754,1878.2754,2061.5825,1725.0,1329.8113,1532.0,17.724511037733805,1353.295932820197,1531.9999999999998
MO/total,606,2025-07-01,2704.643,2291.3364,2434.3965,2974.8896,3117.9495,2780.0,2397.5896,2195.1536,3162.4104,3364.8464,1782.0,2704.6985,2780.0,7379.111723031429,2713.4178637287378,2780.0000000000005
MO/total,607,2025-08-01,2777.8152,2353.327,2500.2573,3055.373,3202.3032,3144.0,2761.5896,2559.1536,3526.4104,3728.8464,1785.0,2778.2212,3144.0,7390.957021373403,2787.500441023148,3144.0
MO/total,608,2025-09-01,3279.7056,2778.5217,2951.999,3607.412,3780.8894,3349.0,2966.5896,2764.1536,3731.4104,3933.8464,1788.0,3280.4224,3349.0,7402.8023197153725,3281.242535733672,3349.0
MO/total,609,2025-10-01,2704.643,2291.3364,2434.3965,2974.8896,3117.9495,2780.0,2239.19,1952.9022,3320.81,3607.0977,1791.0,2704.6985,2780.0,7414.647618057343,2719.449165507586,2780.0000000000005
MO/total,610,2025-11-01,2777.8152,2353.327,2500.2573,3055.373,3202.3032,3144.0,2603.19,2316.9023,3684.81,3971.0977,1794.0,2778.2212,3144.0,7426.492916399311,2793.571427321567,3144.0
MO/total,611,2025-12-01,3279.7056,2778.5217,2951.999,3607.412,3780.8894,3349.0,2808.19,2521.9023,3889.81,4176.0977,1797.0,3280.4224,3349.0,7438.338214741283,3287.2884520563,3349.0
MS/total,630,2025-07-01,1095.7966,767.6185,881.21246,1310.3806,1423.9746,1031.0,776.99554,642.53375,1285.0044,1419.4663,1854.0,1080.4587,1031.0,6268.6561068072115,1100.7475014154952,1030.9999999999998
MS/total,631,2025-08-01,1137.3104,800.4821,917.07025,1357.5505,1474.1385,1104.0,849.99554,715.53375,1358.0044,1492.4663,1857.0,1125.9624,1104.0,6278.652450380583,1143.5743454770945,1104.0000000000002
MS/total,632,2025-09-01,1439.5156,1089.2595,1210.4955,1668.5358,1789.7717,1800.0,1545.9956,1411.5337,2054.0044,2188.4663,1860.0,1421.8702,1800.0,6288.648793953951,1441.3466419922045,1800.0
MS/total,633,2025-10-01,1095.7966,737.9748,861.82947,1329.7637,1453.6184,1031.0,671.7835,481.62573,1390.2166,1580.3743,1863.0,1080.4587,1031.0,6298.645137527323,1100.0507643359904,1030.9999999999998
MS/total,634,2025-11-01,1137.3104,771.512,898.1277,1376.493,1503.1088,1104.0,744.7835,554.62573,1463.2166,1653.3743,1866.0,1125.9624,1104.0,6308.6414811006925,1142.8955988844932,1104.0000000000002
MS/total,635,2025-12-01,1439.5156,1061.2751,1192.1975,1686.8339,1817.7562,1800.0,1440.7834,1250.6257,2159.2166,2349.3743,1869.0,1421.8702,1800.0,6318.637824674062,1440.6565502554463,1800.0
MT/total,654,2025-07-01,196.67224,121.28705,147.38051,245.96396,272.05743,222.0,134.54274,88.24566,309.45728,355.75433,1926.0,195.25354,222.0,157.25980842622056,197.01400877668453,222.00000000000003
MT/total,655,2025-08-01,198.28288,122.28033,148.58748,247.97829,274.28543,234.0,146.54274,100.24566,321.45728,367.75433,1929.0,197.13617,234.0,157.45779955649778,199.13640537289623,233.99999999999994
MT/total,656,2025-09-01,262.76224,162.04451,196.90646,328.61804,363.47998,222.0,134.54274,88.24566,309.45728,355.75433,1932.0,261.0671,222.0,157.6557906867747,257.1634547669307,222.0
MT/total,657,2025-10-01,196.67224,121.28705,147.38051,245.96397,272.05743,222.0,98.31676,32.8428,345.68326,411.1572,1935.0,195.25354,222.0,157.85378181705175,198.01525113758788,222.00000000000003
MT/total,658,2025-11-01,198.28288,122.28032,148.58748,247.97829,274.28543,234.0,110.31676,44.8428,357.68326,423.1572,1938.0,197.13617,234.0,158.05177294732874,200.1458832009837,233.99999999999994
MT/total,659,2025-12-01,262.76224,162.04451,196.90646,328.61804,363.47998,222.0,98.31676,32.8428,345.68326,411.1572,1941.0,261.0671,222.0,158.24976407760528,258.16773043897354,222.0
NC/total,678,2025-07-01,2300.709,1792.2571,1968.2501,2633.1677,2809.1606,2271.0,1794.0903,1541.6296,2747.9097,3000.3704,1998.0,2313.609,2271.0,7234.465412378482,2321.903974582598,2271.0
NC/total,679,2025-08-01,2371.987,1863.5353,2039.5283,2704.4458,2880.4387,2469.0,1992.0903,1739.6296,2945.9097,3198.3704,2001.0,2387.1187,2469.0,7245.81601873818,2393.161835456919,2469.0
NC/total,680,2025-09-01,2762.7644,2254.3127,2430.3057,3095.2231,3271.2163,3402.0,2925.0903,2672.6296,3878.9097,4131.3706,2004.0,2777.3901,3402.0,7257.166625097878,2782.244744671735,3402.0
NC/total,681,2025-10-01,2300.709,1792.2571,1968.2501,2633.1677,2809.1606,2271.0,1596.5479,1239.5145,2945.4521,3302.4856,2007.0,2313.609,2271.0,7268.517231457576,2318.751933027208,2271.0
NC/total,682,2025-11-01,2371.987,1863.5352,2039.5282,2704.4458,2880.4387,2469.0,1794.5479,1437.5145,3143.4521,3500.4856,2010.0,2387.1187,2469.0,7279.867837817273,2390.030868554959,2469.0
NC/total,683,2025-12-01,2762.7644,2254.3127,2430.3057,3095.2231,3271.2163,3402.0,2727.5479,2370.5144,4076.4521,4433.4854,2013.0,2777.3901,3402.0,7291.218444176971,2779.100498238323,3402.0
ND/total,702,2025-07-01,296.89774,194.01479,229.62619,364.16928,399.78067,286.0,218.09274,182.1448,353.90726,389.8552,2070.0,300.1611,286.0,1649.1534253164355,296.7879291545998,285.99999999999994
ND/total,703,2025-08-01,296.89774,192.84714,228.8627,364.93277,400.94833,326.0,258.09274,222.1448,393.90726,429.8552,2073.0,300.1611,326.0,1651.5559281084163,296.8048544362606,326.0
ND/total,704,2025-09-01,296.89774,191.69165,228.10718,365.6883,402.10382,387.0,319.09274,283.1448,454.90726,490.8552,2076.0,300.1611,387.0,1653.9584309003963,305.9537234765147,387.0
ND/total,705,2025-10-01,296.89774,190.54794,227.35934,366.43613,403.24753,286.0,189.96463,139.12657,382.03537,432.87344,2079.0,300.1611,286.0,1656.3609336923769,297.02515183529783,285.99999999999994
ND/total,706,2025-11-01,296.89774,189.4156,226.61894,367.1765,404.37985,326.0,229.96463,179.12657,422.03537,472.87344,2082.0,300.1611,326.0,1658.7634364843577,297.0513182199593,326.0
ND/total,707,2025-12-01,296.89774,188.29431,225.88577,367.9097,405.50116,387.0,290.96463,240.12657,483.03537,533.8734,2085.0,300.1611,387.0,1661.1659392763381,306.1943556571323,387.0
NE/total,726,2025-07-01,700.795,528.57416,588.18585,813.4042,873.0158,737.0,604.7625,534.76025,869.2375,939.23975,2142.0,700.6881,737.0,901.4016907016421,692.4882982207744,736.9999999999999
NE/total,727,2025-08-01,700.795,528.57416,588.18585,813.4042,873.0158,685.0,552.7625,482.76022,817.2375,887.23975,2145.0,700.6881,685.0,902.5325282574861,690.8578295169482,685.0
NE/total,728,2025-09-01,700.795,528.57416,588.18585,813.4042,873.0158,876.0,743.7625,673.76025,1008.2375,1078.2397,2148.0,700.6881,876.0,903.6633658133302,727.414306727922,875.9999999999999
NE/total,729,2025-10-01,700.795,528.57416,588.18585,813.4042,873.0158,737.0,549.988,450.98978,924.012,1023.01025,2151.0,700.6881,737.0,904.7942033691747,691.1889064304171,736.9999999999999
NE/total,730,2025-11-01,700.795,528.57416,588.18585,813.4042,873.0158,685.0,497.98795,398.98978,872.012,971.01025,2154.0,700.6881,685.0,905.9250409250185,689.5612001150449,685.0
NE/total,731,2025-12-01,700.795,528.57416,588.18585,813.4042,873.0158,876.0,688.988,589.98975,1063.0121,1162.0103,2157.0,700.6881,876.0,907.0558784808627,726.1159401598256,875.9999999999999
NH/total,750,2025-07-01,257.38022,185.59035,210.43933,304.32108,329.17007,242.0,164.07988,122.83145,319.92014,361.16855,2214.0,252.62674,242.0,1022.549032396637,257.6861247094508,242.00000000000003
NH/total,751,2025-08-01,284.07184,204.837,232.26297,335.8807,363.30667,281.0,203.07988,161.83145,358.92014,400.16855,2217.0,282.12662,281.0,1023.7712135386469,285.75550642588865,281.00000000000006
NH/total,752,2025-09-01,371.39053,267.8003,303.65652,439.12454,474.98074,462.0,384.07986,342.83145,539.9201,581.1685,2220.0,369.9901,462.0,1024.9933946806561,371.70225943579015,461.99999999999994
NH/total,753,2025-10-01,257.38022,185.59035,210.43933,304.32108,329.17007,242.0,131.8043,73.47023,352.1957,410.5298,2223.0,252.62674,242.0,1026.2155758226652,256.84169989494086,242.00000000000003
NH/total,754,2025-11-01,284.07184,204.837,232.26297,335.8807,363.30667,281.0,170.8043,112.47023,391.1957,449.5298,2226.0,282.12662,281.0,1027.437756964675,284.91271205053937,281.00000000000006
NH/total,755,2025-12-01,371.39053,267.8003,303.65652,439.12454,474.98077,462.0,351.8043,293.4702,572.1957,630.5298,2229.0,369.9901,462.0,1028.6599381066844,370.8584407444446,461.99999999999994
NJ/total,774,2025-07-01,1366.8242,1138.7197,1217.6747,1515.9736,1594.9286,1400.0,1156.0165,1026.8595,1643.9835,1773.1405,2286.0,1367.6611,1400.0,3959.335955801292,1369.0232509331515,1400.0
NJ/total,775,2025-08-01,1375.356,1145.8276,1225.2755,1525.4364,1604.8842,1511.0,1267.0165,1137.8595,1754.9835,1884.1405,2289.0,1374.9698,1511.0,3965.108045642495,1377.6292451868308,1511.0000000000002
NJ/total,776,2025-09-01,1874.4385,1561.6201,1669.8976,2078.9795,2187.2568,1901.0,1657.0165,1527.8595,2144.9834,2274.1406,2292.0,1874.6284,1901.0,3970.8801354837,1866.096864209811,1900.9999999999998
NJ/total,777,2025-10-01,1366.8242,1138.7197,1217.6747,1515.9736,1594.9286,1400.0,1054.9552,872.2996,1745.0448,1927.7004,2295.0,1367.6611,1400.0,3976.6522253249027,1371.8591616682286,1400.0
NJ/total,778,2025-11-01,1375.356,1145.8276,1225.2755,1525.4364,1604.8842,1511.0,1165.9552,983.2996,1856.0448,2038.7004,2298.0,1374.9698,1511.0,3982.4243151661058,1380.472515682261,1511.0000000000002
NJ/total,779,2025-12-01,1874.4385,1561.6201,1669.8976,2078.9795,2187.2568,1901.0,1555.9552,1373.2996,2246.0447,2428.7004,2301.0,1874.6284,1901.0,3988.1964050073084,1868.9354756347038,1900.9999999999998
NM/total,798,2025-07-01,289.1145,221.62685,244.9867,333.2423,356.60214,265.0,203.80037,171.40323,326.19965,358.59677,2358.0,298.68314,265.0,1033.3314752112694,290.67692457708677,265.00000000000006
NM/total,799,2025-08-01,277.2895,209.80183,233.16168,321.4173,344.77713,304.0,242.80037,210.40323,365.19965,397.59677,2361.0,298.68314,304.0,1034.4145698386192,284.25069820509026,304.0
NM/total,800,2025-09-01,329.7057,262.21802,285.57788,373.83347,397.19333,342.0,280.80035,248.40323,403.19965,435.59677,2364.0,298.68314,342.0,1035.497664465969,320.4025746458152,341.99999999999994
NM/total,801,2025-10-01,289.1145,221.62685,244.9867,333.2423,356.60214,265.0,178.45064,132.63419,351.54935,397.3658,2367.0,298.68314,265.0,1036.5807590933186,290.6043617351491,265.00000000000006
NM/total,802,2025-11-01,277.2895,209.80183,233.16168,321.4173,344.77713,304.0,217.45064,171.63419,390.54935,436.3658,2370.0,298.68314,304.0,1037.6638537206686,284.18051254770467,304.0
NM/total,803,2025-12-01,329.7057,262.21802,285.57788,373.83347,397.19333,342.0,255.45064,209.63419,428.54935,474.3658,2373.0,298.68314,342.0,1038.7469483480181,320.330889884743,341.99999999999994
NV/total,822,2025-07-01,392.68936,270.9004,313.05585,472.3229,514.47833,382.0,265.63327,204.03242,498.36673,559.9676,2430.0,392.86826,382.0,997.6532546354712,386.3462260149647,382.00000000000006
NV/total,823,2025-08-01,392.68936,270.9004,313.05585,472.3229,514.47833,392.0,275.63327,214.03242,508.36673,569.9676,2433.0,392.86826,392.0,998.5803520856448,386.3642222871691,392.00000000000006
NV/total,824,2025-09-01,392.68936,270.9004,313.05585,472.3229,514.47833,402.0,285.63327,224.03242,518.36676,579.9676,2436.0,392.86826,402.0,999.507449535819,400.25834343654253,402.0
NV/total,825,2025-10-01,392.68936,270.9004,313.05585,472.3229,514.47833,382.0,217.43257,130.31584,546.56744,633.68414,2439.0,392.86826,382.0,1000.4345469859925,386.95997864207317,382.00000000000006
NV/total,826,2025-11-01,392.68936,270.9004,313.05585,472.3229,514.47833,392.0,227.43257,140.31584,556.56744,643.68414,2442.0,392.86826,392.0,1001.3616444361662,386.98317419701505,392.00000000000006
NV/total,827,2025-12-01,392.68936,270.9004,313.05585,472.3229,514.47833,402.0,237.43257,150.31584,566.56744,653.68414,2445.0,392.86826,402.0,1002.2887418863402,400.8740107967834,402.0
NY/total,846,2025-07-01,3964.6685,3507.8982,3666.0024,4263.3345,4421.439,3682.0,3279.512,3066.4475,4084.488,4297.5522,2502.0,4036.4128,3682.0,20518.905359651842,4007.145220313737,3682.0
NY/total,847,2025-08-01,3996.8752,3536.3943,3695.7827,4297.9673,4457.356,4171.0,3768.512,3555.4475,4573.4883,4786.5522,2505.0,4046.5771,4171.0,20550.72296831056,4026.760932951124,4171.0
NY/total,848,2025-09-01,4741.244,4195.004,4384.0767,5098.411,5287.484,4869.0,4466.5117,4253.4478,5271.4883,5484.5522,2508.0,4840.6714,4869.0,20582.54057696927,4801.863398905453,4869.0
NY/total,849,2025-10-01,4065.751,3597.3347,3759.47,4372.0317,4534.167,3682.0,3112.796,2811.4773,4251.204,4552.5225,2511.0,4059.87,3682.0,20614.35818562798,4064.8888286131523,3682.0
NY/total,850,2025-11-01,4097.9575,3625.8308,3789.2505,4406.6646,4570.084,4171.0,3601.796,3300.4773,4740.204,5041.5225,2514.0,4070.0344,4171.0,20646.175794286697,4084.5386046916565,4171.0
NY/total,851,2025-12-01,4842.326,4284.4404,4477.5444,5207.108,5400.212,4869.0,4299.796,3998.4773,5438.204,5739.5225,2517.0,4864.129,4869.0,20677.99340294541,4859.619402418035,4869.0
OH/total,876,2025-07-01,5795.724,4587.468,5005.688,6585.7603,7003.9805,5587.0,4492.9316,3913.7668,6681.0684,7260.2334,2592.0,5676.2754,5587.0,-9753.146171167264,5713.607435167533,5587.000000000001
OH/total,877,2025-08-01,5787.3887,4580.87,4998.4883,6576.2886,6993.9067,5858.0,4763.9316,4184.7666,6952.0684,7531.2334,2595.0,5665.7275,5858.0,-9769.550924735951,5703.2429544422375,5858.0
OH/total,878,2025-09-01,6850.351,5422.2324,5916.5547,7784.147,8278.469,7036.0,5941.9316,5362.7666,8130.0684,8709.233,2598.0,6699.7476,7036.0,-9785.955678304632,6738.194789665346,7036.000000000001
OH/total,879,2025-10-01,5795.724,4587.468,5005.688,6585.7603,7003.9805,5587.0,4039.7537,3220.691,7134.2466,7953.309,2601.0,5676.2754,5587.0,-9802.360431873316,5710.84079751942,5587.000000000001
OH/total,880,2025-11-01,5787.3887,4580.87,4998.4883,6576.2886,6993.907,5858.0,4310.7534,3491.691,7405.2466,8224.31,2604.0,5665.7275,5858.0,-9818.765185442004,5700.460657725875,5858.0
OH/total,881,2025-12-01,6850.351,5422.2324,5916.5547,7784.147,8278.469,7036.0,5488.7534,4669.691,8583.246,9402.31,2607.0,6699.7476,7036.0,-9835.169939010686,6735.422375117346,7036.000000000001
OK/total,900,2025-07-01,1714.5564,1350.1051,1476.2545,1952.8583,2079.0076,1588.0,1323.1459,1182.9407,1852.8541,1993.0593,2664.0,1666.0239,1588.0,6417.976695674958,1692.078854990999,1588.0000000000002
OK/total,901,2025-08-01,1776.3009,1393.5735,1526.0488,2026.553,2159.0283,2050.0,1785.1459,1644.9407,2314.854,2455.0593,2667.0,1729.7819,2050.0,6427.224507221523,1755.077102946382,2050.0
OK/total,902,2025-09-01,2120.2222,1720.0522,1858.5652,2381.8792,2520.392,2190.0,1925.1459,1784.9407,2454.854,2595.0593,2670.0,2076.9597,2190.0,6436.4723187680875,2099.554834464573,2190.0
OK/total,903,2025-10-01,1714.5564,1297.6733,1441.9712,1987.1416,2131.4395,1588.0,1213.4397,1015.15955,1962.5603,2160.8406,2673.0,1666.0239,1588.0,6445.720130314652,1695.9747011289032,1588.0000000000002
OK/total,904,2025-11-01,1776.3009,1343.3492,1493.2091,2059.3928,2209.2524,2050.0,1675.4397,1477.1595,2424.5603,2622.8406,2676.0,1729.7819,2050.0,6454.967941861217,1759.009716120678,2050.0
OK/total,905,2025-12-01,2120.2222,1671.7773,1826.9999,2413.4443,2568.667,2190.0,1815.4397,1617.1595,2564.5603,2762.8406,2679.0,2076.9597,2190.0,6464.215753407781,2103.4642316599175,2190.0
OR/total,924,2025-07-01,603.139,246.48413,369.9349,836.343,959.79376,522.0,222.88597,64.54457,821.114,979.45544,2736.0,603.591,522.0,3673.6412379517533,580.7380669448098,522.0
OR/total,925,2025-08-01,603.139,246.48413,369.9349,836.343,959.79376,536.0,236.88597,78.54457,835.114,993.45544,2739.0,603.591,536.0,3678.449272674864,581.5408669354293,536.0000000000001
OR/total,926,2025-09-01,603.139,246.48413,369.9349,836.343,959.79376,651.0,351.88596,193.54457,950.114,1108.4554,2742.0,603.591,651.0,3683.257307397975,628.9052339443759,651.0000000000001
OR/total,927,2025-10-01,603.139,246.48413,369.9349,836.343,959.79376,522.0,98.988884,-124.939674,945.0111,1168.9397,2745.0,603.591,522.0,3688.065342121086,583.2233203441597,522.0
OR/total,928,2025-11-01,603.139,246.48413,369.9349,836.343,959.79376,536.0,112.988884,-110.939674,959.0111,1182.9397,2748.0,603.591,536.0,3692.8733768441975,584.0438154832377,536.0000000000001
OR/total,929,2025-12-01,603.139,246.48413,369.9349,836.343,959.79376,651.0,227.98888,4.060323,1074.0111,1297.9397,2751.0,603.591,651.0,3697.6814115673087,631.3970012099202,651.0000000000001
PA/total,948,2025-07-01,3253.9124,2520.3896,2774.2876,3733.537,3987.435,3255.0,2527.9497,2143.0725,3982.0503,4366.9272,2808.0,3204.6465,3255.0,16775.190520688484,3230.8753613315016,3255.0
PA/total,949,2025-08-01,3286.7937,2550.1848,2805.1511,3768.4365,4023.4028,3481.0,2753.9497,2369.0725,4208.0503,4592.9272,2811.0,3236.8594,3481.0,16800.662123561935,3265.098084888621,3481.0
PA/total,950,2025-09-01,4319.1426,3577.2334,3834.0342,4804.2505,5061.0513,4376.0,3648.9497,3264.0725,5103.0503,5487.9272,2814.0,4241.4365,4376.0,16826.133726435386,4261.458391483161,4376.0
PA/total,951,2025-10-01,3253.9124,2508.991,2766.8345,3740.9902,3998.8337,3255.0,2226.7957,1682.4972,4283.204,4827.503,2817.0,3204.6465,3255.0,16851.605329308837,3235.0989824544854,3255.0
PA/total,952,2025-11-01,3286.7937,2538.832,2797.728,3775.8596,4034.7556,3481.0,2452.7957,1908.4972,4509.204,5053.503,2820.0,3236.8594,3481.0,16877.076932182295,3269.3517606212895,3481.0
PA/total,953,2025-12-01,4319.1426,3565.959,3826.662,4811.6226,5072.3257,4376.0,3347.7957,2803.4973,5404.204,5948.503,2823.0,4241.4365,4376.0,16902.548535055743,4265.693074663117,4376.0
RI/total,972,2025-07-01,345.5646,261.5544,290.6333,400.4959,429.57477,303.0,245.9862,215.80493,360.0138,390.19507,2880.0,363.56177,303.0,-377.9080820801319,345.7886140323699,303.0
RI/total,973,2025-08-01,345.5646,260.55304,289.97855,401.15067,430.57614,373.0,315.9862,285.80493,430.0138,460.19507,2883.0,363.56177,373.0,-379.6265018206888,345.30638132989367,373.0
RI/total,974,2025-09-01,345.5646,259.56335,289.3314,401.7978,431.56586,320.0,262.9862,232.80493,377.0138,407.19507,2886.0,363.56177,320.0,-381.344921561245,362.06081045881956,320.0
RI/total,975,2025-10-01,345.5646,258.5849,288.69162,402.43756,432.54428,303.0,222.37033,179.68756,383.62967,426.31244,2889.0,363.56177,303.0,-383.0633413018019,345.70391282603606,303.0
RI/total,976,2025-11-01,345.5646,257.61734,288.05896,403.07022,433.51187,373.0,292.37033,249.68756,453.62967,496.31244,2892.0,363.56177,373.0,-384.7817610423586,345.2205156892368,373.0
RI/total,977,2025-12-01,345.5646,256.6603,287.4332,403.69598,434.4689,320.0,239.37033,196.68756,400.62967,443.31244,2895.0,363.56177,320.0,-386.5001807829156,361.9756785940125,320.0
SC/total,1002,2025-07-01,901.3205,688.51697,762.1758,1040.4652,1114.124,913.0,740.9902,649.9337,1085.0098,1176.0663,2970.0,885.5837,913.0,-2445.3390986657564,893.1710425177715,913.0000000000002
SC/total,1003,2025-08-01,932.15765,697.03076,778.41644,1085.8988,1167.2844,968.0,795.9902,704.9337,1140.0098,1231.0663,2973.0,919.92126,968.0,-2450.541553704952,926.5895350328623,968.0
SC/total,1004,2025-09-01,1136.3098,842.77386,944.37695,1328.2426,1429.8457,1073.0,900.9902,809.9337,1245.0098,1336.0663,2976.0,1120.2195,1073.0,-2455.7440087441473,1119.5666575714115,1073.0
SC/total,1005,2025-10-01,901.3205,636.01,727.8433,1074.7977,1166.631,913.0,669.7414,540.9681,1156.2587,1285.032,2979.0,885.5837,913.0,-2460.9464637833435,893.3575313030868,913.0000000000002
SC/total,1006,2025-11-01,932.15765,648.532,746.7048,1117.6105,1215.7833,968.0,724.7414,595.9681,1211.2587,1340.032,2982.0,919.92126,968.0,-2466.148918822539,926.7962401157517,968.0
SC/total,1007,2025-12-01,1136.3098,802.5756,918.0928,1354.5269,1470.044,1073.0,829.7414,700.9681,1316.2587,1445.032,2985.0,1120.2195,1073.0,-2471.3513738617357,1119.7606035179842,1073.0
SD/total,1026,2025-07-01,300.37003,222.24362,249.28592,351.45413,378.49643,296.0,223.91995,185.76306,368.08005,406.23694,3042.0,296.6921,296.0,890.8005904153886,292.63988154226496,296.00000000000006
SD/total,1027,2025-08-01,300.37003,222.24362,249.28592,351.45413,378.49643,335.0,262.91995,224.76306,407.08005,445.23694,3045.0,296.6921,335.0,890.9346372356458,292.5875851779697,335.00000000000006
SD/total,1028,2025-09-01,300.37003,222.24362,249.28592,351.45413,378.49643,291.0,218.91995,180.76306,363.08005,401.23694,3048.0,296.6921,291.0,891.0686840559032,301.9272711365507,291.0
SD/total,1029,2025-10-01,300.37003,222.24362,249.28592,351.45413,378.49643,296.0,194.06342,140.10144,397.93658,451.89856,3051.0,296.6921,296.0,891.2027308761606,292.79564261467493,296.00000000000006
SD/total,1030,2025-11-01,300.37003,222.24362,249.28592,351.45413,378.49643,335.0,233.06342,179.10144,436.93658,490.89856,3054.0,296.6921,335.0,891.3367776964177,292.7485494945616,335.00000000000006
SD/total,1031,2025-12-01,300.37003,222.24362,249.28592,351.45413,378.49643,291.0,189.06342,135.10144,392.93658,446.89856,3057.0,296.6921,291.0,891.4708245166751,302.0849513938106,291.0
TN/total,1050,2025-07-01,1746.0985,1511.3632,1592.6133,1899.5837,1980.8339,1759.0,1549.7523,1438.9833,1968.2477,2079.0168,3114.0,1787.4142,1759.0,4425.372244812176,1777.7462200981956,1759.0
TN/total,1051,2025-08-01,1724.5203,1489.7849,1571.035,1878.0055,1959.2556,1840.0,1630.7523,1519.9833,2049.2478,2160.0168,3117.0,1763.1471,1840.0,4430.874892751876,1754.3214417328131,1840.0
TN/total,1052,2025-09-01,2015.327,1780.5917,1861.8418,2168.8123,2250.0625,2050.0,1840.7523,1729.9833,2259.2478,2370.0168,3120.0,2046.335,2050.0,4436.377540691576,2039.306557107978,2050.0
TN/total,1053,2025-10-01,1746.0985,1511.3632,1592.6133,1899.5837,1980.8339,1759.0,1463.0791,1306.428,2054.921,2211.572,3123.0,1787.4142,1759.0,4441.880188631277,1779.0784154842845,1759.0
TN/total,1054,2025-11-01,1724.5203,1489.7848,1571.035,1878.0055,1959.2556,1840.0,1544.0791,1387.428,2135.921,2292.572,3126.0,1763.1471,1840.0,4447.382836570976,1755.6648503978647,1840.0
TN/total,1055,2025-12-01,2015.327,1780.5917,1861.8418,2168.8123,2250.0625,2050.0,1754.0791,1597.428,2345.921,2502.572,3129.0,2046.335,2050.0,4452.885484510676,2040.6428841226543,2050.0
TX/total,1074,2025-07-01,6070.223,5042.5596,5398.27,6742.177,7097.887,6259.0,5219.4146,4669.0913,7298.5854,7848.9087,3186.0,6148.1807,6259.0,13566.603358465012,6122.5595074525445,6259.000000000001
TX/total,1075,2025-08-01,6157.817,5130.153,5485.864,6829.77,7185.481,6721.0,5681.4146,5131.0913,7760.5854,8310.909,3189.0,6230.0005,6721.0,13586.508375709795,6209.38349589063,6721.000000000001
TX/total,1076,2025-09-01,7408.8716,6381.208,6736.9185,8080.825,8436.536,7602.0,6562.4146,6012.0913,8641.585,9191.909,3192.0,7492.4033,7602.0,13606.413392954571,7443.687514597719,7602.000000000001
TX/total,1077,2025-10-01,6070.223,5042.5596,5398.27,6742.177,7097.887,6259.0,4788.804,4010.5295,7729.196,8507.471,3195.0,6148.1807,6259.0,13626.31841019935,6131.212840858631,6259.000000000001
TX/total,1078,2025-11-01,6157.817,5130.153,5485.864,6829.77,7185.481,6721.0,5250.804,4472.53,8191.196,8969.471,3198.0,6230.0005,6721.0,13646.223427444127,6218.088403132252,6721.000000000001
TX/total,1079,2025-12-01,7408.8716,6381.208,6736.9185,8080.825,8436.536,7602.0,6131.804,5353.53,9072.195,9850.471,3201.0,7492.4033,7602.0,13666.128444688902,7452.359830389793,7602.000000000001
UT/total,1098,2025-07-01,485.45285,351.2653,397.71234,573.1934,619.64044,512.0,388.07166,322.46796,635.92834,701.53204,3258.0,513.69946,512.0,746.6640787370424,490.15622171930625,512.0
UT/total,1099,2025-08-01,489.7744,354.3923,401.2528,578.296,625.15656,508.0,384.07166,318.46796,631.92834,697.53204,3261.0,513.3849,508.0,746.19042873839,491.4110873909464,508.0
UT/total,1100,2025-09-01,595.9589,431.22556,488.24557,703.6723,760.69226,577.0,453.07166,387.46796,700.92834,766.53204,3264.0,543.8771,577.0,745.7167787397377,572.5035362864257,577.0000000000001
UT/total,1101,2025-10-01,485.45285,351.2653,397.7123,573.1934,619.64044,512.0,336.73886,243.96121,687.26117,780.03876,3267.0,513.69946,512.0,745.2431287410857,489.88950948241506,512.0
UT/total,1102,2025-11-01,489.7744,354.39227,401.2528,578.296,625.15656,508.0,332.73886,239.96121,683.26117,776.03876,3270.0,513.3849,508.0,744.7694787424334,491.1495117293344,508.0
UT/total,1103,2025-12-01,595.9589,431.22556,488.24557,703.6723,760.69226,577.0,401.73886,308.9612,752.26117,845.03876,3273.0,543.8771,577.0,744.2958287437817,572.2387185958544,577.0000000000001
VA/total,1122,2025-07-01,1732.7845,1074.284,1302.2142,2163.355,2391.2852,1726.0,1072.2765,726.2162,2379.7234,2725.7837,3330.0,1733.5194,1726.0,2850.6146699268793,1749.3618101768686,1726.0
VA/total,1123,2025-08-01,1683.8047,1043.9177,1265.4052,2102.2043,2323.6917,1895.0,1241.2765,895.2162,2548.7234,2894.7837,3333.0,1683.8712,1895.0,2853.313719690308,1698.9761949478561,1895.0
VA/total,1124,2025-09-01,2267.3347,1405.692,1703.9369,2830.7324,3128.9773,2593.0,1939.2765,1593.2162,3246.7234,3592.7837,3336.0,2268.558,2593.0,2856.012769453737,2257.041354342091,2593.0000000000005
VA/total,1125,2025-10-01,1732.7845,1074.284,1302.2142,2163.355,2391.2852,1726.0,801.49536,312.0922,2650.5046,3139.9077,3339.0,1733.5194,1726.0,2858.7118192171656,1747.90046467546,1726.0
VA/total,1126,2025-11-01,1683.8047,1043.9177,1265.4052,2102.2043,2323.6917,1895.0,970.49536,481.0922,2819.5046,3308.9077,3342.0,1683.8712,1895.0,2861.4108689805944,1697.5182046970601,1895.0
VA/total,1127,2025-12-01,2267.3347,1405.692,1703.9368,2830.7324,3128.9773,2593.0,1668.4954,1179.0922,3517.5046,4006.9077,3345.0,2268.558,2593.0,2864.1099187440236,2255.5812516351607,2593.0000000000005
VT/total,1146,2025-07-01,132.89146,91.27388,105.67919,160.10374,174.50906,147.0,109.37178,89.4526,184.62822,204.5474,3402.0,132.92278,147.0,1629.2195242220464,131.17024315184386,147.0
VT/total,1147,2025-08-01,132.89146,91.27387,105.679184,160.10374,174.50906,147.0,109.37178,89.4526,184.62822,204.5474,3405.0,132.92278,147.0,1630.1622440886151,130.54795776140747,147.0
VT/total,1148,2025-09-01,132.89146,91.27387,105.679184,160.10374,174.50906,161.0,123.37178,103.4526,198.62822,218.5474,3408.0,132.92278,161.0,1631.1049639551843,139.34960438067887,161.0
VT/total,1149,2025-10-01,132.89146,91.27387,105.679184,160.10374,174.50906,147.0,93.78566,65.615685,200.21434,228.38431,3411.0,132.92278,147.0,1632.0476838217528,131.0912269512159,147.0
VT/total,1150,2025-11-01,132.89146,91.27387,105.679184,160.10374,174.50906,147.0,93.78566,65.615685,200.21434,228.38431,3414.0,132.92278,147.0,1632.9904036883217,130.47096548743255,147.0
VT/total,1151,2025-12-01,132.89146,91.27387,105.679184,160.10374,174.50906,161.0,107.78566,79.615685,214.21434,242.38431,3417.0,132.92278,161.0,1633.9331235548902,139.2713360112271,161.0
WA/total,1170,2025-07-01,1011.635,669.8205,788.1345,1235.1355,1353.4495,878.0,628.79645,496.8761,1127.2035,1259.1239,3474.0,985.2655,878.0,-1536.7091046524913,964.7664304673983,878.0
WA/total,1171,2025-08-01,1011.635,669.8205,788.1345,1235.1355,1353.4495,1018.0,768.79645,636.8761,1267.2035,1399.1239,3477.0,988.1073,1018.0,-1541.1235103422148,964.636302562672,1018.0
WA/total,1172,2025-09-01,1011.635,669.8205,788.1345,1235.1355,1353.4495,1155.0,905.79645,773.8761,1404.2035,1536.1239,3480.0,1033.9697,1155.0,-1545.5379160319392,1058.452865638027,1155.0
WA/total,1173,2025-10-01,1011.635,669.8205,788.1345,1235.1355,1353.4495,878.0,525.573,339.0094,1230.427,1416.9906,3483.0,985.2655,878.0,-1549.9523217216629,963.8561542132246,878.0
WA/total,1174,2025-11-01,1011.635,669.8205,788.1345,1235.1355,1353.4495,1018.0,665.573,479.0094,1370.427,1556.9906,3486.0,988.1073,1018.0,-1554.3667274113873,963.7434146445007,1018.0
WA/total,1175,2025-12-01,1011.635,669.8205,788.1345,1235.1355,1353.4495,1155.0,802.573,616.0094,1507.427,1693.9906,3489.0,1033.9697,1155.0,-1558.7811331011108,1057.5490109507843,1155.0
WI/total,1194,2025-07-01,1318.4775,1080.4596,1162.846,1474.1091,1556.4955,1294.0,1070.1586,951.664,1517.8414,1636.336,3546.0,1326.5138,1294.0,4983.513696506054,1320.3661109498028,1294.0
WI/total,1195,2025-08-01,1372.3707,1124.6238,1210.3777,1534.3638,1620.1178,1450.0,1226.1586,1107.664,1673.8414,1792.336,3549.0,1383.3601,1450.0,4989.394781800276,1376.9806893294326,1450.0
WI/total,1196,2025-09-01,1616.2626,1324.487,1425.4808,1807.0443,1908.0381,1672.0,1448.1586,1329.664,1895.8414,2014.336,3552.0,1624.3256,1672.0,4995.275867094499,1616.480343728137,1672.0000000000002
WI/total,1197,2025-10-01,1318.4775,1080.4596,1162.846,1474.1091,1556.4955,1294.0,977.4403,809.8638,1610.5597,1778.1362,3555.0,1326.5138,1294.0,5001.15695238872,1321.5613714831993,1294.0
WI/total,1198,2025-11-01,1372.3707,1124.6238,1210.3777,1534.3638,1620.1178,1450.0,1133.4403,965.8638,1766.5597,1934.1362,3558.0,1383.3601,1450.0,5007.038037682943,1378.1908989405983,1450.0
WI/total,1199,2025-12-01,1616.2626,1324.487,1425.4808,1807.0443,1908.0381,1672.0,1355.4403,1187.8638,1988.5597,2156.1362,3561.0,1624.3256,1672.0,5012.919122977165,1617.6811130849765,1672.0000000000002
WV/total,1218,2025-07-01,515.9989,65.947464,221.72609,810.2717,966.05035,519.0,-261.38098,-674.4897,1299.381,1712.4897,3618.0,488.7178,519.0,958.4597578428373,414.3396338231403,519.0
WV/total,1219,2025-08-01,515.9989,-151.19992,79.74104,952.2568,1183.1978,505.0,-275.38098,-688.4897,1285.381,1698.4897,3621.0,488.43436,505.0,957.7751847339317,419.13608228331907,504.99999999999994
WV/total,1220,2025-09-01,515.9989,-341.78677,-44.877,1076.8748,1373.7845,516.0,-264.38098,-677.4897,1296.381,1709.4897,3624.0,518.2522,516.0,957.0906116250255,563.6516998233174,516.0
WV/total,1221,2025-10-01,515.9989,-525.1459,-164.76909,1196.7668,1557.1437,519.0,-584.62537,-1168.8494,1622.6254,2206.8494,3627.0,488.7178,519.0,956.4060385161202,411.0730664817838,519.0
WV/total,1222,2025-11-01,515.9989,-709.1975,-285.11395,1317.1118,1741.1953,505.0,-598.62537,-1182.8494,1608.6254,2192.8494,3630.0,488.43436,505.0,955.7214654072145,415.814922188655,504.99999999999994
WV/total,1223,2025-12-01,515.9989,-898.50323,-408.89435,1440.8921,1930.5011,516.0,-587.62537,-1171.8494,1619.6254,2203.8494,3633.0,518.2522,516.0,955.0368922983085,560.3649806457131,516.0
WY/total,1242,2025-07-01,104.878914,51.14383,69.74343,140.01439,158.614,120.0,43.63712,3.2130506,196.36288,236.78696,3690.0,106.07108,120.0,1796.1946555142351,107.17117489201686,120.00000000000001
WY/total,1243,2025-08-01,109.85095,56.11587,74.71547,144.98643,163.58603,133.0,56.63712,16.21305,209.36288,249.78696,3693.0,111.740486,133.0,1796.9189891186331,112.67228931551745,133.0
WY/total,1244,2025-09-01,156.76892,103.033844,121.633446,191.9044,210.50401,145.0,68.637115,28.21305,221.36288,261.78696,3696.0,153.17323,145.0,1797.6433227230316,152.67631869281644,145.0
WY/total,1245,2025-10-01,104.878914,51.14383,69.74343,140.01439,158.614,120.0,12.0065775,-45.161686,227.99342,285.16168,3699.0,106.07108,120.0,1798.3676563274294,107.27969764427536,120.00000000000001
WY/total,1246,2025-11-01,109.85095,56.115868,74.71547,144.98643,163.58603,133.0,25.006577,-32.161686,240.99342,298.16168,3702.0,111.740486,133.0,1799.0919899318274,112.7845387124759,133.0
WY/total,1247,2025-12-01,156.76892,103.033844,121.633446,191.90442,210.50401,145.0,37.006577,-20.161688,252.99342,310.16168,3705.0,153.17323,145.0,1799.8163235362258,152.78621613247702,145.0
AK/CNA,0,2025-07-01,50.83315,-17.147923,6.3827157,95.283585,118.814224,22.0,-6.109403,-20.989622,50.1094,64.989624,0.0,50.83315,22.0,392.2710756277421,49.77423185555966,21.999999999999993
AK/CNA,1,2025-08-01,50.83315,-35.66687,-5.726172,107.39247,137.33318,72.0,43.8906,29.010378,100.109406,114.989624,1.0,50.83315,72.0,393.595476980246,50.0836660146199,71.99999999999999
AK/CNA,2,2025-09-01,50.83315,-53.59703,-17.450075,119.11638,155.26334,46.0,17.890596,3.010378,74.109406,88.989624,2.0,50.83315,46.0,394.91987833275016,50.7358338289693,45.99999999999999
AK/CNA,3,2025-10-01,50.83315,-71.65067,-29.254715,130.92102,173.31697,22.0,-17.752699,-38.796505,61.752697,82.79651,3.0,50.83315,22.0,396.2442796852541,50.16109456704492,21.999999999999993
AK/CNA,4,2025-11-01,50.83315,-90.2502,-41.416294,143.0826,191.9165,72.0,32.247303,11.203493,111.7527,132.79651,4.0,50.83315,72.0,397.5686810377582,50.47309891621,71.99999999999999
AK/CNA,5,2025-12-01,50.83315,-109.69959,-54.133568,155.79987,211.36589,46.0,6.247301,-14.796507,85.7527,106.79651,5.0,50.83315,46.0,398.8930823902621,51.12364261869529,45.99999999999999
AK/LPN,6,2025-07-01,10.932892,0.8632563,4.348711,17.517073,21.002527,11.0,1.7628328,-3.1270282,20.237167,25.127028,6.0,10.932892,11.0,-261.7553812017144,11.17053038751335,10.999999999999996
AK/LPN,7,2025-08-01,10.932892,0.219851,3.928011,17.937773,21.645933,15.0,5.7628326,0.8729718,24.237167,29.127028,7.0,10.932892,15.0,-261.22311942690595,11.165879617660947,15.000000000000002
AK/LPN,8,2025-09-01,10.932892,-0.38704312,3.5311842,18.3346,22.252827,9.0,-0.23716725,-5.1270285,18.237167,23.127028,8.0,10.932892,9.0,-260.6908576520975,10.826838502524867,9.000000000000002
AK/LPN,9,2025-10-01,10.932892,-0.96301544,3.1545763,18.711208,22.8288,11.0,-2.0633273,-8.978635,24.063328,30.978636,9.0,10.932892,11.0,-260.15859587728914,11.354641450074887,10.999999999999996
AK/LPN,10,2025-11-01,10.932892,-1.51236,2.7953792,19.070404,23.378143,15.0,1.9366728,-4.978635,28.063328,34.978634,10.0,10.932892,15.0,-259.62633410248066,11.350975086223219,15.000000000000002
AK/LPN,11,2025-12-01,10.932892,-2.0384603,2.4513805,19.414404,23.904243,9.0,-4.0633273,-10.978635,22.063328,28.978636,11.0,10.932892,9.0,-259.0940723276722,11.011311980823546,9.000000000000002
AK/RN,12,2025-07-01,35.409367,-24.875805,-4.008988,74.82772,95.694534,18.0,-4.6194334,-16.59344,40.619434,52.593437,12.0,35.409367,18.0,249.25539525455088,33.73946048649245,17.999999999999993
AK/RN,13,2025-08-01,35.409367,-47.523964,-18.817823,89.63656,118.3427,50.0,27.380566,15.406562,72.61943,84.59344,13.0,35.409367,50.0,250.42106996151492,34.027038553354416,50.000000000000014
AK/RN,14,2025-09-01,35.409367,-71.20471,-34.301834,105.12057,142.02345,32.0,9.380567,-2.5934384,54.619434,66.59344,14.0,35.409367,32.0,251.58674466847896,35.84872175510593,31.999999999999996
AK/RN,15,2025-10-01,35.409367,-97.17281,-51.281464,122.1002,167.99155,18.0,-13.988709,-30.92251,49.98871,66.92251,15.0,35.409367,18.0,252.75241937544297,33.98898340352397,17.999999999999993
AK/RN,16,2025-11-01,35.409367,-126.37329,-70.374626,141.19336,197.19202,50.0,18.01129,1.0774903,81.98871,98.92251,16.0,35.409367,50.0,253.918094082407,34.27811185284568,50.000000000000014
AK/RN,17,2025-12-01,35.409367,-159.70195,-92.16707,162.9858,230.52069,32.0,0.011290329,-16.92251,63.98871,80.92251,17.0,35.409367,32.0,255.08376878937105,36.09881495351404,31.999999999999996
AL/CNA,24,2025-07-01,1137.3158,926.3789,999.39154,1275.2401,1348.2528,1158.0,964.5665,862.16907,1351.4335,1453.8309,24.0,1137.3158,1158.0,-1498.9677833264145,1132.2466609103474,1157.9999999999995
AL/CNA,25,2025-08-01,1176.255,965.31805,1038.3308,1314.1793,1387.192,1181.0,987.5665,885.16907,1374.4335,1476.8309,25.0,1176.255,1181.0,-1500.9398735603763,1170.846167372813,1181.0000000000002
AL/CNA,26,2025-09-01,1302.2313,1091.2943,1164.307,1440.1555,1513.1682,1255.0,1061.5665,959.16907,1448.4335,1550.8309,26.0,1302.2313,1255.0,-1502.9119637943386,1299.311628567357,1255.0000000000005
AL/CNA,27,2025-10-01,1137.3158,926.37885,999.39154,1275.2401,1348.2528,1158.0,884.4438,739.6319,1431.5562,1576.3682,27.0,1137.3158,1158.0,-1504.8840540283004,1132.4387472301457,1157.9999999999995
AL/CNA,28,2025-11-01,1176.255,965.31805,1038.3308,1314.1793,1387.192,1181.0,907.4438,762.6319,1454.5562,1599.3682,28.0,1176.255,1181.0,-1506.8561442622627,1171.0479573737916,1181.0000000000002
AL/CNA,29,2025-12-01,1302.2313,1091.2943,1164.307,1440.1555,1513.1682,1255.0,981.4438,836.6319,1528.5562,1673.3682,29.0,1302.2313,1255.0,-1508.8282344962247,1299.5072975855921,1255.0000000000005
AL/LPN,30,2025-07-01,231.65836,170.54611,191.6992,271.6175,292.7706,220.0,156.89958,123.49624,283.10043,316.50375,30.0,231.65836,220.0,-692.4189767932346,231.1527756706082,220.00000000000006
AL/LPN,31,2025-08-01,227.39992,167.41106,188.17531,266.6245,287.38876,234.0,170.89958,137.49623,297.10043,330.50375,31.0,227.39992,234.0,-692.637291260477,226.89179140815614,234.00000000000006
AL/LPN,32,2025-09-01,294.40207,216.73782,243.62015,345.184,372.0663,290.0,226.89958,193.49623,353.10043,386.50375,32.0,294.40207,290.0,-692.8556057277192,293.96892513417436,290.0
AL/LPN,33,2025-10-01,231.65836,170.54611,191.6992,271.6175,292.7706,220.0,130.76253,83.52307,309.23746,356.47693,33.0,231.65836,220.0,-693.0739201949614,231.2161682127478,220.00000000000006
AL/LPN,34,2025-11-01,227.39992,167.41106,188.17531,266.6245,287.38876,234.0,144.76253,97.52307,323.23746,370.47693,34.0,227.39992,234.0,-693.2922346622038,226.95652347647513,234.00000000000006
AL/LPN,35,2025-12-01,294.40207,216.73782,243.62015,345.184,372.0663,290.0,200.76253,153.52307,379.23746,426.47693,35.0,294.40207,290.0,-693.5105491294461,294.0328127106961,290.0
AL/RN,36,2025-07-01,193.80528,152.76218,166.96864,220.64194,234.8484,197.0,161.28806,142.3833,232.71194,251.6167,36.0,193.80528,197.0,-93.06073118613719,194.37473961541696,197.00000000000006
AL/RN,37,2025-08-01,194.818,153.77489,167.98135,221.65465,235.8611,196.0,160.28806,141.3833,231.71194,250.6167,37.0,194.818,196.0,-92.3003762066639,195.35750702075794,195.99999999999997
AL/RN,38,2025-09-01,244.17793,203.13481,217.34128,271.0146,285.22104,277.0,241.28806,222.3833,312.71194,331.6167,38.0,244.17793,277.0,-91.54002122719064,245.03382640153598,277.0
AL/RN,39,2025-10-01,193.80528,152.76218,166.96864,220.64194,234.8484,197.0,146.49568,119.760315,247.50432,274.2397,39.0,193.80528,197.0,-90.77966624771733,194.23035983260797,197.00000000000006
AL/RN,40,2025-11-01,194.818,153.77489,167.98134,221.65465,235.8611,196.0,145.49568,118.760315,246.50432,273.2397,40.0,194.818,196.0,-90.01931126824408,195.2140405433474,195.99999999999997
AL/RN,41,2025-12-01,244.17793,203.13481,217.34128,271.0146,285.22104,277.0,226.49568,199.76031,327.5043,354.2397,41.0,244.17793,277.0,-89.25895628877083,244.8897849377321,277.0
AR/CNA,48,2025-07-01,969.63324,817.67834,870.27527,1068.9911,1121.588,931.0,808.3964,743.494,1053.6035,1118.506,48.0,969.63324,931.0,1274.6179875768066,957.9123355421447,931.0000000000001
AR/CNA,49,2025-08-01,969.63324,817.67834,870.27527,1068.9911,1121.588,1022.0,899.3964,834.494,1144.6035,1209.506,49.0,969.63324,1022.0,1276.9633933730618,956.6577166978896,1022.0000000000002
AR/CNA,50,2025-09-01,969.63324,817.67834,870.27527,1068.9911,1121.588,1043.0,920.3964,855.494,1165.6035,1230.506,50.0,969.63324,1043.0,1279.3087991693174,979.5583898059549,1042.9999999999995
AR/CNA,51,2025-10-01,969.63324,817.67834,870.27527,1068.9911,1121.588,931.0,757.61237,665.8265,1104.3877,1196.1735,51.0,969.63324,931.0,1281.6542049655725,956.5926914847391,931.0000000000001
AR/CNA,52,2025-11-01,969.63324,817.67834,870.27527,1068.9911,1121.588,1022.0,848.61237,756.8265,1195.3877,1287.1735,52.0,969.63324,1022.0,1283.9996107618276,955.3549339202585,1022.0000000000002
AR/CNA,53,2025-12-01,969.63324,817.67834,870.27527,1068.9911,1121.588,1043.0,869.61237,777.8265,1216.3877,1308.1735,53.0,969.63324,1043.0,1286.345016558083,978.2449621227682,1042.9999999999995
AR/LPN,54,2025-07-01,228.85185,172.69196,192.13087,265.57285,285.01178,223.0,175.05525,149.67484,270.94473,296.32516,54.0,228.85185,223.0,-210.7671341431648,224.69239291940576,223.00000000000003
AR/LPN,55,2025-08-01,228.85185,172.69196,192.13087,265.57285,285.01178,256.0,208.05525,182.67484,303.94473,329.32516,55.0,228.85185,256.0,-210.2752926131481,224.40581638157465,256.00000000000006
AR/LPN,56,2025-09-01,228.85185,172.69196,192.13087,265.57285,285.01178,277.0,229.05525,203.67484,324.94473,350.32516,56.0,228.85185,277.0,-209.78345108313152,233.75377795694456,277.00000000000006
AR/LPN,57,2025-10-01,228.85185,172.69196,192.13087,265.57285,285.01178,223.0,155.19589,119.30257,290.8041,326.69745,57.0,228.85185,223.0,-209.29160955311477,224.8265594727327,223.00000000000003
AR/LPN,58,2025-11-01,228.85185,172.69196,192.13087,265.57285,285.01178,256.0,188.19589,152.30257,323.8041,359.69745,58.0,228.85185,256.0,-208.79976802309818,224.54283787647634,256.00000000000006
AR/LPN,59,2025-12-01,228.85185,172.69196,192.13087,265.57285,285.01178,277.0,209.19589,173.30257,344.8041,380.69745,59.0,228.85185,277.0,-208.30792649308148,233.88899544898334,277.00000000000006
AR/RN,60,2025-07-01,138.88889,98.14625,112.2487,165.52907,179.63153,119.0,93.285194,79.6726,144.7148,158.3274,60.0,138.88889,119.0,388.98131582691565,135.93643138395817,119.00000000000001
AR/RN,61,2025-08-01,140.42746,99.23348,113.492165,167.36276,181.62144,133.0,107.285194,93.6726,158.7148,172.3274,61.0,140.42746,133.0,390.47124060520446,137.1927900090028,133.0
AR/RN,62,2025-09-01,141.96603,100.320724,114.73563,169.19644,183.61136,177.0,151.2852,137.6726,202.7148,216.3274,62.0,141.96603,177.0,391.96116538349315,145.0984578993239,176.99999999999997
AR/RN,63,2025-10-01,143.50461,101.40796,115.97909,171.03014,185.60127,119.0,82.63377,63.382656,155.36623,174.61734,63.0,143.50461,119.0,393.45109016178196,140.21607705732004,119.00000000000001
AR/RN,64,2025-11-01,145.04318,102.49519,117.22255,172.86383,187.59119,133.0,96.63377,77.38266,169.36623,188.61734,64.0,145.04318,133.0,394.9410149400707,141.47515208882032,133.0
AR/RN,65,2025-12-01,146.58177,103.58242,118.466,174.69753,189.58112,177.0,140.63377,121.38266,213.36623,232.61734,65.0,146.58177,177.0,396.4309397183596,149.37912206314633,176.99999999999997
AZ/CNA,72,2025-07-01,516.43054,397.08246,438.39304,594.468,635.77856,531.0,441.23038,393.70923,620.7696,668.2908,72.0,516.43054,531.0,372.4569163198528,507.2003515207097,531.0
AZ/CNA,73,2025-08-01,516.43054,397.08246,438.39304,594.468,635.77856,485.0,395.23038,347.70923,574.7696,622.2908,73.0,516.43054,485.0,373.42717222731704,505.92974705721565,485.0000000000001
AZ/CNA,74,2025-09-01,516.43054,397.08246,438.39304,594.468,635.77856,520.0,430.23038,382.70923,609.7696,657.2908,74.0,516.43054,520.0,374.39742813478136,529.6716778366746,520.0000000000001
AZ/CNA,75,2025-10-01,516.43054,397.08246,438.39304,594.468,635.77856,531.0,404.0466,336.84152,657.9534,725.15845,75.0,516.43054,531.0,375.3676840422456,506.72603005725085,531.0
AZ/CNA,76,2025-11-01,516.43054,397.08246,438.39304,594.468,635.77856,485.0,358.0466,290.84152,611.9534,679.15845,76.0,516.43054,485.0,376.33793994970983,505.454195150294,485.0000000000001
AZ/CNA,77,2025-12-01,516.43054,397.08246,438.39304,594.468,635.77856,520.0,393.0466,325.84152,646.9534,714.15845,77.0,516.43054,520.0,377.30819585717416,529.1969032910513,520.0000000000001
AZ/LPN,78,2025-07-01,195.9068,144.48347,162.2829,229.5307,247.33012,165.0,120.278404,96.604225,209.72159,233.39578,78.0,195.9068,165.0,-187.99801714519822,192.11657352265794,164.99999999999997
AZ/LPN,79,2025-08-01,195.9068,144.48347,162.2829,229.5307,247.33012,192.0,147.27841,123.604225,236.72159,260.39578,79.0,195.9068,192.0,-187.51838665196152,191.65627399992403,191.99999999999994
AZ/LPN,80,2025-09-01,195.9068,144.48347,162.2829,229.5307,247.33012,223.0,178.27841,154.60422,267.7216,291.39578,80.0,195.9068,223.0,-187.03875615872462,201.94594853717362,223.00000000000009
AZ/LPN,81,2025-10-01,195.9068,144.48347,162.2829,229.5307,247.33012,165.0,101.75411,68.273766,228.24588,261.72623,81.0,195.9068,165.0,-186.5591256654878,192.00551618710836,164.99999999999997
AZ/LPN,82,2025-11-01,195.9068,144.48347,162.2829,229.5307,247.33012,192.0,128.75412,95.273766,255.24588,288.72623,82.0,195.9068,192.0,-186.079495172251,191.54076357521348,191.99999999999994
AZ/LPN,83,2025-12-01,195.9068,144.48347,162.2829,229.5307,247.33012,223.0,159.75412,126.273766,286.24588,319.72623,83.0,195.9068,223.0,-185.59986467901422,201.8332480316119,223.00000000000009
AZ/RN,84,2025-07-01,143.87988,101.19755,115.971405,171.78836,186.56223,174.0,144.90218,129.49873,203.09782,218.50127,84.0,143.87988,174.0,197.19662894031643,142.2104257602577,174.00000000000003
AZ/RN,85,2025-08-01,143.87988,100.643715,115.60927,172.1505,187.11606,129.0,99.90218,84.498726,158.09782,173.50127,85.0,143.87988,129.0,198.33010122728675,142.09226252924404,129.00000000000003
AZ/RN,86,2025-09-01,143.87988,100.096565,115.25151,172.50826,187.66321,134.0,104.90218,89.498726,163.09782,178.50127,86.0,143.87988,134.0,199.46357351425706,144.84725683940815,134.0
AZ/RN,87,2025-10-01,143.87988,99.555855,114.89796,172.86182,188.20392,174.0,132.84947,111.0657,215.15053,236.93431,87.0,143.87988,174.0,200.59704580122744,142.22564440961574,174.00000000000003
AZ/RN,88,2025-11-01,143.87988,99.021355,114.54847,173.2113,188.73842,129.0,87.84947,66.0657,170.15053,191.93431,88.0,143.87988,129.0,201.73051808819773,142.10559610474195,129.00000000000003
AZ/RN,89,2025-12-01,143.87988,98.492836,114.20289,173.55688,189.26694,134.0,92.84947,71.0657,175.15053,196.93431,89.0,143.87988,134.0,202.86399037516804,144.86177920063537,134.0
CA/CNA,96,2025-07-01,3715.0767,3022.7034,3262.3582,4167.7954,4407.4497,3304.0,2689.347,2363.9692,3918.653,4244.031,96.0,3715.0767,3304.0,-29849.1766241564,3758.5662229241043,3304.0000000000005
CA/CNA,97,2025-08-01,3626.4146,2829.9365,3105.6255,4147.203,4422.8926,3615.0,3000.347,2674.9692,4229.653,4555.031,97.0,3626.4146,3615.0,-29896.226996536723,3663.765207633445,3615.0
CA/CNA,98,2025-09-01,4280.6973,3358.198,3677.5073,4883.887,5203.1963,4398.0,3783.347,3457.9692,5012.653,5338.031,98.0,4280.6973,4398.0,-29943.277368917035,4329.080641216387,4397.999999999996
CA/CNA,99,2025-10-01,3715.0767,2707.7437,3056.417,4373.7363,4722.4097,3304.0,2434.7493,1974.5958,4173.2505,4633.4043,99.0,3715.0767,3304.0,-29990.32774129736,3771.218152862218,3304.0000000000005
CA/CNA,100,2025-11-01,3626.4146,2544.2246,2918.8086,4334.0205,4708.604,3615.0,2745.7493,2285.5957,4484.2505,4944.4043,100.0,3626.4146,3615.0,-30037.378113677674,3675.7592628733205,3615.0
CA/CNA,101,2025-12-01,4280.6973,3101.8228,3509.8728,5051.522,5459.572,4398.0,3528.7493,3068.5957,5267.2505,5727.4043,101.0,4280.6973,4398.0,-30084.428486057986,4341.489792338747,4397.999999999996
CA/LPN,102,2025-07-01,1550.6315,1339.2428,1412.4119,1688.8512,1762.0201,1493.0,1273.049,1156.6138,1712.951,1829.3862,102.0,1550.6315,1493.0,-14622.023624665067,1551.2229864591407,1492.9999999999993
CA/LPN,103,2025-08-01,1492.7549,1281.3661,1354.5352,1630.9745,1704.1436,1507.0,1287.049,1170.6138,1726.951,1843.3862,103.0,1492.7549,1507.0,-14644.5262153297,1493.5097450759915,1507.0000000000005
CA/LPN,104,2025-09-01,1791.6222,1580.2334,1653.4025,1929.8419,2003.011,1939.0,1719.049,1602.6138,2158.9512,2275.3862,104.0,1791.6222,1939.0,-14667.02880599433,1795.1505628845605,1939.0
CA/LPN,105,2025-10-01,1530.7533,1319.3646,1392.5337,1668.973,1742.1421,1493.0,1181.9421,1017.27814,1804.0579,1968.7219,105.0,1530.7533,1493.0,-14689.53139665896,1532.6917820800686,1492.9999999999993
CA/LPN,106,2025-11-01,1475.3641,1263.9755,1337.1445,1613.5839,1686.7529,1507.0,1195.9421,1031.2781,1818.0579,1982.7219,106.0,1475.3641,1507.0,-14712.033987323593,1477.3956825546222,1507.0000000000005
CA/LPN,107,2025-12-01,1772.6619,1561.273,1634.4421,1910.8817,1984.0508,1939.0,1627.9421,1463.2781,2250.0579,2414.722,107.0,1772.6619,1939.0,-14734.536577988221,1777.5112676734518,1939.0
CA/RN,108,2025-07-01,812.9591,668.6859,718.6239,907.29425,957.2323,799.0,690.51056,633.0797,907.48944,964.9203,108.0,812.9591,799.0,745.7767605411016,810.3966711285693,798.9999999999999
CA/RN,109,2025-08-01,787.4076,643.1344,693.0724,881.74274,931.6808,896.0,787.51056,730.0797,1004.48944,1061.9203,109.0,787.4076,896.0,747.7695767525556,784.9376189357642,895.9999999999998
CA/RN,110,2025-09-01,997.23773,852.96454,902.9026,1091.5729,1141.511,1085.0,976.51056,919.0797,1193.4895,1250.9203,110.0,997.23773,1085.0,749.7623929640097,998.9997492671116,1084.9999999999998
CA/RN,111,2025-10-01,812.9591,668.6859,718.6239,907.29425,957.2323,799.0,645.57275,564.3533,952.42725,1033.6467,111.0,812.9591,799.0,751.7552091754638,809.9885906050491,798.9999999999999
CA/RN,112,2025-11-01,787.4076,643.1344,693.0724,881.74274,931.6808,896.0,742.57275,661.3533,1049.4272,1130.6467,112.0,787.4076,896.0,753.7480253869179,784.5137161127856,895.9999999999998
CA/RN,113,2025-12-01,997.23773,852.96454,902.9026,1091.5729,1141.511,1085.0,931.57275,850.3533,1238.4272,1319.6467,113.0,997.23773,1085.0,755.7408415983721,998.585831486796,1084.9999999999998
CO/CNA,126,2025-07-01,609.4779,411.69308,480.15335,738.8024,807.2627,626.0,431.73386,328.89557,820.2662,923.10443,126.0,609.4779,626.0,-7428.482204970164,577.8987342860031,626.0000000000001
CO/CNA,127,2025-08-01,609.4779,385.87656,463.27286,755.683,833.0792,615.0,420.73386,317.89557,809.2662,912.10443,127.0,609.4779,615.0,-7439.881417805798,577.3028233603832,615.0000000000001
CO/CNA,128,2025-09-01,609.4779,362.58316,448.0421,770.9137,856.3726,608.0,413.73386,310.89557,802.2662,905.10443,128.0,609.4779,608.0,-7451.280630641433,626.3210324658862,607.9999999999998
CO/CNA,129,2025-10-01,609.4779,341.15387,434.03024,784.92554,877.80194,626.0,351.26617,205.83087,900.7338,1046.1692,129.0,609.4779,626.0,-7462.679843477068,579.0481692939849,626.0000000000001
CO/CNA,130,2025-11-01,609.4779,321.1717,420.9646,797.9912,897.7841,615.0,340.26617,194.83087,889.7338,1035.1692,130.0,609.4779,615.0,-7474.079056312703,578.4742126068445,615.0000000000001
CO/CNA,131,2025-12-01,609.4779,302.353,408.65973,810.2961,916.6028,608.0,333.26617,187.83087,882.7338,1028.1692,131.0,609.4779,608.0,-7485.478269148338,627.4785606329084,607.9999999999998
CO/LPN,132,2025-07-01,135.80833,87.52063,104.2347,167.38197,184.09605,148.0,72.419495,32.409595,223.5805,263.5904,132.0,135.80833,148.0,-2724.8653825033293,134.38419843495976,148.00000000000003
CO/LPN,133,2025-08-01,141.19873,76.02381,98.583145,183.81433,206.37366,155.0,79.419495,39.409595,230.5805,270.5904,133.0,141.19873,155.0,-2728.4666257382773,140.31409974862603,155.00000000000003
CO/LPN,134,2025-09-01,174.55862,89.42868,118.89514,230.2221,259.68857,172.0,96.419495,56.409595,247.5805,287.5904,134.0,174.55862,172.0,-2732.067868973226,173.24868153050554,171.99999999999997
CO/LPN,135,2025-10-01,135.80833,40.114365,73.23741,198.37927,231.50232,148.0,41.113026,-15.46952,254.88698,311.4695,135.0,135.80833,148.0,-2735.669112208174,134.86930467580362,148.00000000000003
CO/LPN,136,2025-11-01,141.19873,35.280468,71.942505,210.45497,247.117,155.0,48.113026,-8.46952,261.88696,318.4695,136.0,141.19873,155.0,-2739.2703554431228,140.80129371687795,155.00000000000003
CO/LPN,137,2025-12-01,174.55862,54.369507,95.97118,253.14607,294.74774,172.0,65.11303,8.53048,278.88696,335.4695,137.0,174.55862,172.0,-2742.8715986780703,173.73455519297318,171.99999999999997
CO/RN,138,2025-07-01,170.14207,94.969,120.989044,219.29512,245.31516,194.0,103.81795,56.07845,284.18207,331.92154,138.0,170.14207,194.0,-1647.0933389102697,165.75427230314025,194.00000000000003
CO/RN,139,2025-08-01,178.02058,99.721214,126.82337,229.21779,256.31995,209.0,118.81795,71.07845,299.18207,346.92154,139.0,178.02058,209.0,-1648.9880062637535,174.05569679630264,209.00000000000003
CO/RN,140,2025-09-01,227.15315,143.99722,172.78041,281.5259,310.30908,197.0,106.81795,59.07845,287.18207,334.92154,140.0,227.15315,197.0,-1650.882673617238,222.4937901927236,197.00000000000003
CO/RN,141,2025-10-01,170.14207,84.36795,114.05739,226.22676,255.9162,194.0,66.46332,-1.0505258,321.53668,389.05054,141.0,170.14207,194.0,-1652.777340970722,165.47691047689094,194.00000000000003
CO/RN,142,2025-11-01,178.02058,89.46312,120.11597,235.92519,266.57803,209.0,81.46332,13.949474,336.53668,404.05054,142.0,178.02058,209.0,-1654.6720083242058,173.78311693628862,209.00000000000003
CO/RN,143,2025-12-01,227.15315,134.22626,166.39153,287.9148,320.08005,197.0,69.46332,1.9494742,324.53668,392.05054,143.0,227.15315,197.0,-1656.56667567769,222.21819194240342,197.00000000000003
CT/CNA,150,2025-07-01,564.4435,423.966,472.59018,656.29675,704.9209,538.0,386.265,305.94135,689.735,770.05865,150.0,564.4435,538.0,-125.55760525990374,561.9146921983263,537.9999999999998
CT/CNA,151,2025-08-01,559.99554,420.62506,468.86606,651.125,699.366,552.0,400.265,319.94135,703.735,784.05865,151.0,559.99554,552.0,-125.37683064829159,557.752481124033,552.0
CT/CNA,152,2025-09-01,741.4153,556.8935,620.76294,862.0677,925.93713,696.0,544.265,463.94135,847.735,928.05865,152.0,741.4153,696.0,-125.19605603667954,737.1601845843221,696.0000000000002
CT/CNA,153,2025-10-01,564.4435,423.96597,472.59018,656.29675,704.9209,538.0,323.4143,209.81952,752.5857,866.1805,153.0,564.4435,538.0,-125.01528142506731,561.6364068537974,537.9999999999998
CT/CNA,154,2025-11-01,559.99554,420.62503,468.86606,651.125,699.366,552.0,337.4143,223.81952,766.5857,880.1805,154.0,559.99554,552.0,-124.83450681345512,557.481569702403,552.0
CT/CNA,155,2025-12-01,741.4153,556.8935,620.76294,862.0677,925.93713,696.0,481.4143,367.81952,910.5857,1024.1805,155.0,741.4153,696.0,-124.65373220184296,736.8846228134611,696.0000000000002
CT/LPN,156,2025-07-01,214.69559,153.05627,174.3918,254.99937,276.3349,223.0,154.3824,118.05844,291.61758,327.94156,156.0,214.69559,223.0,-427.93095021840765,214.4335819968914,222.99999999999994
CT/LPN,157,2025-08-01,214.18228,152.54297,173.8785,254.48607,275.8216,189.0,120.3824,84.05844,257.61758,293.94156,157.0,214.18228,189.0,-427.93559034289405,214.14528886878662,189.00000000000003
CT/LPN,158,2025-09-01,293.04535,231.40604,252.74156,333.34915,354.6847,258.0,189.3824,153.05844,326.61758,362.94156,158.0,293.04535,258.0,-427.9402304673806,291.33004703914196,257.99999999999994
CT/LPN,159,2025-10-01,214.69559,153.05626,174.3918,254.99937,276.33493,223.0,125.96007,74.590225,320.03995,371.40976,159.0,214.69559,223.0,-427.944870591867,214.25678804691793,222.99999999999994
CT/LPN,160,2025-11-01,214.18228,152.54295,173.8785,254.48607,275.8216,189.0,91.96007,40.590225,286.03995,337.40976,160.0,214.18228,189.0,-427.94951071635353,213.96530664273854,189.00000000000003
CT/LPN,161,2025-12-01,293.04535,231.40604,252.74156,333.34915,354.6847,258.0,160.96007,109.590225,355.03995,406.40976,161.0,293.04535,258.0,-427.95415084084016,291.1520778263807,257.99999999999994
CT/RN,162,2025-07-01,174.03484,133.81152,147.73422,200.33543,214.25813,196.0,159.59938,140.33006,232.40062,251.66994,162.0,174.03484,196.0,-215.14877875852116,173.056784955131,195.99999999999997
CT/RN,163,2025-08-01,167.01486,128.41402,141.77513,192.25458,205.61569,182.0,145.59938,126.330055,218.40062,237.66994,163.0,167.01486,182.0,-214.77621274631588,166.26578012263545,181.99999999999997
CT/RN,164,2025-09-01,216.64462,166.57324,183.90471,249.38454,266.716,184.0,147.59938,128.33006,220.40062,239.66994,164.0,216.64462,184.0,-214.40364673411062,215.46550129418296,184.00000000000003
CT/RN,165,2025-10-01,174.03484,133.81152,147.73422,200.33543,214.25815,196.0,144.52174,117.27081,247.47826,274.7292,165.0,174.03484,196.0,-214.0310807219053,173.14157862866097,195.99999999999997
CT/RN,166,2025-11-01,167.01486,128.41402,141.77512,192.2546,205.61569,182.0,130.52174,103.27081,233.47826,260.7292,166.0,167.01486,182.0,-213.65851470969994,166.3491818157059,181.99999999999997
CT/RN,167,2025-12-01,216.64462,166.57324,183.90471,249.38454,266.716,184.0,132.52174,105.27081,235.47826,262.7292,167.0,216.64462,184.0,-213.28594869749466,215.54978074321477,184.00000000000003
DC/CNA,174,2025-07-01,36.97221,19.652367,25.647371,48.297043,54.29205,31.0,11.715797,1.5073566,50.284203,60.492645,174.0,36.97221,31.0,-228.46883251334813,36.73994603952889,30.999999999999993
DC/CNA,175,2025-08-01,36.02415,19.148432,24.989712,47.058594,52.89987,37.0,17.715797,7.5073566,56.284203,66.492645,175.0,36.02415,37.0,-228.4124244920066,36.1265770396756,36.99999999999999
DC/CNA,176,2025-09-01,51.729042,27.496277,35.88409,67.574,75.96181,40.0,20.715797,10.507357,59.284203,69.492645,176.0,51.729042,40.0,-228.35601647066517,50.80176611218503,40.00000000000001
DC/CNA,177,2025-10-01,36.97221,19.652365,25.647371,48.297043,54.29205,31.0,3.7280185,-10.708897,58.27198,72.70889,177.0,36.97221,31.0,-228.29960844932367,36.83879561056389,30.999999999999993
DC/CNA,178,2025-11-01,36.02415,19.148432,24.989712,47.058594,52.89987,37.0,9.728019,-4.708896,64.27198,78.70889,178.0,36.02415,37.0,-228.24320042798206,36.225070586043444,36.99999999999999
DC/CNA,179,2025-12-01,51.729042,27.496277,35.884087,67.574,75.96181,40.0,12.728019,-1.7088963,67.27198,81.70889,179.0,51.729042,40.0,-228.18679240664068,50.90048355818276,40.00000000000001
DC/LPN,180,2025-07-01,7.185349,-1.3521509,1.6029779,12.76772,15.722849,6.0,-5.5509033,-11.665583,17.550903,23.665583,180.0,7.185349,6.0,-229.18398704705717,7.207052387691592,5.999999999999998
DC/LPN,181,2025-08-01,6.7618775,-1.2724614,1.5085057,12.015249,14.796216,6.0,-5.5509033,-11.665583,17.550903,23.665583,181.0,6.7618775,6.0,-228.96260737398222,6.87822907347023,6.000000000000003
DC/LPN,182,2025-09-01,13.768489,-2.5909772,3.071609,24.46537,30.127956,12.0,0.44909647,-5.6655827,23.550903,29.665583,182.0,13.768489,12.0,-228.7412277009072,13.509786534386787,11.999999999999995
DC/LPN,183,2025-10-01,7.185349,-1.3521514,1.6029775,12.76772,15.722849,6.0,-10.335444,-18.982906,22.335443,30.982906,183.0,7.185349,6.0,-228.5198480278322,7.207384725218495,5.999999999999998
DC/LPN,184,2025-11-01,6.7618775,-1.2724619,1.5085053,12.015249,14.796217,6.0,-10.335444,-18.982906,22.335443,30.982906,184.0,6.7618775,6.0,-228.29846835475735,6.878113670499594,6.000000000000003
DC/LPN,185,2025-12-01,13.768489,-2.5909777,3.0716088,24.46537,30.127956,12.0,-4.3354445,-12.982906,28.335443,36.982906,185.0,13.768489,12.0,-228.07708868168226,13.50995354403026,11.999999999999995
DC/RN,186,2025-07-01,18.572084,6.0480366,10.38305,26.761118,31.09613,16.0,1.1333708,-6.7365475,30.866629,38.736546,186.0,18.572084,16.0,-190.7603343211462,18.392990929020193,16.000000000000004
DC/RN,187,2025-08-01,18.933382,6.165694,10.58504,27.281725,31.701069,18.0,3.1333706,-4.7365475,32.86663,40.736546,187.0,18.933382,18.0,-190.53136920972548,18.91584000953663,17.999999999999996
DC/RN,188,2025-09-01,28.403894,9.249785,15.879696,40.928093,47.558002,19.0,4.133371,-3.7365475,33.86663,41.736546,188.0,28.403894,19.0,-190.3024040983046,27.895049098321415,19.000000000000004
DC/RN,189,2025-10-01,18.572084,6.048036,10.383049,26.761118,31.09613,16.0,-5.0245886,-16.154333,37.02459,48.154335,189.0,18.572084,16.0,-190.073438986884,18.5413367407765,16.000000000000004
DC/RN,190,2025-11-01,18.933382,6.1656938,10.585039,27.281725,31.70107,18.0,-3.0245888,-14.154334,39.02459,50.154335,190.0,18.933382,18.0,-189.84447387546322,19.065018813776938,17.999999999999996
DC/RN,191,2025-12-01,28.403894,9.249785,15.879696,40.928093,47.558002,19.0,-2.0245888,-13.154334,40.02459,51.154335,191.0,28.403894,19.0,-189.61550876404246,28.043701345279636,19.000000000000004
DE/CNA,198,2025-07-01,149.41255,92.02618,111.88962,186.93549,206.79892,148.0,95.85906,68.257324,200.14093,227.74268,198.0,149.41255,148.0,5.717090019811636,143.21023075535228,148.00000000000003
DE/CNA,199,2025-08-01,149.41255,92.02618,111.88962,186.93549,206.79892,158.0,105.85906,78.257324,210.14093,237.74268,199.0,149.41255,158.0,6.120705827954289,145.03978661077468,158.00000000000003
DE/CNA,200,2025-09-01,149.41255,92.02618,111.88962,186.93549,206.79892,169.0,116.85906,89.257324,221.14093,248.74268,200.0,149.41255,169.0,6.5243216360968646,159.41718134093782,169.0
DE/CNA,201,2025-10-01,149.41255,92.02618,111.88962,186.93549,206.79892,148.0,74.26158,35.226826,221.73842,260.77316,201.0,149.41255,148.0,6.9279374442395785,143.18888626272306,148.00000000000003
DE/CNA,202,2025-11-01,149.41255,92.02618,111.88962,186.93549,206.79892,158.0,84.26158,45.226826,231.73842,270.77316,202.0,149.41255,158.0,7.33155325238214,145.01760928154536,158.00000000000003
DE/CNA,203,2025-12-01,149.41255,92.02618,111.88962,186.93549,206.79892,169.0,95.26158,56.226826,242.73842,281.77316,203.0,149.41255,169.0,7.735169060524765,159.39552922989353,169.0
DE/LPN,204,2025-07-01,36.536423,16.929739,23.716301,49.356544,56.14311,48.0,26.147312,14.579199,69.852684,81.4208,204.0,36.536423,48.0,-334.18196829677544,37.052711797655206,48.0
DE/LPN,205,2025-08-01,36.62716,16.971783,23.775198,49.47912,56.282536,39.0,17.147312,5.579199,60.852688,72.4208,205.0,36.62716,39.0,-334.13329106826336,37.585078754316115,39.00000000000001
DE/LPN,206,2025-09-01,55.561928,25.745512,36.06602,75.05784,85.37834,54.0,32.147312,20.579199,75.852684,87.4208,206.0,55.561928,54.0,-334.0846138397512,55.29877016709599,53.999999999999986
DE/LPN,207,2025-10-01,36.536423,16.929737,23.716301,49.35655,56.14311,48.0,17.095633,0.73584956,78.904366,95.26415,207.0,36.536423,48.0,-334.03593661123915,37.15074244106093,48.0
DE/LPN,208,2025-11-01,36.62716,16.97178,23.775198,49.47912,56.282536,39.0,8.0956335,-8.264151,69.904366,86.26415,208.0,36.62716,39.0,-333.98725938272696,37.68310749778538,39.00000000000001
DE/LPN,209,2025-12-01,55.561928,25.74551,36.06602,75.05784,85.37834,54.0,23.095633,6.7358494,84.904366,101.26415,209.0,55.561928,54.0,-333.9385821542147,55.39679947691673,53.999999999999986
DE/RN,210,2025-07-01,35.91345,19.320124,25.063656,46.76324,52.50677,30.0,9.700257,-1.0457774,50.299744,61.045776,210.0,35.91345,30.0,-359.5166068732357,35.85904142454502,29.999999999999996
DE/RN,211,2025-08-01,42.140766,22.670193,29.409641,54.871887,61.611336,43.0,22.700256,11.954223,63.299744,74.04578,211.0,42.140766,43.0,-359.4936373912003,42.41159309484628,43.000000000000014
DE/RN,212,2025-09-01,51.565636,27.740429,35.98717,67.1441,75.39084,47.0,26.700256,15.954223,67.29974,78.04578,212.0,51.565636,47.0,-359.47066790916506,50.9868775352664,47.00000000000001
DE/RN,213,2025-10-01,35.91345,19.320124,25.063656,46.76324,52.50677,30.0,1.2918285,-13.905359,58.70817,73.90536,213.0,35.91345,30.0,-359.4476984271298,35.80202665501268,29.999999999999996
DE/RN,214,2025-11-01,42.140766,22.670193,29.409641,54.871887,61.611336,43.0,14.291828,-0.90535957,71.70817,86.90536,214.0,42.140766,43.0,-359.4247289450943,42.3535396189151,43.000000000000014
DE/RN,215,2025-12-01,51.565636,27.740427,35.98717,67.1441,75.39084,47.0,18.291828,3.0946405,75.70817,90.90536,215.0,51.565636,47.0,-359.40175946305897,50.92947946985872,47.00000000000001
FL/CNA,222,2025-07-01,3024.7942,2445.866,2646.2534,3403.3347,3603.7222,3017.0,2500.1104,2226.4854,3533.8896,3807.5146,222.0,3024.7942,3017.0,-3481.8042877799257,2995.3114912923807,3017.000000000001
FL/CNA,223,2025-08-01,3051.9639,2473.036,2673.4233,3430.5046,3630.892,3081.0,2564.1104,2290.4854,3597.8896,3871.5146,223.0,3051.9639,3081.0,-3487.021681342526,3023.9103095398345,3081.0000000000005
FL/CNA,224,2025-09-01,3740.5115,3161.5835,3361.9707,4119.0522,4319.4395,3889.0,3372.1104,3098.4854,4405.8896,4679.5146,224.0,3740.5115,3889.0,-3492.239074905126,3703.943344026487,3889.0
FL/CNA,225,2025-10-01,3024.7942,2445.866,2646.2534,3403.3347,3603.7222,3017.0,2286.0076,1899.0436,3747.9924,4134.9565,225.0,3024.7942,3017.0,-3497.456468467726,2992.8787394726614,3017.000000000001
FL/CNA,226,2025-11-01,3051.9639,2473.036,2673.4233,3430.5046,3630.892,3081.0,2350.0076,1963.0436,3811.9924,4198.9565,226.0,3051.9639,3081.0,-3502.6738620303263,3021.5167212669917,3081.0000000000005
FL/CNA,227,2025-12-01,3740.5115,3161.5835,3361.9707,4119.0522,4319.4395,3889.0,3158.0076,2771.0435,4619.992,5006.9565,227.0,3740.5115,3889.0,-3507.891255592926,3701.525056062059,3889.0
FL/LPN,228,2025-07-01,986.2725,781.04596,852.0821,1120.463,1191.4991,1027.0,839.66473,740.4955,1214.3352,1313.5045,228.0,986.2725,1027.0,-4519.050634253636,989.8004553937484,1027.0000000000002
FL/LPN,229,2025-08-01,1005.3232,786.6929,862.36847,1148.2778,1223.9535,1038.0,850.66473,751.4955,1225.3352,1324.5045,229.0,1005.3232,1038.0,-4525.641978985283,1009.8342353680297,1038.0
FL/LPN,230,2025-09-01,1212.9414,976.12646,1058.0964,1367.7864,1449.7565,1246.0,1058.6648,959.4955,1433.3352,1532.5045,230.0,1212.9414,1246.0,-4532.233323716929,1212.187076333653,1245.9999999999995
FL/LPN,231,2025-10-01,986.2725,738.14307,824.0294,1148.5156,1234.402,1027.0,762.06793,621.8214,1291.932,1432.1786,231.0,986.2725,1027.0,-4538.824668448575,990.8615822461971,1027.0000000000002
FL/LPN,232,2025-11-01,1005.3232,745.95044,835.72845,1174.9178,1264.6959,1038.0,773.06793,632.8214,1302.932,1443.1786,232.0,1005.3232,1038.0,-4545.416013180221,1010.8819799935235,1038.0
FL/LPN,233,2025-12-01,1212.9414,938.0008,1033.1675,1392.7155,1487.8821,1246.0,981.06793,840.8214,1510.932,1651.1786,233.0,1212.9414,1246.0,-4552.007357911868,1213.2432617055297,1245.9999999999995
FL/RN,234,2025-07-01,939.348,764.1148,824.76917,1053.9269,1114.5812,953.0,801.5343,721.3532,1104.4657,1184.6469,234.0,939.348,953.0,-1349.622296349042,926.0175519063112,952.9999999999998
FL/RN,235,2025-08-01,957.80695,779.1303,840.97656,1074.6373,1136.4836,962.0,810.5343,730.3532,1113.4657,1193.6469,235.0,957.80695,962.0,-1351.1759922364213,946.3231546912015,962.0000000000002
FL/RN,236,2025-09-01,1163.5146,946.4637,1021.59265,1305.4365,1380.5656,1194.0,1042.5343,962.3532,1345.4657,1425.6469,236.0,1163.5146,1194.0,-1352.7296881238008,1150.3956850588945,1194.0
FL/RN,237,2025-10-01,939.348,764.1148,824.76917,1053.9269,1114.5812,953.0,738.79517,625.402,1167.2048,1280.598,237.0,939.348,953.0,-1354.28338401118,924.5918763664338,952.9999999999998
FL/RN,238,2025-11-01,957.80695,779.1303,840.97656,1074.6373,1136.4836,962.0,747.79517,634.402,1176.2048,1289.598,238.0,957.80695,962.0,-1355.837079898559,944.899977924315,962.0000000000002
FL/RN,239,2025-12-01,1163.5146,946.4637,1021.59265,1305.4366,1380.5656,1194.0,979.79517,866.402,1408.2048,1521.598,239.0,1163.5146,1194.0,-1357.3907757859386,1148.9709337834915,1194.0
GA/CNA,246,2025-07-01,1391.6917,1115.5735,1211.1477,1572.2355,1667.8097,1388.0,1156.3344,1033.698,1619.6656,1742.302,246.0,1391.6917,1388.0,6028.024900886419,1404.7876154617954,1388.0
GA/CNA,247,2025-08-01,1362.0265,976.0687,1109.6622,1614.3907,1747.9843,1536.0,1304.3344,1181.698,1767.6656,1890.302,247.0,1362.0265,1536.0,6037.863061981483,1374.3674592171822,1536.0
GA/CNA,248,2025-09-01,1513.262,1023.73285,1193.176,1833.3478,2002.791,1512.0,1280.3344,1157.698,1743.6656,1866.302,248.0,1513.262,1512.0,6047.701223076547,1526.1706401198367,1512.0
GA/CNA,249,2025-10-01,1391.6917,828.4727,1023.42255,1759.9607,1954.9105,1388.0,1060.3754,886.9413,1715.6246,1889.0587,249.0,1391.6917,1388.0,6057.53938417161,1403.5625680304631,1388.0
GA/CNA,250,2025-11-01,1362.0265,735.795,952.5557,1771.4973,1988.258,1536.0,1208.3754,1034.9413,1863.6246,2037.0587,250.0,1362.0265,1536.0,6067.377545266674,1373.1602937451048,1536.0
GA/CNA,251,2025-12-01,1513.262,816.3978,1057.6069,1968.9169,2210.126,1512.0,1184.3754,1010.9413,1839.6246,2013.0587,251.0,1513.262,1512.0,6077.215706361739,1524.9521694623716,1512.0
GA/LPN,252,2025-07-01,483.05853,381.98587,416.97067,549.1464,584.13116,438.0,353.60596,308.93048,522.39404,567.0695,252.0,483.05853,438.0,1554.5197074844298,485.12300249960356,437.99999999999994
GA/LPN,253,2025-08-01,487.59753,384.24463,420.0187,555.17633,590.95044,515.0,430.60596,385.93048,599.39404,644.0695,253.0,487.59753,515.0,1557.5341053604843,489.74346330457615,514.9999999999999
GA/LPN,254,2025-09-01,570.4178,464.8339,501.3802,639.4554,676.00165,578.0,493.60596,448.93048,662.39404,707.0695,254.0,570.4178,578.0,1560.5485032365386,571.4005035687071,578.0
GA/LPN,255,2025-10-01,483.05853,375.28983,412.59238,553.5247,590.8272,438.0,318.6488,255.46812,557.3512,620.53186,255.0,483.05853,438.0,1563.5629011125932,485.0745461669508,437.99999999999994
GA/LPN,256,2025-11-01,487.59753,377.68744,415.73117,559.46387,597.5076,515.0,395.6488,332.4681,634.3512,697.53186,256.0,487.59753,515.0,1566.5772989886475,489.69280907060977,514.9999999999999
GA/LPN,257,2025-12-01,570.4178,458.40723,497.178,643.65753,682.42834,578.0,458.6488,395.4681,697.3512,760.53186,257.0,570.4178,578.0,1569.5916968647016,571.3512334008641,578.0
GA/RN,258,2025-07-01,277.54678,226.66585,244.27753,310.81604,328.4277,247.0,205.05138,182.84512,288.94864,311.15488,258.0,277.54678,247.0,1688.7708175064508,278.0079746832592,247.00000000000003
GA/RN,259,2025-08-01,275.50684,224.99986,242.4821,308.53156,326.01376,303.0,261.05136,238.84512,344.94864,367.15488,259.0,275.50684,303.0,1692.023775735461,276.0010670010491,303.0000000000001
GA/RN,260,2025-09-01,329.34183,268.96564,289.86398,368.8197,389.71805,315.0,273.05136,250.84512,356.94864,379.15488,260.0,329.34183,315.0,1695.276733964471,330.362659398144,315.00000000000006
GA/RN,261,2025-10-01,287.85687,235.08586,253.35176,322.362,340.6279,247.0,187.67569,156.27129,306.3243,337.7287,261.0,287.85687,247.0,1698.529692193481,287.88687959386544,247.00000000000003
GA/RN,262,2025-11-01,285.81693,233.41988,251.55634,320.0775,338.21396,303.0,243.67569,212.27129,362.3243,393.7287,262.0,285.81693,303.0,1701.7826504224902,285.87868391882654,303.0000000000001
GA/RN,263,2025-12-01,339.65195,277.38565,298.9382,380.36566,401.9182,315.0,255.67569,224.27129,374.3243,405.7287,263.0,339.65195,315.0,1705.0356086515005,340.2411209794145,315.00000000000006
HI/CNA,270,2025-07-01,60.591766,19.848341,33.951073,87.23246,101.33519,50.0,-8.833847,-39.978603,108.83385,139.9786,270.0,60.591766,50.0,291.7266947943855,62.60429075810831,50.00000000000001
HI/CNA,271,2025-08-01,52.562065,17.218012,29.45183,75.672295,87.90611,68.0,9.166153,-21.978603,126.83385,157.9786,271.0,52.562065,68.0,292.41317952974714,54.972009540481594,67.99999999999997
HI/CNA,272,2025-09-01,104.37307,34.19,58.482826,150.26332,174.55614,61.0,2.1661532,-28.978603,119.83385,150.9786,272.0,104.37307,61.0,293.09966426510874,101.36069767737257,60.99999999999999
HI/CNA,273,2025-10-01,60.591766,19.84834,33.951073,87.23246,101.33519,50.0,-33.203625,-77.24896,133.20363,177.24896,273.0,60.591766,50.0,293.78614900047046,62.98888291778442,50.00000000000001
HI/CNA,274,2025-11-01,52.562065,17.21801,29.45183,75.672295,87.90611,68.0,-15.203624,-59.248962,151.20363,195.24896,274.0,52.562065,68.0,294.472633735832,55.356975949395135,67.99999999999997
HI/CNA,275,2025-12-01,104.37307,34.189995,58.482826,150.26332,174.55614,61.0,-22.203625,-66.24896,144.20363,188.24896,275.0,104.37307,61.0,295.15911847119366,101.74542592323823,60.99999999999999
HI/LPN,276,2025-07-01,7.6481843,1.5354741,3.6512978,11.645071,13.760895,6.0,-1.7702521,-5.883575,13.770252,17.883575,276.0,7.6481843,6.0,-167.36035306184198,7.818632717358593,6.000000000000002
HI/LPN,277,2025-08-01,10.571105,4.4583945,6.5742188,14.567991,16.683815,14.0,6.229748,2.1164248,21.770252,25.883575,277.0,10.571105,14.0,-167.08701507816778,10.784039035889181,13.999999999999996
HI/LPN,278,2025-09-01,14.921067,8.808356,10.92418,18.917953,21.033777,12.0,4.229748,0.11642488,19.770252,23.883575,278.0,14.921067,12.0,-166.81367709449364,14.730356025199194,12.000000000000002
HI/LPN,279,2025-10-01,7.6481843,1.5354737,3.6512976,11.645071,13.760895,6.0,-4.9887958,-10.805913,16.988796,22.805914,279.0,7.6481843,6.0,-166.5403391108196,7.775361364970183,6.000000000000002
HI/LPN,280,2025-11-01,10.571105,4.4583945,6.5742183,14.567992,16.683815,14.0,3.011204,-2.8059132,24.988796,30.805914,280.0,10.571105,14.0,-166.26700112714514,10.740653549475075,13.999999999999996
HI/LPN,281,2025-12-01,14.921067,8.808356,10.92418,18.917953,21.033777,12.0,1.0112041,-4.805913,22.988796,28.805914,281.0,14.921067,12.0,-165.993663143471,14.687042807499418,12.000000000000002
HI/RN,282,2025-07-01,32.923557,15.594961,21.592999,44.25412,50.252155,23.0,-0.2922965,-12.622494,46.292297,58.622494,282.0,32.923557,23.0,-149.9488460578048,32.86837987717321,23.0
HI/RN,283,2025-08-01,30.63761,13.309012,19.307049,41.96817,47.966206,35.0,11.707704,-0.62249345,58.292297,70.62249,283.0,30.63761,35.0,-149.69773073479615,30.696851329827627,35.0
HI/RN,284,2025-09-01,48.14878,30.820183,36.81822,59.479343,65.47738,35.0,11.707704,-0.62249345,58.292297,70.62249,284.0,48.14878,35.0,-149.4466154117872,47.24674349846295,35.0
HI/RN,285,2025-10-01,32.923557,15.59496,21.592997,44.25412,50.252155,23.0,-9.940282,-27.377813,55.94028,73.377815,285.0,32.923557,23.0,-149.1955000887784,32.747233463738695,23.0
HI/RN,286,2025-11-01,30.63761,13.309011,19.307049,41.96817,47.96621,35.0,2.0597184,-15.377813,67.940285,85.377815,286.0,30.63761,35.0,-148.9443847657696,30.574876183211646,35.0
HI/RN,287,2025-12-01,48.14878,30.820183,36.81822,59.479343,65.47738,35.0,2.0597184,-15.377813,67.940285,85.377815,287.0,48.14878,35.0,-148.69326944276096,47.12529162684294,35.0
IA/CNA,294,2025-07-01,962.35236,695.4374,787.826,1136.8787,1229.2673,887.0,680.0648,570.5199,1093.9352,1203.4801,294.0,962.35236,887.0,-2445.260587077195,908.8621494669133,887.0000000000002
IA/CNA,295,2025-08-01,962.35236,695.4374,787.826,1136.8787,1229.2673,937.0,730.0648,620.5199,1143.9352,1253.4801,295.0,962.35236,937.0,-2448.9636722448035,905.5256041290526,937.0000000000001
IA/CNA,296,2025-09-01,962.35236,695.4374,787.826,1136.8787,1229.2673,1003.0,796.0648,686.5199,1209.9352,1319.4801,296.0,962.35236,1003.0,-2452.666757412413,998.746041355636,1003.0
IA/CNA,297,2025-10-01,962.35236,695.4374,787.826,1136.8787,1229.2673,887.0,594.3494,439.42957,1179.6505,1334.5704,297.0,962.35236,887.0,-2456.3698425800217,908.6869096586043,887.0000000000002
IA/CNA,298,2025-11-01,962.35236,695.4374,787.826,1136.8787,1229.2673,937.0,644.3494,489.42957,1229.6505,1384.5704,298.0,962.35236,937.0,-2460.072927747631,905.3626262840909,937.0000000000001
IA/CNA,299,2025-12-01,962.35236,695.4374,787.826,1136.8787,1229.2673,1003.0,710.3494,555.42957,1295.6505,1450.5704,299.0,962.35236,1003.0,-2463.77601291524,998.5753260627416,1003.0
IA/LPN,300,2025-07-01,135.85654,96.798584,110.31792,161.39516,174.91447,130.0,91.27375,70.77331,168.72626,189.22668,300.0,135.85654,130.0,-915.660151396261,134.62392806382368,130.0
IA/LPN,301,2025-08-01,126.60581,87.04717,100.73981,152.47182,166.16444,143.0,104.27375,83.77331,181.72626,202.22668,301.0,126.60581,143.0,-916.6137818768927,125.46393115169374,143.00000000000006
IA/LPN,302,2025-09-01,173.3219,119.171814,137.91505,208.72873,227.47197,168.0,129.27374,108.77331,206.72626,227.22668,302.0,173.3219,168.0,-917.5674123575245,172.4557663002311,168.00000000000003
IA/LPN,303,2025-10-01,135.85654,87.20343,104.043976,167.66908,184.50963,130.0,75.23281,46.24081,184.7672,213.75919,303.0,135.85654,130.0,-918.5210428381561,134.85720886279304,130.0
IA/LPN,304,2025-11-01,126.60581,77.52159,94.51137,158.70026,175.69003,143.0,88.23281,59.24081,197.7672,226.75919,304.0,126.60581,143.0,-919.4746733187876,125.70179510202865,143.00000000000006
IA/LPN,305,2025-12-01,173.3219,111.84428,133.12384,213.51994,234.79951,168.0,113.23281,84.240814,222.7672,251.75919,305.0,173.3219,168.0,-920.428303799419,172.6907375992496,168.00000000000003
IA/RN,306,2025-07-01,201.81453,153.05753,169.93404,233.69502,250.57153,191.0,141.98888,116.04396,240.01112,265.95602,306.0,201.81453,191.0,-97.2250297900495,199.15799082000268,191.00000000000003
IA/RN,307,2025-08-01,205.27946,156.52245,173.39897,237.15994,254.03647,193.0,143.98888,118.04396,242.01112,267.95602,307.0,205.27946,193.0,-96.89001587496108,202.6743834268417,193.0
IA/RN,308,2025-09-01,252.43929,203.68228,220.55879,284.3198,301.1963,240.0,190.98888,165.04396,289.0111,314.95602,308.0,252.43929,240.0,-96.55500195987261,252.39440957141582,239.99999999999994
IA/RN,309,2025-10-01,201.81453,153.05751,169.93404,233.69502,250.57153,191.0,121.68781,84.996155,260.3122,297.00385,309.0,201.81453,191.0,-96.21998804478415,198.75082853781782,191.00000000000003
IA/RN,310,2025-11-01,205.27946,156.52245,173.39897,237.15996,254.03647,193.0,123.68781,86.996155,262.3122,299.00385,310.0,205.27946,193.0,-95.88497412969582,202.26629763247846,193.0
IA/RN,311,2025-12-01,252.43929,203.68228,220.55879,284.3198,301.1963,240.0,170.6878,133.99615,309.3122,346.00385,311.0,252.43929,240.0,-95.54996021460714,251.98690791730715,239.99999999999994
ID/CNA,318,2025-07-01,252.09027,171.54918,199.42728,304.75327,332.63135,219.0,175.02614,151.74779,262.97385,286.25223,318.0,252.09027,219.0,665.6919225500835,252.7233104392068,218.99999999999994
ID/CNA,319,2025-08-01,252.09027,164.34418,194.71619,309.46436,339.83636,222.0,178.02614,154.74779,265.97385,289.25223,319.0,252.09027,222.0,666.9688144949688,252.62264473563815,222.00000000000009
ID/CNA,320,2025-09-01,252.09027,157.65643,190.34329,313.83725,346.5241,298.0,254.02614,230.74779,341.97385,365.25223,320.0,252.09027,298.0,668.2457064398537,258.894647383477,298.0
ID/CNA,321,2025-10-01,252.09027,151.38268,186.2411,317.93942,352.79788,219.0,156.81157,123.89101,281.18842,314.10898,321.0,252.09027,219.0,669.522598384739,252.94165830207655,218.99999999999994
ID/CNA,322,2025-11-01,252.09027,145.44969,182.36174,321.8188,358.73083,222.0,159.81157,126.89101,284.18842,317.10898,322.0,252.09027,222.0,670.7994903296242,252.8490491382956,222.00000000000009
ID/CNA,323,2025-12-01,252.09027,139.80331,178.66978,325.51077,364.37723,298.0,235.81157,202.891,360.18842,393.10898,323.0,252.09027,298.0,672.0763822745093,259.1159673051969,298.0
ID/LPN,324,2025-07-01,65.033325,23.716297,38.017574,92.04908,106.35036,41.0,18.956675,7.2876425,63.043327,74.71236,324.0,65.033325,41.0,119.8335395345487,64.16463900301544,41.0
ID/LPN,325,2025-08-01,65.033325,19.364975,35.172398,94.89426,110.701675,57.0,34.956673,23.287642,79.04333,90.71236,325.0,65.033325,57.0,120.45774616700128,64.01013165293016,57.0
ID/LPN,326,2025-09-01,65.033325,15.313319,32.523163,97.543495,114.753334,83.0,60.956673,49.287643,105.04333,116.71236,326.0,65.033325,83.0,121.0819527994541,69.01074201204304,83.0
ID/LPN,327,2025-10-01,65.033325,11.491682,30.024326,100.04233,118.574974,41.0,9.82603,-6.6764736,72.17397,88.676476,327.0,65.033325,41.0,121.70615943190684,64.04159002396477,41.0
ID/LPN,328,2025-11-01,65.033325,7.852423,27.644743,102.42191,122.21423,57.0,25.826029,9.323526,88.17397,104.676476,328.0,65.033325,57.0,122.33036606435945,63.88782954964667,57.0
ID/LPN,329,2025-12-01,65.033325,4.3612685,25.362,104.70465,125.70538,83.0,51.82603,35.32353,114.17397,130.67647,329.0,65.033325,83.0,122.95457269681219,68.8879692108303,83.0
ID/RN,330,2025-07-01,51.035965,31.489145,38.254986,63.816944,70.58279,58.0,41.695705,33.06473,74.3043,82.935265,330.0,51.035965,58.0,-61.314248654564054,52.06099160731946,58.00000000000001
ID/RN,331,2025-08-01,51.035965,31.489145,38.254986,63.816944,70.58279,60.0,43.695705,35.06473,76.3043,84.935265,331.0,51.035965,60.0,-60.97139765563567,52.106252362315885,60.000000000000014
ID/RN,332,2025-09-01,51.035965,31.489145,38.254986,63.816944,70.58279,68.0,51.695705,43.06473,84.3043,92.935265,332.0,51.035965,68.0,-60.62854665670716,51.16035179405519,68.00000000000003
ID/RN,333,2025-10-01,51.035965,31.489145,38.254986,63.816944,70.58279,58.0,34.942245,22.736206,81.057755,93.263794,333.0,51.035965,58.0,-60.28569565777891,52.01017798747463,58.00000000000001
ID/RN,334,2025-11-01,51.035965,31.489145,38.254986,63.816944,70.58279,60.0,36.942245,24.736206,83.057755,95.263794,334.0,51.035965,60.0,-59.94284465885059,52.05716329659603,60.000000000000014
ID/RN,335,2025-12-01,51.035965,31.489145,38.254986,63.816944,70.58279,68.0,44.942245,32.736206,91.057755,103.263794,335.0,51.035965,68.0,-59.59999365992235,51.11017498908163,68.00000000000003
IL/CNA,342,2025-07-01,2562.235,1825.4633,2080.4858,3043.9841,3299.0068,2434.0,1840.1729,1525.8197,3027.8271,3342.1802,342.0,2562.235,2434.0,-13301.448066836921,2487.137377701133,2434.0
IL/CNA,343,2025-08-01,2562.235,1812.0986,2071.7473,3052.723,3312.3713,2476.0,1882.1729,1567.8197,3069.8271,3384.1802,343.0,2562.235,2476.0,-13322.363370686804,2434.0710830452676,2476.0000000000005
IL/CNA,344,2025-09-01,2562.235,1798.958,2063.155,3061.315,3325.512,2788.0,2194.1729,1879.8197,3381.8271,3696.1802,344.0,2562.235,2788.0,-13343.27867453669,2719.3078641488933,2787.999999999998
IL/CNA,345,2025-10-01,2562.235,1786.03,2054.702,3069.7683,3338.4402,2434.0,1594.2015,1149.6392,3273.7983,3718.3608,345.0,2562.235,2434.0,-13364.193978386571,2485.3712553079977,2434.0
IL/CNA,346,2025-11-01,2562.235,1773.3041,2046.3807,3078.0894,3351.166,2476.0,1636.2015,1191.6392,3315.7983,3760.3608,346.0,2562.235,2476.0,-13385.109282236455,2432.3510497764373,2476.0000000000005
IL/CNA,347,2025-12-01,2562.235,1760.7705,2038.1855,3086.2844,3363.6995,2788.0,1948.2015,1503.6392,3627.7983,4072.3608,347.0,2562.235,2788.0,-13406.024586086336,2717.5587596889295,2787.999999999998
IL/LPN,348,2025-07-01,599.1235,426.10532,485.99298,712.25397,772.1416,526.0,367.44382,283.50925,684.55615,768.4907,348.0,599.1235,526.0,-4457.090183799137,597.2710334553344,526.0000000000001
IL/LPN,349,2025-08-01,514.96356,359.96918,413.61816,616.3089,669.95795,554.0,395.44382,311.50925,712.55615,796.4907,349.0,514.96356,554.0,-4463.749133105684,511.55888315173684,553.9999999999998
IL/LPN,350,2025-09-01,691.6769,483.78818,555.7458,827.60803,899.5656,699.0,540.44385,456.50925,857.55615,941.4907,350.0,691.6769,699.0,-4470.408082412233,692.755001511872,699.0000000000001
IL/LPN,351,2025-10-01,599.1235,409.9063,475.40103,722.8459,788.34064,526.0,301.7677,183.06631,750.2323,868.9337,351.0,599.1235,526.0,-4477.0670317187805,596.6964196865392,526.0000000000001
IL/LPN,352,2025-11-01,514.96356,342.0516,401.9025,628.0246,687.8755,554.0,329.7677,211.06631,778.2323,896.9337,352.0,514.96356,554.0,-4483.725981025328,510.9785418264256,553.9999999999998
IL/LPN,353,2025-12-01,691.6769,470.0869,546.787,836.5668,913.2669,699.0,474.7677,356.0663,923.2323,1041.9337,353.0,691.6769,699.0,-4490.384930331877,692.1782778842739,699.0000000000001
IL/RN,354,2025-07-01,532.5352,357.2592,417.92838,647.142,707.8112,536.0,341.2335,238.13031,730.76654,833.8697,354.0,532.5352,536.0,-5022.864400992237,517.1528507685696,536.0
IL/RN,355,2025-08-01,507.547,327.04526,389.52325,625.57074,688.0487,557.0,362.2335,259.1303,751.76654,854.8697,355.0,507.547,557.0,-5030.447611880477,491.47435764649214,557.0000000000002
IL/RN,356,2025-09-01,684.5568,494.90137,560.5478,808.5659,874.21234,627.0,432.2335,329.1303,821.76654,924.8697,356.0,684.5568,627.0,-5038.0308227687165,673.8204081790639,626.9999999999997
IL/RN,357,2025-10-01,532.5352,337.535,405.03143,660.03894,727.5354,536.0,260.55853,114.748634,811.44147,957.25134,357.0,532.5352,536.0,-5045.614033656957,516.2082976975404,536.0
IL/RN,358,2025-11-01,507.547,307.81097,376.94662,638.1474,707.283,557.0,281.55853,135.74864,832.44147,978.25134,358.0,507.547,557.0,-5053.1972445451975,490.5421859233931,557.0000000000002
IL/RN,359,2025-12-01,684.5568,476.46692,548.49414,820.61957,892.6468,627.0,351.55853,205.74864,902.44147,1048.2513,359.0,684.5568,627.0,-5060.780455433437,672.8804211788672,626.9999999999997
IN/CNA,366,2025-07-01,1865.0172,1511.3064,1633.7382,2096.2964,2218.728,1727.0,1458.872,1316.9335,1995.128,2137.0664,366.0,1865.0172,1727.0,-3972.0125381659527,1823.0688264344549,1727.0
IN/CNA,367,2025-08-01,1865.0172,1511.3064,1633.7382,2096.2964,2218.728,1837.0,1568.872,1426.9335,2105.1282,2247.0664,367.0,1865.0172,1837.0,-3978.1770349717835,1824.7947503795633,1837.0000000000002
IN/CNA,368,2025-09-01,1865.0172,1511.3064,1633.7382,2096.2964,2218.728,2187.0,1918.872,1776.9335,2455.1282,2597.0664,368.0,1865.0172,2187.0,-3984.3415317776144,1845.1852536769497,2187.0
IN/CNA,369,2025-10-01,1865.0172,1511.3064,1633.7382,2096.2964,2218.728,1727.0,1347.8097,1147.0784,2106.1904,2306.9216,369.0,1865.0172,1727.0,-3990.5060285834443,1821.25255251608,1727.0
IN/CNA,370,2025-11-01,1865.0172,1511.3064,1633.7382,2096.2964,2218.728,1837.0,1457.8097,1257.0784,2216.1904,2416.9216,370.0,1865.0172,1837.0,-3996.670525389276,1823.0060754153521,1837.0000000000002
IN/CNA,371,2025-12-01,1865.0172,1511.3064,1633.7382,2096.2964,2218.728,2187.0,1807.8097,1607.0784,2566.1904,2766.9216,371.0,1865.0172,2187.0,-4002.835022195107,1843.3791724578996,2187.0
IN/LPN,372,2025-07-01,422.4427,340.6457,368.95853,475.92688,504.2397,435.0,372.20895,338.9694,497.79105,531.03064,372.0,422.4427,435.0,991.7611010588295,425.97760329637623,435.0
IN/LPN,373,2025-08-01,402.84235,321.04535,349.3582,456.32654,484.63937,455.0,392.20895,358.9694,517.791,551.03064,373.0,402.84235,455.0,993.7236366754663,406.6573757486588,454.99999999999994
IN/LPN,374,2025-09-01,480.70673,398.90973,427.22253,534.1909,562.5037,596.0,533.209,499.9694,658.791,692.03064,374.0,480.70673,596.0,995.6861722921027,480.44716723404053,595.9999999999998
IN/LPN,375,2025-10-01,422.4427,340.6457,368.95853,475.92688,504.23972,435.0,346.20004,299.1922,523.7999,570.8078,375.0,422.4427,435.0,997.6487079087393,426.24436545666504,435.0
IN/LPN,376,2025-11-01,402.84235,321.04535,349.3582,456.32654,484.63937,455.0,366.20004,319.1922,543.7999,590.8078,376.0,402.84235,455.0,999.6112435253759,406.928238975185,454.99999999999994
IN/LPN,377,2025-12-01,480.70673,398.9097,427.22253,534.1909,562.5037,596.0,507.20004,460.1922,684.7999,731.8078,377.0,480.70673,596.0,1001.5737791420124,480.71544258577353,595.9999999999998
IN/RN,378,2025-07-01,422.52975,346.31207,372.6937,472.3658,498.74744,354.0,298.5488,269.19467,409.4512,438.80533,378.0,422.52975,354.0,1325.8897818939683,422.07377025413433,354.00000000000006
IN/RN,379,2025-08-01,423.69458,326.93954,360.42984,486.9593,520.44965,382.0,326.5488,297.19467,437.4512,466.80533,379.0,423.69458,382.0,1328.374579436103,423.37224029059087,382.00000000000006
IN/RN,380,2025-09-01,490.95602,368.8044,411.0854,570.82666,613.1076,504.0,448.5488,419.19467,559.45123,588.8053,380.0,490.95602,504.0,1330.859376978238,490.17068021192773,503.9999999999997
IN/RN,381,2025-10-01,422.52975,289.1502,335.31757,509.74194,555.9093,354.0,275.58014,234.06717,432.41986,473.93283,381.0,422.52975,354.0,1333.3441745203731,422.343040692514,354.00000000000006
IN/RN,382,2025-11-01,423.69458,277.3911,328.0319,519.35724,569.99805,382.0,303.58014,262.06717,460.41986,501.93283,382.0,423.69458,382.0,1335.8289720625085,423.64608075775715,382.00000000000006
IN/RN,383,2025-12-01,490.95602,326.44046,383.38507,598.527,655.47156,504.0,425.58014,384.06717,582.41986,623.9328,383.0,490.95602,504.0,1338.3137696046435,490.44163565390716,503.9999999999997
KS/CNA,390,2025-07-01,956.508,717.5771,800.2795,1112.7365,1195.4388,898.0,697.5502,591.4384,1098.4498,1204.5616,390.0,956.508,898.0,-8059.4465736442135,958.4078219918064,897.9999999999999
KS/CNA,391,2025-08-01,944.15985,684.0904,774.10956,1114.2101,1204.2292,976.0,775.5502,669.4384,1176.4498,1282.5616,391.0,944.15985,976.0,-8072.107259125079,945.6588238583108,976.0000000000002
KS/CNA,392,2025-09-01,1116.2937,829.1949,928.5699,1304.0175,1403.3925,1177.0,976.5502,870.4384,1377.4498,1483.5616,392.0,1116.2937,1177.0,-8084.767944605943,1116.7833154943762,1177.0
KS/CNA,393,2025-10-01,956.508,651.02094,756.76074,1156.2552,1261.995,898.0,614.5211,464.45645,1181.4789,1331.5436,393.0,956.508,898.0,-8097.428630086808,960.8467612549077,897.9999999999999
KS/CNA,394,2025-11-01,944.15985,621.7211,733.3285,1154.9912,1266.5985,976.0,692.5211,542.4564,1259.4789,1409.5436,394.0,944.15985,976.0,-8110.089315567673,948.1262339807186,976.0000000000002
KS/CNA,395,2025-12-01,1116.2937,771.48755,890.83704,1341.7502,1461.0997,1177.0,893.5211,743.4564,1460.4789,1610.5436,395.0,1116.2937,1177.0,-8122.750001048537,1119.2327518229654,1177.0
KS/LPN,396,2025-07-01,152.83852,108.49909,123.84653,181.8305,197.17793,137.0,87.12444,60.721912,186.87556,213.27809,396.0,152.83852,137.0,-2073.787119970303,152.87826036642278,137.00000000000003
KS/LPN,397,2025-08-01,153.7237,104.94164,121.82683,185.62057,202.50575,151.0,101.12444,74.72192,200.87556,227.27809,397.0,153.7237,151.0,-2076.7284789430378,154.00594383206294,151.0
KS/LPN,398,2025-09-01,199.15073,143.67886,162.87962,235.42181,254.62257,211.0,161.12444,134.72191,260.87555,287.27808,398.0,199.15073,211.0,-2079.669837915773,198.41462801973867,211.0
KS/LPN,399,2025-10-01,152.83852,93.759514,114.20883,191.4682,211.91753,137.0,66.46531,29.126495,207.5347,244.8735,399.0,152.83852,137.0,-2082.611196888508,153.22777994826166,137.00000000000003
KS/LPN,400,2025-11-01,153.7237,91.196915,112.83963,194.60776,216.25049,151.0,80.46531,43.126495,221.5347,258.8735,400.0,153.7237,151.0,-2085.552555861242,154.3599158904973,151.0
KS/LPN,401,2025-12-01,199.15073,131.2065,154.72438,243.57707,267.09494,211.0,140.4653,103.126495,281.5347,318.8735,401.0,199.15073,211.0,-2088.493914833977,198.76578937603887,211.0
KS/RN,402,2025-07-01,142.05577,93.90805,110.57367,173.53789,190.2035,143.0,97.93088,74.07272,188.06912,211.92728,402.0,142.05577,143.0,-1617.9415905079284,142.22255943928678,142.99999999999997
KS/RN,403,2025-08-01,138.56088,87.69774,105.30326,171.81851,189.42404,138.0,92.93088,69.07272,183.06912,206.92728,403.0,138.56088,138.0,-1620.1666914631887,139.02705180737146,138.00000000000003
KS/RN,404,2025-09-01,188.74802,133.18082,152.41457,225.08147,244.31523,202.0,156.93088,133.07272,247.06912,270.92728,404.0,188.74802,202.0,-1622.3917924184489,186.6316560306211,202.0
KS/RN,405,2025-10-01,142.05577,83.98277,104.08388,180.02768,200.12878,143.0,79.262634,45.522106,206.73737,240.47789,405.0,142.05577,143.0,-1624.6168933737088,142.42154595748235,142.99999999999997
KS/RN,406,2025-11-01,138.56088,78.1937,99.088905,178.03287,198.92807,138.0,74.262634,40.522106,201.73737,235.47789,406.0,138.56088,138.0,-1626.8419943289687,139.22900721370652,138.00000000000003
KS/RN,407,2025-12-01,188.74802,124.32606,146.62476,230.87128,253.16998,202.0,138.26263,104.52211,265.73737,299.4779,407.0,188.74802,202.0,-1629.067095284229,186.8317369547407,202.0
KY/CNA,414,2025-07-01,1184.7743,878.8284,984.727,1384.8214,1490.7201,1046.0,827.5603,711.9253,1264.4397,1380.0747,414.0,1184.7743,1046.0,-5728.417998335412,1182.4327212616265,1045.9999999999998
KY/CNA,415,2025-08-01,1184.7743,853.3539,968.0701,1401.4784,1516.1946,1041.0,822.5603,706.9253,1259.4397,1375.0747,415.0,1184.7743,1041.0,-5737.357638404303,1176.4604244839572,1041.0000000000005
KY/CNA,416,2025-09-01,1184.7743,829.70233,952.6052,1416.9432,1539.8462,1348.0,1129.5603,1013.9253,1566.4397,1682.0747,416.0,1184.7743,1348.0,-5746.297278473192,1228.4210301771357,1348.0000000000002
KY/CNA,417,2025-10-01,1184.7743,807.5307,938.108,1431.4406,1562.0177,1046.0,737.0796,573.54706,1354.9204,1518.453,417.0,1184.7743,1046.0,-5755.236918542079,1183.781475836723,1045.9999999999998
KY/CNA,418,2025-11-01,1184.7743,786.5918,924.41675,1445.1317,1582.9567,1041.0,732.0796,568.54706,1349.9204,1513.453,418.0,1184.7743,1041.0,-5764.17655861097,1177.8369237837107,1041.0000000000005
KY/CNA,419,2025-12-01,1184.7743,766.70026,911.41034,1458.1382,1602.8483,1348.0,1039.0796,875.54706,1656.9204,1820.453,419.0,1184.7743,1348.0,-5773.116198679859,1229.7800203675808,1348.0000000000002
KY/LPN,420,2025-07-01,278.4509,167.7284,206.05334,350.84845,389.1734,198.0,93.93548,38.847042,302.0645,357.15295,420.0,278.4509,198.0,-4582.323142471053,278.8889647766868,198.00000000000003
KY/LPN,421,2025-08-01,278.4509,153.3275,196.6371,360.26468,403.57428,248.0,143.93547,88.847046,352.0645,407.15295,421.0,278.4509,248.0,-4589.327765850506,277.65886156015733,247.99999999999994
KY/LPN,422,2025-09-01,278.4509,140.2863,188.10992,368.79187,416.61548,319.0,214.93547,159.84705,423.0645,478.15295,422.0,278.4509,319.0,-4596.332389229957,293.87680968520766,319.0
KY/LPN,423,2025-10-01,278.4509,128.24886,180.23906,376.66272,428.65292,198.0,50.830536,-27.076271,345.16946,423.07626,423.0,278.4509,198.0,-4603.3370126094105,278.8531698849703,198.00000000000003
KY/LPN,424,2025-11-01,278.4509,116.989235,172.87679,384.025,439.91254,248.0,100.830536,22.923729,395.16946,473.07626,424.0,278.4509,248.0,-4610.341635988863,277.6204495183898,247.99999999999994
KY/LPN,425,2025-12-01,278.4509,106.35349,165.92245,390.97934,450.54828,319.0,171.83054,93.92373,466.16946,544.0763,425.0,278.4509,319.0,-4617.346259368316,293.84005105448017,319.0
KY/RN,426,2025-07-01,288.4813,217.93909,242.35623,334.60638,359.02353,241.0,195.38068,171.23126,286.61932,310.76874,426.0,288.4813,241.0,650.5281747588198,287.01476541712253,240.99999999999994
KY/RN,427,2025-08-01,288.4813,212.19095,238.59773,338.3649,364.77167,284.0,238.38068,214.23126,329.61932,353.76874,427.0,288.4813,284.0,651.8786481320305,286.4202470493154,284.00000000000017
KY/RN,428,2025-09-01,288.4813,206.83311,235.09442,341.8682,370.1295,313.0,267.38068,243.23126,358.61932,382.76874,428.0,288.4813,313.0,653.2291215052416,294.96476683038685,313.00000000000006
KY/RN,429,2025-10-01,288.4813,201.79317,231.79898,345.16364,375.16943,241.0,176.48453,142.3321,305.51547,339.6679,429.0,288.4813,241.0,654.5795948784523,287.1501601792503,240.99999999999994
KY/RN,430,2025-11-01,288.4813,197.0185,228.67699,348.28564,379.94412,284.0,219.48453,185.3321,348.51547,382.6679,430.0,288.4813,284.0,655.9300682516631,286.5601592455274,284.00000000000017
KY/RN,431,2025-12-01,288.4813,192.46948,225.70255,351.26007,384.49313,313.0,248.48453,214.3321,377.51547,411.6679,431.0,288.4813,313.0,657.2805416248739,295.1018278263487,313.00000000000006
LA/CNA,438,2025-07-01,1100.5477,959.4651,1008.29877,1192.7968,1241.6305,1076.0,975.31165,922.0105,1176.6884,1229.9895,438.0,1100.5477,1076.0,3604.6533079226906,1109.8030857637914,1075.9999999999995
LA/CNA,439,2025-08-01,1104.2822,947.5173,1001.7791,1206.7852,1261.047,1096.0,995.31165,942.0105,1196.6884,1249.9895,439.0,1104.2822,1096.0,3610.533076607181,1113.1891832389858,1096.0
LA/CNA,440,2025-09-01,1178.7518,1000.03406,1061.8945,1295.609,1357.4695,1226.0,1125.3116,1072.0105,1326.6884,1379.9895,440.0,1178.7518,1226.0,3616.4128452916734,1188.2518126626449,1226.0000000000002
LA/CNA,441,2025-10-01,1100.5477,915.5477,979.58276,1221.5128,1285.5477,1076.0,933.60516,858.22595,1218.3948,1293.774,441.0,1100.5477,1076.0,3622.2926139761653,1110.589317885369,1075.9999999999995
LA/CNA,442,2025-11-01,1104.2822,907.0264,975.3036,1233.2607,1301.538,1096.0,953.60516,878.22595,1238.3948,1313.774,442.0,1104.2822,1096.0,3628.1723826606576,1113.9839945704468,1096.0
LA/CNA,443,2025-12-01,1178.7518,963.60333,1038.0737,1319.4298,1393.9003,1226.0,1083.6052,1008.22595,1368.3948,1443.774,443.0,1178.7518,1226.0,3634.0521513451504,1189.0412077489882,1226.0000000000002
LA/LPN,444,2025-07-01,379.3161,305.20538,330.8577,427.7745,453.42685,364.0,303.30145,271.16956,424.69855,456.83044,444.0,379.3161,364.0,1387.6394243974503,382.0857284398044,363.99999999999994
LA/LPN,445,2025-08-01,394.94302,301.37762,333.7639,456.12216,488.50842,387.0,326.30145,294.16956,447.69855,479.83044,445.0,394.94302,387.0,1390.095255157229,397.8023707508968,387.00000000000006
LA/LPN,446,2025-09-01,442.0948,326.72214,366.65668,517.5329,557.4674,447.0,386.30145,354.16956,507.69855,539.83044,446.0,442.0948,447.0,1392.5510859170074,443.3362742141776,447.0
LA/LPN,447,2025-10-01,379.3161,256.12393,298.76508,459.86713,502.50827,364.0,278.15927,232.71794,449.84073,495.28204,447.0,379.3161,364.0,1395.0069166767864,382.74621461606074,363.99999999999994
LA/LPN,448,2025-11-01,394.94302,258.97595,306.03894,483.8471,530.9101,387.0,301.15927,255.71794,472.84073,518.28204,448.0,394.94302,387.0,1397.462747436565,398.4681919461309,387.00000000000006
LA/LPN,449,2025-12-01,442.0948,290.13278,342.73218,541.4574,594.05676,447.0,361.15927,315.71796,532.8407,578.28204,449.0,442.0948,447.0,1399.918578196344,443.9987263171714,447.0
LA/RN,450,2025-07-01,88.63272,70.96357,77.07948,100.18596,106.30187,95.0,77.2335,67.828476,112.7665,122.171524,450.0,88.63272,95.0,106.93162024246277,89.29234498711774,95.00000000000001
LA/RN,451,2025-08-01,92.21101,74.54186,80.657776,103.76425,109.880165,104.0,86.2335,76.828476,121.7665,131.17152,451.0,92.21101,104.0,107.38084167245503,92.87583691705095,104.00000000000001
LA/RN,452,2025-09-01,113.31426,95.64511,101.761024,124.86749,130.98341,128.0,110.2335,100.828476,145.76651,155.17152,452.0,113.31426,128.0,107.83006310244708,113.66247362990417,128.00000000000009
LA/RN,453,2025-10-01,88.63272,70.96357,77.07948,100.18596,106.30187,95.0,69.87437,56.573658,120.12563,133.42635,453.0,88.63272,95.0,108.27928453243906,89.36334025726318,95.00000000000001
LA/RN,454,2025-11-01,92.21101,74.54186,80.657776,103.76425,109.880165,104.0,78.87437,65.57366,129.12564,142.42635,454.0,92.21101,104.0,108.72850596243123,92.94841066024439,104.00000000000001
LA/RN,455,2025-12-01,113.31426,95.64511,101.761024,124.86749,130.98341,128.0,102.87437,89.57366,153.12564,166.42635,455.0,113.31426,128.0,109.17772739242315,113.73405120185771,128.00000000000009
MA/CNA,468,2025-07-01,832.83356,604.3482,683.435,982.2321,1061.319,762.0,520.65125,392.8889,1003.34875,1131.1111,468.0,832.83356,762.0,609.2127246245143,827.8983209641449,761.9999999999998
MA/CNA,469,2025-08-01,789.3473,560.86194,639.9487,938.74585,1017.8327,868.0,626.65125,498.8889,1109.3488,1237.1111,469.0,789.3473,868.0,610.3203544291227,785.1896745734718,867.9999999999998
MA/CNA,470,2025-09-01,1160.7719,932.2865,1011.37335,1310.1704,1389.2573,1043.0,801.65125,673.8889,1284.3488,1412.1111,470.0,1160.7719,1043.0,611.4279842337312,1156.789149595436,1042.9999999999998
MA/CNA,471,2025-10-01,832.83356,604.3482,683.435,982.2321,1061.319,762.0,420.68127,239.99806,1103.3187,1284.002,471.0,832.83356,762.0,612.5356140383399,828.3210729070887,761.9999999999998
MA/CNA,472,2025-11-01,789.3473,560.86194,639.9487,938.74585,1017.8327,868.0,526.6813,345.99808,1209.3187,1390.002,472.0,789.3473,868.0,613.6432438429484,785.6181867871212,867.9999999999998
MA/CNA,473,2025-12-01,1160.7719,932.2865,1011.37335,1310.1705,1389.2573,1043.0,701.6813,520.99805,1384.3187,1565.002,473.0,1160.7719,1043.0,614.750873647557,1157.2140272370991,1042.9999999999998
MA/LPN,474,2025-07-01,334.64017,248.92795,278.59598,390.6844,420.3524,311.0,222.2419,175.2562,399.75812,446.7438,474.0,334.64017,311.0,-325.0797201232491,331.60977971819995,310.99999999999994
MA/LPN,475,2025-08-01,310.7432,225.03096,254.69897,366.78738,396.4554,321.0,232.2419,185.2562,409.75812,456.7438,475.0,310.7432,321.0,-325.37583262985027,308.5373572139519,320.99999999999994
MA/LPN,476,2025-09-01,495.5046,409.7924,439.4604,551.5488,581.21686,371.0,282.24188,235.2562,459.75812,506.7438,476.0,495.5046,371.0,-325.67194513645205,490.7301169277345,371.0000000000001
MA/LPN,477,2025-10-01,334.64017,248.92795,278.59595,390.6844,420.3524,311.0,185.47708,119.02927,436.52292,502.97073,477.0,334.64017,311.0,-325.96805764305344,332.3264350764064,310.99999999999994
MA/LPN,478,2025-11-01,310.7432,225.03096,254.69897,366.78738,396.4554,321.0,195.47708,129.02927,446.52292,512.9707,478.0,310.7432,321.0,-326.26417014965494,309.2445827620356,320.99999999999994
MA/LPN,479,2025-12-01,495.5046,409.7924,439.4604,551.5488,581.21686,371.0,245.47708,179.02927,496.52292,562.9707,479.0,495.5046,371.0,-326.5602826562562,491.44328845074534,371.0000000000001
MA/RN,480,2025-07-01,279.6953,201.09338,228.30026,331.09033,358.29724,253.0,163.64517,116.343575,342.35483,389.65643,480.0,279.6953,253.0,-411.0099641154351,276.1968227215494,252.99999999999991
MA/RN,481,2025-08-01,260.09,186.9977,212.29752,307.8825,333.1823,267.0,177.64517,130.34358,356.35483,403.65643,481.0,260.09,267.0,-411.4421024059253,257.4246611634117,267.0
MA/RN,482,2025-09-01,392.8835,282.47266,320.68973,465.0773,503.29437,336.0,246.64517,199.34358,425.35483,472.65643,482.0,392.8835,336.0,-411.8742406964154,387.437084225983,335.99999999999994
MA/RN,483,2025-10-01,279.6953,201.09337,228.30026,331.09033,358.29724,253.0,126.63319,59.738636,379.36682,446.26135,483.0,279.6953,253.0,-412.30637898690566,276.661024771743,252.99999999999991
MA/RN,484,2025-11-01,260.09,186.9977,212.29752,307.8825,333.1823,267.0,140.63318,73.73863,393.36682,460.26135,484.0,260.09,267.0,-412.7385172773957,257.8869231350418,267.0
MA/RN,485,2025-12-01,392.8835,282.47263,320.68973,465.0773,503.29437,336.0,209.63318,142.73863,462.36682,529.26135,485.0,392.8835,336.0,-413.17065556788594,387.9005661345526,335.99999999999994
MD/CNA,492,2025-07-01,589.8721,459.0694,504.3448,675.3993,720.67474,600.0,484.49164,423.3452,715.50836,776.6548,492.0,589.8721,600.0,-455.9941207011196,579.5505659451993,600.0000000000002
MD/CNA,493,2025-08-01,609.5953,478.7926,524.068,695.1225,740.3979,630.0,514.49164,453.3452,745.50836,806.6548,493.0,609.5953,630.0,-456.59968837314005,598.5288253763196,630.0000000000002
MD/CNA,494,2025-09-01,762.69714,631.8945,677.16986,848.22437,893.49976,663.0,547.49164,486.3452,778.50836,839.6548,494.0,762.69714,663.0,-457.2052560451609,752.7297292594923,663.0
MD/CNA,495,2025-10-01,589.8721,459.0694,504.3448,675.39935,720.67474,600.0,436.6465,350.1724,763.3535,849.8276,495.0,589.8721,600.0,-457.81082371718156,579.0100385084952,600.0000000000002
MD/CNA,496,2025-11-01,609.5953,478.79257,524.068,695.1225,740.3979,630.0,466.6465,380.1724,793.3535,879.8276,496.0,609.5953,630.0,-458.4163913892021,597.9880131674392,630.0000000000002
MD/CNA,497,2025-12-01,762.69714,631.8945,677.16986,848.22437,893.4998,663.0,499.6465,413.1724,826.3535,912.8276,497.0,762.69714,663.0,-459.02195906122284,752.1891002780727,663.0
MD/LPN,498,2025-07-01,224.35397,169.12239,188.23997,260.46796,279.58557,262.0,226.85205,208.24585,297.14795,315.75415,498.0,224.35397,262.0,468.9288840565341,224.54382042004087,262.00000000000006
MD/LPN,499,2025-08-01,232.09247,174.06346,194.14934,270.03558,290.12146,242.0,206.85205,188.24585,277.14795,295.75415,499.0,232.09247,242.0,469.8695371397004,232.23813495999275,241.99999999999997
MD/LPN,500,2025-09-01,286.65744,225.95982,246.9694,326.3455,347.35507,291.0,255.85205,237.24585,326.14795,344.75415,500.0,286.65744,291.0,470.8101902228669,286.59376684393305,291.0000000000001
MD/LPN,501,2025-10-01,224.35397,161.10022,182.99457,265.71338,287.60773,262.0,212.29329,185.98015,311.7067,338.01987,501.0,224.35397,262.0,471.7508433060332,225.10178295998426,262.00000000000006
MD/LPN,502,2025-11-01,232.09247,166.38194,189.12666,275.0583,297.803,242.0,192.29329,165.98015,291.7067,318.01987,502.0,232.09247,242.0,472.6914963891996,232.80020473422732,241.99999999999997
MD/LPN,503,2025-12-01,286.65744,218.57874,242.14317,331.17172,354.73615,291.0,241.29329,214.98015,340.7067,367.01987,503.0,286.65744,291.0,473.6321494723661,287.1532427532289,291.0000000000001
MD/RN,504,2025-07-01,213.53018,156.1261,175.99567,251.06468,270.93427,216.0,159.11049,128.99501,272.8895,303.005,504.0,213.53018,216.0,45.26359607854597,208.82979100388994,216.00000000000003
MD/RN,505,2025-08-01,212.04416,155.03957,174.77086,249.31744,269.04874,189.0,132.11049,101.99501,245.88951,276.005,505.0,212.04416,189.0,45.507685763058866,207.69336243853715,189.00000000000006
MD/RN,506,2025-09-01,302.7989,221.3964,249.57266,356.02515,384.2014,243.0,186.11049,155.99501,299.8895,330.005,506.0,302.7989,243.0,45.751775447571795,297.4194600743076,242.99999999999994
MD/RN,507,2025-10-01,213.53018,156.1261,175.99567,251.06468,270.93427,216.0,135.5461,92.95636,296.45392,339.04364,507.0,213.53018,216.0,45.99586513208457,209.2970823398389,216.00000000000003
MD/RN,508,2025-11-01,212.04416,155.03957,174.77086,249.31744,269.04874,189.0,108.54609,65.95636,269.45392,312.04364,508.0,212.04416,189.0,46.23995481659752,208.16281700021372,189.00000000000006
MD/RN,509,2025-12-01,302.7989,221.3964,249.57266,356.02515,384.20142,243.0,162.5461,119.95636,323.45392,366.04364,509.0,302.7989,243.0,46.484044501110546,297.88754574982374,242.99999999999994
ME/CNA,516,2025-07-01,214.2233,157.73412,177.287,251.15958,270.71246,215.0,168.36758,143.68187,261.63242,286.3181,516.0,214.2233,215.0,336.0232432117806,210.41620904335787,214.99999999999997
ME/CNA,517,2025-08-01,214.2233,157.73412,177.287,251.15959,270.71246,219.0,172.36758,147.68187,265.63242,290.3181,517.0,214.2233,219.0,336.64053009265353,210.06771063729764,218.99999999999997
ME/CNA,518,2025-09-01,214.2233,157.73412,177.287,251.15959,270.71246,252.0,205.36758,180.68187,298.63242,323.3181,518.0,214.2233,252.0,337.2578169735264,220.6862625361708,251.99999999999997
ME/CNA,519,2025-10-01,214.2233,157.73412,177.287,251.15959,270.71246,215.0,149.0518,114.140945,280.94818,315.85907,519.0,214.2233,215.0,337.87510385439936,210.36105397651718,214.99999999999997
ME/CNA,520,2025-11-01,214.2233,157.73412,177.287,251.15959,270.71246,219.0,153.0518,118.140945,284.94818,319.85907,520.0,214.2233,219.0,338.49239073527224,210.0154353251111,218.99999999999997
ME/CNA,521,2025-12-01,214.2233,157.73412,177.287,251.15959,270.71246,252.0,186.0518,151.14095,317.94818,352.85907,521.0,214.2233,252.0,339.10967761614523,220.63216962790105,251.99999999999997
ME/LPN,522,2025-07-01,26.927896,11.746357,17.00122,36.854572,42.109436,25.0,12.135756,5.3258367,37.864243,44.674164,522.0,26.927896,25.0,86.45159277253802,26.712947559754255,24.999999999999996
ME/LPN,523,2025-08-01,26.927896,11.746356,17.00122,36.854572,42.109436,39.0,26.135756,19.325836,51.864243,58.674164,523.0,26.927896,39.0,86.74769122374093,26.673359475134355,39.000000000000014
ME/LPN,524,2025-09-01,26.927896,11.746356,17.00122,36.854572,42.109436,43.0,30.135756,23.325836,55.864243,62.674164,524.0,26.927896,43.0,87.04378967494411,28.139048646527687,43.0
ME/LPN,525,2025-10-01,26.927896,11.746356,17.00122,36.854572,42.109436,25.0,6.8072114,-2.823469,43.192787,52.823467,525.0,26.927896,25.0,87.33988812614716,26.708353992668094,24.999999999999996
ME/LPN,526,2025-11-01,26.927896,11.746356,17.00122,36.854572,42.109436,39.0,20.80721,11.176531,57.192787,66.82347,526.0,26.927896,39.0,87.63598657735028,26.669394909117017,39.000000000000014
ME/LPN,527,2025-12-01,26.927896,11.746356,17.00122,36.854572,42.109436,43.0,24.80721,15.176531,61.192787,70.82347,527.0,26.927896,43.0,87.93208502855322,28.13468714827035,43.0
ME/RN,528,2025-07-01,56.691807,27.242033,37.435635,75.94798,86.14159,74.0,48.855698,35.54511,99.1443,112.454895,528.0,56.691807,74.0,390.357687108853,56.02174663057513,73.99999999999999
ME/RN,529,2025-08-01,56.691807,27.242033,37.435635,75.94798,86.14159,88.0,62.855698,49.54511,113.1443,126.454895,529.0,56.691807,88.0,391.11526876876053,56.056080176848745,88.0
ME/RN,530,2025-09-01,56.691807,27.242033,37.435635,75.94798,86.14159,52.0,26.855698,13.545109,77.1443,90.454895,530.0,56.691807,52.0,391.87285042866813,58.22067854044653,52.0
ME/RN,531,2025-10-01,56.691807,27.242033,37.435635,75.94798,86.14159,74.0,38.440586,19.616571,109.55941,128.38342,531.0,56.691807,74.0,392.63043208857584,56.483481834991714,73.99999999999999
ME/RN,532,2025-11-01,56.691807,27.242033,37.435635,75.94798,86.14159,88.0,52.440586,33.61657,123.55941,142.38342,532.0,56.691807,88.0,393.38801374848344,56.52018851435408,88.0
ME/RN,533,2025-12-01,56.691807,27.242033,37.435635,75.94798,86.14159,52.0,16.440588,-2.3834288,87.55941,106.38343,533.0,56.691807,52.0,394.14559540839093,58.68328680161969,52.0
MI/CNA,540,2025-07-01,1709.1438,1323.421,1456.9332,1961.3542,2094.8665,1542.0,1196.8839,1014.19055,1887.1161,2069.8093,540.0,1709.1438,1542.0,-3143.832347969801,1649.6332893740503,1541.9999999999998
MI/CNA,541,2025-08-01,1709.1438,1323.421,1456.9332,1961.3542,2094.8665,1708.0,1362.8839,1180.1906,2053.116,2235.8093,541.0,1709.1438,1708.0,-3148.7507393702053,1676.729224719832,1708.0000000000002
MI/CNA,542,2025-09-01,1709.1438,1323.421,1456.9332,1961.3542,2094.8665,1768.0,1422.8839,1240.1906,2113.116,2295.8093,542.0,1709.1438,1768.0,-3153.669130770611,1783.5779549132287,1767.9999999999998
MI/CNA,543,2025-10-01,1709.1438,1323.421,1456.9332,1961.3542,2094.8665,1542.0,1053.9323,795.56476,2030.0677,2288.4353,543.0,1709.1438,1542.0,-3158.587522171014,1646.1232623296582,1541.9999999999998
MI/CNA,544,2025-11-01,1709.1438,1323.421,1456.9332,1961.3542,2094.8665,1708.0,1219.9323,961.56476,2196.0679,2454.4353,544.0,1709.1438,1708.0,-3163.5059135714187,1673.2118925834152,1708.0000000000002
MI/CNA,545,2025-12-01,1709.1438,1323.421,1456.9332,1961.3542,2094.8665,1768.0,1279.9323,1021.56476,2256.0679,2514.4353,545.0,1709.1438,1768.0,-3168.4243049718234,1780.0652464322852,1767.9999999999998
MI/LPN,546,2025-07-01,499.58054,377.39426,419.68723,579.4738,621.7668,515.0,378.80136,306.70215,651.19867,723.29785,546.0,499.58054,515.0,-1663.7880227702915,498.53049616813206,515.0000000000002
MI/LPN,547,2025-08-01,519.89404,395.05804,438.26816,601.51996,644.7301,510.0,373.80136,301.70215,646.19867,718.29785,547.0,519.89404,510.0,-1666.3126939749661,522.5771588266075,510.00000000000017
MI/LPN,548,2025-09-01,610.43365,482.03204,526.4764,694.391,738.83527,613.0,476.80136,404.70215,749.19867,821.29785,548.0,610.43365,613.0,-1668.8373651796405,615.0400444256196,612.9999999999999
MI/LPN,549,2025-10-01,499.58054,368.84134,414.09476,585.0663,630.3197,515.0,322.38602,220.42235,707.61395,809.57764,549.0,499.58054,515.0,-1671.3620363843147,497.32040245469005,515.0000000000002
MI/LPN,550,2025-11-01,519.89404,386.67053,432.78387,607.0042,653.11755,510.0,317.38602,215.42235,702.61395,804.57764,550.0,519.89404,510.0,-1673.8867075889893,521.3569028650655,510.00000000000017
MI/LPN,551,2025-12-01,610.43365,473.85718,521.1311,699.7362,747.01013,613.0,420.38602,318.42236,805.61395,907.57764,551.0,610.43365,613.0,-1676.4113787936637,613.8262072579664,612.9999999999999
MI/RN,552,2025-07-01,354.2654,264.3492,295.47238,413.05847,444.1816,365.0,256.75665,199.4561,473.24335,530.5439,552.0,354.2654,365.0,-359.50133615720404,347.8021504631416,365.0000000000001
MI/RN,553,2025-08-01,361.18872,269.51532,301.2467,421.13074,452.86212,338.0,229.75667,172.4561,446.24335,503.54388,553.0,361.18872,338.0,-359.9619729163302,357.62653300825235,338.0
MI/RN,554,2025-09-01,478.66406,357.17422,399.22614,558.102,600.15393,400.0,291.75665,234.4561,508.24335,565.5439,554.0,478.66406,400.0,-360.42260967545593,474.02720679019114,400.00000000000006
MI/RN,555,2025-10-01,354.2654,264.3492,295.47238,413.05847,444.1816,365.0,211.9208,130.88557,518.07916,599.11444,555.0,354.2654,365.0,-360.8832464345817,346.9334688341279,365.0000000000001
MI/RN,556,2025-11-01,361.18872,269.51532,301.2467,421.13074,452.86212,338.0,184.9208,103.88558,491.0792,572.11444,556.0,361.18872,338.0,-361.34388319370754,356.751595114296,338.0
MI/RN,557,2025-12-01,478.66406,357.17422,399.2261,558.102,600.15393,400.0,246.9208,165.88557,553.07916,634.11444,557.0,478.66406,400.0,-361.80451995283374,473.156217392875,400.00000000000006
MN/CNA,564,2025-07-01,873.2371,643.21954,722.83673,1023.6376,1103.2548,1023.0,830.23016,728.18396,1215.7698,1317.816,564.0,873.2371,1023.0,-47.91156514013531,856.2942348725055,1023.0
MN/CNA,565,2025-08-01,873.2371,643.21954,722.83673,1023.6376,1103.2548,843.0,650.23016,548.18396,1035.7698,1137.816,565.0,873.2371,843.0,-47.94748810574229,856.8909588353207,843.0000000000001
MN/CNA,566,2025-09-01,873.2371,643.21954,722.83673,1023.6376,1103.2548,1002.0,809.23016,707.18396,1194.7698,1296.816,566.0,873.2371,1002.0,-47.98341107134925,884.7899254483513,1001.9999999999999
MN/CNA,567,2025-10-01,873.2371,643.21954,722.83673,1023.6376,1103.2548,1023.0,750.38226,606.0672,1295.6177,1439.9329,567.0,873.2371,1023.0,-48.019334036956245,856.1862551901181,1023.0
MN/CNA,568,2025-11-01,873.2371,643.21954,722.83673,1023.6376,1103.2548,843.0,570.38226,426.0672,1115.6177,1259.9329,568.0,873.2371,843.0,-48.0552570025632,856.8014771735018,843.0000000000001
MN/CNA,569,2025-12-01,873.2371,643.21954,722.83673,1023.6376,1103.2548,1002.0,729.38226,585.0672,1274.6177,1418.9329,569.0,873.2371,1002.0,-48.09117996817006,884.6887717680863,1001.9999999999999
MN/LPN,570,2025-07-01,175.42525,122.19182,140.61778,210.23271,228.65868,172.0,127.86725,104.504776,216.13275,239.49522,570.0,175.42525,172.0,-435.76462834170707,174.63036264349049,172.00000000000003
MN/LPN,571,2025-08-01,165.71428,92.10055,117.58085,213.84772,239.32803,161.0,116.86725,93.504776,205.13275,228.49522,571.0,165.71428,161.0,-436.36876539587166,164.98952654090783,161.00000000000003
MN/LPN,572,2025-09-01,211.99585,113.24832,147.42831,276.56342,310.7434,212.0,167.86725,144.50478,256.13275,279.4952,572.0,211.99585,212.0,-436.97290245003614,213.1986304160591,211.99999999999994
MN/LPN,573,2025-10-01,175.42525,62.336086,101.48022,249.37029,288.5144,172.0,109.58686,76.54734,234.41313,267.45267,573.0,175.42525,172.0,-437.5770395042008,174.91133354512314,172.00000000000003
MN/LPN,574,2025-11-01,165.71428,40.956676,84.13967,247.28891,290.4719,161.0,98.58686,65.54734,223.41313,256.45267,574.0,165.71428,161.0,-438.18117655836494,165.27046092508928,161.00000000000003
MN/LPN,575,2025-12-01,211.99585,69.815895,119.02937,304.96234,354.1758,212.0,149.58687,116.54734,274.41315,307.45267,575.0,211.99585,212.0,-438.7853136125292,213.47958639135734,211.99999999999994
MN/RN,576,2025-07-01,244.5784,161.79002,190.44598,298.71082,327.36676,297.0,235.54976,203.01997,358.45023,390.98004,576.0,244.5784,297.0,500.245472971678,238.2328928441412,297.00000000000006
MN/RN,577,2025-08-01,244.5784,161.79002,190.44598,298.71082,327.36676,240.0,178.54976,146.01997,301.45023,333.98004,577.0,244.5784,240.0,501.116579301029,237.4880308717506,240.0
MN/RN,578,2025-09-01,244.5784,161.79002,190.44598,298.71082,327.36676,318.0,256.54977,224.01997,379.45023,411.98004,578.0,244.5784,318.0,501.98768563038027,255.38162805690283,318.00000000000006
MN/RN,579,2025-10-01,244.5784,161.79002,190.44598,298.71082,327.36676,297.0,210.09624,164.09216,383.90375,429.90784,579.0,244.5784,297.0,502.8587919597311,237.97964418344492,297.00000000000006
MN/RN,580,2025-11-01,244.5784,161.79002,190.44598,298.71082,327.36676,240.0,153.09624,107.09217,326.90375,372.90784,580.0,244.5784,240.0,503.72989828908226,237.23260158949313,240.0
MN/RN,581,2025-12-01,244.5784,161.79002,190.44598,298.71082,327.36676,318.0,231.09624,185.09216,404.90375,450.90784,581.0,244.5784,318.0,504.6010046184331,255.12757466075342,318.00000000000006
MO/CNA,588,2025-07-01,2061.9673,1739.8474,1851.3444,2272.5898,2384.087,2122.0,1835.0421,1683.1357,2408.958,2560.8643,588.0,2061.9673,2122.0,6057.613481145095,2070.8951644377717,2122.0000000000005
MO/CNA,589,2025-08-01,2112.627,1790.5073,1902.0043,2323.2498,2434.7468,2391.0,2104.042,1952.1357,2677.958,2829.8643,589.0,2112.627,2391.0,6067.263064983849,2121.551524108813,2391.0
MO/CNA,590,2025-09-01,2426.3313,2104.2117,2215.7085,2636.954,2748.4512,2518.0,2231.042,2079.1357,2804.958,2956.8643,590.0,2426.3313,2518.0,6076.912648822599,2430.946560822602,2518.0
MO/CNA,591,2025-10-01,2061.9673,1739.8474,1851.3444,2272.5898,2384.087,2122.0,1716.1803,1501.3523,2527.8198,2742.6477,591.0,2061.9673,2122.0,6086.56223266135,2075.3248220542146,2122.0000000000005
MO/CNA,592,2025-11-01,2112.627,1790.5073,1902.0043,2323.2498,2434.7468,2391.0,1985.1803,1770.3523,2796.8198,3011.6477,592.0,2112.627,2391.0,6096.211816500099,2126.0155825745987,2391.0
MO/CNA,593,2025-12-01,2426.3313,2104.2117,2215.7085,2636.954,2748.4512,2518.0,2112.1802,1897.3523,2923.8198,3138.6477,593.0,2426.3313,2518.0,6105.861400338852,2435.3888926154036,2518.0
MO/LPN,594,2025-07-01,407.86407,327.50244,355.31842,460.4097,488.2257,420.0,346.2356,307.18707,493.7644,532.8129,594.0,407.86407,420.0,548.5550728645828,408.0121419158828,420.0000000000001
MO/LPN,595,2025-08-01,407.322,326.96036,354.77634,459.86765,487.68362,469.0,395.2356,356.18707,542.7644,581.8129,595.0,407.322,469.0,549.4790793997361,407.72635459562014,469.0
MO/LPN,596,2025-09-01,513.2134,432.85178,460.66776,565.75903,593.575,508.0,434.2356,395.18707,581.7644,620.8129,596.0,513.2134,508.0,550.4030859348895,511.49822184432855,508.00000000000006
MO/LPN,597,2025-10-01,407.86407,327.50244,355.31842,460.4097,488.2257,420.0,315.6814,260.45844,524.3186,579.54156,597.0,407.86407,420.0,551.3270924700429,409.01013878022417,420.0000000000001
MO/LPN,598,2025-11-01,407.322,326.96036,354.77634,459.86765,487.68362,469.0,364.6814,309.45844,573.3186,628.54156,598.0,407.322,469.0,552.251099005196,408.72813303133796,469.0
MO/LPN,599,2025-12-01,513.2134,432.85178,460.66776,565.75903,593.575,508.0,403.6814,348.45844,612.3186,667.54156,599.0,513.2134,508.0,553.1751055403495,512.4976085885206,508.00000000000006
MO/RN,600,2025-07-01,234.86723,190.56674,205.9007,263.83377,279.1677,238.0,184.62717,156.3733,291.37283,319.6267,600.0,234.86723,238.0,772.9431690217519,234.5105573750833,238.00000000000003
MO/RN,601,2025-08-01,258.2721,209.557,226.419,290.12518,306.98718,284.0,230.62717,202.3733,337.37283,365.6267,601.0,258.2721,284.0,774.2148769898179,258.2225623187152,284.0
MO/RN,602,2025-09-01,340.8778,276.5817,298.83682,382.91876,405.17392,323.0,269.62717,241.3733,376.37283,404.6267,602.0,340.8778,323.0,775.4865849578837,338.7977530667419,323.0
MO/RN,603,2025-10-01,234.86723,190.56674,205.9007,263.83377,279.16772,238.0,162.51942,122.562416,313.4806,353.4376,603.0,234.86723,238.0,776.7582929259496,235.1142046731471,238.00000000000003
MO/RN,604,2025-11-01,258.2721,209.557,226.419,290.12518,306.98718,284.0,208.51942,168.56241,359.4806,399.4376,604.0,258.2721,284.0,778.0300008940158,258.82771171563024,284.0
MO/RN,605,2025-12-01,340.8778,276.5817,298.83682,382.91876,405.17392,323.0,247.51942,207.56241,398.4806,438.4376,605.0,340.8778,323.0,779.3017088620813,339.40195085237576,323.0
MS/CNA,612,2025-07-01,717.3666,521.94934,589.59015,845.143,912.78375,689.0,535.3403,453.99768,842.6597,924.0023,612.0,717.3666,689.0,3444.014035883692,729.4832112314405,688.9999999999998
MS/CNA,613,2025-08-01,737.46063,538.3049,607.2397,867.6815,936.61633,750.0,596.3403,514.9977,903.6597,985.0023,613.0,737.46063,750.0,3449.500203610832,747.8662320229429,750.0000000000001
MS/CNA,614,2025-09-01,915.6084,710.8196,781.70416,1049.5126,1120.3972,1111.0,957.3403,875.9977,1264.6598,1346.0023,614.0,915.6084,1111.0,3454.986371337971,926.5815829342539,1111.0
MS/CNA,615,2025-10-01,717.3666,509.02322,581.1382,853.595,925.7099,689.0,471.6923,356.65652,906.30774,1021.34344,615.0,717.3666,689.0,3460.472539065111,729.39486729644,688.9999999999998
MS/CNA,616,2025-11-01,737.46063,525.59924,598.9319,875.9893,949.32196,750.0,532.69226,417.65652,967.30774,1082.3435,616.0,737.46063,750.0,3465.9587067922503,747.7948822830448,750.0000000000001
MS/CNA,617,2025-12-01,915.6084,698.432,773.6044,1057.6124,1132.7848,1111.0,893.69226,778.65656,1328.3077,1443.3435,617.0,915.6084,1111.0,3471.4448745193895,926.4995122733765,1111.0
MS/LPN,618,2025-07-01,229.25066,128.51718,163.38457,295.11673,329.98413,210.0,129.94368,87.56443,290.0563,332.43558,618.0,229.25066,210.0,1752.7161068500698,236.0981711342416,209.99999999999997
MS/LPN,619,2025-08-01,244.426,141.63692,177.21584,311.63617,347.2151,224.0,143.94368,101.56443,304.0563,346.43558,619.0,244.426,224.0,1755.5154773368959,250.5048274451946,224.00000000000003
MS/LPN,620,2025-09-01,324.52103,218.19914,255.00089,394.04117,430.84293,454.0,373.9437,331.56442,534.05634,576.43555,620.0,324.52103,454.0,1758.314847823721,330.94889952056076,453.9999999999999
MS/LPN,621,2025-10-01,229.25066,121.20401,158.60275,299.89856,337.2973,210.0,96.78327,36.849953,323.21674,383.15005,621.0,229.25066,210.0,1761.1142183105467,235.69654994003773,209.99999999999997
MS/LPN,622,2025-11-01,244.426,134.45044,172.51685,316.33514,354.40155,224.0,110.78327,50.849953,337.21674,397.15005,622.0,244.426,224.0,1763.9135887973725,250.10214123162163,224.00000000000003
MS/LPN,623,2025-12-01,324.52103,211.21954,250.43718,398.6049,437.8225,454.0,340.78326,280.84995,567.21674,627.15,623.0,324.52103,454.0,1766.7129592841984,330.5468885781268,453.9999999999999
MS/RN,624,2025-07-01,133.84146,88.26019,104.037476,163.64545,179.42271,132.0,98.73251,81.12177,165.26749,182.87823,624.0,133.84146,132.0,1071.9259640734497,135.1661190498132,132.00000000000006
MS/RN,625,2025-08-01,144.0758,97.038765,113.31994,174.83167,191.11284,130.0,96.73251,79.12177,163.26749,180.87823,625.0,144.0758,130.0,1073.6367694328546,145.20328600895706,130.00000000000003
MS/RN,626,2025-09-01,181.74089,132.47246,149.526,213.9558,231.00932,235.0,201.73251,184.12177,268.2675,285.87823,626.0,181.74089,235.0,1075.3475747922598,183.81615953738975,234.99999999999997
MS/RN,627,2025-10-01,133.84146,83.40122,100.86036,166.82256,184.2817,132.0,84.95267,60.047318,179.04733,203.95268,627.0,133.84146,132.0,1077.0583801516648,134.95934709951266,132.00000000000006
MS/RN,628,2025-11-01,144.0758,92.309845,110.22787,177.92375,195.84177,130.0,82.95267,58.047318,177.04733,201.95268,628.0,144.0758,130.0,1078.7691855110695,144.99857536982668,130.00000000000003
MS/RN,629,2025-12-01,181.74089,127.92946,146.5555,216.9263,235.55232,235.0,187.95267,163.04732,282.04733,306.95267,629.0,181.74089,235.0,1080.4799908704742,183.61014940394304,234.99999999999997
MT/CNA,636,2025-07-01,141.07944,82.633934,102.863976,179.2949,199.52495,158.0,89.699425,53.54328,226.30058,262.45673,636.0,141.07944,158.0,113.4721691772033,142.46332373274052,158.00000000000003
MT/CNA,637,2025-08-01,142.75725,84.311745,104.54179,180.97272,201.20276,165.0,96.699425,60.54328,233.30058,269.45673,637.0,142.75725,165.0,113.64868790485961,144.26872859966684,164.99999999999994
MT/CNA,638,2025-09-01,185.54384,127.098335,147.32838,223.75931,243.98935,176.0,107.699425,71.54328,244.30058,280.45673,638.0,185.54384,176.0,113.8252066325158,183.42660625401666,176.0
MT/CNA,639,2025-10-01,141.07944,82.633934,102.863976,179.2949,199.52495,158.0,61.408398,10.275892,254.5916,305.72412,639.0,141.07944,158.0,114.00172536017189,143.17026113744467,158.00000000000003
MT/CNA,640,2025-11-01,142.75725,84.311745,104.54179,180.97272,201.20276,165.0,68.4084,17.275892,261.5916,312.72412,640.0,142.75725,165.0,114.17824408782816,144.98298043830675,164.99999999999994
MT/CNA,641,2025-12-01,185.54384,127.098335,147.32838,223.75931,243.98935,176.0,79.4084,28.275892,272.5916,323.72412,641.0,185.54384,176.0,114.3547628154843,184.13623890297754,176.0
MT/LPN,642,2025-07-01,20.963009,8.89555,13.072521,28.853497,33.030468,23.0,10.6001,4.0359893,35.3999,41.964012,642.0,20.963009,23.0,-80.44781833215491,21.214417822356804,23.0
MT/LPN,643,2025-08-01,18.234901,6.054755,10.270732,26.199072,30.415047,24.0,11.6001,5.0359893,36.3999,42.964012,643.0,18.234901,24.0,-80.59487052900958,18.50708702722576,23.999999999999996
MT/LPN,644,2025-09-01,28.520065,16.068031,20.378117,36.662014,40.9721,22.0,9.6001,3.0359893,34.3999,40.964012,644.0,28.520065,22.0,-80.74192272586424,27.874700808506777,21.999999999999996
MT/LPN,645,2025-10-01,20.963009,8.366051,12.726301,29.199717,33.559967,23.0,5.463893,-3.8191612,40.536106,49.81916,645.0,20.963009,23.0,-80.8889749227188,21.309489776469466,23.0
MT/LPN,646,2025-11-01,18.234901,5.5293145,9.927165,26.542639,30.940489,24.0,6.463893,-2.8191612,41.536106,50.81916,646.0,18.234901,24.0,-81.03602711957345,18.603188261447563,23.999999999999996
MT/LPN,647,2025-12-01,28.520065,15.5520735,20.04075,36.99938,41.488056,22.0,4.463893,-4.8191614,39.536106,48.81916,647.0,28.520065,22.0,-81.1830793164285,27.970152059999172,21.999999999999996
MT/RN,648,2025-07-01,33.211086,18.414564,23.536161,42.886013,48.00761,41.0,25.805563,17.762114,56.19444,64.237885,648.0,33.211086,41.0,124.23545758117217,33.33626722158719,40.99999999999999
MT/RN,649,2025-08-01,36.14401,21.347485,26.469082,45.81893,50.94053,45.0,29.805563,21.762114,60.19444,68.237885,649.0,36.14401,45.0,124.40398218064774,36.36058974600362,45.00000000000001
MT/RN,650,2025-09-01,47.003193,32.20667,37.328266,56.67812,61.799713,24.0,8.805563,0.7621138,39.19444,47.237885,650.0,47.003193,24.0,124.57250678012313,45.86214770440726,24.0
MT/RN,651,2025-10-01,33.211086,18.414564,23.536161,42.886013,48.00761,41.0,19.511822,8.136666,62.48818,73.863335,651.0,33.211086,41.0,124.74103137959867,33.535500223673765,40.99999999999999
MT/RN,652,2025-11-01,36.14401,21.347485,26.469082,45.81893,50.94053,45.0,23.511822,12.136666,66.48818,77.863335,652.0,36.14401,45.0,124.90955597907404,36.559714501229365,45.00000000000001
MT/RN,653,2025-12-01,47.003193,32.20667,37.328266,56.67812,61.799717,24.0,2.511821,-8.863334,45.48818,56.863335,653.0,47.003193,24.0,125.07808057854949,46.06133947599684,24.0
NC/CNA,660,2025-07-01,1528.4808,1179.1696,1300.0785,1756.8832,1877.7921,1557.0,1234.5797,1063.9006,1879.4203,2050.0994,660.0,1528.4808,1557.0,3404.371771920999,1534.964628829423,1556.9999999999998
NC/CNA,661,2025-08-01,1585.697,1236.3857,1357.2946,1814.0994,1935.0083,1675.0,1352.5797,1181.9006,1997.4203,2168.0994,661.0,1585.697,1675.0,3409.759137687911,1589.8474369977753,1675.0000000000002
NC/CNA,662,2025-09-01,1816.3914,1467.0801,1587.989,2044.7938,2165.7026,2241.0,1918.5797,1747.9006,2563.4204,2734.0994,662.0,1816.3914,2241.0,3415.146503454823,1822.175737261481,2241.0
NC/CNA,663,2025-10-01,1528.4808,1179.1696,1300.0785,1756.8832,1877.7921,1557.0,1101.0288,859.6522,2012.9712,2254.348,663.0,1528.4808,1557.0,3420.533869221734,1533.4462306572227,1556.9999999999998
NC/CNA,664,2025-11-01,1585.697,1236.3856,1357.2946,1814.0994,1935.0083,1675.0,1219.0288,977.6522,2130.9712,2372.348,664.0,1585.697,1675.0,3425.921234988647,1588.3580230564194,1675.0000000000002
NC/CNA,665,2025-12-01,1816.3914,1467.0801,1587.989,2044.7938,2165.7026,2241.0,1785.0288,1543.6522,2696.9712,2938.348,665.0,1816.3914,2241.0,3431.3086007555585,1820.6680447640674,2241.0
NC/LPN,666,2025-07-01,451.9975,327.8969,370.85248,533.14246,576.0981,417.0,297.86066,234.7921,536.13934,599.2079,666.0,451.9975,417.0,1667.5434550254527,457.4515049664432,416.99999999999994
NC/LPN,667,2025-08-01,455.06577,330.9652,373.92078,536.21075,579.1663,450.0,330.86066,267.7921,569.13934,632.2079,667.0,455.06577,450.0,1670.1375959242189,460.4302846599748,449.99999999999994
NC/LPN,668,2025-09-01,552.5198,428.41922,471.3748,633.6648,676.62036,733.0,613.86066,550.7921,852.13934,915.2079,668.0,552.5198,733.0,1672.7317368229856,554.583985160727,732.9999999999998
NC/LPN,669,2025-10-01,451.9975,327.8969,370.85248,533.1425,576.0981,417.0,248.51154,159.31912,585.48846,674.68085,669.0,451.9975,417.0,1675.3258777217516,456.68223315218836,416.99999999999994
NC/LPN,670,2025-11-01,455.06577,330.9652,373.92078,536.21075,579.1663,450.0,281.51154,192.31912,618.48846,707.68085,670.0,455.06577,450.0,1677.9200186205176,459.655394187832,449.99999999999994
NC/LPN,671,2025-12-01,552.5198,428.41922,471.3748,633.6648,676.62036,733.0,564.51154,475.31912,901.48846,990.68085,671.0,552.5198,733.0,1680.514159519284,553.8126455123289,732.9999999999998
NC/RN,672,2025-07-01,333.1305,240.85315,272.79358,393.4674,425.40784,297.0,217.03947,174.71094,376.9605,419.28906,672.0,333.1305,297.0,2162.55018543203,329.48784078673197,297.00000000000006
NC/RN,673,2025-08-01,346.3559,248.93896,282.6584,410.0534,443.77283,344.0,264.0395,221.71094,423.9605,466.28906,673.0,346.3559,344.0,2165.91928512605,342.88411379916874,343.99999999999994
NC/RN,674,2025-09-01,408.47903,304.32086,340.37366,476.5844,512.6372,428.0,348.0395,305.71094,507.9605,550.28906,674.0,408.47903,428.0,2169.2883848200695,405.48502224952705,428.00000000000006
NC/RN,675,2025-10-01,333.1305,224.70932,262.2377,404.0233,441.55167,297.0,183.91875,124.057144,410.08127,469.94287,675.0,333.1305,297.0,2172.657484514089,328.62346921779687,297.00000000000006
NC/RN,676,2025-11-01,346.3559,233.50119,272.56418,420.1476,459.2106,344.0,230.91875,171.05714,457.08127,516.9429,676.0,346.3559,344.0,2176.026584208108,342.0174513107077,343.99999999999994
NC/RN,677,2025-12-01,408.47903,289.72076,330.82718,486.1309,527.2373,428.0,314.91873,255.05714,541.08124,600.9429,677.0,408.47903,428.0,2179.395683902128,404.6198079619268,428.00000000000006
ND/CNA,684,2025-07-01,219.13976,141.21162,168.18529,270.09424,297.0679,209.0,155.50641,127.18862,262.4936,290.81137,684.0,219.13976,209.0,985.184919069238,217.25058891942336,208.99999999999994
ND/CNA,685,2025-08-01,219.13976,140.7187,167.86299,270.41653,297.56082,240.0,186.50641,158.18861,293.4936,321.81137,685.0,219.13976,240.0,986.7242208302598,217.27347432750395,240.0
ND/CNA,686,2025-09-01,219.13976,140.22867,167.54257,270.73694,298.05084,286.0,232.50641,204.18861,339.4936,367.81137,686.0,219.13976,286.0,988.2635225912815,222.08680560320866,286.0
ND/CNA,687,2025-10-01,219.13976,139.74147,167.224,271.0555,298.53806,209.0,133.34865,93.30123,284.65137,324.69876,687.0,219.13976,209.0,989.8028243523033,217.33179227220074,208.99999999999994
ND/CNA,688,2025-11-01,219.13976,139.25703,166.90726,271.37225,299.0225,240.0,164.34865,124.30123,315.65137,355.69876,688.0,219.13976,240.0,991.3421261133251,217.36180482714104,240.0
ND/CNA,689,2025-12-01,219.13976,138.77533,166.59229,271.68723,299.50418,286.0,210.34865,170.30124,361.65137,401.69876,689.0,219.13976,286.0,992.8814278743469,222.17063918539046,286.0
ND/LPN,690,2025-07-01,42.546005,20.565279,28.17358,56.918427,64.526726,39.0,27.271044,21.062109,50.728954,56.93789,690.0,42.546005,39.0,381.14988437731057,42.195909917462075,38.999999999999986
ND/LPN,691,2025-08-01,42.546005,17.030333,25.862204,59.229805,68.061676,44.0,32.271046,26.062109,55.728954,61.93789,691.0,42.546005,44.0,381.6628528563966,42.21675019381128,44.000000000000014
ND/LPN,692,2025-09-01,42.546005,13.862607,23.79094,61.30107,71.2294,45.0,33.271046,27.062109,56.728954,62.93789,692.0,42.546005,45.0,382.1758213354824,43.37334371868185,45.0
ND/LPN,693,2025-10-01,42.546005,10.9501,21.886553,63.205456,74.14191,39.0,22.412752,13.631992,55.58725,64.36801,693.0,42.546005,39.0,382.68878981456817,42.319131938726116,38.999999999999986
ND/LPN,694,2025-11-01,42.546005,8.226496,20.105684,64.98633,76.86551,44.0,27.412752,18.631992,60.58725,69.36801,694.0,42.546005,44.0,383.20175829365434,42.34066401116134,44.000000000000014
ND/LPN,695,2025-12-01,42.546005,5.6487246,18.42017,66.67184,79.44328,45.0,28.412752,19.631992,61.58725,70.36801,695.0,42.546005,45.0,383.7147267727403,43.49682032719983,45.0
ND/RN,696,2025-07-01,38.475334,19.052092,25.775158,51.175507,57.898575,38.0,23.300014,15.518313,52.699986,60.481686,696.0,38.475334,38.0,282.81862186988684,37.34143031771436,38.000000000000014
ND/RN,697,2025-08-01,38.475334,19.052092,25.775158,51.175507,57.898575,42.0,27.300014,19.518314,56.699986,64.48169,697.0,38.475334,42.0,283.1688544217597,37.3146299149454,42.00000000000001
ND/RN,698,2025-09-01,38.475334,19.052092,25.775158,51.175507,57.898575,56.0,41.300014,33.518314,70.69998,78.48169,698.0,38.475334,56.0,283.51908697363245,40.49357415462416,56.0
ND/RN,699,2025-10-01,38.475334,19.052092,25.775158,51.175507,57.898575,38.0,17.211082,6.2060943,58.788918,69.79391,699.0,38.475334,38.0,283.8693195255054,37.374227624370995,38.000000000000014
ND/RN,700,2025-11-01,38.475334,19.052092,25.775158,51.175507,57.898575,42.0,21.211082,10.206094,62.788918,73.79391,700.0,38.475334,42.0,284.2195520773782,37.34884938165694,42.00000000000001
ND/RN,701,2025-12-01,38.475334,19.052092,25.775158,51.175507,57.898575,56.0,35.211082,24.206095,76.78892,87.79391,701.0,38.475334,56.0,284.56978462925093,40.526896144541965,56.0
NE/CNA,708,2025-07-01,523.9636,390.80197,436.8939,611.0334,657.1253,552.0,448.61975,393.89352,655.38025,710.10645,708.0,523.9636,552.0,254.78709454797104,519.151915537861,551.9999999999999
NE/CNA,709,2025-08-01,523.9636,390.80197,436.8939,611.0334,657.1253,531.0,427.61975,372.89352,634.38025,689.10645,709.0,523.9636,531.0,255.1560246224497,518.1077469383829,531.0
NE/CNA,710,2025-09-01,523.9636,390.80197,436.8939,611.0334,657.1253,666.0,562.61975,507.89352,769.38025,824.10645,710.0,523.9636,666.0,255.52495469692818,542.1303342310204,665.9999999999999
NE/CNA,711,2025-10-01,523.9636,390.80197,436.8939,611.0334,657.1253,552.0,405.79825,328.4037,698.2018,775.5963,711.0,523.9636,552.0,255.89388477140673,518.085701427001,551.9999999999999
NE/CNA,712,2025-11-01,523.9636,390.80197,436.8939,611.0334,657.1253,531.0,384.79825,307.4037,677.2018,754.5963,712.0,523.9636,531.0,256.2628148458852,517.0475102403758,531.0
NE/CNA,713,2025-12-01,523.9636,390.80197,436.8939,611.0334,657.1253,666.0,519.7982,442.4037,812.2018,889.5963,713.0,523.9636,666.0,256.631744920364,541.0663312390323,665.9999999999999
NE/LPN,714,2025-07-01,79.606895,47.990154,58.93382,100.27997,111.22363,82.0,56.259357,42.633083,107.74065,121.36692,714.0,79.606895,82.0,44.5863050521494,78.19009243427696,82.0
NE/LPN,715,2025-08-01,79.606895,47.990154,58.93382,100.27997,111.22363,58.0,32.259357,18.633081,83.74065,97.36692,715.0,79.606895,58.0,44.52940842771558,77.62884199853066,58.00000000000001
NE/LPN,716,2025-09-01,79.606895,47.990154,58.93382,100.27997,111.22363,107.0,81.25935,67.63308,132.74065,146.36691,716.0,79.606895,107.0,44.47251180328165,83.9418143916108,107.0
NE/LPN,717,2025-10-01,79.606895,47.990154,58.93382,100.27997,111.22363,82.0,45.597233,26.32677,118.40277,137.67323,717.0,79.606895,82.0,44.415615178848,77.84051246287036,82.0
NE/LPN,718,2025-11-01,79.606895,47.990154,58.93382,100.27997,111.22363,58.0,21.597233,2.3267708,94.40277,113.673225,718.0,79.606895,58.0,44.358718554414295,77.27651474348168,58.00000000000001
NE/LPN,719,2025-12-01,79.606895,47.990154,58.93382,100.27997,111.22363,107.0,70.59723,51.32677,143.40277,162.67323,719.0,79.606895,107.0,44.30182192998025,83.59122213793547,107.0
NE/RN,720,2025-07-01,97.11761,59.766655,72.69513,121.54008,134.46855,103.0,71.09453,54.20479,134.90547,151.79521,720.0,97.11761,103.0,602.0282911015216,95.14629024863642,103.00000000000001
NE/RN,721,2025-08-01,97.11761,59.766655,72.69513,121.54008,134.46855,96.0,64.09453,47.20479,127.90547,144.79521,721.0,97.11761,96.0,602.8470952073209,95.12124058003458,96.0
NE/RN,722,2025-09-01,97.11761,59.766655,72.69513,121.54008,134.46855,103.0,71.09453,54.20479,134.90547,151.79521,722.0,97.11761,103.0,603.6658993131203,101.34215810529089,103.0
NE/RN,723,2025-10-01,97.11761,59.766655,72.69513,121.54008,134.46855,103.0,57.878845,33.993153,148.12115,172.00685,723.0,97.11761,103.0,604.4847034189199,95.26269254054574,103.00000000000001
NE/RN,724,2025-11-01,97.11761,59.766655,72.69513,121.54008,134.46855,96.0,50.878845,26.99315,141.12115,165.00685,724.0,97.11761,96.0,605.303507524719,95.2371751311874,96.0
NE/RN,725,2025-12-01,97.11761,59.766655,72.69513,121.54008,134.46855,103.0,57.878845,33.993153,148.12115,172.00685,725.0,97.11761,103.0,606.1223116305184,101.45838678285799,103.0
NH/CNA,732,2025-07-01,165.40628,112.674286,130.92668,199.88588,218.13828,167.0,110.67001,80.85072,223.32999,253.14928,732.0,165.40628,167.0,695.6148952102344,169.25898362768672,167.00000000000003
NH/CNA,733,2025-08-01,184.60721,131.87521,150.12761,219.0868,237.3392,186.0,129.67001,99.85072,242.32999,272.1493,733.0,184.60721,186.0,696.6417115614979,187.50828461239234,186.00000000000003
NH/CNA,734,2025-09-01,233.41518,180.68318,198.93558,267.89478,286.1472,287.0,230.67001,200.85072,343.33,373.1493,734.0,233.41518,287.0,697.6685279127616,234.26822163725106,286.99999999999994
NH/CNA,735,2025-10-01,165.40628,112.674286,130.92668,199.88588,218.13828,167.0,87.33737,45.166523,246.66263,288.83347,735.0,165.40628,167.0,698.6953442640249,168.859259818175,167.00000000000003
NH/CNA,736,2025-11-01,184.60721,131.87521,150.12761,219.0868,237.3392,186.0,106.33737,64.16652,265.66263,307.83347,736.0,184.60721,186.0,699.7221606152887,187.10932216351455,186.00000000000003
NH/CNA,737,2025-12-01,233.41518,180.68318,198.93558,267.89478,286.1472,287.0,207.33737,165.16652,366.66263,408.83347,737.0,233.41518,287.0,700.7489769665522,233.86878078525336,286.99999999999994
NH/LPN,738,2025-07-01,44.877506,27.32621,33.40133,56.353683,62.428802,39.0,22.859621,14.315419,55.14038,63.68458,738.0,44.877506,39.0,335.91764244005674,46.023829146894215,38.99999999999999
NH/LPN,739,2025-08-01,44.021687,26.470392,32.545513,55.497864,61.572983,44.0,27.859621,19.31542,60.14038,68.68458,739.0,44.021687,44.0,336.29071261270855,44.9658959032738,44.0
NH/LPN,740,2025-09-01,66.30044,48.74914,54.82426,77.77661,83.85173,96.0,79.85962,71.31542,112.14038,120.68458,740.0,66.30044,96.0,336.6637827853597,66.94560625145327,95.99999999999999
NH/LPN,741,2025-10-01,44.877506,27.32621,33.40133,56.353683,62.428802,39.0,16.174057,4.0907316,61.825943,73.90927,741.0,44.877506,39.0,337.036852958011,45.84027689658808,38.99999999999999
NH/LPN,742,2025-11-01,44.021687,26.47039,32.545513,55.497864,61.572983,44.0,21.174057,9.090732,66.82594,78.90927,742.0,44.021687,44.0,337.40992313066255,44.78255042091058,44.0
NH/LPN,743,2025-12-01,66.30044,48.74914,54.82426,77.77661,83.85174,96.0,73.17406,61.090733,118.82594,130.90927,743.0,66.30044,96.0,337.7829933033141,66.76213147712757,95.99999999999999
NH/RN,744,2025-07-01,42.34295,23.847761,30.249596,54.4363,60.838135,36.0,14.668899,3.3768957,57.3311,68.62311,744.0,42.34295,36.0,-8.983505253654045,42.40331193486985,35.99999999999999
NH/RN,745,2025-08-01,53.497723,29.995789,38.130634,68.86481,76.99966,51.0,29.6689,18.376896,72.3311,83.62311,745.0,53.497723,51.0,-9.161210635559684,53.281325910222506,51.00000000000001
NH/RN,746,2025-09-01,70.27449,39.31361,50.030262,90.51872,101.235374,79.0,57.6689,46.376896,100.3311,111.62311,746.0,70.27449,79.0,-9.338916017465095,70.48843154708584,78.99999999999999
NH/RN,747,2025-10-01,42.34295,22.956348,29.66673,55.019165,61.729546,36.0,5.833267,-10.136037,66.16673,82.13604,747.0,42.34295,36.0,-9.516621399370663,42.142163180177796,35.99999999999999
NH/RN,748,2025-11-01,53.497723,29.286882,37.667107,69.32834,77.70856,51.0,20.833267,4.8639636,81.16673,97.13604,748.0,53.497723,51.0,-9.694326781276345,53.020839466114225,51.00000000000001
NH/RN,749,2025-12-01,70.27449,38.77084,49.67536,90.87363,101.778145,79.0,48.833267,32.863964,109.16673,125.13604,749.0,70.27449,79.0,-9.872032163181814,70.22752848206365,78.99999999999999
NJ/CNA,756,2025-07-01,717.455,578.3904,626.5256,808.3845,856.5197,794.0,647.2813,569.61316,940.7187,1018.38684,756.0,717.455,794.0,2458.941862027915,721.4941478273945,794.0
NJ/CNA,757,2025-08-01,721.90656,581.97906,630.4129,813.4002,861.83405,838.0,691.2813,613.61316,984.7187,1062.3868,757.0,721.90656,838.0,2462.723397327574,726.0665569606471,838.0000000000001
NJ/CNA,758,2025-09-01,969.5393,781.6131,846.66095,1092.4177,1157.4656,1013.0,866.2813,788.61316,1159.7186,1237.3868,758.0,969.5393,1013.0,2466.5049326272338,969.123099229046,1013.0
NJ/CNA,759,2025-10-01,717.455,578.3904,626.5256,808.3845,856.5197,794.0,586.5085,476.6691,1001.4915,1111.3309,759.0,717.455,794.0,2470.2864679268923,722.6532595042172,794.0
NJ/CNA,760,2025-11-01,721.90656,581.97906,630.4129,813.4002,861.83405,838.0,630.5085,520.66907,1045.4916,1155.3309,760.0,721.90656,838.0,2474.068003226551,727.2299381243637,838.0000000000001
NJ/CNA,761,2025-12-01,969.5393,781.6131,846.66095,1092.4177,1157.4656,1013.0,805.5085,695.66907,1220.4916,1330.3309,761.0,969.5393,1013.0,2477.8495385262095,970.2837815550921,1013.0
NJ/LPN,762,2025-07-01,376.24545,289.44983,319.49283,432.99808,463.0411,353.0,264.08694,217.01923,441.91306,488.98077,762.0,376.24545,353.0,1090.7547999943808,376.1036064537422,352.9999999999999
NJ/LPN,763,2025-08-01,381.30774,294.5121,324.5551,438.06036,468.1034,408.0,319.08694,272.01923,496.91306,543.9808,763.0,381.30774,408.0,1092.2967199988177,381.8077524007167,408.00000000000006
NJ/LPN,764,2025-09-01,497.8035,411.00787,441.05087,554.55615,584.5992,488.0,399.08694,352.01923,576.913,623.9808,764.0,497.8035,488.0,1093.8386400032548,494.3848398819102,487.9999999999999
NJ/LPN,765,2025-10-01,376.24545,289.44983,319.49283,432.99808,463.0411,353.0,227.25797,160.69415,478.74203,545.30585,765.0,376.24545,353.0,1095.3805600076917,377.16282969962134,352.9999999999999
NJ/LPN,766,2025-11-01,381.30774,294.5121,324.5551,438.06036,468.1034,408.0,282.25797,215.69415,533.74207,600.30585,766.0,381.30774,408.0,1096.9224800121287,382.8671315078806,408.00000000000006
NJ/LPN,767,2025-12-01,497.8035,411.00787,441.05087,554.55615,584.5992,488.0,362.25797,295.69415,613.74207,680.30585,767.0,497.8035,488.0,1098.4644000165656,495.44411471193786,487.9999999999999
NJ/RN,768,2025-07-01,273.9607,223.78271,241.15108,306.7703,324.13867,253.0,199.78052,171.60782,306.21948,334.39218,768.0,273.9607,253.0,409.63929377899655,271.42549665201483,252.99999999999997
NJ/RN,769,2025-08-01,271.75552,221.57756,238.94592,304.56512,321.9335,265.0,211.78052,183.60782,318.21948,346.39218,769.0,271.75552,265.0,410.0879283161037,269.754935825467,264.99999999999994
NJ/RN,770,2025-09-01,407.28564,357.10767,374.476,440.09525,457.4636,400.0,346.78052,318.60782,453.21948,481.39218,770.0,407.28564,400.0,410.5365628532113,402.58892509885493,399.99999999999983
NJ/RN,771,2025-10-01,273.9607,223.78271,241.15108,306.7703,324.13867,253.0,177.73628,137.89407,328.26373,368.10593,771.0,273.9607,253.0,410.9851973903189,272.04307246439,252.99999999999997
NJ/RN,772,2025-11-01,271.75552,221.57756,238.94592,304.56512,321.9335,265.0,189.73628,149.89407,340.26373,380.10593,772.0,271.75552,265.0,411.43383192742607,270.3754460500167,264.99999999999994
NJ/RN,773,2025-12-01,407.28564,357.10767,374.476,440.09525,457.4636,400.0,324.73627,284.89407,475.26373,515.1059,773.0,407.28564,400.0,411.8824664645334,403.20757936767376,399.99999999999983
NM/CNA,780,2025-07-01,185.95006,133.44406,151.61824,220.28189,238.45605,182.0,136.09866,111.79997,227.90134,252.20003,780.0,185.95006,182.0,243.6165411735873,181.1202096976067,182.00000000000003
NM/CNA,781,2025-08-01,185.95006,133.44406,151.61824,220.28189,238.45605,182.0,136.09866,111.79997,227.90134,252.20003,781.0,185.95006,182.0,243.895738316846,176.72849519346352,181.99999999999997
NM/CNA,782,2025-09-01,185.95006,133.44406,151.61824,220.28189,238.45605,194.0,148.09866,123.79997,239.90134,264.2,782.0,185.95006,194.0,244.17493546010493,198.58979766009696,193.99999999999994
NM/CNA,783,2025-10-01,185.95006,133.44406,151.61824,220.28189,238.45605,182.0,117.08572,82.722176,246.91428,281.27783,783.0,185.95006,182.0,244.4541326033635,181.10014684594248,182.00000000000003
NM/CNA,784,2025-11-01,185.95006,133.44406,151.61824,220.28189,238.45605,182.0,117.08572,82.722176,246.91428,281.27783,784.0,185.95006,182.0,244.73332974662213,176.71134114240624,181.99999999999997
NM/CNA,785,2025-12-01,185.95006,133.44406,151.61824,220.28189,238.45605,194.0,129.08572,94.722176,258.91428,293.27783,785.0,185.95006,194.0,245.01252688988075,198.5708085420398,193.99999999999994
NM/LPN,786,2025-07-01,54.074024,32.27484,39.820305,68.32774,75.87321,38.0,23.922365,16.470114,52.077637,59.529884,786.0,54.074024,38.0,351.29123145537335,52.724572027497445,38.000000000000014
NM/LPN,787,2025-08-01,54.074024,32.27484,39.820305,68.32774,75.87321,75.0,60.922363,53.470116,89.07764,96.529884,787.0,54.074024,75.0,351.6280514711401,51.78422236429787,75.00000000000001
NM/LPN,788,2025-09-01,54.074024,32.27484,39.820305,68.32774,75.87321,66.0,51.922363,44.470116,80.07764,87.529884,788.0,54.074024,66.0,351.964871486907,58.07379663431055,65.99999999999999
NM/LPN,789,2025-10-01,54.074024,32.27484,39.820305,68.32774,75.87321,38.0,18.091217,7.552143,57.908783,68.44785,789.0,54.074024,38.0,352.30169150267363,52.79187233796908,38.000000000000014
NM/LPN,790,2025-11-01,54.074024,32.27484,39.820305,68.32774,75.87321,75.0,55.091217,44.552143,94.90878,105.44785,790.0,54.074024,75.0,352.63851151844057,51.85162416115813,75.00000000000001
NM/LPN,791,2025-12-01,54.074024,32.27484,39.820305,68.32774,75.87321,66.0,46.091217,35.552143,85.90878,96.44785,791.0,54.074024,66.0,352.97533153420744,58.14113430127384,65.99999999999999
NM/RN,792,2025-07-01,58.65907,34.64727,42.958595,74.35954,82.67087,45.0,28.925167,20.415665,61.074833,69.584335,792.0,58.65907,45.0,438.42370258230875,56.83214285198263,45.00000000000001
NM/RN,793,2025-08-01,58.65907,34.64727,42.958595,74.35954,82.67087,47.0,30.925167,22.415665,63.074833,71.584335,793.0,58.65907,47.0,438.890780050633,55.737980647328875,47.00000000000001
NM/RN,794,2025-09-01,58.65907,34.64727,42.958595,74.35954,82.67087,82.0,65.92517,57.415665,98.07483,106.584335,794.0,58.65907,82.0,439.35785751895696,63.7389803514077,81.99999999999999
NM/RN,795,2025-10-01,58.65907,34.64727,42.958595,74.35954,82.67087,45.0,22.266754,10.2325,67.733246,79.7675,795.0,58.65907,45.0,439.8249349872815,56.71234255123755,45.00000000000001
NM/RN,796,2025-11-01,58.65907,34.647266,42.958595,74.35954,82.67087,47.0,24.266754,12.2325,69.733246,81.7675,796.0,58.65907,47.0,440.2920124556058,55.617547244140276,47.00000000000001
NM/RN,797,2025-12-01,58.65907,34.647266,42.958595,74.35954,82.67087,82.0,59.266754,47.2325,104.733246,116.7675,797.0,58.65907,82.0,440.7590899239299,63.61894704142936,81.99999999999999
NV/CNA,804,2025-07-01,233.87271,159.01556,184.92625,282.81915,308.72986,242.0,172.92517,136.35916,311.07483,347.64084,804.0,233.87271,242.0,231.56441680431269,229.35831928019724,242.00000000000006
NV/CNA,805,2025-08-01,233.87271,159.01556,184.92625,282.81915,308.72986,242.0,172.92517,136.35916,311.07483,347.64084,805.0,233.87271,242.0,231.79187467029817,228.78369746886648,242.00000000000003
NV/CNA,806,2025-09-01,233.87271,159.01556,184.92625,282.81915,308.72986,247.0,177.92517,141.35916,316.07483,352.64084,806.0,233.87271,247.0,232.01933253628397,240.13048655842553,246.99999999999997
NV/CNA,807,2025-10-01,233.87271,159.01556,184.92625,282.81915,308.72986,242.0,144.31345,92.601295,339.68655,391.3987,807.0,233.87271,242.0,232.2467904022696,229.84927197906006,242.00000000000006
NV/CNA,808,2025-11-01,233.87271,159.01556,184.92625,282.81915,308.72986,242.0,144.31345,92.601295,339.68655,391.3987,808.0,233.87271,242.0,232.47424826825517,229.28169778252106,242.00000000000003
NV/CNA,809,2025-12-01,233.87271,159.01556,184.92625,282.81915,308.72986,247.0,149.31345,97.601295,344.68655,396.3987,809.0,233.87271,247.0,232.70170613424068,240.62403734195814,246.99999999999997
NV/LPN,810,2025-07-01,86.7581,49.800404,62.592762,110.92345,123.715805,79.0,41.241062,21.25269,116.758934,136.74731,810.0,86.7581,79.0,48.56915364408546,86.64610536758198,79.00000000000001
NV/LPN,811,2025-08-01,86.7581,49.800404,62.592762,110.92345,123.715805,80.0,42.241062,22.25269,117.758934,137.74731,811.0,86.7581,80.0,48.40124934542169,86.997248141965,80.00000000000001
NV/LPN,812,2025-09-01,86.7581,49.800404,62.592762,110.92345,123.715805,76.0,38.241062,18.25269,113.758934,133.74731,812.0,86.7581,76.0,48.23334504675772,85.54426079677164,76.00000000000001
NV/LPN,813,2025-10-01,86.7581,49.800404,62.592762,110.92345,123.715805,79.0,25.6008,-2.6670306,132.3992,160.66704,813.0,86.7581,79.0,48.06544074809371,86.56935277322705,79.00000000000001
NV/LPN,814,2025-11-01,86.7581,49.800404,62.592762,110.92345,123.715805,80.0,26.6008,-1.6670305,133.3992,161.66704,814.0,86.7581,80.0,47.897536449429936,86.91852510155042,80.00000000000001
NV/LPN,815,2025-12-01,86.7581,49.800404,62.592762,110.92345,123.715805,76.0,22.6008,-5.6670303,129.3992,157.66704,815.0,86.7581,76.0,47.72963215076588,85.46678130153417,76.00000000000001
NV/RN,816,2025-07-01,72.23746,38.033104,49.872433,94.602486,106.44181,61.0,33.991688,19.694351,88.00831,102.30565,816.0,72.23746,61.0,717.519684187073,70.34180136718547,61.00000000000001
NV/RN,817,2025-08-01,72.23746,38.033104,49.872433,94.602486,106.44181,70.0,42.991688,28.694351,97.00831,111.30565,817.0,72.23746,70.0,718.387228069925,70.58327667633765,70.00000000000001
NV/RN,818,2025-09-01,72.23746,38.033104,49.872433,94.602486,106.44181,79.0,51.991688,37.69435,106.00831,120.30565,818.0,72.23746,79.0,719.2547719527773,74.58359608134536,78.99999999999999
NV/RN,819,2025-10-01,72.23746,38.033104,49.872433,94.602486,106.44181,61.0,22.80448,2.5849924,99.19552,119.41501,819.0,72.23746,61.0,720.1223158356293,70.54135388978607,61.00000000000001
NV/RN,820,2025-11-01,72.23746,38.033104,49.872433,94.602486,106.44181,70.0,31.80448,11.584992,108.19552,128.41501,820.0,72.23746,70.0,720.9898597184812,70.78295131294358,70.00000000000001
NV/RN,821,2025-12-01,72.23746,38.033104,49.872433,94.602486,106.44182,79.0,40.804478,20.584991,117.19552,137.41501,821.0,72.23746,79.0,721.8574036013337,74.78319215329111,78.99999999999999
NY/CNA,828,2025-07-01,2553.3706,2203.638,2324.6926,2782.0486,2903.1035,2293.0,2040.7257,1907.1798,2545.2744,2678.8203,828.0,2553.3706,2293.0,12471.256134630616,2534.3220887265993,2293.0
NY/CNA,829,2025-08-01,2578.5906,2177.7778,2316.5132,2840.6677,2979.403,2621.0,2368.7256,2235.1797,2873.2744,3006.8203,829.0,2578.5906,2621.0,12490.91311134623,2565.5648203446813,2621.0
NY/CNA,830,2025-09-01,3032.0881,2569.7695,2729.7942,3334.382,3494.4067,3127.0,2874.7256,2741.1797,3379.2744,3512.8203,830.0,3032.0881,3127.0,12510.570088061839,3008.500084000649,3127.0
NY/CNA,831,2025-10-01,2553.3706,2051.8918,2225.4712,2881.27,3054.8494,2293.0,1936.2302,1747.3678,2649.7698,2838.6323,831.0,2553.3706,2293.0,12530.22706477745,2559.4808243103876,2293.0
NY/CNA,832,2025-11-01,2578.5906,2040.0825,2226.479,2930.702,3117.0984,2621.0,2264.2302,2075.3677,2977.7698,3166.6323,832.0,2578.5906,2621.0,12549.884041493066,2590.7544571482836,2621.0
NY/CNA,833,2025-12-01,3032.0881,2446.1555,2648.9675,3415.209,3618.0208,3127.0,2770.2302,2581.3677,3483.7698,3672.6323,833.0,3032.0881,3127.0,12569.541018208676,3033.6700966023586,3127.0
NY/LPN,834,2025-07-01,683.9474,539.0842,589.22644,778.66833,828.81055,659.0,540.5651,477.8695,777.4349,840.1305,834.0,683.9474,659.0,3424.1197528804214,681.7681208079298,658.9999999999999
NY/LPN,835,2025-08-01,668.06085,520.1975,571.3782,764.74347,815.9242,741.0,622.5651,559.8695,859.4349,922.1305,835.0,668.06085,741.0,3429.2520925980107,667.6173383088197,740.9999999999999
NY/LPN,836,2025-09-01,838.3964,685.9253,738.70087,938.0919,990.86755,871.0,752.5651,689.8695,989.4349,1052.1305,836.0,838.3964,871.0,3434.3844323156004,832.6262936171339,870.9999999999998
NY/LPN,837,2025-10-01,683.9474,528.4811,582.29346,785.6013,839.4137,659.0,491.5078,402.8428,826.4922,915.1572,837.0,683.9474,659.0,3439.516772033189,687.7998380232439,658.9999999999999
NY/LPN,838,2025-11-01,668.06085,509.791,564.5737,771.5479,826.3307,741.0,573.5078,484.8428,908.4922,997.1572,838.0,668.06085,741.0,3444.649111750778,673.6474845345853,740.9999999999999
NY/LPN,839,2025-12-01,838.3964,675.80695,732.0849,944.70795,1000.98584,871.0,703.5078,614.8428,1038.4922,1127.1572,839.0,838.3964,871.0,3449.781451468368,838.6574006834181,870.9999999999998
NY/RN,840,2025-07-01,799.095,685.31683,724.69946,873.49054,912.87317,730.0,621.5827,564.19,838.4173,895.81,840.0,799.095,730.0,4623.529472140806,791.0550107792077,730.0000000000001
NY/RN,841,2025-08-01,799.92566,686.02924,725.45276,874.39856,913.8221,809.0,700.5827,643.19,917.4173,974.81,841.0,799.92566,809.0,4630.557764366319,793.5787742976228,808.9999999999999
NY/RN,842,2025-09-01,970.1869,832.04803,879.86273,1060.5111,1108.3258,871.0,762.5827,705.19,979.4173,1036.8099,842.0,970.1869,871.0,4637.58605659183,960.7370212876707,870.9999999999999
NY/RN,843,2025-10-01,822.5523,705.4342,745.9729,899.1317,939.6704,730.0,576.67474,495.50928,883.32526,964.4907,843.0,822.5523,730.0,4644.614348817343,817.608166279521,730.0000000000001
NY/RN,844,2025-11-01,823.383,706.1466,746.72626,900.03973,940.6194,809.0,655.67474,574.5093,962.32526,1043.4907,844.0,823.383,809.0,4651.642641042854,820.1366630087879,808.9999999999999
NY/RN,845,2025-12-01,993.6442,852.1654,901.1362,1086.1522,1135.123,871.0,717.67474,636.5093,1024.3252,1105.4907,845.0,993.6442,871.0,4658.670933268366,987.2919051322585,870.9999999999999
OH/CNA,858,2025-07-01,3649.31,2947.7332,3190.5735,4108.047,4350.887,3589.0,2945.7778,2605.2766,4232.222,4572.7236,858.0,3649.31,3589.0,-6348.840107182961,3679.352000831046,3589.0000000000005
OH/CNA,859,2025-08-01,3662.299,2952.1746,3197.9736,4126.6245,4372.4233,3816.0,3172.7778,2832.2766,4459.222,4799.7236,859.0,3662.299,3816.0,-6359.119802148875,3689.9726123479495,3816.0
OH/CNA,860,2025-09-01,4253.4414,3531.9453,3781.6804,4725.202,4974.9375,4468.0,3824.7778,3484.2766,5111.222,5451.7236,860.0,4253.4414,4468.0,-6369.399497114786,4285.86312288085,4468.000000000001
OH/CNA,861,2025-10-01,3649.31,2919.544,3172.1418,4126.4785,4379.076,3589.0,2679.3464,2197.805,4498.6533,4980.195,861.0,3649.31,3589.0,-6379.679192080699,3677.1016786399523,3589.0000000000005
OH/CNA,862,2025-11-01,3662.299,2924.3062,3179.7515,4144.8467,4400.292,3816.0,2906.3464,2424.805,4725.6533,5207.195,862.0,3662.299,3816.0,-6389.958887046614,3687.755859281972,3816.0
OH/CNA,863,2025-12-01,4253.4414,3504.4924,3763.73,4743.153,5002.39,4468.0,3558.3464,3076.805,5377.6533,5859.195,863.0,4253.4414,4468.0,-6400.2385820125255,4283.625193433064,4468.000000000001
OH/LPN,864,2025-07-01,1255.9432,937.8486,1047.9523,1463.9341,1574.0378,1252.0,951.3574,792.20685,1552.6426,1711.7931,864.0,1255.9432,1252.0,-3603.54613172554,1270.722417179646,1252.0000000000002
OH/LPN,865,2025-08-01,1228.6205,901.37854,1014.6485,1442.5925,1555.8625,1237.0,936.3574,777.20685,1537.6426,1696.7931,865.0,1228.6205,1237.0,-3609.613630904605,1244.5320984048738,1237.0000000000002
OH/LPN,866,2025-09-01,1480.4998,1140.4005,1258.1208,1702.8788,1820.5991,1556.0,1255.3574,1096.2069,1856.6426,2015.7931,866.0,1480.4998,1556.0,-3615.681130083669,1492.619724375962,1556.0000000000002
OH/LPN,867,2025-10-01,1255.9432,906.8679,1027.6952,1484.1913,1605.0184,1252.0,826.8272,601.7543,1677.1729,1902.2457,867.0,1255.9432,1252.0,-3621.748629262733,1271.0752319706694,1252.0000000000002
OH/LPN,868,2025-11-01,1228.6205,871.16504,994.89294,1462.3481,1586.0759,1237.0,811.8272,586.7543,1662.1729,1887.2457,868.0,1228.6205,1237.0,-3627.8161284417974,1244.8325896844071,1237.0000000000002
OH/LPN,869,2025-12-01,1480.4998,1111.2026,1239.0293,1721.9702,1849.797,1556.0,1130.8271,905.7543,1981.1729,2206.2456,869.0,1480.4998,1556.0,-3633.883627620862,1492.9532304889876,1556.0000000000002
OH/RN,870,2025-07-01,771.02203,593.53235,654.9678,887.0763,948.5117,746.0,570.8931,478.1971,921.1069,1013.8029,870.0,771.02203,746.0,199.2400677412362,763.5330171568414,745.9999999999999
OH/RN,871,2025-08-01,774.8083,597.3186,658.754,890.86255,952.298,805.0,629.8931,537.1971,980.1069,1072.8029,871.0,774.8083,805.0,199.18250831752894,768.7382436894137,804.9999999999999
OH/RN,872,2025-09-01,965.80597,788.3163,849.7517,1081.8602,1143.2957,1012.0,836.8931,744.1971,1187.1069,1279.8029,872.0,965.80597,1012.0,199.12494889382202,959.7119424085353,1012.0000000000001
OH/RN,873,2025-10-01,771.02203,593.53235,654.9678,887.0763,948.5117,746.0,498.36145,367.2695,993.63855,1124.7305,873.0,771.02203,746.0,199.06738947011507,762.6638869087988,745.9999999999999
OH/RN,874,2025-11-01,774.8083,597.3186,658.75397,890.86255,952.298,805.0,557.36145,426.2695,1052.6385,1183.7305,874.0,774.8083,805.0,199.00983004640807,767.8722087594963,804.9999999999999
OH/RN,875,2025-12-01,965.80597,788.3163,849.7517,1081.8602,1143.2957,1012.0,764.36145,633.26953,1259.6385,1390.7305,875.0,965.80597,1012.0,198.9522706227009,958.8439511952938,1012.0000000000001
OK/CNA,882,2025-07-01,1231.0369,968.99945,1059.6998,1402.3739,1493.0743,1184.0,990.99396,888.82275,1377.006,1479.1772,882.0,1231.0369,1184.0,4158.712485104156,1252.4203891500445,1184.0000000000002
OK/CNA,883,2025-08-01,1268.3921,996.85535,1090.8438,1445.9404,1539.9288,1452.0,1258.994,1156.8228,1645.006,1747.1772,883.0,1268.3921,1452.0,4165.170746539958,1289.0644471024807,1452.0000000000002
OK/CNA,884,2025-09-01,1511.552,1230.8373,1328.0026,1695.1016,1792.2667,1591.0,1397.994,1295.8228,1784.006,1886.1772,884.0,1511.552,1591.0,4171.62900797576,1529.2954228047456,1591.0
OK/CNA,885,2025-10-01,1231.0369,941.4349,1041.6763,1420.3975,1520.6389,1184.0,911.0483,766.55634,1456.9518,1601.4436,885.0,1231.0369,1184.0,4178.087269411562,1255.332107163505,1184.0000000000002
OK/CNA,886,2025-11-01,1268.3921,970.16754,1073.3936,1463.3906,1566.6167,1452.0,1179.0482,1034.5564,1724.9518,1869.4436,886.0,1268.3921,1452.0,4184.545530847365,1292.0053041061292,1452.0000000000002
OK/CNA,887,2025-12-01,1511.552,1204.9473,1311.074,1712.03,1818.1567,1591.0,1318.0482,1173.5564,1863.9518,2008.4436,887.0,1511.552,1591.0,4191.003792283167,1532.2178806870588,1591.0
OK/LPN,888,2025-07-01,285.0972,193.15152,224.97716,345.21725,377.0429,280.0,209.58015,172.30214,350.41983,387.69785,888.0,285.0972,280.0,1554.738874704018,288.4572151176615,280.00000000000006
OK/LPN,889,2025-08-01,313.80603,221.86035,253.68599,373.92612,405.75174,439.0,368.58017,331.30215,509.41983,546.6979,889.0,313.80603,439.0,1556.8242152245964,317.09678365846423,439.00000000000006
OK/LPN,890,2025-09-01,379.78363,287.83795,319.66357,439.9037,471.72934,400.0,329.58017,292.30215,470.41983,507.69785,890.0,379.78363,400.0,1558.9095557451742,383.5482940628371,400.0
OK/LPN,891,2025-10-01,285.0972,193.1515,224.97714,345.2173,377.0429,280.0,180.4113,127.69223,379.58868,432.30777,891.0,285.0972,280.0,1560.9948962657527,289.31802825604393,280.00000000000006
OK/LPN,892,2025-11-01,313.80603,221.86035,253.68599,373.92612,405.75174,439.0,339.41132,286.69223,538.5887,591.30774,892.0,313.80603,439.0,1563.0802367863312,317.96271124213933,439.00000000000006
OK/LPN,893,2025-12-01,379.78363,287.83795,319.66357,439.90372,471.72934,400.0,300.41132,247.69223,499.58868,552.30774,893.0,379.78363,400.0,1565.165577306909,384.410991410381,400.0
OK/RN,894,2025-07-01,149.88983,104.33491,120.103065,179.67659,195.44476,124.0,93.7065,77.67009,154.2935,170.32991,894.0,149.88983,124.0,704.5253358667838,151.2012507232929,124.0
OK/RN,895,2025-08-01,147.58372,98.17398,115.27643,179.89102,196.99347,159.0,128.7065,112.67009,189.2935,205.32991,895.0,147.58372,159.0,705.2295454569683,148.91587218543705,158.99999999999997
OK/RN,896,2025-09-01,185.62401,122.13746,144.11238,227.13562,249.11055,199.0,168.7065,152.67009,229.2935,245.32991,896.0,185.62401,199.0,705.9337550471527,186.71111759699042,199.00000000000003
OK/RN,897,2025-10-01,149.88983,90.00649,110.73422,189.04544,209.77318,124.0,81.158516,58.479607,166.84148,189.52039,897.0,149.88983,124.0,706.6379646373366,151.32456570935432,124.0
OK/RN,898,2025-11-01,147.58372,84.65979,106.43998,188.72748,210.50768,159.0,116.158516,93.47961,201.84148,224.52039,898.0,147.58372,159.0,707.342174227521,149.04170077240934,158.99999999999997
OK/RN,899,2025-12-01,185.62401,111.08458,136.8853,234.36272,260.16342,199.0,156.15852,133.47961,241.84148,264.5204,899.0,185.62401,199.0,708.0463838177056,186.83535956247763,199.00000000000003
OR/CNA,906,2025-07-01,406.1842,147.83952,237.2617,575.1067,664.5289,372.0,157.63164,44.151882,586.36835,699.84814,906.0,406.1842,372.0,2575.51109678958,391.35776241927226,372.0
OR/CNA,907,2025-08-01,406.1842,147.83952,237.2617,575.1067,664.5289,360.0,145.63164,32.151882,574.36835,687.84814,907.0,406.1842,360.0,2579.4539779868787,391.6733176259561,360.00000000000006
OR/CNA,908,2025-09-01,406.1842,147.83952,237.2617,575.1067,664.5289,444.0,229.63164,116.15188,658.36835,771.84814,908.0,406.1842,444.0,2583.396859184178,424.501615506547,444.0000000000001
OR/CNA,909,2025-10-01,406.1842,147.83952,237.26169,575.1067,664.5289,372.0,68.83736,-91.647255,675.16266,835.6473,909.0,406.1842,372.0,2587.339740381477,393.4050752585008,372.0
OR/CNA,910,2025-11-01,406.1842,147.83952,237.26169,575.1067,664.5289,360.0,56.837353,-103.647255,663.16266,823.6473,910.0,406.1842,360.0,2591.2826215787763,393.7354409051329,360.00000000000006
OR/CNA,911,2025-12-01,406.1842,147.83952,237.26169,575.1067,664.5289,444.0,140.83736,-19.647255,747.16266,907.6473,911.0,406.1842,444.0,2595.2255027760757,426.55438125449047,444.0000000000001
OR/LPN,912,2025-07-01,108.285545,41.441208,64.578384,151.9927,175.12988,73.0,18.48329,-10.376115,127.51671,156.37611,912.0,108.285545,73.0,354.5367147210447,103.14419041438457,73.00000000000003
OR/LPN,913,2025-08-01,108.285545,41.441208,64.578384,151.9927,175.12988,81.0,26.48329,-2.3761146,135.51671,164.37611,913.0,108.285545,81.0,354.6719509669259,103.38380331150142,81.00000000000001
OR/LPN,914,2025-09-01,108.285545,41.441208,64.578384,151.9927,175.12988,110.0,55.483288,26.623886,164.51671,193.37611,914.0,108.285545,110.0,354.8071872128072,111.86565383459389,110.0
OR/LPN,915,2025-10-01,108.285545,41.441208,64.578384,151.9927,175.12988,73.0,-4.0982723,-44.911633,150.09827,190.91164,915.0,108.285545,73.0,354.94242345868815,103.43644328370284,73.00000000000003
OR/LPN,916,2025-11-01,108.285545,41.441208,64.578384,151.9927,175.12988,81.0,3.901728,-36.911633,158.09827,198.91164,916.0,108.285545,81.0,355.07765970456944,103.677334651314,81.00000000000001
OR/LPN,917,2025-12-01,108.285545,41.441208,64.578384,151.9927,175.12988,110.0,32.90173,-7.911632,187.09827,227.91164,917.0,108.285545,110.0,355.21289595045073,112.15837638028408,110.0
OR/RN,918,2025-07-01,89.12127,48.209507,62.370506,115.87203,130.03304,77.0,40.312603,20.89147,113.68739,133.10854,918.0,89.12127,77.0,743.5934264411287,86.23611411115301,77.0
OR/RN,919,2025-08-01,89.12127,48.209507,62.370506,115.87203,130.03304,95.0,58.312603,38.89147,131.6874,151.10854,919.0,89.12127,95.0,744.3233437210594,86.48374599797181,95.00000000000001
OR/RN,920,2025-09-01,89.12127,48.209507,62.370506,115.87203,130.03304,97.0,60.312603,40.89147,133.6874,153.10854,920.0,89.12127,97.0,745.0532610009901,92.53796460323505,96.99999999999999
OR/RN,921,2025-10-01,89.12127,48.209507,62.370506,115.87203,130.03304,77.0,25.116188,-2.349444,128.88382,156.34944,921.0,89.12127,77.0,745.7831782809208,86.381801801956,77.0
OR/RN,922,2025-11-01,89.12127,48.209503,62.370502,115.87203,130.03304,95.0,43.116188,15.650557,146.88382,174.34944,922.0,89.12127,95.0,746.5130955608514,86.63103992679078,95.00000000000001
OR/RN,923,2025-12-01,89.12127,48.209503,62.370502,115.87203,130.03304,97.0,45.116188,17.650557,148.88382,176.34944,923.0,89.12127,97.0,747.2430128407821,92.68424357514562,96.99999999999999
PA/CNA,930,2025-07-01,1947.891,1517.994,1666.7965,2228.9856,2377.788,1987.0,1543.8826,1309.3104,2430.1174,2664.6897,930.0,1947.891,1987.0,9533.042699802723,1974.6505998989644,1987.0
PA/CNA,931,2025-08-01,1963.3107,1530.0105,1679.991,2246.6304,2396.6108,2143.0,1699.8826,1465.3104,2586.1174,2820.6897,931.0,1963.3107,2143.0,9547.937656406573,1989.717186706992,2143.0
PA/CNA,932,2025-09-01,2543.7422,1982.3416,2176.662,2910.8223,3105.1426,2751.0,2307.8826,2073.3103,3194.1174,3428.6897,932.0,2543.7422,2751.0,9562.832613010425,2567.945161616327,2751.0
PA/CNA,933,2025-10-01,1947.891,1517.994,1666.7965,2228.9856,2377.788,1987.0,1360.3373,1028.6022,2613.6626,2945.398,933.0,1947.891,1987.0,9577.727569614275,1977.300279618837,1987.0
PA/CNA,934,2025-11-01,1963.3107,1530.0105,1679.991,2246.6304,2396.6108,2143.0,1516.3373,1184.6022,2769.6626,3101.398,934.0,1963.3107,2143.0,9592.622526218129,1992.4016344997906,2143.0
PA/CNA,935,2025-12-01,2543.7422,1982.3416,2176.6619,2910.8223,3105.1426,2751.0,2124.3374,1792.6022,3377.6626,3709.398,935.0,2543.7422,2751.0,9607.517482821979,2570.607656936282,2751.0
PA/LPN,936,2025-07-01,679.0,513.74963,570.9486,787.05145,844.2504,731.0,555.2382,462.19556,906.7618,999.80444,936.0,679.0,731.0,3992.191734422721,685.6963555046958,731.0
PA/LPN,937,2025-08-01,707.90173,535.61743,595.2511,820.55237,880.18604,735.0,559.2382,466.19556,910.7618,1003.80444,937.0,707.90173,735.0,3998.0815239561844,715.4210639523336,735.0
PA/LPN,938,2025-09-01,931.7284,704.97064,783.4595,1079.9973,1158.4861,923.0,747.2382,654.19556,1098.7617,1191.8044,938.0,931.7284,923.0,4003.971313489649,935.9210123528406,923.0
PA/LPN,939,2025-10-01,679.0,513.74963,570.9486,787.05145,844.2504,731.0,482.4353,350.85312,979.5647,1111.1469,939.0,679.0,731.0,4009.8611030231123,686.880460567518,731.0
PA/LPN,940,2025-11-01,707.90173,535.61743,595.25104,820.55237,880.18604,735.0,486.4353,354.85312,983.5647,1115.1469,940.0,707.90173,735.0,4015.7508925565776,716.5942530641538,735.0
PA/LPN,941,2025-12-01,931.7284,704.97064,783.4595,1079.9973,1158.4861,923.0,674.4353,542.8531,1171.5647,1303.1469,941.0,931.7284,923.0,4021.640682090041,937.1010828907698,923.0
PA/RN,942,2025-07-01,577.75525,435.07886,484.46417,671.04626,720.4316,537.0,402.80054,331.75964,671.19946,742.24036,942.0,577.75525,537.0,3249.956086463042,570.5284059278416,537.0
PA/RN,943,2025-08-01,565.647,424.4686,473.3354,657.9586,706.82544,603.0,468.80054,397.75964,737.19946,808.24036,943.0,565.647,603.0,3254.6429431991774,559.9598342292957,602.9999999999999
PA/RN,944,2025-09-01,765.96606,574.6534,640.8734,891.0587,957.27875,702.0,567.80054,496.75964,836.19946,907.24036,944.0,765.96606,702.0,3259.3297999353144,757.5922175139934,702.0000000000001
PA/RN,945,2025-10-01,577.75525,429.71814,480.95898,674.55145,725.7923,537.0,347.21332,246.7463,726.7867,827.2537,945.0,577.75525,537.0,3264.0166566714506,570.91824226813,537.0
PA/RN,946,2025-11-01,565.647,419.05142,469.7933,661.5007,712.24255,603.0,413.21332,312.7463,792.7867,893.2537,946.0,565.647,603.0,3268.703513407587,560.3558730573451,602.9999999999999
PA/RN,947,2025-12-01,765.96606,570.61914,638.2356,893.6966,961.313,702.0,512.2133,411.7463,891.7867,992.2537,947.0,765.96606,702.0,3273.3903701437225,757.9843348360649,702.0000000000001
RI/CNA,954,2025-07-01,244.46873,180.34369,202.53963,286.39786,308.59378,195.0,146.36533,120.61968,243.63467,269.3803,954.0,244.46873,195.0,-792.690655247028,231.56422146797277,194.99999999999997
RI/CNA,955,2025-08-01,244.46873,180.34369,202.53963,286.39786,308.59378,264.0,215.36533,189.61967,312.63467,338.3803,955.0,244.46873,264.0,-794.1172664588862,231.30399794381296,264.0
RI/CNA,956,2025-09-01,244.46873,180.34369,202.53963,286.39786,308.59378,227.0,178.36533,152.61967,275.63467,301.3803,956.0,244.46873,227.0,-795.5438776707442,242.69309504560246,226.99999999999997
RI/CNA,957,2025-10-01,244.46873,180.34369,202.53963,286.39786,308.59378,195.0,126.22018,89.81034,263.77982,300.18967,957.0,244.46873,195.0,-796.9704888826025,231.34749049807638,194.99999999999997
RI/CNA,958,2025-11-01,244.46873,180.34369,202.53963,286.39786,308.59378,264.0,195.22018,158.81035,332.77982,369.18967,958.0,244.46873,264.0,-798.3971000944606,231.08650777879453,264.0
RI/CNA,959,2025-12-01,244.46873,180.34369,202.53963,286.39786,308.59378,227.0,158.22018,121.81034,295.77982,332.18967,959.0,244.46873,227.0,-799.823711306319,242.4760842870236,226.99999999999997
RI/LPN,960,2025-07-01,51.89802,33.166157,39.649914,64.146126,70.62988,51.0,36.372017,28.628428,65.62798,73.371574,960.0,51.89802,51.0,337.3155860675958,50.10137606459792,50.99999999999999
RI/LPN,961,2025-08-01,51.89802,33.166157,39.64991,64.146126,70.62988,41.0,26.372015,18.628428,55.627983,63.37157,961.0,51.89802,41.0,337.36919092762,50.00582344300492,41.0
RI/LPN,962,2025-09-01,51.89802,33.166157,39.64991,64.146126,70.62988,49.0,34.372017,26.628428,63.627983,71.371574,962.0,51.89802,49.0,337.42279578764465,52.21850670498938,49.0
RI/LPN,963,2025-10-01,51.89802,33.166157,39.64991,64.146126,70.62988,51.0,30.312906,19.36182,71.687096,82.63818,963.0,51.89802,51.0,337.47640064766864,50.181294452373585,50.99999999999999
RI/LPN,964,2025-11-01,51.89802,33.166153,39.64991,64.146126,70.62988,41.0,20.312906,9.361819,61.687096,72.63818,964.0,51.89802,41.0,337.5300055076931,50.085186378065906,41.0
RI/LPN,965,2025-12-01,51.89802,33.166153,39.64991,64.146126,70.62988,49.0,28.312906,17.36182,69.687096,80.63818,965.0,51.89802,49.0,337.58361036771737,52.298219440208385,49.0
RI/RN,966,2025-07-01,67.195,45.16735,52.791893,81.598114,89.22266,57.0,39.77664,30.659145,74.22336,83.34086,966.0,67.195,57.0,77.46698709930024,64.1230164997992,57.0
RI/RN,967,2025-08-01,67.195,45.16735,52.791893,81.598114,89.22266,68.0,50.77664,41.659145,85.22336,94.34086,967.0,67.195,68.0,77.12157371057738,63.996559943075816,68.0
RI/RN,968,2025-09-01,67.195,45.16735,52.791893,81.598114,89.22266,44.0,26.77664,17.659145,61.22336,70.34086,968.0,67.195,44.0,76.77616032185459,67.14920870822772,43.999999999999986
RI/RN,969,2025-10-01,67.195,45.16735,52.791893,81.598114,89.22266,57.0,32.64249,19.748405,81.357506,94.251595,969.0,67.195,57.0,76.4307469331319,64.17512787558611,57.0
RI/RN,970,2025-11-01,67.195,45.16735,52.791893,81.598114,89.22266,68.0,43.64249,30.748405,92.357506,105.251595,970.0,67.195,68.0,76.08533354440891,64.04882153237632,68.0
RI/RN,971,2025-12-01,67.195,45.16735,52.791893,81.598114,89.22266,44.0,19.642492,6.748405,68.357506,81.251595,971.0,67.195,44.0,75.73992015568597,67.20137486678051,43.999999999999986
SC/CNA,984,2025-07-01,575.1856,430.46912,480.56058,669.8106,719.90204,602.0,479.71707,414.9844,724.28296,789.0156,984.0,575.1856,602.0,-2753.9042977574627,579.9449035322406,602.0000000000002
SC/CNA,985,2025-08-01,581.5601,422.41385,477.49997,685.6203,740.7064,610.0,487.71707,422.9844,732.28296,797.0156,985.0,581.5601,610.0,-2758.5135806695716,585.4875442145775,610.0
SC/CNA,986,2025-09-01,707.44354,508.40497,577.2992,837.5879,906.4821,665.0,542.71704,477.9844,787.28296,852.0156,986.0,707.44354,665.0,-2763.1228635816815,707.9819030567991,665.0
SC/CNA,987,2025-10-01,575.1856,388.55072,453.1516,697.21954,761.82043,602.0,429.06583,337.52,774.9342,866.48,987.0,575.1856,602.0,-2767.7321464937913,580.0116213314762,602.0000000000002
SC/CNA,988,2025-11-01,581.5601,383.4201,452.00336,711.11694,779.7002,610.0,437.06583,345.52,782.9342,874.48,988.0,581.5601,610.0,-2772.3414294059003,585.570270162853,610.0
SC/CNA,989,2025-12-01,707.44354,475.94318,556.0736,858.8135,938.9439,665.0,492.06583,400.52,837.9342,929.48,989.0,707.44354,665.0,-2776.9507123180106,708.054526689536,665.0
SC/LPN,990,2025-07-01,187.17506,132.03955,151.12389,223.22624,242.3106,189.0,136.4616,108.649445,241.5384,269.35056,990.0,187.17506,189.0,-431.7663412288196,188.79798013261794,188.99999999999994
SC/LPN,991,2025-08-01,210.56308,145.20378,167.82693,253.29922,275.9224,233.0,180.4616,152.64944,285.5384,313.35056,991.0,210.56308,233.0,-432.96613596986646,212.16136246675677,233.00000000000006
SC/LPN,992,2025-09-01,256.45538,174.783,203.05267,309.85806,338.12775,222.0,169.4616,141.64944,274.5384,302.35056,992.0,256.45538,222.0,-434.16593071091336,254.62107442605023,222.0
SC/LPN,993,2025-10-01,187.17506,117.82522,141.82964,232.5205,256.5249,189.0,114.69948,75.36716,263.3005,302.63284,993.0,187.17506,189.0,-435.3657254519603,189.07623438576724,188.99999999999994
SC/LPN,994,2025-11-01,210.56308,132.79254,159.71165,261.4145,288.33362,233.0,158.69948,119.36716,307.3005,346.63284,994.0,210.56308,233.0,-436.5655201930073,212.44219913801763,233.00000000000006
SC/LPN,995,2025-12-01,256.45538,164.50064,196.3294,316.58133,348.4101,222.0,147.69948,108.36716,296.3005,335.63284,995.0,256.45538,222.0,-437.76531493405395,254.90027942646273,222.0
SC/RN,996,2025-07-01,123.22301,95.06189,104.80944,141.63657,151.38412,122.0,99.62915,87.786736,144.37085,156.21327,996.0,123.22301,122.0,740.331540320526,124.42815885291309,122.00000000000001
SC/RN,997,2025-08-01,127.79807,98.59138,108.700836,146.8953,157.00476,125.0,102.62915,90.786736,147.37085,159.21327,997.0,127.79807,125.0,740.9381629344864,128.9406283515281,125.0
SC/RN,998,2025-09-01,156.32059,120.59542,132.96115,179.68002,192.04576,186.0,163.62915,151.78673,208.37085,220.21327,998.0,156.32059,186.0,741.5447855484474,156.96368008856217,186.00000000000006
SC/RN,999,2025-10-01,123.22301,95.06189,104.80944,141.63657,151.38412,122.0,90.36284,73.615135,153.63716,170.38486,999.0,123.22301,122.0,742.151408162408,124.26967558584337,122.00000000000001
SC/RN,1000,2025-11-01,127.79807,98.59138,108.700836,146.8953,157.00476,125.0,93.36284,76.615135,156.63716,173.38486,1000.0,127.79807,125.0,742.7580307763684,128.78377081488117,125.0
SC/RN,1001,2025-12-01,156.32059,120.59542,132.96115,179.68002,192.04576,186.0,154.36284,137.61514,217.63716,234.38486,1001.0,156.32059,186.0,743.3646533903291,156.80579740198547,186.00000000000006
SD/CNA,1008,2025-07-01,228.53915,164.20569,186.47377,270.60455,292.87262,223.0,162.02826,129.75175,283.97174,316.24823,1008.0,228.53915,223.0,154.41907316418275,226.61108871278307,223.00000000000006
SD/CNA,1009,2025-08-01,228.53915,164.20569,186.47377,270.60455,292.87262,260.0,199.02826,166.75175,320.97174,353.24823,1009.0,228.53915,260.0,154.5007147119423,226.84950072937977,260.00000000000006
SD/CNA,1010,2025-09-01,228.53915,164.20569,186.47377,270.60455,292.87262,227.0,166.02826,133.75175,287.97174,320.24823,1010.0,228.53915,227.0,154.58235625970192,231.2009075213288,227.00000000000003
SD/CNA,1011,2025-10-01,228.53915,164.20569,186.47377,270.60455,292.87262,223.0,136.77293,91.127075,309.22708,354.87292,1011.0,228.53915,223.0,154.66399780746153,226.72744860979864,223.00000000000006
SD/CNA,1012,2025-11-01,228.53915,164.20569,186.47375,270.60455,292.87262,260.0,173.77293,128.12708,346.22708,391.87292,1012.0,228.53915,260.0,154.74563935522127,226.97100797603173,260.00000000000006
SD/CNA,1013,2025-12-01,228.53915,164.20569,186.47375,270.60455,292.87262,227.0,140.77293,95.127075,313.22708,358.87292,1013.0,228.53915,227.0,154.82728090298087,231.31916615144465,227.00000000000003
SD/LPN,1014,2025-07-01,27.6384,14.196659,18.849318,36.42748,41.08014,26.0,11.541411,3.8874965,40.458588,48.112503,1014.0,27.6384,26.0,233.3627256756792,26.5796212534398,26.0
SD/LPN,1015,2025-08-01,27.6384,13.927347,18.673223,36.603573,41.34945,27.0,12.541411,4.8874965,41.458588,49.112503,1015.0,27.6384,27.0,233.18857349211976,26.556855438859227,27.000000000000004
SD/LPN,1016,2025-09-01,27.6384,13.662609,18.500122,36.776676,41.61419,27.0,12.541411,4.8874965,41.458588,49.112503,1016.0,27.6384,27.0,233.0144213085605,28.445067707271125,26.999999999999996
SD/LPN,1017,2025-10-01,27.6384,13.402189,18.329842,36.946957,41.874607,26.0,5.5524673,-5.2718024,46.447533,57.2718,1017.0,27.6384,26.0,232.840269125001,26.570234155101506,26.0
SD/LPN,1018,2025-11-01,27.6384,13.145854,18.162233,37.114563,42.130943,27.0,6.5524673,-4.2718024,47.447533,58.2718,1018.0,27.6384,27.0,232.66611694144166,26.547755188854037,27.000000000000004
SD/LPN,1019,2025-12-01,27.6384,12.893388,17.997154,37.279644,42.38341,27.0,6.5524673,-4.2718024,47.447533,58.2718,1019.0,27.6384,27.0,232.49196475788216,28.435786451529584,26.999999999999996
SD/RN,1020,2025-07-01,40.514545,23.573849,29.437618,51.59147,57.455242,47.0,33.2512,25.973026,60.7488,68.02697,1020.0,40.514545,47.0,503.0187915755267,39.449171576042076,47.00000000000001
SD/RN,1021,2025-08-01,40.514545,23.573849,29.437618,51.59147,57.455242,48.0,34.2512,26.973026,61.7488,69.02697,1021.0,40.514545,48.0,503.2453490315838,39.181229009730686,48.0
SD/RN,1022,2025-09-01,40.514545,23.573849,29.437618,51.59147,57.455242,37.0,23.251202,15.973026,50.7488,58.026974,1022.0,40.514545,37.0,503.4719064876408,42.281295907950756,36.99999999999999
SD/RN,1023,2025-10-01,40.514545,23.573849,29.437618,51.59147,57.455242,47.0,27.556263,17.263369,66.44374,76.73663,1023.0,40.514545,47.0,503.6984639436981,39.49795984977479,47.00000000000001
SD/RN,1024,2025-11-01,40.514545,23.573849,29.437618,51.59147,57.455242,48.0,28.556263,18.263369,67.44374,77.73663,1024.0,40.514545,48.0,503.92502139975477,39.229786329675825,48.0
SD/RN,1025,2025-12-01,40.514545,23.573849,29.437618,51.59147,57.455242,37.0,17.556263,7.263369,56.443737,66.73663,1025.0,40.514545,37.0,504.151578855812,42.32999879083639,36.99999999999999
TN/CNA,1032,2025-07-01,1160.7971,985.2766,1046.0304,1275.5637,1336.3175,1170.0,1030.8064,957.12177,1309.1936,1382.8783,1032.0,1160.7971,1170.0,2864.498257938299,1153.4271045105204,1170.0
TN/CNA,1033,2025-08-01,1152.173,975.4784,1036.6385,1267.7073,1328.8676,1175.0,1035.8064,962.12177,1314.1936,1387.8783,1033.0,1152.173,1175.0,2868.737909560706,1145.4988091535909,1175.0
TN/CNA,1034,2025-09-01,1309.723,1107.372,1177.4127,1442.0332,1512.074,1312.0,1172.8064,1099.1217,1451.1936,1524.8783,1034.0,1309.723,1312.0,2872.977561183113,1303.401298537259,1312.0
TN/CNA,1035,2025-10-01,1160.7971,977.3724,1040.862,1280.732,1344.2218,1170.0,973.1505,868.9447,1366.8495,1471.0553,1035.0,1160.7971,1170.0,2877.2172128055204,1154.6214008509905,1170.0
TN/CNA,1036,2025-11-01,1152.173,967.6233,1031.5024,1272.8435,1336.7227,1175.0,978.1505,873.9447,1371.8495,1476.0553,1036.0,1152.173,1175.0,2881.456864427926,1146.703033032444,1175.0
TN/CNA,1037,2025-12-01,1309.723,1100.4742,1172.9026,1446.5433,1518.9717,1312.0,1115.1505,1010.9447,1508.8495,1613.0553,1037.0,1309.723,1312.0,2885.696516050334,1304.5992525981835,1312.0
TN/LPN,1038,2025-07-01,401.634,335.02536,358.08096,445.18704,468.2426,353.0,295.5435,265.12784,410.4565,440.87216,1038.0,401.634,353.0,392.82833709457657,399.74706483563375,352.99999999999994
TN/LPN,1039,2025-08-01,388.39438,321.78577,344.84134,431.94742,455.00302,408.0,350.5435,320.12784,465.4565,495.87216,1039.0,388.39438,408.0,392.8525716178878,386.646641202465,408.00000000000006
TN/LPN,1040,2025-09-01,449.25345,382.6448,405.7004,492.8065,515.86206,432.0,374.5435,344.12784,489.4565,519.87213,1040.0,449.25345,432.0,392.87680614119927,447.93446808348074,431.99999999999994
TN/LPN,1041,2025-10-01,401.634,335.02536,358.08096,445.18704,468.24265,353.0,271.74423,228.73001,434.25577,477.27,1041.0,401.634,353.0,392.9010406645105,399.74574106040905,352.99999999999994
TN/LPN,1042,2025-11-01,388.39438,321.78577,344.84134,431.94742,455.00302,408.0,326.74423,283.73,489.25577,532.26996,1042.0,388.39438,408.0,392.92527518782185,386.6424990982933,408.00000000000006
TN/LPN,1043,2025-12-01,449.25345,382.6448,405.7004,492.8065,515.86206,432.0,350.74423,307.73,513.2558,556.26996,1043.0,449.25345,432.0,392.9495097111331,447.9321043989055,431.99999999999994
TN/RN,1044,2025-07-01,224.983,174.96524,192.27815,257.68784,275.00076,236.0,193.89598,171.60747,278.104,300.39252,1044.0,224.983,236.0,1168.0456497793007,224.57205075204158,236.0
TN/RN,1045,2025-08-01,222.57968,173.09622,190.2242,254.93517,272.06314,257.0,214.89598,192.60747,299.104,321.39252,1045.0,222.57968,257.0,1169.2844115732821,222.17599137675728,256.99999999999994
TN/RN,1046,2025-09-01,287.35846,223.47353,245.58635,329.13058,351.2434,306.0,263.896,241.60747,348.104,370.39252,1046.0,287.35846,306.0,1170.523173367264,287.9707904872382,306.0
TN/RN,1047,2025-10-01,224.983,174.96524,192.27815,257.68784,275.00076,236.0,176.45593,144.93521,295.54407,327.0648,1047.0,224.983,236.0,1171.761935161246,224.711273572885,236.0
TN/RN,1048,2025-11-01,222.57968,173.09622,190.22418,254.93518,272.06314,257.0,197.45593,165.93521,316.54407,348.0648,1048.0,222.57968,257.0,1173.0006969552273,222.31931826712758,256.99999999999994
TN/RN,1049,2025-12-01,287.35846,223.47353,245.58635,329.13058,351.2434,306.0,246.45593,214.93521,365.54407,397.0648,1049.0,287.35846,306.0,1174.2394587492092,288.11152712556526,306.0
TX/CNA,1056,2025-07-01,3809.9421,3111.004,3352.931,4266.953,4508.88,3949.0,3285.7915,2934.7102,4612.2085,4963.2896,1056.0,3809.9421,3949.0,10324.695952801638,3795.520020286442,3949.0000000000005
TX/CNA,1057,2025-08-01,3849.1355,3143.0073,3387.423,4310.8477,4555.2637,4318.0,3654.7915,3303.7102,4981.2085,5332.2896,1057.0,3849.1355,4318.0,10340.736666273018,3835.47848595688,4318.000000000001
TX/CNA,1058,2025-09-01,4511.0156,3683.4648,3969.9092,5052.122,5338.5664,4547.0,3883.7915,3532.7102,5210.2085,5561.2896,1058.0,4511.0156,4547.0,10356.777379744395,4487.428914708519,4547.000000000001
TX/CNA,1059,2025-10-01,3809.9421,3111.004,3352.931,4266.953,4508.88,3949.0,3011.0818,2514.5776,4886.9185,5383.4224,1059.0,3809.9421,3949.0,10372.818093215774,3801.642202582863,3949.0000000000005
TX/CNA,1060,2025-11-01,3849.1355,3143.0073,3387.423,4310.8477,4555.2637,4318.0,3380.0818,2883.5776,5255.9185,5752.4224,1060.0,3849.1355,4318.0,10388.85880668715,3841.6802066112205,4318.000000000001
TX/CNA,1061,2025-12-01,4511.0156,3683.4648,3969.9092,5052.122,5338.5664,4547.0,3609.0818,3112.5776,5484.9185,5981.4224,1061.0,4511.0156,4547.0,10404.899520158528,4493.580417058902,4547.000000000001
TX/LPN,1062,2025-07-01,1536.7228,1225.3063,1333.0984,1740.347,1848.1393,1550.0,1255.9897,1100.3502,1844.0103,1999.6498,1062.0,1536.7228,1550.0,-1317.9920205001974,1529.519002704441,1550.0000000000002
TX/LPN,1063,2025-08-01,1544.0544,1232.638,1340.43,1747.6787,1855.471,1568.0,1273.9897,1118.3502,1862.0103,2017.6498,1063.0,1544.0544,1568.0,-1320.697685240171,1539.3673424817848,1568.0
TX/LPN,1064,2025-09-01,1917.93,1606.5135,1714.3058,2121.5544,2229.3467,1858.0,1563.9897,1408.3502,2152.0103,2307.65,1064.0,1917.93,1858.0,-1323.4033499801446,1901.789719968814,1858.0000000000002
TX/LPN,1065,2025-10-01,1536.7228,1225.3063,1333.0984,1740.347,1848.1393,1550.0,1134.2068,914.0992,1965.7932,2185.901,1065.0,1536.7228,1550.0,-1326.109014720118,1532.0436068594452,1550.0000000000002
TX/LPN,1066,2025-11-01,1544.0544,1232.6378,1340.43,1747.6787,1855.471,1568.0,1152.2068,932.0992,1983.7932,2203.901,1066.0,1544.0544,1568.0,-1328.8146794600912,1541.8550244619505,1568.0
TX/LPN,1067,2025-12-01,1917.93,1606.5135,1714.3058,2121.5544,2229.3467,1858.0,1442.2068,1222.0991,2273.7932,2493.901,1067.0,1917.93,1858.0,-1331.5203442000654,1904.3006866308974,1858.0000000000002
TX/RN,1068,2025-07-01,801.5157,616.37494,680.4586,922.57275,986.6565,760.0,599.5378,514.5942,920.4622,1005.4058,1068.0,801.5157,760.0,4559.899426163573,797.5204844616622,759.9999999999999
TX/RN,1069,2025-08-01,836.81067,645.0574,711.42993,962.1914,1028.564,835.0,674.5378,589.5942,995.4622,1080.4058,1069.0,836.81067,835.0,4566.469394676948,834.5376674519651,835.0
TX/RN,1070,2025-09-01,1063.4575,861.47217,931.3864,1195.5287,1265.443,1197.0,1036.5377,951.5942,1357.4623,1442.4058,1070.0,1063.4575,1197.0,4573.039363190321,1054.4688799203857,1197.0
TX/RN,1071,2025-10-01,801.5157,593.93195,665.784,937.24744,1009.0994,760.0,533.07214,412.94376,986.92786,1107.0563,1071.0,801.5157,760.0,4579.609331703694,797.5270314163237,759.9999999999999
TX/RN,1072,2025-11-01,836.81067,623.2923,697.19855,976.4228,1050.329,835.0,608.07214,487.94376,1061.9279,1182.0563,1072.0,836.81067,835.0,4586.179300217067,834.5531720590812,835.0
TX/RN,1073,2025-12-01,1063.4575,840.6799,917.7911,1209.124,1286.2352,1197.0,970.07214,849.9438,1423.9279,1544.0563,1073.0,1063.4575,1197.0,4592.74926873044,1054.478726699995,1197.0
UT/CNA,1080,2025-07-01,366.78906,251.96942,291.71252,441.86557,481.6087,361.0,274.1854,228.2285,447.8146,493.7715,1080.0,366.78906,361.0,-303.23412844216386,347.4097709286691,361.0
UT/CNA,1081,2025-08-01,366.78906,251.96942,291.71252,441.86557,481.6087,346.0,259.1854,213.2285,432.8146,478.7715,1081.0,366.78906,346.0,-304.018798023343,348.60019883996614,346.0
UT/CNA,1082,2025-09-01,366.78906,251.96942,291.71252,441.86557,481.6087,382.0,295.1854,249.2285,468.8146,514.7715,1082.0,366.78906,382.0,-304.803467604522,391.05328940592835,382.0000000000001
UT/CNA,1083,2025-10-01,366.78906,251.96942,291.71252,441.86557,481.6087,361.0,238.22559,173.23274,483.7744,548.7673,1083.0,366.78906,361.0,-305.58813718570093,347.2864422933028,361.0
UT/CNA,1084,2025-11-01,366.78906,251.96942,291.71252,441.86557,481.6087,346.0,223.22559,158.23274,468.7744,533.7673,1084.0,366.78906,346.0,-306.37280676688005,348.4798308401551,346.0
UT/CNA,1085,2025-12-01,366.78906,251.96942,291.71252,441.86557,481.6087,382.0,259.2256,194.23274,504.7744,569.7673,1085.0,366.78906,382.0,-307.1574763480588,390.9310524606308,382.0000000000001
UT/LPN,1086,2025-07-01,60.33679,29.865414,40.41263,80.26095,90.80817,57.0,31.482117,17.973764,82.51788,96.02624,1086.0,60.33679,57.0,597.3022156512269,57.28726525173636,57.0
UT/LPN,1087,2025-08-01,60.33679,29.865414,40.41263,80.26095,90.80817,70.0,44.482117,30.973764,95.51788,109.02624,1087.0,60.33679,70.0,597.5586229052158,57.35797148993522,70.00000000000001
UT/LPN,1088,2025-09-01,60.33679,29.865414,40.41263,80.26095,90.80817,81.0,55.482117,41.973763,106.51788,120.02624,1088.0,60.33679,81.0,597.8150301592045,64.75922720986208,81.00000000000001
UT/LPN,1089,2025-10-01,60.33679,29.865412,40.41263,80.26095,90.80817,57.0,20.912262,1.8085679,93.08774,112.19143,1089.0,60.33679,57.0,598.0714374131935,57.1804080660049,57.0
UT/LPN,1090,2025-11-01,60.33679,29.865412,40.41263,80.26095,90.80817,70.0,33.912262,14.808568,106.08774,125.19143,1090.0,60.33679,70.0,598.3278446671824,57.251079828237174,70.00000000000001
UT/LPN,1091,2025-12-01,60.33679,29.865412,40.41263,80.26095,90.80817,81.0,44.912262,25.808567,117.08774,136.19144,1091.0,60.33679,81.0,598.5842519211714,64.65235773881224,81.00000000000001
UT/RN,1092,2025-07-01,86.57363,53.869087,65.18928,107.957985,119.27818,94.0,62.370255,45.62648,125.629745,142.37352,1092.0,86.57363,94.0,452.5959915279793,85.45918553890081,93.99999999999999
UT/RN,1093,2025-08-01,86.25905,53.554504,64.874695,107.6434,118.9636,92.0,60.370255,43.62648,123.629745,140.37352,1093.0,86.25905,92.0,452.6506038565172,85.45291706104506,92.00000000000003
UT/RN,1094,2025-09-01,116.751205,84.04666,95.36685,138.13556,149.45575,114.0,82.370255,65.62648,145.62975,162.37352,1094.0,116.751205,114.0,452.7052161850551,116.69101967063528,114.00000000000001
UT/RN,1095,2025-10-01,86.57363,53.869083,65.18928,107.957985,119.27818,94.0,49.268787,25.589514,138.73122,162.41049,1095.0,86.57363,94.0,452.7598285135931,85.42265912310734,93.99999999999999
UT/RN,1096,2025-11-01,86.25905,53.5545,64.874695,107.6434,118.9636,92.0,47.268787,23.589514,136.73122,160.41049,1096.0,86.25905,92.0,452.81444084213115,85.41860106094212,92.00000000000003
UT/RN,1097,2025-12-01,116.751205,84.04666,95.36685,138.13556,149.45576,114.0,69.26878,45.58951,158.73122,182.41049,1097.0,116.751205,114.0,452.8690531706692,116.6553083964113,114.00000000000001
VA/CNA,1104,2025-07-01,1053.0837,639.50256,782.6576,1323.51,1466.665,1041.0,633.84717,418.31345,1448.1528,1663.6865,1104.0,1053.0837,1041.0,723.9916669376737,1062.72738994603,1041.0
VA/CNA,1105,2025-08-01,1043.8085,630.2273,773.3823,1314.2347,1457.3898,1193.0,785.84717,570.3134,1600.1528,1815.6865,1105.0,1043.8085,1193.0,724.7480589464816,1052.0777794058952,1193.0
VA/CNA,1106,2025-09-01,1347.3936,933.8123,1076.9673,1617.8198,1760.9747,1554.0,1146.8472,931.3134,1961.1528,2176.6865,1106.0,1347.3936,1554.0,725.5044509552899,1341.8529080086862,1554.0000000000005
VA/CNA,1107,2025-10-01,1053.0837,639.50256,782.65753,1323.51,1466.665,1041.0,465.1989,160.38821,1616.8011,1921.6118,1107.0,1053.0837,1041.0,726.260842964098,1061.3221085467235,1041.0
VA/CNA,1108,2025-11-01,1043.8085,630.2273,773.38226,1314.2347,1457.3898,1193.0,617.1989,312.3882,1768.8011,2073.6118,1108.0,1043.8085,1193.0,727.0172349729058,1050.6901731230544,1193.0
VA/CNA,1109,2025-12-01,1347.3936,933.8123,1076.9673,1617.8198,1760.9749,1554.0,978.1989,673.38824,2129.801,2434.6118,1109.0,1347.3936,1554.0,727.7736269817141,1340.4541545077066,1554.0000000000005
VA/LPN,1110,2025-07-01,415.76395,245.61177,304.50742,527.0205,585.91614,415.0,244.39128,154.07648,585.6087,675.9235,1110.0,415.76395,415.0,495.1494966755139,422.4948313965423,414.99999999999994
VA/LPN,1111,2025-08-01,376.84317,222.61937,276.00165,477.68466,531.06696,424.0,253.39128,163.07648,594.6087,684.9235,1111.0,376.84317,424.0,495.24762311425167,383.78649852765716,424.00000000000006
VA/LPN,1112,2025-09-01,554.72156,327.7007,406.2806,703.16254,781.74243,634.0,463.39127,373.07648,804.6087,894.9235,1112.0,554.72156,634.0,495.34574955298933,550.9201139188551,634.0
VA/LPN,1113,2025-10-01,415.76395,245.61176,304.50742,527.0205,585.91614,415.0,173.72282,45.998413,656.27716,784.0016,1113.0,415.76395,415.0,495.44387599172694,422.4155960688189,414.99999999999994
VA/LPN,1114,2025-11-01,376.84317,222.61937,276.00165,477.6847,531.06696,424.0,182.72282,54.998413,665.27716,793.0016,1114.0,376.84317,424.0,495.54200243046466,383.69021470052826,424.00000000000006
VA/LPN,1115,2025-12-01,554.72156,327.7007,406.2806,703.16254,781.74243,634.0,392.72284,264.9984,875.27716,1003.0016,1115.0,554.72156,634.0,495.6401288692025,550.8345890906244,634.0
VA/RN,1116,2025-07-01,264.67178,170.14523,202.8642,326.4794,359.19836,270.0,181.9523,135.34267,358.0477,404.65735,1116.0,264.67178,270.0,1631.4735063136916,264.1395888342965,270.0
VA/RN,1117,2025-08-01,263.21957,168.69301,201.41197,325.02716,357.74612,278.0,189.9523,143.34267,366.0477,412.65735,1117.0,263.21957,278.0,1633.3180376295745,263.11191701430374,278.0
VA/RN,1118,2025-09-01,366.44287,271.9163,304.63525,428.25046,460.96942,405.0,316.9523,270.34265,493.0477,539.65735,1118.0,366.44287,405.0,1635.1625689454577,364.2683324145496,405.00000000000006
VA/RN,1119,2025-10-01,264.67178,170.14523,202.8642,326.4794,359.19836,270.0,145.48175,79.565765,394.51825,460.43423,1119.0,264.67178,270.0,1637.007100261341,264.16276005991745,270.0
VA/RN,1120,2025-11-01,263.21957,168.69301,201.41197,325.02716,357.74615,278.0,153.48175,87.565765,402.51825,468.43423,1120.0,263.21957,278.0,1638.8516315772238,263.1378168734775,278.0
VA/RN,1121,2025-12-01,366.44287,271.9163,304.63525,428.25046,460.96942,405.0,280.48175,214.56577,529.51825,595.43427,1121.0,366.44287,405.0,1640.6961628931072,364.29250803683,405.00000000000006
VT/CNA,1128,2025-07-01,83.16192,53.544037,63.79583,102.528015,112.77981,96.0,65.22497,48.93365,126.77503,143.06635,1128.0,83.16192,96.0,424.68962385829866,82.57957615781208,96.00000000000001
VT/CNA,1129,2025-08-01,83.16192,53.544037,63.79583,102.528015,112.77981,90.0,59.224968,42.93365,120.77503,137.06635,1129.0,83.16192,90.0,425.04624549472203,82.28901995642684,90.0
VT/CNA,1130,2025-09-01,83.16192,53.544037,63.79583,102.528015,112.77981,90.0,59.224968,42.93365,120.77503,137.06635,1130.0,83.16192,90.0,425.40286713114546,85.9268919709179,90.0
VT/CNA,1131,2025-10-01,83.16192,53.544037,63.79583,102.528015,112.77981,96.0,52.47753,29.43813,139.52246,162.56187,1131.0,83.16192,96.0,425.75948876756866,82.64320376045237,96.00000000000001
VT/CNA,1132,2025-11-01,83.16192,53.544037,63.79583,102.528015,112.77981,90.0,46.47753,23.43813,133.52246,156.56187,1132.0,83.16192,90.0,426.116110403992,82.353764708632,90.0
VT/CNA,1133,2025-12-01,83.16192,53.544037,63.795826,102.528015,112.77981,90.0,46.47753,23.43813,133.52246,156.56187,1133.0,83.16192,90.0,426.4727320404152,85.99093193534789,90.0
VT/LPN,1134,2025-07-01,24.930895,11.030766,15.84209,34.019703,38.831024,25.0,14.781972,9.372875,35.21803,40.627125,1134.0,24.930895,25.0,693.0183256878768,24.222302848136028,24.999999999999996
VT/LPN,1135,2025-08-01,24.930895,11.030766,15.842089,34.019703,38.831024,30.0,19.781973,14.372875,40.21803,45.627125,1135.0,24.930895,30.0,693.4496704683716,24.02850504631431,30.000000000000004
VT/LPN,1136,2025-09-01,24.930895,11.030766,15.842089,34.019703,38.831024,40.0,29.781973,24.372875,50.21803,55.627125,1136.0,24.930895,40.0,693.8810152488664,27.296763194583235,40.000000000000014
VT/LPN,1137,2025-10-01,24.930895,11.030766,15.842089,34.019703,38.831024,25.0,10.549527,2.8999083,39.450474,47.10009,1137.0,24.930895,25.0,694.3123600293611,24.144775324855775,24.999999999999996
VT/LPN,1138,2025-11-01,24.930895,11.030766,15.842089,34.019703,38.831024,30.0,15.549527,7.899908,44.450474,52.10009,1138.0,24.930895,30.0,694.7437048098561,23.951512824567036,30.000000000000004
VT/LPN,1139,2025-12-01,24.930895,11.030766,15.842089,34.019703,38.831024,40.0,25.549526,17.899908,54.450474,62.10009,1139.0,24.930895,40.0,695.1750495903509,27.21943371511209,40.000000000000014
VT/RN,1140,2025-07-01,24.829966,15.395839,18.661322,30.99861,34.26409,26.0,19.08731,15.427954,32.91269,36.572044,1140.0,24.829966,26.0,511.51157467587103,24.368364145895768,26.0
VT/RN,1141,2025-08-01,24.829966,15.395839,18.661322,30.99861,34.26409,27.0,20.08731,16.427954,33.91269,37.572044,1141.0,24.829966,27.0,511.6663281255216,24.230432758666325,26.999999999999996
VT/RN,1142,2025-09-01,24.829966,15.395839,18.661322,30.99861,34.26409,31.0,24.08731,20.427954,37.91269,41.572044,1142.0,24.829966,31.0,511.82108157517246,26.12594921517775,31.000000000000004
VT/RN,1143,2025-10-01,24.829966,15.395839,18.661322,30.99861,34.26409,26.0,16.223982,11.048869,35.77602,40.95113,1143.0,24.829966,26.0,511.975835024823,24.30324786590777,26.0
VT/RN,1144,2025-11-01,24.829966,15.395839,18.661322,30.99861,34.26409,27.0,17.223982,12.048869,36.77602,41.95113,1144.0,24.829966,27.0,512.1305884744737,24.165687954233523,26.999999999999996
VT/RN,1145,2025-12-01,24.829966,15.395839,18.661322,30.99861,34.26409,31.0,21.223982,16.04887,40.77602,45.95113,1145.0,24.829966,31.0,512.2853419241243,26.060970360767115,31.000000000000004
WA/CNA,1152,2025-07-01,622.8794,412.9873,485.63834,760.1204,832.7714,555.0,398.96442,316.36417,711.0356,793.63586,1152.0,622.8794,555.0,-1900.5613642213466,607.140966555361,555.0
WA/CNA,1153,2025-08-01,622.8794,412.9873,485.63834,760.1204,832.7714,611.0,454.96442,372.36417,767.0356,849.63586,1153.0,622.8794,611.0,-1903.982042936908,604.5828987247623,611.0
WA/CNA,1154,2025-09-01,622.8794,412.9873,485.63834,760.1204,832.7714,669.0,512.9644,430.36417,825.0356,907.63586,1154.0,622.8794,669.0,-1907.40272165247,640.8080765983318,668.9999999999999
WA/CNA,1155,2025-10-01,622.8794,412.9873,485.63834,760.1204,832.7714,555.0,334.33234,217.51796,775.66766,892.48206,1155.0,622.8794,555.0,-1910.8234003680313,606.1764719977909,555.0
WA/CNA,1156,2025-11-01,622.8794,412.9873,485.63834,760.1204,832.7714,611.0,390.33234,273.51794,831.66766,948.48206,1156.0,622.8794,611.0,-1914.244079083593,603.6277086587016,611.0
WA/CNA,1157,2025-12-01,622.8794,412.9873,485.63834,760.1204,832.7714,669.0,448.33234,331.51794,889.66766,1006.48206,1157.0,622.8794,669.0,-1917.6647577991544,639.8470205164858,668.9999999999999
WA/LPN,1158,2025-07-01,156.34077,101.13781,120.2455,192.43607,211.54376,143.0,88.487595,59.630466,197.5124,226.36954,1158.0,156.34077,143.0,-102.66425539980267,157.95323924136025,143.00000000000003
WA/LPN,1159,2025-08-01,159.18251,102.097496,121.85662,196.50839,216.26752,168.0,113.487595,84.63046,222.5124,251.36954,1159.0,159.18251,168.0,-103.60643929431298,160.77720280410577,168.0
WA/LPN,1160,2025-09-01,205.0449,131.25728,156.79778,253.29204,278.83255,217.0,162.4876,133.63046,271.51242,300.36954,1160.0,205.0449,217.0,-104.5486231888233,203.93885567062807,216.99999999999997
WA/LPN,1161,2025-10-01,156.34077,97.844864,118.092354,194.5892,214.8367,143.0,65.907814,25.097673,220.0922,260.9023,1161.0,156.34077,143.0,-105.49080708333373,158.26487763653796,143.00000000000003
WA/LPN,1162,2025-11-01,159.18251,98.90405,119.76855,198.59647,219.46097,168.0,90.907814,50.09767,245.0922,285.9023,1162.0,159.18251,168.0,-106.43299097784421,161.09215735140913,168.0
WA/LPN,1163,2025-12-01,205.0449,128.75674,155.16277,254.92705,281.33307,217.0,139.9078,99.09767,294.0922,334.9023,1163.0,205.0449,217.0,-107.37517487235456,204.25171682501627,216.99999999999997
WA/RN,1164,2025-07-01,206.04538,129.85712,156.22855,255.8622,282.23364,180.0,120.949875,89.69063,239.05013,270.3094,1164.0,206.04538,180.0,466.51651496865793,199.67222467067705,179.99999999999997
WA/RN,1165,2025-08-01,206.04538,129.85712,156.22855,255.8622,282.23364,239.0,179.94987,148.69063,298.0501,329.3094,1165.0,206.04538,239.0,466.46497188900634,199.27620103380391,239.00000000000003
WA/RN,1166,2025-09-01,206.04538,129.85712,156.22855,255.8622,282.23364,269.0,209.94987,178.69063,328.0501,359.3094,1166.0,206.04538,269.0,466.4134288093542,213.7059333690671,269.0
WA/RN,1167,2025-10-01,206.04538,129.85712,156.22855,255.8622,282.23364,180.0,96.49052,52.28326,263.5095,307.71674,1167.0,206.04538,180.0,466.3618857297022,199.41480457889577,179.99999999999997
WA/RN,1168,2025-11-01,206.04538,129.85712,156.22855,255.8622,282.23364,239.0,155.49051,111.283264,322.5095,366.71674,1168.0,206.04538,239.0,466.31034265004996,199.02354863438993,239.00000000000003
WA/RN,1169,2025-12-01,206.04538,129.85712,156.22855,255.8622,282.23364,269.0,185.49051,141.28326,352.5095,396.71674,1169.0,206.04538,269.0,466.2587995703981,213.4502736092823,269.0
WI/CNA,1176,2025-07-01,941.2113,766.8881,827.22754,1055.1951,1115.5344,926.0,763.8416,678.0001,1088.1584,1173.9999,1176.0,941.2113,926.0,2216.82620227004,937.8685827106988,926.0000000000001
WI/CNA,1177,2025-08-01,996.6823,812.0853,875.98083,1117.3838,1181.2794,1095.0,932.8416,847.0001,1257.1584,1342.9999,1177.0,996.6823,1095.0,2219.9703567998035,992.5917531553421,1095.0
WI/CNA,1178,2025-09-01,1125.9573,917.41705,989.60016,1262.3145,1334.4976,1185.0,1022.8416,937.0001,1347.1584,1432.9999,1178.0,1125.9573,1185.0,2223.1145113295674,1122.7336750860761,1185.0000000000002
WI/CNA,1179,2025-10-01,941.2113,766.8881,827.2275,1055.1951,1115.5344,926.0,696.6734,575.2752,1155.3267,1276.7249,1179.0,941.2113,926.0,2226.258665859331,938.9812092109012,926.0000000000001
WI/CNA,1180,2025-11-01,996.6823,812.0853,875.98083,1117.3839,1181.2794,1095.0,865.6734,744.2752,1324.3267,1445.7249,1180.0,996.6823,1095.0,2229.402820389095,993.7188681897707,1095.0
WI/CNA,1181,2025-12-01,1125.9573,917.41705,989.60016,1262.3145,1334.4976,1185.0,955.6734,834.2752,1414.3267,1535.7249,1181.0,1125.9573,1185.0,2232.5469749188587,1123.8516427675563,1185.0000000000002
WI/LPN,1182,2025-07-01,164.72691,119.74906,135.31747,194.13634,209.70476,154.0,117.888435,98.772125,190.11157,209.22787,1182.0,164.72691,154.0,1518.565404545778,163.60112132151366,154.0
WI/LPN,1183,2025-08-01,166.3246,119.803894,135.90634,196.74286,212.8453,161.0,124.888435,105.772125,197.11157,216.22787,1183.0,166.3246,161.0,1520.13100181963,165.29647817486978,161.00000000000003
WI/LPN,1184,2025-09-01,208.9801,150.14552,170.51024,247.44995,267.81467,231.0,194.88843,175.77213,267.11157,286.22787,1184.0,208.9801,231.0,1521.696599093482,208.44416923093644,231.0
WI/LPN,1185,2025-10-01,164.72691,115.812035,132.7432,196.71063,213.64178,154.0,102.930534,75.89599,205.06947,232.104,1185.0,164.72691,154.0,1523.2621963673337,163.64855055678845,154.0
WI/LPN,1186,2025-11-01,166.3246,115.98384,133.40855,199.24066,216.66536,161.0,109.930534,82.89599,212.06947,239.104,1186.0,166.3246,161.0,1524.8277936411855,165.34671544304408,161.00000000000003
WI/LPN,1187,2025-12-01,208.9801,147.07715,168.50394,249.45627,270.88306,231.0,179.93053,152.896,282.06946,309.104,1187.0,208.9801,231.0,1526.3933909150376,208.4926343686742,231.0
WI/RN,1188,2025-07-01,220.57559,156.2678,178.527,262.6242,284.8834,214.0,141.83266,103.62957,286.16736,324.37042,1188.0,220.57559,214.0,1248.1220896902362,218.89640691759044,214.00000000000003
WI/RN,1189,2025-08-01,220.35315,156.04535,178.30453,262.40176,284.66095,194.0,121.83266,83.62957,266.16736,304.37042,1189.0,220.35315,194.0,1249.2934231808426,219.09245799922056,194.00000000000003
WI/RN,1190,2025-09-01,289.38815,225.08037,247.33955,331.43677,353.69595,256.0,183.83266,145.62958,328.16736,366.37042,1190.0,289.38815,256.0,1250.464756671449,285.30249941112453,256.0
WI/RN,1191,2025-10-01,220.57559,156.26779,178.52698,262.6242,284.8834,214.0,111.939964,57.912643,316.06003,370.08734,1191.0,220.57559,214.0,1251.6360901620556,218.93161171550958,214.00000000000003
WI/RN,1192,2025-11-01,220.35315,156.04535,178.30453,262.40176,284.66095,194.0,91.939964,37.912643,296.06003,350.08734,1192.0,220.35315,194.0,1252.807423652662,219.1253153077836,194.00000000000003
WI/RN,1193,2025-12-01,289.38815,225.08037,247.33955,331.43677,353.69595,256.0,153.93997,99.91264,358.06003,412.08734,1193.0,289.38815,256.0,1253.9787571432687,285.33683594874583,256.0
WV/CNA,1200,2025-07-01,304.0007,60.53322,144.80588,463.19553,547.4682,341.0,-113.07033,-353.44064,795.0703,1035.4407,1200.0,304.0007,341.0,-621.1783146946357,262.338047464028,341.00000000000006
WV/CNA,1201,2025-08-01,304.0007,-54.379456,69.66851,538.3329,662.38086,311.0,-143.07033,-383.44064,765.0703,1005.4406,1201.0,304.0007,311.0,-622.6494587018229,263.5259594389131,311.0
WV/CNA,1202,2025-09-01,304.0007,-153.31924,4.975262,603.0261,761.3206,304.0,-150.07033,-390.44064,758.0703,998.4406,1202.0,304.0007,304.0,-624.1206027090104,341.68396975447996,304.00000000000006
WV/CNA,1203,2025-10-01,304.0007,-246.74364,-56.11166,664.11304,854.74506,341.0,-301.1524,-641.08734,983.1524,1323.0874,1203.0,304.0007,341.0,-625.5917467161977,260.3815971198562,341.00000000000006
WV/CNA,1204,2025-11-01,304.0007,-338.82025,-116.31732,724.3187,946.82166,311.0,-331.1524,-671.08734,953.1524,1293.0874,1204.0,304.0007,311.0,-627.0628907233852,261.550928108487,311.0
WV/CNA,1205,2025-12-01,304.0007,-431.84192,-177.14093,785.14233,1039.8433,304.0,-338.1524,-678.08734,946.1524,1286.0874,1205.0,304.0007,304.0,-628.5340347305726,339.720660719602,304.00000000000006
WV/LPN,1206,2025-07-01,71.71861,1.7916613,25.995836,117.44138,141.64555,91.0,-109.753555,-216.02608,291.75357,398.02606,1206.0,71.71861,91.0,488.13024789743247,63.92416956422676,90.99999999999991
WV/LPN,1207,2025-08-01,71.43516,-29.655128,5.335772,137.53453,172.52544,96.0,-104.753555,-211.02608,296.75357,403.02606,1207.0,71.43516,96.0,488.07398669217764,65.24080720091621,95.99999999999996
WV/LPN,1208,2025-09-01,101.25302,-51.259087,1.5307152,200.97533,253.76514,99.0,-101.753555,-208.02608,299.75357,406.02606,1208.0,101.25302,99.0,488.0177254869223,104.68458605951,98.99999999999997
WV/LPN,1209,2025-10-01,71.71861,-105.001755,-43.832626,187.26985,248.43898,91.0,-192.9084,-343.20044,374.90842,525.20044,1209.0,71.71861,91.0,487.96146428166753,64.25625379071653,90.99999999999991
WV/LPN,1210,2025-11-01,71.43516,-130.70175,-60.73506,203.60538,273.57205,96.0,-187.9084,-338.20044,379.90842,530.20044,1210.0,71.43516,96.0,487.90520307641236,65.54375844763484,95.99999999999996
WV/LPN,1211,2025-12-01,101.25302,-152.56021,-64.706535,267.2126,355.06625,99.0,-184.9084,-335.20044,382.90842,533.20044,1211.0,101.25302,99.0,487.8489418711571,105.00591663173677,98.99999999999997
WV/RN,1212,2025-07-01,112.9985,4.5609384,42.09499,183.90201,221.43607,87.0,-41.434654,-109.42385,215.43466,283.42386,1212.0,112.9985,87.0,1091.5078246400406,88.0774167948855,86.99999999999997
WV/RN,1213,2025-08-01,112.9985,-49.27713,6.89217,219.10483,275.27414,98.0,-30.434654,-98.42385,226.43466,294.42386,1213.0,112.9985,98.0,1092.350656743577,90.36931564348976,97.99999999999999
WV/RN,1214,2025-09-01,112.9985,-97.717674,-24.7814,250.7784,323.71466,113.0,-15.434655,-83.42385,241.43466,309.42386,1214.0,112.9985,113.0,1093.1934888471137,117.28314400932743,113.00000000000001
WV/RN,1215,2025-10-01,112.9985,-145.45798,-55.997105,281.9941,371.45496,87.0,-94.63403,-190.78528,268.63403,364.78528,1215.0,112.9985,87.0,1094.0363209506504,86.43521557121105,86.99999999999997
WV/RN,1216,2025-11-01,112.9985,-194.51839,-88.07599,314.073,420.51538,98.0,-83.63403,-179.78528,279.63403,375.78528,1216.0,112.9985,98.0,1094.8791530541873,88.7202356325331,97.99999999999999
WV/RN,1217,2025-12-01,112.9985,-246.15144,-121.83703,347.834,472.14844,113.0,-68.63403,-164.78528,294.63403,390.78528,1217.0,112.9985,113.0,1095.721985157724,115.63840329437443,113.00000000000001
WY/CNA,1224,2025-07-01,71.93029,34.403294,47.392708,96.46788,109.45729,87.0,33.37864,4.9932075,140.62135,169.00679,1224.0,71.93029,87.0,520.2565786494054,73.5233228752691,87.00000000000001
WY/CNA,1225,2025-08-01,76.56921,39.042206,52.03162,101.1068,114.09621,99.0,45.37864,16.993208,152.62135,181.00679,1225.0,76.56921,99.0,520.68442865842,78.05951177173316,99.0
WY/CNA,1226,2025-09-01,107.01835,69.49134,82.48076,131.55594,144.54536,103.0,49.37864,20.993208,156.62135,185.00679,1226.0,107.01835,103.0,521.1122786674348,106.23389181117705,103.0
WY/CNA,1227,2025-10-01,71.93029,34.40328,47.392696,96.46789,109.457306,87.0,11.167946,-28.975119,162.83205,202.97511,1227.0,71.93029,87.0,521.5401286764493,73.61067726678155,87.00000000000001
WY/CNA,1228,2025-11-01,76.56921,39.04219,52.03161,101.106804,114.09622,99.0,23.167946,-16.975119,174.83205,214.97511,1228.0,76.56921,99.0,521.9679786854639,78.14948012763753,99.0
WY/CNA,1229,2025-12-01,107.01835,69.491325,82.48075,131.55595,144.54538,103.0,27.167946,-12.975118,178.83205,218.97511,1229.0,107.01835,103.0,522.3958286944786,106.32221058232341,103.0
WY/LPN,1230,2025-07-01,12.203721,1.648839,5.3022547,19.105188,22.758604,11.0,-0.7522704,-6.9735465,22.75227,28.973547,1230.0,12.203721,11.0,663.8704239161059,11.710686704783052,11.0
WY/LPN,1231,2025-08-01,12.203721,1.648839,5.3022547,19.105188,22.758604,13.0,1.2477297,-4.9735465,24.75227,30.973547,1231.0,12.203721,13.0,664.0350272111211,11.630781472023552,13.0
WY/LPN,1232,2025-09-01,12.203721,1.6488389,5.3022547,19.105188,22.758604,18.0,6.24773,0.026453475,29.75227,35.973545,1232.0,12.203721,18.0,664.1996305061361,13.018708211580604,18.0
WY/LPN,1233,2025-10-01,12.203721,1.6488389,5.3022547,19.105188,22.758604,11.0,-5.62022,-14.418433,27.62022,36.418434,1233.0,12.203721,11.0,664.3642338011512,11.676834987062731,11.0
WY/LPN,1234,2025-11-01,12.203721,1.6488389,5.3022547,19.105188,22.758604,13.0,-3.6202202,-12.418433,29.62022,38.418434,1234.0,12.203721,13.0,664.5288370961664,11.597289740051952,13.0
WY/LPN,1235,2025-12-01,12.203721,1.6488388,5.3022547,19.105188,22.758604,18.0,1.3797798,-7.418433,34.62022,43.418434,1235.0,12.203721,18.0,664.6934403911816,12.984989509898085,18.0
WY/RN,1236,2025-07-01,21.937075,7.246241,12.331255,31.542894,36.627907,22.0,5.18098,-3.7224712,38.81902,47.72247,1236.0,21.937075,22.0,612.0676529487239,21.937165311964705,22.0
WY/RN,1237,2025-08-01,22.967562,7.586631,12.910511,33.024612,38.34849,21.0,4.18098,-4.722471,37.81902,46.72247,1237.0,22.967562,21.0,612.1995332490922,22.981996071760733,21.0
WY/RN,1238,2025-09-01,33.951168,11.21473,19.08461,48.81773,56.68761,24.0,7.18098,-1.7224712,40.81902,49.72247,1238.0,33.951168,24.0,612.3314135494606,33.42371867005878,24.0
WY/RN,1239,2025-10-01,21.937075,7.2462406,12.331254,31.542894,36.627907,22.0,-1.785686,-14.377068,45.785686,58.377068,1239.0,21.937075,22.0,612.4632938498289,21.99218539043107,22.0
WY/RN,1240,2025-11-01,22.967562,7.5866303,12.910511,33.024612,38.34849,21.0,-2.785686,-15.377068,44.785686,57.377068,1240.0,22.967562,21.0,612.5951741501971,23.037768844786417,21.0
WY/RN,1241,2025-12-01,33.951168,11.214729,19.08461,48.81773,56.68761,24.0,0.21431395,-12.377068,47.785686,60.377068,1241.0,33.951168,24.0,612.7270544505654,33.47901604025552,24.0
